id,leftFileId,leftFilePath,rightFileId,rightFilePath,similarity,totalOverlap,longestFragment,leftCovered,rightCovered
4663,61,baselines_work/cohorte/java/CODE_IDENT_JAVA_010/CODE_IDENT_JAVA_010.java,64,baselines_work/cohorte/java/CODE_IDENT_JAVA_010_COPY/CODE_IDENT_JAVA_010.java,0.8448275862068966,98,16,49,49
3440,24,baselines_work/cohorte/java/CODE_ESTRU_JAVA_009/CODE_ESTRU_JAVA_009.java,62,baselines_work/cohorte/java/CODE_IDENT_JAVA_009/CODE_IDENT_JAVA_009.java,0.9387755102040817,92,25,46,46
3441,24,baselines_work/cohorte/java/CODE_ESTRU_JAVA_009/CODE_ESTRU_JAVA_009.java,63,baselines_work/cohorte/java/CODE_IDENT_JAVA_009_COPY/CODE_IDENT_JAVA_009.java,0.9387755102040817,92,25,46,46
4638,62,baselines_work/cohorte/java/CODE_IDENT_JAVA_009/CODE_IDENT_JAVA_009.java,63,baselines_work/cohorte/java/CODE_IDENT_JAVA_009_COPY/CODE_IDENT_JAVA_009.java,0.9387755102040817,92,25,46,46
4453,54,baselines_work/cohorte/java/CODE_IDENT_JAVA_004/CODE_IDENT_JAVA_004.java,50,baselines_work/cohorte/java/CODE_IDENT_JAVA_004_COPY/CODE_IDENT_JAVA_004.java,1,86,33,43,43
4728,72,baselines_work/cohorte/java/CODE_IDENT_JAVA_015/CODE_IDENT_JAVA_015.java,74,baselines_work/cohorte/java/CODE_IDENT_JAVA_015_COPY/CODE_IDENT_JAVA_015.java,0.8076923076923077,84,9,42,42
3737,31,baselines_work/cohorte/java/CODE_ESTRU_JAVA_015/CODE_ESTRU_JAVA_015.java,72,baselines_work/cohorte/java/CODE_IDENT_JAVA_015/CODE_IDENT_JAVA_015.java,0.7387387387387387,82,6,43,39
3738,31,baselines_work/cohorte/java/CODE_ESTRU_JAVA_015/CODE_ESTRU_JAVA_015.java,74,baselines_work/cohorte/java/CODE_IDENT_JAVA_015_COPY/CODE_IDENT_JAVA_015.java,0.7387387387387387,82,6,43,39
4351,45,baselines_work/cohorte/java/CODE_IDENT_JAVA_002/CODE_IDENT_JAVA_002.java,46,baselines_work/cohorte/java/CODE_IDENT_JAVA_002_COPY/CODE_IDENT_JAVA_002.java,0.9722222222222222,70,26,35,35
4723,70,baselines_work/cohorte/java/CODE_IDENT_JAVA_014/CODE_IDENT_JAVA_014.java,73,baselines_work/cohorte/java/CODE_IDENT_JAVA_014_COPY/CODE_IDENT_JAVA_014.java,0.8717948717948718,68,22,34,34
4122,36,baselines_work/cohorte/java/CODE_FUN_JAVA_010/CODE_FUN_JAVA_010.java,61,baselines_work/cohorte/java/CODE_IDENT_JAVA_010/CODE_IDENT_JAVA_010.java,0.41496598639455784,61,6,27,34
4123,36,baselines_work/cohorte/java/CODE_FUN_JAVA_010/CODE_FUN_JAVA_010.java,64,baselines_work/cohorte/java/CODE_IDENT_JAVA_010_COPY/CODE_IDENT_JAVA_010.java,0.41496598639455784,61,6,27,34
3387,21,baselines_work/cohorte/java/CODE_ESTRU_JAVA_008/CODE_ESTRU_JAVA_008.java,56,baselines_work/cohorte/java/CODE_IDENT_JAVA_008/CODE_IDENT_JAVA_008.java,0.967741935483871,60,23,30,30
3388,21,baselines_work/cohorte/java/CODE_ESTRU_JAVA_008/CODE_ESTRU_JAVA_008.java,60,baselines_work/cohorte/java/CODE_IDENT_JAVA_008_COPY/CODE_IDENT_JAVA_008.java,0.967741935483871,60,23,30,30
4404,49,baselines_work/cohorte/java/CODE_IDENT_JAVA_003/CODE_IDENT_JAVA_003.java,48,baselines_work/cohorte/java/CODE_IDENT_JAVA_003_COPY/CODE_IDENT_JAVA_003.java,1,60,18,30,30
4609,56,baselines_work/cohorte/java/CODE_IDENT_JAVA_008/CODE_IDENT_JAVA_008.java,60,baselines_work/cohorte/java/CODE_IDENT_JAVA_008_COPY/CODE_IDENT_JAVA_008.java,0.967741935483871,60,23,30,30
3492,25,baselines_work/cohorte/java/CODE_ESTRU_JAVA_010/CODE_ESTRU_JAVA_010.java,61,baselines_work/cohorte/java/CODE_IDENT_JAVA_010/CODE_IDENT_JAVA_010.java,0.4793388429752066,58,5,29,29
3493,25,baselines_work/cohorte/java/CODE_ESTRU_JAVA_010/CODE_ESTRU_JAVA_010.java,64,baselines_work/cohorte/java/CODE_IDENT_JAVA_010_COPY/CODE_IDENT_JAVA_010.java,0.4793388429752066,58,5,29,29
4539,51,baselines_work/cohorte/java/CODE_IDENT_JAVA_006/CODE_IDENT_JAVA_006.java,53,baselines_work/cohorte/java/CODE_IDENT_JAVA_006_COPY/CODE_IDENT_JAVA_006.java,1,52,16,26,26
4576,57,baselines_work/cohorte/java/CODE_IDENT_JAVA_007/CODE_IDENT_JAVA_007.java,58,baselines_work/cohorte/java/CODE_IDENT_JAVA_007_COPY/CODE_IDENT_JAVA_007.java,0.9259259259259259,50,8,25,25
2715,9,baselines_work/cohorte/java/CODE_DIF_JAVA_012/CODE_DIF_JAVA_012.java,18,baselines_work/cohorte/java/CODE_DIF_JAVA_015/CODE_DIF_JAVA_015.java,0.16151202749140894,47,7,21,26
2030,6,baselines_work/cohorte/java/CODE_DIF_JAVA_002/CODE_DIF_JAVA_002.java,4,baselines_work/cohorte/java/CODE_DIF_JAVA_005/CODE_DIF_JAVA_005.java,0.25274725274725274,46,5,18,28
3333,23,baselines_work/cohorte/java/CODE_ESTRU_JAVA_007/CODE_ESTRU_JAVA_007.java,57,baselines_work/cohorte/java/CODE_IDENT_JAVA_007/CODE_IDENT_JAVA_007.java,0.6865671641791045,46,8,24,22
3334,23,baselines_work/cohorte/java/CODE_ESTRU_JAVA_007/CODE_ESTRU_JAVA_007.java,58,baselines_work/cohorte/java/CODE_IDENT_JAVA_007_COPY/CODE_IDENT_JAVA_007.java,0.6865671641791045,46,8,24,22
4498,59,baselines_work/cohorte/java/CODE_IDENT_JAVA_005/CODE_IDENT_JAVA_005.java,55,baselines_work/cohorte/java/CODE_IDENT_JAVA_005_COPY/CODE_IDENT_JAVA_005.java,0.71875,46,17,23,23
2385,7,baselines_work/cohorte/java/CODE_DIF_JAVA_007/CODE_DIF_JAVA_007.java,12,baselines_work/cohorte/java/CODE_DIF_JAVA_010/CODE_DIF_JAVA_010.java,0.16793893129770993,44,6,19,25
3048,15,baselines_work/cohorte/java/CODE_ESTRU_JAVA_002/CODE_ESTRU_JAVA_002.java,45,baselines_work/cohorte/java/CODE_IDENT_JAVA_002/CODE_IDENT_JAVA_002.java,0.6,42,9,21,21
3049,15,baselines_work/cohorte/java/CODE_ESTRU_JAVA_002/CODE_ESTRU_JAVA_002.java,46,baselines_work/cohorte/java/CODE_IDENT_JAVA_002_COPY/CODE_IDENT_JAVA_002.java,0.6,42,9,21,21
4714,68,baselines_work/cohorte/java/CODE_IDENT_JAVA_013/CODE_IDENT_JAVA_013.java,71,baselines_work/cohorte/java/CODE_IDENT_JAVA_013_COPY/CODE_IDENT_JAVA_013.java,0.9130434782608695,42,8,21,21
2174,0,baselines_work/cohorte/java/CODE_DIF_JAVA_004/CODE_DIF_JAVA_004.java,3,baselines_work/cohorte/java/CODE_DIF_JAVA_006/CODE_DIF_JAVA_006.java,0.2546583850931677,41,4,19,22
2245,4,baselines_work/cohorte/java/CODE_DIF_JAVA_005/CODE_DIF_JAVA_005.java,7,baselines_work/cohorte/java/CODE_DIF_JAVA_007/CODE_DIF_JAVA_007.java,0.17446808510638298,41,6,24,17
2248,4,baselines_work/cohorte/java/CODE_DIF_JAVA_005/CODE_DIF_JAVA_005.java,12,baselines_work/cohorte/java/CODE_DIF_JAVA_010/CODE_DIF_JAVA_010.java,0.14487632508833923,41,10,23,18
3468,25,baselines_work/cohorte/java/CODE_ESTRU_JAVA_010/CODE_ESTRU_JAVA_010.java,36,baselines_work/cohorte/java/CODE_FUN_JAVA_010/CODE_FUN_JAVA_010.java,0.2631578947368421,40,4,22,18
4684,67,baselines_work/cohorte/java/CODE_IDENT_JAVA_011/CODE_IDENT_JAVA_011.java,65,baselines_work/cohorte/java/CODE_IDENT_JAVA_011_COPY/CODE_IDENT_JAVA_011.java,0.9090909090909091,40,10,20,20
1963,1,baselines_work/cohorte/java/CODE_DIF_JAVA_001/CODE_DIF_JAVA_001.java,8,baselines_work/cohorte/java/CODE_DIF_JAVA_011/CODE_DIF_JAVA_011.java,0.21081081081081082,39,5,18,21
3107,17,baselines_work/cohorte/java/CODE_ESTRU_JAVA_003/CODE_ESTRU_JAVA_003.java,49,baselines_work/cohorte/java/CODE_IDENT_JAVA_003/CODE_IDENT_JAVA_003.java,0.5205479452054794,38,7,19,19
3108,17,baselines_work/cohorte/java/CODE_ESTRU_JAVA_003/CODE_ESTRU_JAVA_003.java,48,baselines_work/cohorte/java/CODE_IDENT_JAVA_003_COPY/CODE_IDENT_JAVA_003.java,0.5205479452054794,38,7,19,19
2275,4,baselines_work/cohorte/java/CODE_DIF_JAVA_005/CODE_DIF_JAVA_005.java,33,baselines_work/cohorte/java/CODE_FUN_JAVA_007/CODE_FUN_JAVA_007.java,0.18947368421052632,36,7,19,17
2676,8,baselines_work/cohorte/java/CODE_DIF_JAVA_011/CODE_DIF_JAVA_011.java,39,baselines_work/cohorte/java/CODE_FUN_JAVA_009/CODE_FUN_JAVA_009.java,0.19553072625698323,35,3,14,21
3543,22,baselines_work/cohorte/java/CODE_ESTRU_JAVA_011/CODE_ESTRU_JAVA_011.java,67,baselines_work/cohorte/java/CODE_IDENT_JAVA_011/CODE_IDENT_JAVA_011.java,0.8292682926829268,34,10,17,17
3544,22,baselines_work/cohorte/java/CODE_ESTRU_JAVA_011/CODE_ESTRU_JAVA_011.java,65,baselines_work/cohorte/java/CODE_IDENT_JAVA_011_COPY/CODE_IDENT_JAVA_011.java,0.8292682926829268,34,10,17,17
2838,11,baselines_work/cohorte/java/CODE_DIF_JAVA_014/CODE_DIF_JAVA_014.java,18,baselines_work/cohorte/java/CODE_DIF_JAVA_015/CODE_DIF_JAVA_015.java,0.10855263157894737,33,3,14,19
2037,6,baselines_work/cohorte/java/CODE_DIF_JAVA_002/CODE_DIF_JAVA_002.java,9,baselines_work/cohorte/java/CODE_DIF_JAVA_012/CODE_DIF_JAVA_012.java,0.22535211267605634,32,4,15,17
2322,3,baselines_work/cohorte/java/CODE_DIF_JAVA_006/CODE_DIF_JAVA_006.java,18,baselines_work/cohorte/java/CODE_DIF_JAVA_015/CODE_DIF_JAVA_015.java,0.10810810810810811,32,5,16,16
2650,8,baselines_work/cohorte/java/CODE_DIF_JAVA_011/CODE_DIF_JAVA_011.java,14,baselines_work/cohorte/java/CODE_DIF_JAVA_013/CODE_DIF_JAVA_013.java,0.13793103448275862,32,3,16,16
2988,13,baselines_work/cohorte/java/CODE_ESTRU_JAVA_001/CODE_ESTRU_JAVA_001.java,43,baselines_work/cohorte/java/CODE_IDENT_JAVA_001/CODE_IDENT_JAVA_001.java,0.8,32,8,16,16
2989,13,baselines_work/cohorte/java/CODE_ESTRU_JAVA_001/CODE_ESTRU_JAVA_001.java,52,baselines_work/cohorte/java/CODE_IDENT_JAVA_001_COPY/CODE_IDENT_JAVA_001.java,0.8,32,8,16,16
3165,20,baselines_work/cohorte/java/CODE_ESTRU_JAVA_004/CODE_ESTRU_JAVA_004.java,54,baselines_work/cohorte/java/CODE_IDENT_JAVA_004/CODE_IDENT_JAVA_004.java,0.367816091954023,32,8,15,17
3166,20,baselines_work/cohorte/java/CODE_ESTRU_JAVA_004/CODE_ESTRU_JAVA_004.java,50,baselines_work/cohorte/java/CODE_IDENT_JAVA_004_COPY/CODE_IDENT_JAVA_004.java,0.367816091954023,32,8,15,17
3968,38,baselines_work/cohorte/java/CODE_FUN_JAVA_006/CODE_FUN_JAVA_006.java,51,baselines_work/cohorte/java/CODE_IDENT_JAVA_006/CODE_IDENT_JAVA_006.java,0.38095238095238093,32,5,18,14
3969,38,baselines_work/cohorte/java/CODE_FUN_JAVA_006/CODE_FUN_JAVA_006.java,53,baselines_work/cohorte/java/CODE_IDENT_JAVA_006_COPY/CODE_IDENT_JAVA_006.java,0.38095238095238093,32,5,18,14
4294,43,baselines_work/cohorte/java/CODE_IDENT_JAVA_001/CODE_IDENT_JAVA_001.java,52,baselines_work/cohorte/java/CODE_IDENT_JAVA_001_COPY/CODE_IDENT_JAVA_001.java,0.8,32,8,16,16
2682,8,baselines_work/cohorte/java/CODE_DIF_JAVA_011/CODE_DIF_JAVA_011.java,42,baselines_work/cohorte/java/CODE_FUN_JAVA_015/CODE_FUN_JAVA_015.java,0.15873015873015872,30,3,16,14
3278,16,baselines_work/cohorte/java/CODE_ESTRU_JAVA_006/CODE_ESTRU_JAVA_006.java,51,baselines_work/cohorte/java/CODE_IDENT_JAVA_006/CODE_IDENT_JAVA_006.java,0.5084745762711864,30,9,15,15
3279,16,baselines_work/cohorte/java/CODE_ESTRU_JAVA_006/CODE_ESTRU_JAVA_006.java,53,baselines_work/cohorte/java/CODE_IDENT_JAVA_006_COPY/CODE_IDENT_JAVA_006.java,0.5084745762711864,30,9,15,15
4168,37,baselines_work/cohorte/java/CODE_FUN_JAVA_012/CODE_FUN_JAVA_012.java,41,baselines_work/cohorte/java/CODE_FUN_JAVA_013/CODE_FUN_JAVA_013.java,0.4,30,4,15,15
4701,66,baselines_work/cohorte/java/CODE_IDENT_JAVA_012/CODE_IDENT_JAVA_012.java,69,baselines_work/cohorte/java/CODE_IDENT_JAVA_012_COPY/CODE_IDENT_JAVA_012.java,0.9375,30,9,15,15
3136,20,baselines_work/cohorte/java/CODE_ESTRU_JAVA_004/CODE_ESTRU_JAVA_004.java,21,baselines_work/cohorte/java/CODE_ESTRU_JAVA_008/CODE_ESTRU_JAVA_008.java,0.3815789473684211,29,6,10,19
3173,20,baselines_work/cohorte/java/CODE_ESTRU_JAVA_004/CODE_ESTRU_JAVA_004.java,56,baselines_work/cohorte/java/CODE_IDENT_JAVA_008/CODE_IDENT_JAVA_008.java,0.3815789473684211,29,6,10,19
3174,20,baselines_work/cohorte/java/CODE_ESTRU_JAVA_004/CODE_ESTRU_JAVA_004.java,60,baselines_work/cohorte/java/CODE_IDENT_JAVA_008_COPY/CODE_IDENT_JAVA_008.java,0.3815789473684211,29,6,10,19
1997,1,baselines_work/cohorte/java/CODE_DIF_JAVA_001/CODE_DIF_JAVA_001.java,42,baselines_work/cohorte/java/CODE_FUN_JAVA_015/CODE_FUN_JAVA_015.java,0.16666666666666666,26,4,12,14
2183,0,baselines_work/cohorte/java/CODE_DIF_JAVA_004/CODE_DIF_JAVA_004.java,18,baselines_work/cohorte/java/CODE_DIF_JAVA_015/CODE_DIF_JAVA_015.java,0.0959409594095941,26,4,12,14
1965,1,baselines_work/cohorte/java/CODE_DIF_JAVA_001/CODE_DIF_JAVA_001.java,14,baselines_work/cohorte/java/CODE_DIF_JAVA_013/CODE_DIF_JAVA_013.java,0.12562814070351758,25,3,13,12
2180,0,baselines_work/cohorte/java/CODE_DIF_JAVA_004/CODE_DIF_JAVA_004.java,9,baselines_work/cohorte/java/CODE_DIF_JAVA_012/CODE_DIF_JAVA_012.java,0.1524390243902439,25,7,14,11
2246,4,baselines_work/cohorte/java/CODE_DIF_JAVA_005/CODE_DIF_JAVA_005.java,5,baselines_work/cohorte/java/CODE_DIF_JAVA_008/CODE_DIF_JAVA_008.java,0.09157509157509157,25,5,13,12
2250,4,baselines_work/cohorte/java/CODE_DIF_JAVA_005/CODE_DIF_JAVA_005.java,9,baselines_work/cohorte/java/CODE_DIF_JAVA_012/CODE_DIF_JAVA_012.java,0.11214953271028037,24,3,13,11
2388,7,baselines_work/cohorte/java/CODE_DIF_JAVA_007/CODE_DIF_JAVA_007.java,14,baselines_work/cohorte/java/CODE_DIF_JAVA_013/CODE_DIF_JAVA_013.java,0.10212765957446808,24,6,12,12
2800,14,baselines_work/cohorte/java/CODE_DIF_JAVA_013/CODE_DIF_JAVA_013.java,32,baselines_work/cohorte/java/CODE_FUN_JAVA_008/CODE_FUN_JAVA_008.java,0.1437125748502994,24,5,14,10
2801,14,baselines_work/cohorte/java/CODE_DIF_JAVA_013/CODE_DIF_JAVA_013.java,39,baselines_work/cohorte/java/CODE_FUN_JAVA_009/CODE_FUN_JAVA_009.java,0.12060301507537688,24,3,13,11
4134,40,baselines_work/cohorte/java/CODE_FUN_JAVA_011/CODE_FUN_JAVA_011.java,37,baselines_work/cohorte/java/CODE_FUN_JAVA_012/CODE_FUN_JAVA_012.java,0.3116883116883117,24,7,12,12
1960,1,baselines_work/cohorte/java/CODE_DIF_JAVA_001/CODE_DIF_JAVA_001.java,5,baselines_work/cohorte/java/CODE_DIF_JAVA_008/CODE_DIF_JAVA_008.java,0.10648148148148148,23,3,11,12
2584,12,baselines_work/cohorte/java/CODE_DIF_JAVA_010/CODE_DIF_JAVA_010.java,8,baselines_work/cohorte/java/CODE_DIF_JAVA_011/CODE_DIF_JAVA_011.java,0.08679245283018867,23,2,11,12
2253,4,baselines_work/cohorte/java/CODE_DIF_JAVA_005/CODE_DIF_JAVA_005.java,18,baselines_work/cohorte/java/CODE_DIF_JAVA_015/CODE_DIF_JAVA_015.java,0.06542056074766354,21,2,13,8
3379,21,baselines_work/cohorte/java/CODE_ESTRU_JAVA_008/CODE_ESTRU_JAVA_008.java,54,baselines_work/cohorte/java/CODE_IDENT_JAVA_004/CODE_IDENT_JAVA_004.java,0.2876712328767123,21,2,11,10
3380,21,baselines_work/cohorte/java/CODE_ESTRU_JAVA_008/CODE_ESTRU_JAVA_008.java,50,baselines_work/cohorte/java/CODE_IDENT_JAVA_004_COPY/CODE_IDENT_JAVA_004.java,0.2876712328767123,21,2,11,10
4460,54,baselines_work/cohorte/java/CODE_IDENT_JAVA_004/CODE_IDENT_JAVA_004.java,56,baselines_work/cohorte/java/CODE_IDENT_JAVA_008/CODE_IDENT_JAVA_008.java,0.28,21,2,10,11
4461,54,baselines_work/cohorte/java/CODE_IDENT_JAVA_004/CODE_IDENT_JAVA_004.java,60,baselines_work/cohorte/java/CODE_IDENT_JAVA_008_COPY/CODE_IDENT_JAVA_008.java,0.28,21,2,10,11
4482,50,baselines_work/cohorte/java/CODE_IDENT_JAVA_004_COPY/CODE_IDENT_JAVA_004.java,56,baselines_work/cohorte/java/CODE_IDENT_JAVA_008/CODE_IDENT_JAVA_008.java,0.28,21,2,10,11
4483,50,baselines_work/cohorte/java/CODE_IDENT_JAVA_004_COPY/CODE_IDENT_JAVA_004.java,60,baselines_work/cohorte/java/CODE_IDENT_JAVA_008_COPY/CODE_IDENT_JAVA_008.java,0.28,21,2,10,11
2315,3,baselines_work/cohorte/java/CODE_DIF_JAVA_006/CODE_DIF_JAVA_006.java,5,baselines_work/cohorte/java/CODE_DIF_JAVA_008/CODE_DIF_JAVA_008.java,0.08064516129032258,20,5,10,10
2384,7,baselines_work/cohorte/java/CODE_DIF_JAVA_007/CODE_DIF_JAVA_007.java,10,baselines_work/cohorte/java/CODE_DIF_JAVA_009/CODE_DIF_JAVA_009.java,0.08333333333333333,20,3,11,9
2457,5,baselines_work/cohorte/java/CODE_DIF_JAVA_008/CODE_DIF_JAVA_008.java,18,baselines_work/cohorte/java/CODE_DIF_JAVA_015/CODE_DIF_JAVA_015.java,0.05917159763313609,20,3,10,10
2463,5,baselines_work/cohorte/java/CODE_DIF_JAVA_008/CODE_DIF_JAVA_008.java,16,baselines_work/cohorte/java/CODE_ESTRU_JAVA_006/CODE_ESTRU_JAVA_006.java,0.12195121951219512,20,5,11,9
2479,5,baselines_work/cohorte/java/CODE_DIF_JAVA_008/CODE_DIF_JAVA_008.java,33,baselines_work/cohorte/java/CODE_FUN_JAVA_007/CODE_FUN_JAVA_007.java,0.0966183574879227,20,6,10,10
3258,16,baselines_work/cohorte/java/CODE_ESTRU_JAVA_006/CODE_ESTRU_JAVA_006.java,38,baselines_work/cohorte/java/CODE_FUN_JAVA_006/CODE_FUN_JAVA_006.java,0.21978021978021978,20,5,9,11
2032,6,baselines_work/cohorte/java/CODE_DIF_JAVA_002/CODE_DIF_JAVA_002.java,7,baselines_work/cohorte/java/CODE_DIF_JAVA_007/CODE_DIF_JAVA_007.java,0.1165644171779141,19,3,10,9
2182,0,baselines_work/cohorte/java/CODE_DIF_JAVA_004/CODE_DIF_JAVA_004.java,11,baselines_work/cohorte/java/CODE_DIF_JAVA_014/CODE_DIF_JAVA_014.java,0.10052910052910052,19,2,10,9
2273,4,baselines_work/cohorte/java/CODE_DIF_JAVA_005/CODE_DIF_JAVA_005.java,35,baselines_work/cohorte/java/CODE_FUN_JAVA_005/CODE_FUN_JAVA_005.java,0.10734463276836158,19,3,11,8
2453,5,baselines_work/cohorte/java/CODE_DIF_JAVA_008/CODE_DIF_JAVA_008.java,8,baselines_work/cohorte/java/CODE_DIF_JAVA_011/CODE_DIF_JAVA_011.java,0.07335907335907337,19,2,10,9
2487,5,baselines_work/cohorte/java/CODE_DIF_JAVA_008/CODE_DIF_JAVA_008.java,42,baselines_work/cohorte/java/CODE_FUN_JAVA_015/CODE_FUN_JAVA_015.java,0.08260869565217391,19,3,11,8
2112,2,baselines_work/cohorte/java/CODE_DIF_JAVA_003/CODE_DIF_JAVA_003.java,18,baselines_work/cohorte/java/CODE_DIF_JAVA_015/CODE_DIF_JAVA_015.java,0.061016949152542375,18,2,8,10
2319,3,baselines_work/cohorte/java/CODE_DIF_JAVA_006/CODE_DIF_JAVA_006.java,9,baselines_work/cohorte/java/CODE_DIF_JAVA_012/CODE_DIF_JAVA_012.java,0.09523809523809523,18,3,12,6
2390,7,baselines_work/cohorte/java/CODE_DIF_JAVA_007/CODE_DIF_JAVA_007.java,18,baselines_work/cohorte/java/CODE_DIF_JAVA_015/CODE_DIF_JAVA_015.java,0.06,18,2,8,10
2454,5,baselines_work/cohorte/java/CODE_DIF_JAVA_008/CODE_DIF_JAVA_008.java,9,baselines_work/cohorte/java/CODE_DIF_JAVA_012/CODE_DIF_JAVA_012.java,0.07792207792207792,18,3,10,8
2587,12,baselines_work/cohorte/java/CODE_DIF_JAVA_010/CODE_DIF_JAVA_010.java,11,baselines_work/cohorte/java/CODE_DIF_JAVA_014/CODE_DIF_JAVA_014.java,0.06870229007633588,18,3,10,8
3078,17,baselines_work/cohorte/java/CODE_ESTRU_JAVA_003/CODE_ESTRU_JAVA_003.java,16,baselines_work/cohorte/java/CODE_ESTRU_JAVA_006/CODE_ESTRU_JAVA_006.java,0.25,18,9,9,9
3642,27,baselines_work/cohorte/java/CODE_ESTRU_JAVA_013/CODE_ESTRU_JAVA_013.java,68,baselines_work/cohorte/java/CODE_IDENT_JAVA_013/CODE_IDENT_JAVA_013.java,0.4,18,3,9,9
3643,27,baselines_work/cohorte/java/CODE_ESTRU_JAVA_013/CODE_ESTRU_JAVA_013.java,71,baselines_work/cohorte/java/CODE_IDENT_JAVA_013_COPY/CODE_IDENT_JAVA_013.java,0.4,18,3,9,9
4026,32,baselines_work/cohorte/java/CODE_FUN_JAVA_008/CODE_FUN_JAVA_008.java,39,baselines_work/cohorte/java/CODE_FUN_JAVA_009/CODE_FUN_JAVA_009.java,0.1323529411764706,18,2,9,9
2283,4,baselines_work/cohorte/java/CODE_DIF_JAVA_005/CODE_DIF_JAVA_005.java,42,baselines_work/cohorte/java/CODE_FUN_JAVA_015/CODE_FUN_JAVA_015.java,0.07981220657276995,17,4,9,8
2455,5,baselines_work/cohorte/java/CODE_DIF_JAVA_008/CODE_DIF_JAVA_008.java,14,baselines_work/cohorte/java/CODE_DIF_JAVA_013/CODE_DIF_JAVA_013.java,0.06227106227106227,17,2,9,8
2610,12,baselines_work/cohorte/java/CODE_DIF_JAVA_010/CODE_DIF_JAVA_010.java,33,baselines_work/cohorte/java/CODE_FUN_JAVA_007/CODE_FUN_JAVA_007.java,0.07981220657276995,17,1,9,8
2651,8,baselines_work/cohorte/java/CODE_DIF_JAVA_011/CODE_DIF_JAVA_011.java,11,baselines_work/cohorte/java/CODE_DIF_JAVA_014/CODE_DIF_JAVA_014.java,0.07906976744186046,17,3,10,7
2776,14,baselines_work/cohorte/java/CODE_DIF_JAVA_013/CODE_DIF_JAVA_013.java,11,baselines_work/cohorte/java/CODE_DIF_JAVA_014/CODE_DIF_JAVA_014.java,0.07234042553191489,17,3,9,8
3417,24,baselines_work/cohorte/java/CODE_ESTRU_JAVA_009/CODE_ESTRU_JAVA_009.java,39,baselines_work/cohorte/java/CODE_FUN_JAVA_009/CODE_FUN_JAVA_009.java,0.136,17,4,11,6
3870,47,baselines_work/cohorte/java/CODE_FUN_JAVA_004/CODE_FUN_JAVA_004.java,33,baselines_work/cohorte/java/CODE_FUN_JAVA_007/CODE_FUN_JAVA_007.java,0.13385826771653545,17,5,7,10
3952,38,baselines_work/cohorte/java/CODE_FUN_JAVA_006/CODE_FUN_JAVA_006.java,36,baselines_work/cohorte/java/CODE_FUN_JAVA_010/CODE_FUN_JAVA_010.java,0.11409395973154363,17,3,8,9
4085,39,baselines_work/cohorte/java/CODE_FUN_JAVA_009/CODE_FUN_JAVA_009.java,62,baselines_work/cohorte/java/CODE_IDENT_JAVA_009/CODE_IDENT_JAVA_009.java,0.1452991452991453,17,4,6,11
4086,39,baselines_work/cohorte/java/CODE_FUN_JAVA_009/CODE_FUN_JAVA_009.java,63,baselines_work/cohorte/java/CODE_IDENT_JAVA_009_COPY/CODE_IDENT_JAVA_009.java,0.1452991452991453,17,4,6,11
4136,40,baselines_work/cohorte/java/CODE_FUN_JAVA_011/CODE_FUN_JAVA_011.java,44,baselines_work/cohorte/java/CODE_FUN_JAVA_014/CODE_FUN_JAVA_014.java,0.16831683168316833,17,3,9,8
2064,6,baselines_work/cohorte/java/CODE_DIF_JAVA_002/CODE_DIF_JAVA_002.java,39,baselines_work/cohorte/java/CODE_FUN_JAVA_009/CODE_FUN_JAVA_009.java,0.12213740458015267,16,3,8,8
2176,0,baselines_work/cohorte/java/CODE_DIF_JAVA_004/CODE_DIF_JAVA_004.java,5,baselines_work/cohorte/java/CODE_DIF_JAVA_008/CODE_DIF_JAVA_008.java,0.07174887892376682,16,3,8,8
2585,12,baselines_work/cohorte/java/CODE_DIF_JAVA_010/CODE_DIF_JAVA_010.java,9,baselines_work/cohorte/java/CODE_DIF_JAVA_012/CODE_DIF_JAVA_012.java,0.06751054852320675,16,2,7,9
3222,19,baselines_work/cohorte/java/CODE_ESTRU_JAVA_005/CODE_ESTRU_JAVA_005.java,59,baselines_work/cohorte/java/CODE_IDENT_JAVA_005/CODE_IDENT_JAVA_005.java,0.25806451612903225,16,8,8,8
3223,19,baselines_work/cohorte/java/CODE_ESTRU_JAVA_005/CODE_ESTRU_JAVA_005.java,55,baselines_work/cohorte/java/CODE_IDENT_JAVA_005_COPY/CODE_IDENT_JAVA_005.java,0.25806451612903225,16,8,8,8
3990,33,baselines_work/cohorte/java/CODE_FUN_JAVA_007/CODE_FUN_JAVA_007.java,36,baselines_work/cohorte/java/CODE_FUN_JAVA_010/CODE_FUN_JAVA_010.java,0.10596026490066225,16,2,8,8
4101,36,baselines_work/cohorte/java/CODE_FUN_JAVA_010/CODE_FUN_JAVA_010.java,41,baselines_work/cohorte/java/CODE_FUN_JAVA_013/CODE_FUN_JAVA_013.java,0.11428571428571428,16,3,11,5
2035,6,baselines_work/cohorte/java/CODE_DIF_JAVA_002/CODE_DIF_JAVA_002.java,12,baselines_work/cohorte/java/CODE_DIF_JAVA_010/CODE_DIF_JAVA_010.java,0.07109004739336493,15,3,8,7
2040,6,baselines_work/cohorte/java/CODE_DIF_JAVA_002/CODE_DIF_JAVA_002.java,18,baselines_work/cohorte/java/CODE_DIF_JAVA_015/CODE_DIF_JAVA_015.java,0.060240963855421686,15,2,7,8
2062,6,baselines_work/cohorte/java/CODE_DIF_JAVA_002/CODE_DIF_JAVA_002.java,33,baselines_work/cohorte/java/CODE_FUN_JAVA_007/CODE_FUN_JAVA_007.java,0.1271186440677966,15,3,6,9
2451,5,baselines_work/cohorte/java/CODE_DIF_JAVA_008/CODE_DIF_JAVA_008.java,10,baselines_work/cohorte/java/CODE_DIF_JAVA_009/CODE_DIF_JAVA_009.java,0.0539568345323741,15,3,6,9
2588,12,baselines_work/cohorte/java/CODE_DIF_JAVA_010/CODE_DIF_JAVA_010.java,18,baselines_work/cohorte/java/CODE_DIF_JAVA_015/CODE_DIF_JAVA_015.java,0.0436046511627907,15,2,7,8
1959,1,baselines_work/cohorte/java/CODE_DIF_JAVA_001/CODE_DIF_JAVA_001.java,7,baselines_work/cohorte/java/CODE_DIF_JAVA_007/CODE_DIF_JAVA_007.java,0.07865168539325842,14,3,7,7
2068,6,baselines_work/cohorte/java/CODE_DIF_JAVA_002/CODE_DIF_JAVA_002.java,41,baselines_work/cohorte/java/CODE_FUN_JAVA_013/CODE_FUN_JAVA_013.java,0.1414141414141414,14,5,7,7
2104,2,baselines_work/cohorte/java/CODE_DIF_JAVA_003/CODE_DIF_JAVA_003.java,7,baselines_work/cohorte/java/CODE_DIF_JAVA_007/CODE_DIF_JAVA_007.java,0.06698564593301436,14,2,8,6
2106,2,baselines_work/cohorte/java/CODE_DIF_JAVA_003/CODE_DIF_JAVA_003.java,10,baselines_work/cohorte/java/CODE_DIF_JAVA_009/CODE_DIF_JAVA_009.java,0.059574468085106386,14,3,7,7
2202,0,baselines_work/cohorte/java/CODE_DIF_JAVA_004/CODE_DIF_JAVA_004.java,47,baselines_work/cohorte/java/CODE_FUN_JAVA_004/CODE_FUN_JAVA_004.java,0.11382113821138211,14,3,7,7
2272,4,baselines_work/cohorte/java/CODE_DIF_JAVA_005/CODE_DIF_JAVA_005.java,47,baselines_work/cohorte/java/CODE_FUN_JAVA_004/CODE_FUN_JAVA_004.java,0.08092485549132948,14,3,10,4
2389,7,baselines_work/cohorte/java/CODE_DIF_JAVA_007/CODE_DIF_JAVA_007.java,11,baselines_work/cohorte/java/CODE_DIF_JAVA_014/CODE_DIF_JAVA_014.java,0.06422018348623854,14,2,7,7
2477,5,baselines_work/cohorte/java/CODE_DIF_JAVA_008/CODE_DIF_JAVA_008.java,35,baselines_work/cohorte/java/CODE_FUN_JAVA_005/CODE_FUN_JAVA_005.java,0.07216494845360824,14,1,7,7
2618,12,baselines_work/cohorte/java/CODE_DIF_JAVA_010/CODE_DIF_JAVA_010.java,42,baselines_work/cohorte/java/CODE_FUN_JAVA_015/CODE_FUN_JAVA_015.java,0.059322033898305086,14,2,7,7
2862,11,baselines_work/cohorte/java/CODE_DIF_JAVA_014/CODE_DIF_JAVA_014.java,39,baselines_work/cohorte/java/CODE_FUN_JAVA_009/CODE_FUN_JAVA_009.java,0.07526881720430108,14,6,7,7
3690,26,baselines_work/cohorte/java/CODE_ESTRU_JAVA_014/CODE_ESTRU_JAVA_014.java,70,baselines_work/cohorte/java/CODE_IDENT_JAVA_014/CODE_IDENT_JAVA_014.java,0.14583333333333334,14,4,6,8
3691,26,baselines_work/cohorte/java/CODE_ESTRU_JAVA_014/CODE_ESTRU_JAVA_014.java,73,baselines_work/cohorte/java/CODE_IDENT_JAVA_014_COPY/CODE_IDENT_JAVA_014.java,0.14583333333333334,14,4,6,8
3708,31,baselines_work/cohorte/java/CODE_ESTRU_JAVA_015/CODE_ESTRU_JAVA_015.java,42,baselines_work/cohorte/java/CODE_FUN_JAVA_015/CODE_FUN_JAVA_015.java,0.09929078014184398,14,3,7,7
3885,47,baselines_work/cohorte/java/CODE_FUN_JAVA_004/CODE_FUN_JAVA_004.java,54,baselines_work/cohorte/java/CODE_IDENT_JAVA_004/CODE_IDENT_JAVA_004.java,0.14432989690721648,14,7,7,7
3886,47,baselines_work/cohorte/java/CODE_FUN_JAVA_004/CODE_FUN_JAVA_004.java,50,baselines_work/cohorte/java/CODE_IDENT_JAVA_004_COPY/CODE_IDENT_JAVA_004.java,0.14432989690721648,14,7,7,7
4135,40,baselines_work/cohorte/java/CODE_FUN_JAVA_011/CODE_FUN_JAVA_011.java,41,baselines_work/cohorte/java/CODE_FUN_JAVA_013/CODE_FUN_JAVA_013.java,0.175,14,4,7,7
4292,42,baselines_work/cohorte/java/CODE_FUN_JAVA_015/CODE_FUN_JAVA_015.java,72,baselines_work/cohorte/java/CODE_IDENT_JAVA_015/CODE_IDENT_JAVA_015.java,0.1111111111111111,14,3,7,7
4293,42,baselines_work/cohorte/java/CODE_FUN_JAVA_015/CODE_FUN_JAVA_015.java,74,baselines_work/cohorte/java/CODE_IDENT_JAVA_015_COPY/CODE_IDENT_JAVA_015.java,0.1111111111111111,14,3,7,7
2205,0,baselines_work/cohorte/java/CODE_DIF_JAVA_004/CODE_DIF_JAVA_004.java,33,baselines_work/cohorte/java/CODE_FUN_JAVA_007/CODE_FUN_JAVA_007.java,0.09285714285714286,13,3,6,7
2478,5,baselines_work/cohorte/java/CODE_DIF_JAVA_008/CODE_DIF_JAVA_008.java,38,baselines_work/cohorte/java/CODE_FUN_JAVA_006/CODE_FUN_JAVA_006.java,0.06735751295336788,13,3,7,6
2607,12,baselines_work/cohorte/java/CODE_DIF_JAVA_010/CODE_DIF_JAVA_010.java,47,baselines_work/cohorte/java/CODE_FUN_JAVA_004/CODE_FUN_JAVA_004.java,0.0663265306122449,13,2,8,5
2713,9,baselines_work/cohorte/java/CODE_DIF_JAVA_012/CODE_DIF_JAVA_012.java,14,baselines_work/cohorte/java/CODE_DIF_JAVA_013/CODE_DIF_JAVA_013.java,0.05752212389380531,13,4,6,7
3748,30,baselines_work/cohorte/java/CODE_FUN_JAVA_001/CODE_FUN_JAVA_001.java,40,baselines_work/cohorte/java/CODE_FUN_JAVA_011/CODE_FUN_JAVA_011.java,0.1368421052631579,13,4,6,7
1954,1,baselines_work/cohorte/java/CODE_DIF_JAVA_001/CODE_DIF_JAVA_001.java,6,baselines_work/cohorte/java/CODE_DIF_JAVA_002/CODE_DIF_JAVA_002.java,0.09917355371900827,12,5,7,5
1962,1,baselines_work/cohorte/java/CODE_DIF_JAVA_001/CODE_DIF_JAVA_001.java,12,baselines_work/cohorte/java/CODE_DIF_JAVA_010/CODE_DIF_JAVA_010.java,0.05309734513274336,12,2,6,6
2039,6,baselines_work/cohorte/java/CODE_DIF_JAVA_002/CODE_DIF_JAVA_002.java,11,baselines_work/cohorte/java/CODE_DIF_JAVA_014/CODE_DIF_JAVA_014.java,0.0718562874251497,12,3,6,6
2102,2,baselines_work/cohorte/java/CODE_DIF_JAVA_003/CODE_DIF_JAVA_003.java,4,baselines_work/cohorte/java/CODE_DIF_JAVA_005/CODE_DIF_JAVA_005.java,0.05263157894736842,12,2,6,6
2244,4,baselines_work/cohorte/java/CODE_DIF_JAVA_005/CODE_DIF_JAVA_005.java,3,baselines_work/cohorte/java/CODE_DIF_JAVA_006/CODE_DIF_JAVA_006.java,0.05687203791469194,12,5,6,6
2247,4,baselines_work/cohorte/java/CODE_DIF_JAVA_005/CODE_DIF_JAVA_005.java,10,baselines_work/cohorte/java/CODE_DIF_JAVA_009/CODE_DIF_JAVA_009.java,0.04597701149425287,12,2,6,6
2270,4,baselines_work/cohorte/java/CODE_DIF_JAVA_005/CODE_DIF_JAVA_005.java,34,baselines_work/cohorte/java/CODE_FUN_JAVA_002/CODE_FUN_JAVA_002.java,0.07317073170731707,12,3,7,5
2321,3,baselines_work/cohorte/java/CODE_DIF_JAVA_006/CODE_DIF_JAVA_006.java,11,baselines_work/cohorte/java/CODE_DIF_JAVA_014/CODE_DIF_JAVA_014.java,0.056074766355140186,12,2,8,4
2344,3,baselines_work/cohorte/java/CODE_DIF_JAVA_006/CODE_DIF_JAVA_006.java,33,baselines_work/cohorte/java/CODE_FUN_JAVA_007/CODE_FUN_JAVA_007.java,0.07272727272727272,12,5,6,6
2383,7,baselines_work/cohorte/java/CODE_DIF_JAVA_007/CODE_DIF_JAVA_007.java,5,baselines_work/cohorte/java/CODE_DIF_JAVA_008/CODE_DIF_JAVA_008.java,0.047619047619047616,12,3,6,6
2409,7,baselines_work/cohorte/java/CODE_DIF_JAVA_007/CODE_DIF_JAVA_007.java,47,baselines_work/cohorte/java/CODE_FUN_JAVA_004/CODE_FUN_JAVA_004.java,0.07894736842105263,12,2,6,6
2410,7,baselines_work/cohorte/java/CODE_DIF_JAVA_007/CODE_DIF_JAVA_007.java,35,baselines_work/cohorte/java/CODE_FUN_JAVA_005/CODE_FUN_JAVA_005.java,0.07692307692307693,12,3,6,6
2482,5,baselines_work/cohorte/java/CODE_DIF_JAVA_008/CODE_DIF_JAVA_008.java,36,baselines_work/cohorte/java/CODE_FUN_JAVA_010/CODE_FUN_JAVA_010.java,0.05309734513274336,12,2,6,6
2714,9,baselines_work/cohorte/java/CODE_DIF_JAVA_012/CODE_DIF_JAVA_012.java,11,baselines_work/cohorte/java/CODE_DIF_JAVA_014/CODE_DIF_JAVA_014.java,0.05741626794258373,12,2,6,6
3829,29,baselines_work/cohorte/java/CODE_FUN_JAVA_003/CODE_FUN_JAVA_003.java,33,baselines_work/cohorte/java/CODE_FUN_JAVA_007/CODE_FUN_JAVA_007.java,0.1411764705882353,12,5,6,6
3982,38,baselines_work/cohorte/java/CODE_FUN_JAVA_006/CODE_FUN_JAVA_006.java,68,baselines_work/cohorte/java/CODE_IDENT_JAVA_013/CODE_IDENT_JAVA_013.java,0.13043478260869565,12,4,8,4
3983,38,baselines_work/cohorte/java/CODE_FUN_JAVA_006/CODE_FUN_JAVA_006.java,71,baselines_work/cohorte/java/CODE_IDENT_JAVA_013_COPY/CODE_IDENT_JAVA_013.java,0.13043478260869565,12,4,8,4
3992,33,baselines_work/cohorte/java/CODE_FUN_JAVA_007/CODE_FUN_JAVA_007.java,37,baselines_work/cohorte/java/CODE_FUN_JAVA_012/CODE_FUN_JAVA_012.java,0.10909090909090909,12,2,6,6
4066,39,baselines_work/cohorte/java/CODE_FUN_JAVA_009/CODE_FUN_JAVA_009.java,41,baselines_work/cohorte/java/CODE_FUN_JAVA_013/CODE_FUN_JAVA_013.java,0.10714285714285714,12,3,6,6
4169,37,baselines_work/cohorte/java/CODE_FUN_JAVA_012/CODE_FUN_JAVA_012.java,44,baselines_work/cohorte/java/CODE_FUN_JAVA_014/CODE_FUN_JAVA_014.java,0.125,12,3,6,6
4201,41,baselines_work/cohorte/java/CODE_FUN_JAVA_013/CODE_FUN_JAVA_013.java,44,baselines_work/cohorte/java/CODE_FUN_JAVA_014/CODE_FUN_JAVA_014.java,0.1188118811881188,12,3,6,6
1991,1,baselines_work/cohorte/java/CODE_DIF_JAVA_001/CODE_DIF_JAVA_001.java,39,baselines_work/cohorte/java/CODE_FUN_JAVA_009/CODE_FUN_JAVA_009.java,0.07534246575342465,11,3,6,5
2029,6,baselines_work/cohorte/java/CODE_DIF_JAVA_002/CODE_DIF_JAVA_002.java,0,baselines_work/cohorte/java/CODE_DIF_JAVA_004/CODE_DIF_JAVA_004.java,0.09649122807017543,11,3,5,6
2038,6,baselines_work/cohorte/java/CODE_DIF_JAVA_002/CODE_DIF_JAVA_002.java,14,baselines_work/cohorte/java/CODE_DIF_JAVA_013/CODE_DIF_JAVA_013.java,0.059782608695652176,11,2,5,6
2101,2,baselines_work/cohorte/java/CODE_DIF_JAVA_003/CODE_DIF_JAVA_003.java,0,baselines_work/cohorte/java/CODE_DIF_JAVA_004/CODE_DIF_JAVA_004.java,0.06875,11,2,5,6
2452,5,baselines_work/cohorte/java/CODE_DIF_JAVA_008/CODE_DIF_JAVA_008.java,12,baselines_work/cohorte/java/CODE_DIF_JAVA_010/CODE_DIF_JAVA_010.java,0.03666666666666667,11,1,5,6
2460,5,baselines_work/cohorte/java/CODE_DIF_JAVA_008/CODE_DIF_JAVA_008.java,17,baselines_work/cohorte/java/CODE_ESTRU_JAVA_003/CODE_ESTRU_JAVA_003.java,0.0625,11,5,6,5
2471,5,baselines_work/cohorte/java/CODE_DIF_JAVA_008/CODE_DIF_JAVA_008.java,26,baselines_work/cohorte/java/CODE_ESTRU_JAVA_014/CODE_ESTRU_JAVA_014.java,0.05612244897959184,11,4,6,5
2586,12,baselines_work/cohorte/java/CODE_DIF_JAVA_010/CODE_DIF_JAVA_010.java,14,baselines_work/cohorte/java/CODE_DIF_JAVA_013/CODE_DIF_JAVA_013.java,0.03942652329749104,11,2,6,5
2613,12,baselines_work/cohorte/java/CODE_DIF_JAVA_010/CODE_DIF_JAVA_010.java,36,baselines_work/cohorte/java/CODE_FUN_JAVA_010/CODE_FUN_JAVA_010.java,0.04741379310344827,11,4,5,6
2667,8,baselines_work/cohorte/java/CODE_DIF_JAVA_011/CODE_DIF_JAVA_011.java,31,baselines_work/cohorte/java/CODE_ESTRU_JAVA_015/CODE_ESTRU_JAVA_015.java,0.06626506024096386,11,1,6,5
2711,8,baselines_work/cohorte/java/CODE_DIF_JAVA_011/CODE_DIF_JAVA_011.java,72,baselines_work/cohorte/java/CODE_IDENT_JAVA_015/CODE_IDENT_JAVA_015.java,0.06918238993710692,11,1,6,5
2712,8,baselines_work/cohorte/java/CODE_DIF_JAVA_011/CODE_DIF_JAVA_011.java,74,baselines_work/cohorte/java/CODE_IDENT_JAVA_015_COPY/CODE_IDENT_JAVA_015.java,0.06918238993710692,11,1,6,5
2737,9,baselines_work/cohorte/java/CODE_DIF_JAVA_012/CODE_DIF_JAVA_012.java,33,baselines_work/cohorte/java/CODE_FUN_JAVA_007/CODE_FUN_JAVA_007.java,0.06875,11,3,5,6
2901,18,baselines_work/cohorte/java/CODE_DIF_JAVA_015/CODE_DIF_JAVA_015.java,17,baselines_work/cohorte/java/CODE_ESTRU_JAVA_003/CODE_ESTRU_JAVA_003.java,0.04700854700854701,11,3,6,5
2904,18,baselines_work/cohorte/java/CODE_DIF_JAVA_015/CODE_DIF_JAVA_015.java,16,baselines_work/cohorte/java/CODE_ESTRU_JAVA_006/CODE_ESTRU_JAVA_006.java,0.04954954954954955,11,3,6,5
3744,30,baselines_work/cohorte/java/CODE_FUN_JAVA_001/CODE_FUN_JAVA_001.java,33,baselines_work/cohorte/java/CODE_FUN_JAVA_007/CODE_FUN_JAVA_007.java,0.1,11,4,5,6
2060,6,baselines_work/cohorte/java/CODE_DIF_JAVA_002/CODE_DIF_JAVA_002.java,35,baselines_work/cohorte/java/CODE_FUN_JAVA_005/CODE_FUN_JAVA_005.java,0.09523809523809523,10,3,5,5
2105,2,baselines_work/cohorte/java/CODE_DIF_JAVA_003/CODE_DIF_JAVA_003.java,5,baselines_work/cohorte/java/CODE_DIF_JAVA_008/CODE_DIF_JAVA_008.java,0.04048582995951417,10,2,5,5
2107,2,baselines_work/cohorte/java/CODE_DIF_JAVA_003/CODE_DIF_JAVA_003.java,12,baselines_work/cohorte/java/CODE_DIF_JAVA_010/CODE_DIF_JAVA_010.java,0.038910505836575876,10,1,6,4
2109,2,baselines_work/cohorte/java/CODE_DIF_JAVA_003/CODE_DIF_JAVA_003.java,9,baselines_work/cohorte/java/CODE_DIF_JAVA_012/CODE_DIF_JAVA_012.java,0.05319148936170213,10,3,5,5
2251,4,baselines_work/cohorte/java/CODE_DIF_JAVA_005/CODE_DIF_JAVA_005.java,14,baselines_work/cohorte/java/CODE_DIF_JAVA_013/CODE_DIF_JAVA_013.java,0.0390625,10,2,5,5
2252,4,baselines_work/cohorte/java/CODE_DIF_JAVA_005/CODE_DIF_JAVA_005.java,11,baselines_work/cohorte/java/CODE_DIF_JAVA_014/CODE_DIF_JAVA_014.java,0.04184100418410042,10,2,6,4
2281,4,baselines_work/cohorte/java/CODE_DIF_JAVA_005/CODE_DIF_JAVA_005.java,41,baselines_work/cohorte/java/CODE_FUN_JAVA_013/CODE_FUN_JAVA_013.java,0.05847953216374269,10,2,6,4
2352,3,baselines_work/cohorte/java/CODE_DIF_JAVA_006/CODE_DIF_JAVA_006.java,42,baselines_work/cohorte/java/CODE_FUN_JAVA_015/CODE_FUN_JAVA_015.java,0.05319148936170213,10,3,5,5
2386,7,baselines_work/cohorte/java/CODE_DIF_JAVA_007/CODE_DIF_JAVA_007.java,8,baselines_work/cohorte/java/CODE_DIF_JAVA_011/CODE_DIF_JAVA_011.java,0.04524886877828054,10,2,5,5
2387,7,baselines_work/cohorte/java/CODE_DIF_JAVA_007/CODE_DIF_JAVA_007.java,9,baselines_work/cohorte/java/CODE_DIF_JAVA_012/CODE_DIF_JAVA_012.java,0.05181347150259067,10,1,4,6
2652,8,baselines_work/cohorte/java/CODE_DIF_JAVA_011/CODE_DIF_JAVA_011.java,18,baselines_work/cohorte/java/CODE_DIF_JAVA_015/CODE_DIF_JAVA_015.java,0.03367003367003367,10,1,6,4
2666,8,baselines_work/cohorte/java/CODE_DIF_JAVA_011/CODE_DIF_JAVA_011.java,26,baselines_work/cohorte/java/CODE_ESTRU_JAVA_014/CODE_ESTRU_JAVA_014.java,0.06451612903225806,10,2,5,5
2777,14,baselines_work/cohorte/java/CODE_DIF_JAVA_013/CODE_DIF_JAVA_013.java,18,baselines_work/cohorte/java/CODE_DIF_JAVA_015/CODE_DIF_JAVA_015.java,0.031545741324921134,10,2,5,5
3740,30,baselines_work/cohorte/java/CODE_FUN_JAVA_001/CODE_FUN_JAVA_001.java,29,baselines_work/cohorte/java/CODE_FUN_JAVA_003/CODE_FUN_JAVA_003.java,0.14925373134328357,10,4,5,5
3785,34,baselines_work/cohorte/java/CODE_FUN_JAVA_002/CODE_FUN_JAVA_002.java,35,baselines_work/cohorte/java/CODE_FUN_JAVA_005/CODE_FUN_JAVA_005.java,0.08695652173913043,10,2,5,5
3831,29,baselines_work/cohorte/java/CODE_FUN_JAVA_003/CODE_FUN_JAVA_003.java,39,baselines_work/cohorte/java/CODE_FUN_JAVA_009/CODE_FUN_JAVA_009.java,0.10204081632653061,10,2,5,5
3835,29,baselines_work/cohorte/java/CODE_FUN_JAVA_003/CODE_FUN_JAVA_003.java,41,baselines_work/cohorte/java/CODE_FUN_JAVA_013/CODE_FUN_JAVA_013.java,0.15151515151515152,10,2,5,5
3993,33,baselines_work/cohorte/java/CODE_FUN_JAVA_007/CODE_FUN_JAVA_007.java,41,baselines_work/cohorte/java/CODE_FUN_JAVA_013/CODE_FUN_JAVA_013.java,0.08849557522123894,10,2,5,5
3995,33,baselines_work/cohorte/java/CODE_FUN_JAVA_007/CODE_FUN_JAVA_007.java,42,baselines_work/cohorte/java/CODE_FUN_JAVA_015/CODE_FUN_JAVA_015.java,0.06451612903225806,10,3,5,5
4008,33,baselines_work/cohorte/java/CODE_FUN_JAVA_007/CODE_FUN_JAVA_007.java,57,baselines_work/cohorte/java/CODE_IDENT_JAVA_007/CODE_IDENT_JAVA_007.java,0.10869565217391304,10,3,5,5
4009,33,baselines_work/cohorte/java/CODE_FUN_JAVA_007/CODE_FUN_JAVA_007.java,58,baselines_work/cohorte/java/CODE_IDENT_JAVA_007_COPY/CODE_IDENT_JAVA_007.java,0.10869565217391304,10,3,5,5
4552,51,baselines_work/cohorte/java/CODE_IDENT_JAVA_006/CODE_IDENT_JAVA_006.java,68,baselines_work/cohorte/java/CODE_IDENT_JAVA_013/CODE_IDENT_JAVA_013.java,0.16666666666666666,10,5,5,5
4553,51,baselines_work/cohorte/java/CODE_IDENT_JAVA_006/CODE_IDENT_JAVA_006.java,71,baselines_work/cohorte/java/CODE_IDENT_JAVA_013_COPY/CODE_IDENT_JAVA_013.java,0.16666666666666666,10,5,5,5
4570,53,baselines_work/cohorte/java/CODE_IDENT_JAVA_006_COPY/CODE_IDENT_JAVA_006.java,68,baselines_work/cohorte/java/CODE_IDENT_JAVA_013/CODE_IDENT_JAVA_013.java,0.16666666666666666,10,5,5,5
4571,53,baselines_work/cohorte/java/CODE_IDENT_JAVA_006_COPY/CODE_IDENT_JAVA_006.java,71,baselines_work/cohorte/java/CODE_IDENT_JAVA_013_COPY/CODE_IDENT_JAVA_013.java,0.16666666666666666,10,5,5,5
1956,1,baselines_work/cohorte/java/CODE_DIF_JAVA_001/CODE_DIF_JAVA_001.java,0,baselines_work/cohorte/java/CODE_DIF_JAVA_004/CODE_DIF_JAVA_004.java,0.06976744186046512,9,3,5,4
2028,6,baselines_work/cohorte/java/CODE_DIF_JAVA_002/CODE_DIF_JAVA_002.java,2,baselines_work/cohorte/java/CODE_DIF_JAVA_003/CODE_DIF_JAVA_003.java,0.06818181818181818,9,2,4,5
2175,0,baselines_work/cohorte/java/CODE_DIF_JAVA_004/CODE_DIF_JAVA_004.java,7,baselines_work/cohorte/java/CODE_DIF_JAVA_007/CODE_DIF_JAVA_007.java,0.04864864864864865,9,3,5,4
2412,7,baselines_work/cohorte/java/CODE_DIF_JAVA_007/CODE_DIF_JAVA_007.java,33,baselines_work/cohorte/java/CODE_FUN_JAVA_007/CODE_FUN_JAVA_007.java,0.05325443786982249,9,1,4,5
2498,5,baselines_work/cohorte/java/CODE_DIF_JAVA_008/CODE_DIF_JAVA_008.java,51,baselines_work/cohorte/java/CODE_IDENT_JAVA_006/CODE_IDENT_JAVA_006.java,0.055900621118012424,9,3,5,4
2499,5,baselines_work/cohorte/java/CODE_DIF_JAVA_008/CODE_DIF_JAVA_008.java,53,baselines_work/cohorte/java/CODE_IDENT_JAVA_006_COPY/CODE_IDENT_JAVA_006.java,0.055900621118012424,9,3,5,4
2547,10,baselines_work/cohorte/java/CODE_DIF_JAVA_009/CODE_DIF_JAVA_009.java,39,baselines_work/cohorte/java/CODE_FUN_JAVA_009/CODE_FUN_JAVA_009.java,0.03879310344827586,9,3,5,4
2608,12,baselines_work/cohorte/java/CODE_DIF_JAVA_010/CODE_DIF_JAVA_010.java,35,baselines_work/cohorte/java/CODE_FUN_JAVA_005/CODE_FUN_JAVA_005.java,0.045,9,3,5,4
2612,12,baselines_work/cohorte/java/CODE_DIF_JAVA_010/CODE_DIF_JAVA_010.java,39,baselines_work/cohorte/java/CODE_FUN_JAVA_009/CODE_FUN_JAVA_009.java,0.03982300884955752,9,1,5,4
2718,9,baselines_work/cohorte/java/CODE_DIF_JAVA_012/CODE_DIF_JAVA_012.java,17,baselines_work/cohorte/java/CODE_ESTRU_JAVA_003/CODE_ESTRU_JAVA_003.java,0.06976744186046512,9,3,4,5
2721,9,baselines_work/cohorte/java/CODE_DIF_JAVA_012/CODE_DIF_JAVA_012.java,16,baselines_work/cohorte/java/CODE_ESTRU_JAVA_006/CODE_ESTRU_JAVA_006.java,0.07692307692307693,9,3,4,5
2797,14,baselines_work/cohorte/java/CODE_DIF_JAVA_013/CODE_DIF_JAVA_013.java,35,baselines_work/cohorte/java/CODE_FUN_JAVA_005/CODE_FUN_JAVA_005.java,0.05202312138728324,9,1,5,4
2807,14,baselines_work/cohorte/java/CODE_DIF_JAVA_013/CODE_DIF_JAVA_013.java,42,baselines_work/cohorte/java/CODE_FUN_JAVA_015/CODE_FUN_JAVA_015.java,0.0430622009569378,9,1,4,5
2922,18,baselines_work/cohorte/java/CODE_DIF_JAVA_015/CODE_DIF_JAVA_015.java,39,baselines_work/cohorte/java/CODE_FUN_JAVA_009/CODE_FUN_JAVA_009.java,0.03237410071942446,9,2,5,4
2928,18,baselines_work/cohorte/java/CODE_DIF_JAVA_015/CODE_DIF_JAVA_015.java,42,baselines_work/cohorte/java/CODE_FUN_JAVA_015/CODE_FUN_JAVA_015.java,0.03125,9,1,4,5
3707,31,baselines_work/cohorte/java/CODE_ESTRU_JAVA_015/CODE_ESTRU_JAVA_015.java,44,baselines_work/cohorte/java/CODE_FUN_JAVA_014/CODE_FUN_JAVA_014.java,0.075,9,2,4,5
3779,30,baselines_work/cohorte/java/CODE_FUN_JAVA_001/CODE_FUN_JAVA_001.java,70,baselines_work/cohorte/java/CODE_IDENT_JAVA_014/CODE_IDENT_JAVA_014.java,0.10588235294117647,9,3,3,6
3780,30,baselines_work/cohorte/java/CODE_FUN_JAVA_001/CODE_FUN_JAVA_001.java,73,baselines_work/cohorte/java/CODE_IDENT_JAVA_014_COPY/CODE_IDENT_JAVA_014.java,0.10588235294117647,9,3,3,6
3873,47,baselines_work/cohorte/java/CODE_FUN_JAVA_004/CODE_FUN_JAVA_004.java,36,baselines_work/cohorte/java/CODE_FUN_JAVA_010/CODE_FUN_JAVA_010.java,0.06164383561643835,9,2,4,5
1966,1,baselines_work/cohorte/java/CODE_DIF_JAVA_001/CODE_DIF_JAVA_001.java,11,baselines_work/cohorte/java/CODE_DIF_JAVA_014/CODE_DIF_JAVA_014.java,0.04395604395604396,8,1,5,3
2036,6,baselines_work/cohorte/java/CODE_DIF_JAVA_002/CODE_DIF_JAVA_002.java,8,baselines_work/cohorte/java/CODE_DIF_JAVA_011/CODE_DIF_JAVA_011.java,0.047058823529411764,8,2,4,4
2103,2,baselines_work/cohorte/java/CODE_DIF_JAVA_003/CODE_DIF_JAVA_003.java,3,baselines_work/cohorte/java/CODE_DIF_JAVA_006/CODE_DIF_JAVA_006.java,0.043243243243243246,8,2,3,5
2173,0,baselines_work/cohorte/java/CODE_DIF_JAVA_004/CODE_DIF_JAVA_004.java,4,baselines_work/cohorte/java/CODE_DIF_JAVA_005/CODE_DIF_JAVA_005.java,0.0392156862745098,8,1,3,5
2200,0,baselines_work/cohorte/java/CODE_DIF_JAVA_004/CODE_DIF_JAVA_004.java,34,baselines_work/cohorte/java/CODE_FUN_JAVA_002/CODE_FUN_JAVA_002.java,0.07017543859649122,8,2,4,4
2349,3,baselines_work/cohorte/java/CODE_DIF_JAVA_006/CODE_DIF_JAVA_006.java,37,baselines_work/cohorte/java/CODE_FUN_JAVA_012/CODE_FUN_JAVA_012.java,0.055944055944055944,8,2,4,4
2350,3,baselines_work/cohorte/java/CODE_DIF_JAVA_006/CODE_DIF_JAVA_006.java,41,baselines_work/cohorte/java/CODE_FUN_JAVA_013/CODE_FUN_JAVA_013.java,0.0547945205479452,8,2,4,4
2379,3,baselines_work/cohorte/java/CODE_DIF_JAVA_006/CODE_DIF_JAVA_006.java,70,baselines_work/cohorte/java/CODE_IDENT_JAVA_014/CODE_IDENT_JAVA_014.java,0.05714285714285714,8,2,3,5
2380,3,baselines_work/cohorte/java/CODE_DIF_JAVA_006/CODE_DIF_JAVA_006.java,73,baselines_work/cohorte/java/CODE_IDENT_JAVA_014_COPY/CODE_IDENT_JAVA_014.java,0.05714285714285714,8,2,3,5
2407,7,baselines_work/cohorte/java/CODE_DIF_JAVA_007/CODE_DIF_JAVA_007.java,34,baselines_work/cohorte/java/CODE_FUN_JAVA_002/CODE_FUN_JAVA_002.java,0.055944055944055944,8,2,4,4
2413,7,baselines_work/cohorte/java/CODE_DIF_JAVA_007/CODE_DIF_JAVA_007.java,32,baselines_work/cohorte/java/CODE_FUN_JAVA_008/CODE_FUN_JAVA_008.java,0.05333333333333334,8,1,4,4
2466,5,baselines_work/cohorte/java/CODE_DIF_JAVA_008/CODE_DIF_JAVA_008.java,24,baselines_work/cohorte/java/CODE_ESTRU_JAVA_009/CODE_ESTRU_JAVA_009.java,0.04145077720207254,8,2,5,3
2481,5,baselines_work/cohorte/java/CODE_DIF_JAVA_008/CODE_DIF_JAVA_008.java,39,baselines_work/cohorte/java/CODE_FUN_JAVA_009/CODE_FUN_JAVA_009.java,0.03636363636363636,8,1,5,3
2504,5,baselines_work/cohorte/java/CODE_DIF_JAVA_008/CODE_DIF_JAVA_008.java,62,baselines_work/cohorte/java/CODE_IDENT_JAVA_009/CODE_IDENT_JAVA_009.java,0.04145077720207254,8,2,5,3
2505,5,baselines_work/cohorte/java/CODE_DIF_JAVA_008/CODE_DIF_JAVA_008.java,63,baselines_work/cohorte/java/CODE_IDENT_JAVA_009_COPY/CODE_IDENT_JAVA_009.java,0.04145077720207254,8,2,5,3
2735,9,baselines_work/cohorte/java/CODE_DIF_JAVA_012/CODE_DIF_JAVA_012.java,35,baselines_work/cohorte/java/CODE_FUN_JAVA_005/CODE_FUN_JAVA_005.java,0.05442176870748299,8,1,4,4
2856,11,baselines_work/cohorte/java/CODE_DIF_JAVA_014/CODE_DIF_JAVA_014.java,29,baselines_work/cohorte/java/CODE_FUN_JAVA_003/CODE_FUN_JAVA_003.java,0.06153846153846154,8,2,4,4
2978,13,baselines_work/cohorte/java/CODE_ESTRU_JAVA_001/CODE_ESTRU_JAVA_001.java,38,baselines_work/cohorte/java/CODE_FUN_JAVA_006/CODE_FUN_JAVA_006.java,0.10666666666666667,8,2,3,5
2998,13,baselines_work/cohorte/java/CODE_ESTRU_JAVA_001/CODE_ESTRU_JAVA_001.java,51,baselines_work/cohorte/java/CODE_IDENT_JAVA_006/CODE_IDENT_JAVA_006.java,0.18604651162790697,8,2,4,4
2999,13,baselines_work/cohorte/java/CODE_ESTRU_JAVA_001/CODE_ESTRU_JAVA_001.java,53,baselines_work/cohorte/java/CODE_IDENT_JAVA_006_COPY/CODE_IDENT_JAVA_006.java,0.18604651162790697,8,2,4,4
3312,23,baselines_work/cohorte/java/CODE_ESTRU_JAVA_007/CODE_ESTRU_JAVA_007.java,33,baselines_work/cohorte/java/CODE_FUN_JAVA_007/CODE_FUN_JAVA_007.java,0.07476635514018691,8,2,5,3
3471,25,baselines_work/cohorte/java/CODE_ESTRU_JAVA_010/CODE_ESTRU_JAVA_010.java,41,baselines_work/cohorte/java/CODE_FUN_JAVA_013/CODE_FUN_JAVA_013.java,0.07017543859649122,8,2,6,2
3649,26,baselines_work/cohorte/java/CODE_ESTRU_JAVA_014/CODE_ESTRU_JAVA_014.java,30,baselines_work/cohorte/java/CODE_FUN_JAVA_001/CODE_FUN_JAVA_001.java,0.08791208791208792,8,3,5,3
3877,47,baselines_work/cohorte/java/CODE_FUN_JAVA_004/CODE_FUN_JAVA_004.java,44,baselines_work/cohorte/java/CODE_FUN_JAVA_014/CODE_FUN_JAVA_014.java,0.06201550387596899,8,4,4,4
3958,38,baselines_work/cohorte/java/CODE_FUN_JAVA_006/CODE_FUN_JAVA_006.java,43,baselines_work/cohorte/java/CODE_IDENT_JAVA_001/CODE_IDENT_JAVA_001.java,0.09876543209876543,8,2,5,3
3959,38,baselines_work/cohorte/java/CODE_FUN_JAVA_006/CODE_FUN_JAVA_006.java,52,baselines_work/cohorte/java/CODE_IDENT_JAVA_001_COPY/CODE_IDENT_JAVA_001.java,0.09876543209876543,8,2,5,3
4221,41,baselines_work/cohorte/java/CODE_FUN_JAVA_013/CODE_FUN_JAVA_013.java,61,baselines_work/cohorte/java/CODE_IDENT_JAVA_010/CODE_IDENT_JAVA_010.java,0.09195402298850575,8,2,2,6
4222,41,baselines_work/cohorte/java/CODE_FUN_JAVA_013/CODE_FUN_JAVA_013.java,64,baselines_work/cohorte/java/CODE_IDENT_JAVA_010_COPY/CODE_IDENT_JAVA_010.java,0.09195402298850575,8,2,2,6
4303,43,baselines_work/cohorte/java/CODE_IDENT_JAVA_001/CODE_IDENT_JAVA_001.java,51,baselines_work/cohorte/java/CODE_IDENT_JAVA_006/CODE_IDENT_JAVA_006.java,0.18604651162790697,8,2,4,4
4304,43,baselines_work/cohorte/java/CODE_IDENT_JAVA_001/CODE_IDENT_JAVA_001.java,53,baselines_work/cohorte/java/CODE_IDENT_JAVA_006_COPY/CODE_IDENT_JAVA_006.java,0.18604651162790697,8,2,4,4
4331,52,baselines_work/cohorte/java/CODE_IDENT_JAVA_001_COPY/CODE_IDENT_JAVA_001.java,51,baselines_work/cohorte/java/CODE_IDENT_JAVA_006/CODE_IDENT_JAVA_006.java,0.18604651162790697,8,2,4,4
4332,52,baselines_work/cohorte/java/CODE_IDENT_JAVA_001_COPY/CODE_IDENT_JAVA_001.java,53,baselines_work/cohorte/java/CODE_IDENT_JAVA_006_COPY/CODE_IDENT_JAVA_006.java,0.18604651162790697,8,2,4,4
4409,49,baselines_work/cohorte/java/CODE_IDENT_JAVA_003/CODE_IDENT_JAVA_003.java,51,baselines_work/cohorte/java/CODE_IDENT_JAVA_006/CODE_IDENT_JAVA_006.java,0.14285714285714285,8,4,4,4
4410,49,baselines_work/cohorte/java/CODE_IDENT_JAVA_003/CODE_IDENT_JAVA_003.java,53,baselines_work/cohorte/java/CODE_IDENT_JAVA_006_COPY/CODE_IDENT_JAVA_006.java,0.14285714285714285,8,4,4,4
4433,48,baselines_work/cohorte/java/CODE_IDENT_JAVA_003_COPY/CODE_IDENT_JAVA_003.java,51,baselines_work/cohorte/java/CODE_IDENT_JAVA_006/CODE_IDENT_JAVA_006.java,0.14285714285714285,8,4,4,4
4434,48,baselines_work/cohorte/java/CODE_IDENT_JAVA_003_COPY/CODE_IDENT_JAVA_003.java,53,baselines_work/cohorte/java/CODE_IDENT_JAVA_006_COPY/CODE_IDENT_JAVA_006.java,0.14285714285714285,8,4,4,4
4472,54,baselines_work/cohorte/java/CODE_IDENT_JAVA_004/CODE_IDENT_JAVA_004.java,70,baselines_work/cohorte/java/CODE_IDENT_JAVA_014/CODE_IDENT_JAVA_014.java,0.08791208791208792,8,4,4,4
4473,54,baselines_work/cohorte/java/CODE_IDENT_JAVA_004/CODE_IDENT_JAVA_004.java,73,baselines_work/cohorte/java/CODE_IDENT_JAVA_014_COPY/CODE_IDENT_JAVA_014.java,0.08791208791208792,8,4,4,4
4494,50,baselines_work/cohorte/java/CODE_IDENT_JAVA_004_COPY/CODE_IDENT_JAVA_004.java,70,baselines_work/cohorte/java/CODE_IDENT_JAVA_014/CODE_IDENT_JAVA_014.java,0.08791208791208792,8,4,4,4
4495,50,baselines_work/cohorte/java/CODE_IDENT_JAVA_004_COPY/CODE_IDENT_JAVA_004.java,73,baselines_work/cohorte/java/CODE_IDENT_JAVA_014_COPY/CODE_IDENT_JAVA_014.java,0.08791208791208792,8,4,4,4
1967,1,baselines_work/cohorte/java/CODE_DIF_JAVA_001/CODE_DIF_JAVA_001.java,18,baselines_work/cohorte/java/CODE_DIF_JAVA_015/CODE_DIF_JAVA_015.java,0.026515151515151516,7,1,3,4
1982,1,baselines_work/cohorte/java/CODE_DIF_JAVA_001/CODE_DIF_JAVA_001.java,31,baselines_work/cohorte/java/CODE_ESTRU_JAVA_015/CODE_ESTRU_JAVA_015.java,0.05263157894736842,7,1,3,4
2026,1,baselines_work/cohorte/java/CODE_DIF_JAVA_001/CODE_DIF_JAVA_001.java,72,baselines_work/cohorte/java/CODE_IDENT_JAVA_015/CODE_IDENT_JAVA_015.java,0.05555555555555555,7,1,3,4
2027,1,baselines_work/cohorte/java/CODE_DIF_JAVA_001/CODE_DIF_JAVA_001.java,74,baselines_work/cohorte/java/CODE_IDENT_JAVA_015_COPY/CODE_IDENT_JAVA_015.java,0.05555555555555555,7,1,3,4
2049,6,baselines_work/cohorte/java/CODE_DIF_JAVA_002/CODE_DIF_JAVA_002.java,24,baselines_work/cohorte/java/CODE_ESTRU_JAVA_009/CODE_ESTRU_JAVA_009.java,0.0673076923076923,7,1,2,5
2087,6,baselines_work/cohorte/java/CODE_DIF_JAVA_002/CODE_DIF_JAVA_002.java,62,baselines_work/cohorte/java/CODE_IDENT_JAVA_009/CODE_IDENT_JAVA_009.java,0.0673076923076923,7,1,2,5
2088,6,baselines_work/cohorte/java/CODE_DIF_JAVA_002/CODE_DIF_JAVA_002.java,63,baselines_work/cohorte/java/CODE_IDENT_JAVA_009_COPY/CODE_IDENT_JAVA_009.java,0.0673076923076923,7,1,2,5
2208,0,baselines_work/cohorte/java/CODE_DIF_JAVA_004/CODE_DIF_JAVA_004.java,36,baselines_work/cohorte/java/CODE_FUN_JAVA_010/CODE_FUN_JAVA_010.java,0.0440251572327044,7,2,3,4
2249,4,baselines_work/cohorte/java/CODE_DIF_JAVA_005/CODE_DIF_JAVA_005.java,8,baselines_work/cohorte/java/CODE_DIF_JAVA_011/CODE_DIF_JAVA_011.java,0.028925619834710745,7,1,5,2
2278,4,baselines_work/cohorte/java/CODE_DIF_JAVA_005/CODE_DIF_JAVA_005.java,36,baselines_work/cohorte/java/CODE_FUN_JAVA_010/CODE_FUN_JAVA_010.java,0.03349282296650718,7,1,4,3
2280,4,baselines_work/cohorte/java/CODE_DIF_JAVA_005/CODE_DIF_JAVA_005.java,37,baselines_work/cohorte/java/CODE_FUN_JAVA_012/CODE_FUN_JAVA_012.java,0.041666666666666664,7,1,4,3
2456,5,baselines_work/cohorte/java/CODE_DIF_JAVA_008/CODE_DIF_JAVA_008.java,11,baselines_work/cohorte/java/CODE_DIF_JAVA_014/CODE_DIF_JAVA_014.java,0.02734375,7,1,4,3
2480,5,baselines_work/cohorte/java/CODE_DIF_JAVA_008/CODE_DIF_JAVA_008.java,32,baselines_work/cohorte/java/CODE_FUN_JAVA_008/CODE_FUN_JAVA_008.java,0.03723404255319149,7,3,4,3
2506,5,baselines_work/cohorte/java/CODE_DIF_JAVA_008/CODE_DIF_JAVA_008.java,61,baselines_work/cohorte/java/CODE_IDENT_JAVA_010/CODE_IDENT_JAVA_010.java,0.035897435897435895,7,2,3,4
2507,5,baselines_work/cohorte/java/CODE_DIF_JAVA_008/CODE_DIF_JAVA_008.java,64,baselines_work/cohorte/java/CODE_IDENT_JAVA_010_COPY/CODE_IDENT_JAVA_010.java,0.035897435897435895,7,2,3,4
2606,12,baselines_work/cohorte/java/CODE_DIF_JAVA_010/CODE_DIF_JAVA_010.java,29,baselines_work/cohorte/java/CODE_FUN_JAVA_003/CODE_FUN_JAVA_003.java,0.041176470588235294,7,1,4,3
2786,14,baselines_work/cohorte/java/CODE_DIF_JAVA_013/CODE_DIF_JAVA_013.java,24,baselines_work/cohorte/java/CODE_ESTRU_JAVA_009/CODE_ESTRU_JAVA_009.java,0.040697674418604654,7,1,2,5
2795,14,baselines_work/cohorte/java/CODE_DIF_JAVA_013/CODE_DIF_JAVA_013.java,29,baselines_work/cohorte/java/CODE_FUN_JAVA_003/CODE_FUN_JAVA_003.java,0.04895104895104895,7,1,4,3
2799,14,baselines_work/cohorte/java/CODE_DIF_JAVA_013/CODE_DIF_JAVA_013.java,33,baselines_work/cohorte/java/CODE_FUN_JAVA_007/CODE_FUN_JAVA_007.java,0.03763440860215054,7,1,4,3
2824,14,baselines_work/cohorte/java/CODE_DIF_JAVA_013/CODE_DIF_JAVA_013.java,62,baselines_work/cohorte/java/CODE_IDENT_JAVA_009/CODE_IDENT_JAVA_009.java,0.040697674418604654,7,1,2,5
2825,14,baselines_work/cohorte/java/CODE_DIF_JAVA_013/CODE_DIF_JAVA_013.java,63,baselines_work/cohorte/java/CODE_IDENT_JAVA_009_COPY/CODE_IDENT_JAVA_009.java,0.040697674418604654,7,1,2,5
2925,18,baselines_work/cohorte/java/CODE_DIF_JAVA_015/CODE_DIF_JAVA_015.java,37,baselines_work/cohorte/java/CODE_FUN_JAVA_012/CODE_FUN_JAVA_012.java,0.02880658436213992,7,1,4,3
2926,18,baselines_work/cohorte/java/CODE_DIF_JAVA_015/CODE_DIF_JAVA_015.java,41,baselines_work/cohorte/java/CODE_FUN_JAVA_013/CODE_FUN_JAVA_013.java,0.028455284552845527,7,1,4,3
3663,26,baselines_work/cohorte/java/CODE_ESTRU_JAVA_014/CODE_ESTRU_JAVA_014.java,42,baselines_work/cohorte/java/CODE_FUN_JAVA_015/CODE_FUN_JAVA_015.java,0.04861111111111111,7,2,4,3
3832,29,baselines_work/cohorte/java/CODE_FUN_JAVA_003/CODE_FUN_JAVA_003.java,36,baselines_work/cohorte/java/CODE_FUN_JAVA_010/CODE_FUN_JAVA_010.java,0.0673076923076923,7,1,3,4
4063,39,baselines_work/cohorte/java/CODE_FUN_JAVA_009/CODE_FUN_JAVA_009.java,36,baselines_work/cohorte/java/CODE_FUN_JAVA_010/CODE_FUN_JAVA_010.java,0.04666666666666667,7,1,3,4
4193,37,baselines_work/cohorte/java/CODE_FUN_JAVA_012/CODE_FUN_JAVA_012.java,66,baselines_work/cohorte/java/CODE_IDENT_JAVA_012/CODE_IDENT_JAVA_012.java,0.14285714285714285,7,2,3,4
4194,37,baselines_work/cohorte/java/CODE_FUN_JAVA_012/CODE_FUN_JAVA_012.java,69,baselines_work/cohorte/java/CODE_IDENT_JAVA_012_COPY/CODE_IDENT_JAVA_012.java,0.14285714285714285,7,2,3,4
1958,1,baselines_work/cohorte/java/CODE_DIF_JAVA_001/CODE_DIF_JAVA_001.java,3,baselines_work/cohorte/java/CODE_DIF_JAVA_006/CODE_DIF_JAVA_006.java,0.03896103896103896,6,3,3,3
1981,1,baselines_work/cohorte/java/CODE_DIF_JAVA_001/CODE_DIF_JAVA_001.java,26,baselines_work/cohorte/java/CODE_ESTRU_JAVA_014/CODE_ESTRU_JAVA_014.java,0.04918032786885246,6,2,2,4
1990,1,baselines_work/cohorte/java/CODE_DIF_JAVA_001/CODE_DIF_JAVA_001.java,32,baselines_work/cohorte/java/CODE_FUN_JAVA_008/CODE_FUN_JAVA_008.java,0.05263157894736842,6,2,3,3
1993,1,baselines_work/cohorte/java/CODE_DIF_JAVA_001/CODE_DIF_JAVA_001.java,40,baselines_work/cohorte/java/CODE_FUN_JAVA_011/CODE_FUN_JAVA_011.java,0.05084745762711865,6,3,3,3
2056,6,baselines_work/cohorte/java/CODE_DIF_JAVA_002/CODE_DIF_JAVA_002.java,30,baselines_work/cohorte/java/CODE_FUN_JAVA_001/CODE_FUN_JAVA_001.java,0.06818181818181818,6,2,3,3
2058,6,baselines_work/cohorte/java/CODE_DIF_JAVA_002/CODE_DIF_JAVA_002.java,29,baselines_work/cohorte/java/CODE_FUN_JAVA_003/CODE_FUN_JAVA_003.java,0.08,6,2,3,3
2059,6,baselines_work/cohorte/java/CODE_DIF_JAVA_002/CODE_DIF_JAVA_002.java,47,baselines_work/cohorte/java/CODE_FUN_JAVA_004/CODE_FUN_JAVA_004.java,0.0594059405940594,6,3,3,3
2065,6,baselines_work/cohorte/java/CODE_DIF_JAVA_002/CODE_DIF_JAVA_002.java,36,baselines_work/cohorte/java/CODE_FUN_JAVA_010/CODE_FUN_JAVA_010.java,0.043795620437956206,6,1,3,3
2070,6,baselines_work/cohorte/java/CODE_DIF_JAVA_002/CODE_DIF_JAVA_002.java,42,baselines_work/cohorte/java/CODE_FUN_JAVA_015/CODE_FUN_JAVA_015.java,0.0425531914893617,6,1,3,3
2111,2,baselines_work/cohorte/java/CODE_DIF_JAVA_003/CODE_DIF_JAVA_003.java,11,baselines_work/cohorte/java/CODE_DIF_JAVA_014/CODE_DIF_JAVA_014.java,0.028169014084507043,6,2,3,3
2131,2,baselines_work/cohorte/java/CODE_DIF_JAVA_003/CODE_DIF_JAVA_003.java,47,baselines_work/cohorte/java/CODE_FUN_JAVA_004/CODE_FUN_JAVA_004.java,0.04081632653061224,6,1,3,3
2133,2,baselines_work/cohorte/java/CODE_DIF_JAVA_003/CODE_DIF_JAVA_003.java,38,baselines_work/cohorte/java/CODE_FUN_JAVA_006/CODE_FUN_JAVA_006.java,0.04,6,1,3,3
2213,0,baselines_work/cohorte/java/CODE_DIF_JAVA_004/CODE_DIF_JAVA_004.java,42,baselines_work/cohorte/java/CODE_FUN_JAVA_015/CODE_FUN_JAVA_015.java,0.03680981595092025,6,2,3,3
2320,3,baselines_work/cohorte/java/CODE_DIF_JAVA_006/CODE_DIF_JAVA_006.java,14,baselines_work/cohorte/java/CODE_DIF_JAVA_013/CODE_DIF_JAVA_013.java,0.025974025974025976,6,1,3,3
2336,3,baselines_work/cohorte/java/CODE_DIF_JAVA_006/CODE_DIF_JAVA_006.java,26,baselines_work/cohorte/java/CODE_ESTRU_JAVA_014/CODE_ESTRU_JAVA_014.java,0.03896103896103896,6,2,2,4
2338,3,baselines_work/cohorte/java/CODE_DIF_JAVA_006/CODE_DIF_JAVA_006.java,30,baselines_work/cohorte/java/CODE_FUN_JAVA_001/CODE_FUN_JAVA_001.java,0.044444444444444446,6,2,3,3
2414,7,baselines_work/cohorte/java/CODE_DIF_JAVA_007/CODE_DIF_JAVA_007.java,39,baselines_work/cohorte/java/CODE_FUN_JAVA_009/CODE_FUN_JAVA_009.java,0.03296703296703297,6,1,3,3
2420,7,baselines_work/cohorte/java/CODE_DIF_JAVA_007/CODE_DIF_JAVA_007.java,42,baselines_work/cohorte/java/CODE_FUN_JAVA_015/CODE_FUN_JAVA_015.java,0.03125,6,2,3,3
2459,5,baselines_work/cohorte/java/CODE_DIF_JAVA_008/CODE_DIF_JAVA_008.java,15,baselines_work/cohorte/java/CODE_ESTRU_JAVA_002/CODE_ESTRU_JAVA_002.java,0.03550295857988166,6,2,4,2
2476,5,baselines_work/cohorte/java/CODE_DIF_JAVA_008/CODE_DIF_JAVA_008.java,47,baselines_work/cohorte/java/CODE_FUN_JAVA_004/CODE_FUN_JAVA_004.java,0.031578947368421054,6,1,3,3
2490,5,baselines_work/cohorte/java/CODE_DIF_JAVA_008/CODE_DIF_JAVA_008.java,45,baselines_work/cohorte/java/CODE_IDENT_JAVA_002/CODE_IDENT_JAVA_002.java,0.03508771929824561,6,2,4,2
2491,5,baselines_work/cohorte/java/CODE_DIF_JAVA_008/CODE_DIF_JAVA_008.java,46,baselines_work/cohorte/java/CODE_IDENT_JAVA_002_COPY/CODE_IDENT_JAVA_002.java,0.03508771929824561,6,2,4,2
2543,10,baselines_work/cohorte/java/CODE_DIF_JAVA_009/CODE_DIF_JAVA_009.java,35,baselines_work/cohorte/java/CODE_FUN_JAVA_005/CODE_FUN_JAVA_005.java,0.02912621359223301,6,2,3,3
2605,12,baselines_work/cohorte/java/CODE_DIF_JAVA_010/CODE_DIF_JAVA_010.java,34,baselines_work/cohorte/java/CODE_FUN_JAVA_002/CODE_FUN_JAVA_002.java,0.03208556149732621,6,3,3,3
2611,12,baselines_work/cohorte/java/CODE_DIF_JAVA_010/CODE_DIF_JAVA_010.java,32,baselines_work/cohorte/java/CODE_FUN_JAVA_008/CODE_FUN_JAVA_008.java,0.030927835051546393,6,2,3,3
2670,8,baselines_work/cohorte/java/CODE_DIF_JAVA_011/CODE_DIF_JAVA_011.java,29,baselines_work/cohorte/java/CODE_FUN_JAVA_003/CODE_FUN_JAVA_003.java,0.04878048780487805,6,1,3,3
2671,8,baselines_work/cohorte/java/CODE_DIF_JAVA_011/CODE_DIF_JAVA_011.java,47,baselines_work/cohorte/java/CODE_FUN_JAVA_004/CODE_FUN_JAVA_004.java,0.040268456375838924,6,2,3,3
2792,14,baselines_work/cohorte/java/CODE_DIF_JAVA_013/CODE_DIF_JAVA_013.java,31,baselines_work/cohorte/java/CODE_ESTRU_JAVA_015/CODE_ESTRU_JAVA_015.java,0.03225806451612903,6,1,2,4
2836,14,baselines_work/cohorte/java/CODE_DIF_JAVA_013/CODE_DIF_JAVA_013.java,72,baselines_work/cohorte/java/CODE_IDENT_JAVA_015/CODE_IDENT_JAVA_015.java,0.0335195530726257,6,1,2,4
2837,14,baselines_work/cohorte/java/CODE_DIF_JAVA_013/CODE_DIF_JAVA_013.java,74,baselines_work/cohorte/java/CODE_IDENT_JAVA_015_COPY/CODE_IDENT_JAVA_015.java,0.0335195530726257,6,1,2,4
2853,11,baselines_work/cohorte/java/CODE_DIF_JAVA_014/CODE_DIF_JAVA_014.java,31,baselines_work/cohorte/java/CODE_ESTRU_JAVA_015/CODE_ESTRU_JAVA_015.java,0.03468208092485549,6,1,2,4
2866,11,baselines_work/cohorte/java/CODE_DIF_JAVA_014/CODE_DIF_JAVA_014.java,41,baselines_work/cohorte/java/CODE_FUN_JAVA_013/CODE_FUN_JAVA_013.java,0.03896103896103896,6,3,3,3
2897,11,baselines_work/cohorte/java/CODE_DIF_JAVA_014/CODE_DIF_JAVA_014.java,72,baselines_work/cohorte/java/CODE_IDENT_JAVA_015/CODE_IDENT_JAVA_015.java,0.03614457831325301,6,1,2,4
2898,11,baselines_work/cohorte/java/CODE_DIF_JAVA_014/CODE_DIF_JAVA_014.java,74,baselines_work/cohorte/java/CODE_IDENT_JAVA_015_COPY/CODE_IDENT_JAVA_015.java,0.03614457831325301,6,1,2,4
2915,18,baselines_work/cohorte/java/CODE_DIF_JAVA_015/CODE_DIF_JAVA_015.java,34,baselines_work/cohorte/java/CODE_FUN_JAVA_002/CODE_FUN_JAVA_002.java,0.02510460251046025,6,2,3,3
2918,18,baselines_work/cohorte/java/CODE_DIF_JAVA_015/CODE_DIF_JAVA_015.java,35,baselines_work/cohorte/java/CODE_FUN_JAVA_005/CODE_FUN_JAVA_005.java,0.023809523809523808,6,2,3,3
2921,18,baselines_work/cohorte/java/CODE_DIF_JAVA_015/CODE_DIF_JAVA_015.java,32,baselines_work/cohorte/java/CODE_FUN_JAVA_008/CODE_FUN_JAVA_008.java,0.024390243902439025,6,2,3,3
2923,18,baselines_work/cohorte/java/CODE_DIF_JAVA_015/CODE_DIF_JAVA_015.java,36,baselines_work/cohorte/java/CODE_FUN_JAVA_010/CODE_FUN_JAVA_010.java,0.02112676056338028,6,1,3,3
3010,13,baselines_work/cohorte/java/CODE_ESTRU_JAVA_001/CODE_ESTRU_JAVA_001.java,66,baselines_work/cohorte/java/CODE_IDENT_JAVA_012/CODE_IDENT_JAVA_012.java,0.13636363636363635,6,3,3,3
3011,13,baselines_work/cohorte/java/CODE_ESTRU_JAVA_001/CODE_ESTRU_JAVA_001.java,69,baselines_work/cohorte/java/CODE_IDENT_JAVA_012_COPY/CODE_IDENT_JAVA_012.java,0.13636363636363635,6,3,3,3
3082,17,baselines_work/cohorte/java/CODE_ESTRU_JAVA_003/CODE_ESTRU_JAVA_003.java,25,baselines_work/cohorte/java/CODE_ESTRU_JAVA_010/CODE_ESTRU_JAVA_010.java,0.057692307692307696,6,3,3,3
3247,16,baselines_work/cohorte/java/CODE_ESTRU_JAVA_006/CODE_ESTRU_JAVA_006.java,25,baselines_work/cohorte/java/CODE_ESTRU_JAVA_010/CODE_ESTRU_JAVA_010.java,0.06382978723404255,6,3,3,3
3251,16,baselines_work/cohorte/java/CODE_ESTRU_JAVA_006/CODE_ESTRU_JAVA_006.java,26,baselines_work/cohorte/java/CODE_ESTRU_JAVA_014/CODE_ESTRU_JAVA_014.java,0.06382978723404255,6,3,3,3
3309,23,baselines_work/cohorte/java/CODE_ESTRU_JAVA_007/CODE_ESTRU_JAVA_007.java,47,baselines_work/cohorte/java/CODE_FUN_JAVA_004/CODE_FUN_JAVA_004.java,0.06666666666666667,6,1,3,3
3327,23,baselines_work/cohorte/java/CODE_ESTRU_JAVA_007/CODE_ESTRU_JAVA_007.java,54,baselines_work/cohorte/java/CODE_IDENT_JAVA_004/CODE_IDENT_JAVA_004.java,0.07792207792207792,6,1,3,3
3328,23,baselines_work/cohorte/java/CODE_ESTRU_JAVA_007/CODE_ESTRU_JAVA_007.java,50,baselines_work/cohorte/java/CODE_IDENT_JAVA_004_COPY/CODE_IDENT_JAVA_004.java,0.07792207792207792,6,1,3,3
3393,21,baselines_work/cohorte/java/CODE_ESTRU_JAVA_008/CODE_ESTRU_JAVA_008.java,67,baselines_work/cohorte/java/CODE_IDENT_JAVA_011/CODE_IDENT_JAVA_011.java,0.09090909090909091,6,3,3,3
3394,21,baselines_work/cohorte/java/CODE_ESTRU_JAVA_008/CODE_ESTRU_JAVA_008.java,65,baselines_work/cohorte/java/CODE_IDENT_JAVA_011_COPY/CODE_IDENT_JAVA_011.java,0.09090909090909091,6,3,3,3
3407,24,baselines_work/cohorte/java/CODE_ESTRU_JAVA_009/CODE_ESTRU_JAVA_009.java,26,baselines_work/cohorte/java/CODE_ESTRU_JAVA_014/CODE_ESTRU_JAVA_014.java,0.0594059405940594,6,2,2,4
3423,24,baselines_work/cohorte/java/CODE_ESTRU_JAVA_009/CODE_ESTRU_JAVA_009.java,42,baselines_work/cohorte/java/CODE_FUN_JAVA_015/CODE_FUN_JAVA_015.java,0.044444444444444446,6,3,3,3
3450,24,baselines_work/cohorte/java/CODE_ESTRU_JAVA_009/CODE_ESTRU_JAVA_009.java,70,baselines_work/cohorte/java/CODE_IDENT_JAVA_014/CODE_IDENT_JAVA_014.java,0.06896551724137931,6,2,2,4
3451,24,baselines_work/cohorte/java/CODE_ESTRU_JAVA_009/CODE_ESTRU_JAVA_009.java,73,baselines_work/cohorte/java/CODE_IDENT_JAVA_014_COPY/CODE_IDENT_JAVA_014.java,0.06896551724137931,6,2,2,4
3452,24,baselines_work/cohorte/java/CODE_ESTRU_JAVA_009/CODE_ESTRU_JAVA_009.java,72,baselines_work/cohorte/java/CODE_IDENT_JAVA_015/CODE_IDENT_JAVA_015.java,0.05714285714285714,6,3,3,3
3453,24,baselines_work/cohorte/java/CODE_ESTRU_JAVA_009/CODE_ESTRU_JAVA_009.java,74,baselines_work/cohorte/java/CODE_IDENT_JAVA_015_COPY/CODE_IDENT_JAVA_015.java,0.05714285714285714,6,3,3,3
3458,25,baselines_work/cohorte/java/CODE_ESTRU_JAVA_010/CODE_ESTRU_JAVA_010.java,31,baselines_work/cohorte/java/CODE_ESTRU_JAVA_015/CODE_ESTRU_JAVA_015.java,0.045112781954887216,6,1,4,2
3502,25,baselines_work/cohorte/java/CODE_ESTRU_JAVA_010/CODE_ESTRU_JAVA_010.java,72,baselines_work/cohorte/java/CODE_IDENT_JAVA_015/CODE_IDENT_JAVA_015.java,0.047619047619047616,6,1,4,2
3503,25,baselines_work/cohorte/java/CODE_ESTRU_JAVA_010/CODE_ESTRU_JAVA_010.java,74,baselines_work/cohorte/java/CODE_IDENT_JAVA_015_COPY/CODE_IDENT_JAVA_015.java,0.047619047619047616,6,1,4,2
3593,28,baselines_work/cohorte/java/CODE_ESTRU_JAVA_012/CODE_ESTRU_JAVA_012.java,66,baselines_work/cohorte/java/CODE_IDENT_JAVA_012/CODE_IDENT_JAVA_012.java,0.17142857142857143,6,2,3,3
3594,28,baselines_work/cohorte/java/CODE_ESTRU_JAVA_012/CODE_ESTRU_JAVA_012.java,69,baselines_work/cohorte/java/CODE_IDENT_JAVA_012_COPY/CODE_IDENT_JAVA_012.java,0.17142857142857143,6,2,3,3
3608,27,baselines_work/cohorte/java/CODE_ESTRU_JAVA_013/CODE_ESTRU_JAVA_013.java,38,baselines_work/cohorte/java/CODE_FUN_JAVA_006/CODE_FUN_JAVA_006.java,0.08695652173913043,6,2,2,4
3654,26,baselines_work/cohorte/java/CODE_ESTRU_JAVA_014/CODE_ESTRU_JAVA_014.java,38,baselines_work/cohorte/java/CODE_FUN_JAVA_006/CODE_FUN_JAVA_006.java,0.056074766355140186,6,3,3,3
3674,26,baselines_work/cohorte/java/CODE_ESTRU_JAVA_014/CODE_ESTRU_JAVA_014.java,51,baselines_work/cohorte/java/CODE_IDENT_JAVA_006/CODE_IDENT_JAVA_006.java,0.08,6,3,3,3
3675,26,baselines_work/cohorte/java/CODE_ESTRU_JAVA_014/CODE_ESTRU_JAVA_014.java,53,baselines_work/cohorte/java/CODE_IDENT_JAVA_006_COPY/CODE_IDENT_JAVA_006.java,0.08,6,3,3,3
3680,26,baselines_work/cohorte/java/CODE_ESTRU_JAVA_014/CODE_ESTRU_JAVA_014.java,62,baselines_work/cohorte/java/CODE_IDENT_JAVA_009/CODE_IDENT_JAVA_009.java,0.056074766355140186,6,2,4,2
3681,26,baselines_work/cohorte/java/CODE_ESTRU_JAVA_014/CODE_ESTRU_JAVA_014.java,63,baselines_work/cohorte/java/CODE_IDENT_JAVA_009_COPY/CODE_IDENT_JAVA_009.java,0.056074766355140186,6,2,4,2
3727,31,baselines_work/cohorte/java/CODE_ESTRU_JAVA_015/CODE_ESTRU_JAVA_015.java,61,baselines_work/cohorte/java/CODE_IDENT_JAVA_010/CODE_IDENT_JAVA_010.java,0.05660377358490566,6,1,2,4
3728,31,baselines_work/cohorte/java/CODE_ESTRU_JAVA_015/CODE_ESTRU_JAVA_015.java,64,baselines_work/cohorte/java/CODE_IDENT_JAVA_010_COPY/CODE_IDENT_JAVA_010.java,0.05660377358490566,6,1,2,4
3750,30,baselines_work/cohorte/java/CODE_FUN_JAVA_001/CODE_FUN_JAVA_001.java,41,baselines_work/cohorte/java/CODE_FUN_JAVA_013/CODE_FUN_JAVA_013.java,0.06593406593406594,6,2,3,3
3869,47,baselines_work/cohorte/java/CODE_FUN_JAVA_004/CODE_FUN_JAVA_004.java,38,baselines_work/cohorte/java/CODE_FUN_JAVA_006/CODE_FUN_JAVA_006.java,0.05309734513274336,6,1,3,3
3954,38,baselines_work/cohorte/java/CODE_FUN_JAVA_006/CODE_FUN_JAVA_006.java,37,baselines_work/cohorte/java/CODE_FUN_JAVA_012/CODE_FUN_JAVA_012.java,0.05555555555555555,6,2,3,3
3962,38,baselines_work/cohorte/java/CODE_FUN_JAVA_006/CODE_FUN_JAVA_006.java,49,baselines_work/cohorte/java/CODE_IDENT_JAVA_003/CODE_IDENT_JAVA_003.java,0.06818181818181818,6,3,3,3
3963,38,baselines_work/cohorte/java/CODE_FUN_JAVA_006/CODE_FUN_JAVA_006.java,48,baselines_work/cohorte/java/CODE_IDENT_JAVA_003_COPY/CODE_IDENT_JAVA_003.java,0.06818181818181818,6,3,3,3
3989,33,baselines_work/cohorte/java/CODE_FUN_JAVA_007/CODE_FUN_JAVA_007.java,39,baselines_work/cohorte/java/CODE_FUN_JAVA_009/CODE_FUN_JAVA_009.java,0.041379310344827586,6,1,3,3
3991,33,baselines_work/cohorte/java/CODE_FUN_JAVA_007/CODE_FUN_JAVA_007.java,40,baselines_work/cohorte/java/CODE_FUN_JAVA_011/CODE_FUN_JAVA_011.java,0.05128205128205128,6,2,3,3
3994,33,baselines_work/cohorte/java/CODE_FUN_JAVA_007/CODE_FUN_JAVA_007.java,44,baselines_work/cohorte/java/CODE_FUN_JAVA_014/CODE_FUN_JAVA_014.java,0.04477611940298507,6,2,3,3
4065,39,baselines_work/cohorte/java/CODE_FUN_JAVA_009/CODE_FUN_JAVA_009.java,37,baselines_work/cohorte/java/CODE_FUN_JAVA_012/CODE_FUN_JAVA_012.java,0.05504587155963303,6,1,3,3
4262,44,baselines_work/cohorte/java/CODE_FUN_JAVA_014/CODE_FUN_JAVA_014.java,72,baselines_work/cohorte/java/CODE_IDENT_JAVA_015/CODE_IDENT_JAVA_015.java,0.047244094488188976,6,2,3,3
4263,44,baselines_work/cohorte/java/CODE_FUN_JAVA_014/CODE_FUN_JAVA_014.java,74,baselines_work/cohorte/java/CODE_IDENT_JAVA_015_COPY/CODE_IDENT_JAVA_015.java,0.047244094488188976,6,2,3,3
4280,42,baselines_work/cohorte/java/CODE_FUN_JAVA_015/CODE_FUN_JAVA_015.java,62,baselines_work/cohorte/java/CODE_IDENT_JAVA_009/CODE_IDENT_JAVA_009.java,0.05042016806722689,6,3,3,3
4281,42,baselines_work/cohorte/java/CODE_FUN_JAVA_015/CODE_FUN_JAVA_015.java,63,baselines_work/cohorte/java/CODE_IDENT_JAVA_009_COPY/CODE_IDENT_JAVA_009.java,0.05042016806722689,6,3,3,3
4315,43,baselines_work/cohorte/java/CODE_IDENT_JAVA_001/CODE_IDENT_JAVA_001.java,66,baselines_work/cohorte/java/CODE_IDENT_JAVA_012/CODE_IDENT_JAVA_012.java,0.13636363636363635,6,3,3,3
4316,43,baselines_work/cohorte/java/CODE_IDENT_JAVA_001/CODE_IDENT_JAVA_001.java,69,baselines_work/cohorte/java/CODE_IDENT_JAVA_012_COPY/CODE_IDENT_JAVA_012.java,0.13636363636363635,6,3,3,3
4343,52,baselines_work/cohorte/java/CODE_IDENT_JAVA_001_COPY/CODE_IDENT_JAVA_001.java,66,baselines_work/cohorte/java/CODE_IDENT_JAVA_012/CODE_IDENT_JAVA_012.java,0.13636363636363635,6,3,3,3
4344,52,baselines_work/cohorte/java/CODE_IDENT_JAVA_001_COPY/CODE_IDENT_JAVA_001.java,69,baselines_work/cohorte/java/CODE_IDENT_JAVA_012_COPY/CODE_IDENT_JAVA_012.java,0.13636363636363635,6,3,3,3
4614,56,baselines_work/cohorte/java/CODE_IDENT_JAVA_008/CODE_IDENT_JAVA_008.java,67,baselines_work/cohorte/java/CODE_IDENT_JAVA_011/CODE_IDENT_JAVA_011.java,0.09090909090909091,6,3,3,3
4615,56,baselines_work/cohorte/java/CODE_IDENT_JAVA_008/CODE_IDENT_JAVA_008.java,65,baselines_work/cohorte/java/CODE_IDENT_JAVA_011_COPY/CODE_IDENT_JAVA_011.java,0.09090909090909091,6,3,3,3
4628,60,baselines_work/cohorte/java/CODE_IDENT_JAVA_008_COPY/CODE_IDENT_JAVA_008.java,67,baselines_work/cohorte/java/CODE_IDENT_JAVA_011/CODE_IDENT_JAVA_011.java,0.09090909090909091,6,3,3,3
4629,60,baselines_work/cohorte/java/CODE_IDENT_JAVA_008_COPY/CODE_IDENT_JAVA_008.java,65,baselines_work/cohorte/java/CODE_IDENT_JAVA_011_COPY/CODE_IDENT_JAVA_011.java,0.09090909090909091,6,3,3,3
4647,62,baselines_work/cohorte/java/CODE_IDENT_JAVA_009/CODE_IDENT_JAVA_009.java,70,baselines_work/cohorte/java/CODE_IDENT_JAVA_014/CODE_IDENT_JAVA_014.java,0.06896551724137931,6,2,2,4
4648,62,baselines_work/cohorte/java/CODE_IDENT_JAVA_009/CODE_IDENT_JAVA_009.java,73,baselines_work/cohorte/java/CODE_IDENT_JAVA_014_COPY/CODE_IDENT_JAVA_014.java,0.06896551724137931,6,2,2,4
4649,62,baselines_work/cohorte/java/CODE_IDENT_JAVA_009/CODE_IDENT_JAVA_009.java,72,baselines_work/cohorte/java/CODE_IDENT_JAVA_015/CODE_IDENT_JAVA_015.java,0.05714285714285714,6,3,3,3
4650,62,baselines_work/cohorte/java/CODE_IDENT_JAVA_009/CODE_IDENT_JAVA_009.java,74,baselines_work/cohorte/java/CODE_IDENT_JAVA_015_COPY/CODE_IDENT_JAVA_015.java,0.05714285714285714,6,3,3,3
4659,63,baselines_work/cohorte/java/CODE_IDENT_JAVA_009_COPY/CODE_IDENT_JAVA_009.java,70,baselines_work/cohorte/java/CODE_IDENT_JAVA_014/CODE_IDENT_JAVA_014.java,0.06896551724137931,6,2,2,4
4660,63,baselines_work/cohorte/java/CODE_IDENT_JAVA_009_COPY/CODE_IDENT_JAVA_009.java,73,baselines_work/cohorte/java/CODE_IDENT_JAVA_014_COPY/CODE_IDENT_JAVA_014.java,0.06896551724137931,6,2,2,4
4661,63,baselines_work/cohorte/java/CODE_IDENT_JAVA_009_COPY/CODE_IDENT_JAVA_009.java,72,baselines_work/cohorte/java/CODE_IDENT_JAVA_015/CODE_IDENT_JAVA_015.java,0.05714285714285714,6,3,3,3
4662,63,baselines_work/cohorte/java/CODE_IDENT_JAVA_009_COPY/CODE_IDENT_JAVA_009.java,74,baselines_work/cohorte/java/CODE_IDENT_JAVA_015_COPY/CODE_IDENT_JAVA_015.java,0.05714285714285714,6,3,3,3
4672,61,baselines_work/cohorte/java/CODE_IDENT_JAVA_010/CODE_IDENT_JAVA_010.java,72,baselines_work/cohorte/java/CODE_IDENT_JAVA_015/CODE_IDENT_JAVA_015.java,0.049586776859504134,6,1,4,2
4673,61,baselines_work/cohorte/java/CODE_IDENT_JAVA_010/CODE_IDENT_JAVA_010.java,74,baselines_work/cohorte/java/CODE_IDENT_JAVA_015_COPY/CODE_IDENT_JAVA_015.java,0.049586776859504134,6,1,4,2
4682,64,baselines_work/cohorte/java/CODE_IDENT_JAVA_010_COPY/CODE_IDENT_JAVA_010.java,72,baselines_work/cohorte/java/CODE_IDENT_JAVA_015/CODE_IDENT_JAVA_015.java,0.049586776859504134,6,1,4,2
4683,64,baselines_work/cohorte/java/CODE_IDENT_JAVA_010_COPY/CODE_IDENT_JAVA_010.java,74,baselines_work/cohorte/java/CODE_IDENT_JAVA_015_COPY/CODE_IDENT_JAVA_015.java,0.049586776859504134,6,1,4,2
1985,1,baselines_work/cohorte/java/CODE_DIF_JAVA_001/CODE_DIF_JAVA_001.java,29,baselines_work/cohorte/java/CODE_FUN_JAVA_003/CODE_FUN_JAVA_003.java,0.05555555555555555,5,1,3,2
2134,2,baselines_work/cohorte/java/CODE_DIF_JAVA_003/CODE_DIF_JAVA_003.java,33,baselines_work/cohorte/java/CODE_FUN_JAVA_007/CODE_FUN_JAVA_007.java,0.03048780487804878,5,2,2,3
2137,2,baselines_work/cohorte/java/CODE_DIF_JAVA_003/CODE_DIF_JAVA_003.java,36,baselines_work/cohorte/java/CODE_FUN_JAVA_010/CODE_FUN_JAVA_010.java,0.0273224043715847,5,2,2,3
2181,0,baselines_work/cohorte/java/CODE_DIF_JAVA_004/CODE_DIF_JAVA_004.java,14,baselines_work/cohorte/java/CODE_DIF_JAVA_013/CODE_DIF_JAVA_013.java,0.024271844660194174,5,1,2,3
2276,4,baselines_work/cohorte/java/CODE_DIF_JAVA_005/CODE_DIF_JAVA_005.java,32,baselines_work/cohorte/java/CODE_FUN_JAVA_008/CODE_FUN_JAVA_008.java,0.029239766081871343,5,1,3,2
2277,4,baselines_work/cohorte/java/CODE_DIF_JAVA_005/CODE_DIF_JAVA_005.java,39,baselines_work/cohorte/java/CODE_FUN_JAVA_009/CODE_FUN_JAVA_009.java,0.024630541871921183,5,1,3,2
2314,3,baselines_work/cohorte/java/CODE_DIF_JAVA_006/CODE_DIF_JAVA_006.java,7,baselines_work/cohorte/java/CODE_DIF_JAVA_007/CODE_DIF_JAVA_007.java,0.023809523809523808,5,1,3,2
2316,3,baselines_work/cohorte/java/CODE_DIF_JAVA_006/CODE_DIF_JAVA_006.java,10,baselines_work/cohorte/java/CODE_DIF_JAVA_009/CODE_DIF_JAVA_009.java,0.0211864406779661,5,1,2,3
2518,10,baselines_work/cohorte/java/CODE_DIF_JAVA_009/CODE_DIF_JAVA_009.java,12,baselines_work/cohorte/java/CODE_DIF_JAVA_010/CODE_DIF_JAVA_010.java,0.016025641025641024,5,1,3,2
2545,10,baselines_work/cohorte/java/CODE_DIF_JAVA_009/CODE_DIF_JAVA_009.java,33,baselines_work/cohorte/java/CODE_FUN_JAVA_007/CODE_FUN_JAVA_007.java,0.0228310502283105,5,1,3,2
2551,10,baselines_work/cohorte/java/CODE_DIF_JAVA_009/CODE_DIF_JAVA_009.java,41,baselines_work/cohorte/java/CODE_FUN_JAVA_013/CODE_FUN_JAVA_013.java,0.025,5,1,3,2
2615,12,baselines_work/cohorte/java/CODE_DIF_JAVA_010/CODE_DIF_JAVA_010.java,37,baselines_work/cohorte/java/CODE_FUN_JAVA_012/CODE_FUN_JAVA_012.java,0.02617801047120419,5,1,3,2
2734,9,baselines_work/cohorte/java/CODE_DIF_JAVA_012/CODE_DIF_JAVA_012.java,47,baselines_work/cohorte/java/CODE_FUN_JAVA_004/CODE_FUN_JAVA_004.java,0.03496503496503497,5,2,3,2
2744,9,baselines_work/cohorte/java/CODE_DIF_JAVA_012/CODE_DIF_JAVA_012.java,44,baselines_work/cohorte/java/CODE_FUN_JAVA_014/CODE_FUN_JAVA_014.java,0.030864197530864196,5,1,2,3
2802,14,baselines_work/cohorte/java/CODE_DIF_JAVA_013/CODE_DIF_JAVA_013.java,36,baselines_work/cohorte/java/CODE_FUN_JAVA_010/CODE_FUN_JAVA_010.java,0.024390243902439025,5,1,3,2
2913,18,baselines_work/cohorte/java/CODE_DIF_JAVA_015/CODE_DIF_JAVA_015.java,31,baselines_work/cohorte/java/CODE_ESTRU_JAVA_015/CODE_ESTRU_JAVA_015.java,0.018867924528301886,5,1,2,3
2919,18,baselines_work/cohorte/java/CODE_DIF_JAVA_015/CODE_DIF_JAVA_015.java,38,baselines_work/cohorte/java/CODE_FUN_JAVA_006/CODE_FUN_JAVA_006.java,0.0199203187250996,5,1,3,2
2924,18,baselines_work/cohorte/java/CODE_DIF_JAVA_015/CODE_DIF_JAVA_015.java,40,baselines_work/cohorte/java/CODE_FUN_JAVA_011/CODE_FUN_JAVA_011.java,0.02,5,1,3,2
2957,18,baselines_work/cohorte/java/CODE_DIF_JAVA_015/CODE_DIF_JAVA_015.java,72,baselines_work/cohorte/java/CODE_IDENT_JAVA_015/CODE_IDENT_JAVA_015.java,0.01937984496124031,5,1,2,3
2958,18,baselines_work/cohorte/java/CODE_DIF_JAVA_015/CODE_DIF_JAVA_015.java,74,baselines_work/cohorte/java/CODE_IDENT_JAVA_015_COPY/CODE_IDENT_JAVA_015.java,0.01937984496124031,5,1,2,3
3411,24,baselines_work/cohorte/java/CODE_ESTRU_JAVA_009/CODE_ESTRU_JAVA_009.java,29,baselines_work/cohorte/java/CODE_FUN_JAVA_003/CODE_FUN_JAVA_003.java,0.07246376811594203,5,1,4,1
3415,24,baselines_work/cohorte/java/CODE_ESTRU_JAVA_009/CODE_ESTRU_JAVA_009.java,33,baselines_work/cohorte/java/CODE_FUN_JAVA_007/CODE_FUN_JAVA_007.java,0.044642857142857144,5,1,4,1
3418,24,baselines_work/cohorte/java/CODE_ESTRU_JAVA_009/CODE_ESTRU_JAVA_009.java,36,baselines_work/cohorte/java/CODE_FUN_JAVA_010/CODE_FUN_JAVA_010.java,0.03816793893129771,5,1,4,1
3518,22,baselines_work/cohorte/java/CODE_ESTRU_JAVA_011/CODE_ESTRU_JAVA_011.java,40,baselines_work/cohorte/java/CODE_FUN_JAVA_011/CODE_FUN_JAVA_011.java,0.07936507936507936,5,2,2,3
3703,31,baselines_work/cohorte/java/CODE_ESTRU_JAVA_015/CODE_ESTRU_JAVA_015.java,36,baselines_work/cohorte/java/CODE_FUN_JAVA_010/CODE_FUN_JAVA_010.java,0.0364963503649635,5,1,1,4
3854,29,baselines_work/cohorte/java/CODE_FUN_JAVA_003/CODE_FUN_JAVA_003.java,62,baselines_work/cohorte/java/CODE_IDENT_JAVA_009/CODE_IDENT_JAVA_009.java,0.07042253521126761,5,1,1,4
3855,29,baselines_work/cohorte/java/CODE_FUN_JAVA_003/CODE_FUN_JAVA_003.java,63,baselines_work/cohorte/java/CODE_IDENT_JAVA_009_COPY/CODE_IDENT_JAVA_009.java,0.07042253521126761,5,1,1,4
3910,35,baselines_work/cohorte/java/CODE_FUN_JAVA_005/CODE_FUN_JAVA_005.java,33,baselines_work/cohorte/java/CODE_FUN_JAVA_007/CODE_FUN_JAVA_007.java,0.04132231404958678,5,1,2,3
3916,35,baselines_work/cohorte/java/CODE_FUN_JAVA_005/CODE_FUN_JAVA_005.java,41,baselines_work/cohorte/java/CODE_FUN_JAVA_013/CODE_FUN_JAVA_013.java,0.049019607843137254,5,2,3,2
4012,33,baselines_work/cohorte/java/CODE_FUN_JAVA_007/CODE_FUN_JAVA_007.java,62,baselines_work/cohorte/java/CODE_IDENT_JAVA_009/CODE_IDENT_JAVA_009.java,0.0423728813559322,5,1,1,4
4013,33,baselines_work/cohorte/java/CODE_FUN_JAVA_007/CODE_FUN_JAVA_007.java,63,baselines_work/cohorte/java/CODE_IDENT_JAVA_009_COPY/CODE_IDENT_JAVA_009.java,0.0423728813559322,5,1,1,4
4120,36,baselines_work/cohorte/java/CODE_FUN_JAVA_010/CODE_FUN_JAVA_010.java,62,baselines_work/cohorte/java/CODE_IDENT_JAVA_009/CODE_IDENT_JAVA_009.java,0.034482758620689655,5,1,1,4
4121,36,baselines_work/cohorte/java/CODE_FUN_JAVA_010/CODE_FUN_JAVA_010.java,63,baselines_work/cohorte/java/CODE_IDENT_JAVA_009_COPY/CODE_IDENT_JAVA_009.java,0.034482758620689655,5,1,1,4
4132,36,baselines_work/cohorte/java/CODE_FUN_JAVA_010/CODE_FUN_JAVA_010.java,72,baselines_work/cohorte/java/CODE_IDENT_JAVA_015/CODE_IDENT_JAVA_015.java,0.03289473684210526,5,1,4,1
4133,36,baselines_work/cohorte/java/CODE_FUN_JAVA_010/CODE_FUN_JAVA_010.java,74,baselines_work/cohorte/java/CODE_IDENT_JAVA_015_COPY/CODE_IDENT_JAVA_015.java,0.03289473684210526,5,1,4,1
4158,40,baselines_work/cohorte/java/CODE_FUN_JAVA_011/CODE_FUN_JAVA_011.java,67,baselines_work/cohorte/java/CODE_IDENT_JAVA_011/CODE_IDENT_JAVA_011.java,0.08064516129032258,5,2,3,2
4159,40,baselines_work/cohorte/java/CODE_FUN_JAVA_011/CODE_FUN_JAVA_011.java,65,baselines_work/cohorte/java/CODE_IDENT_JAVA_011_COPY/CODE_IDENT_JAVA_011.java,0.08064516129032258,5,2,3,2
4702,66,baselines_work/cohorte/java/CODE_IDENT_JAVA_012/CODE_IDENT_JAVA_012.java,68,baselines_work/cohorte/java/CODE_IDENT_JAVA_013/CODE_IDENT_JAVA_013.java,0.1282051282051282,5,1,3,2
4703,66,baselines_work/cohorte/java/CODE_IDENT_JAVA_012/CODE_IDENT_JAVA_012.java,71,baselines_work/cohorte/java/CODE_IDENT_JAVA_013_COPY/CODE_IDENT_JAVA_013.java,0.1282051282051282,5,1,3,2
4708,69,baselines_work/cohorte/java/CODE_IDENT_JAVA_012_COPY/CODE_IDENT_JAVA_012.java,68,baselines_work/cohorte/java/CODE_IDENT_JAVA_013/CODE_IDENT_JAVA_013.java,0.1282051282051282,5,1,3,2
4709,69,baselines_work/cohorte/java/CODE_IDENT_JAVA_012_COPY/CODE_IDENT_JAVA_012.java,71,baselines_work/cohorte/java/CODE_IDENT_JAVA_013_COPY/CODE_IDENT_JAVA_013.java,0.1282051282051282,5,1,3,2
1955,1,baselines_work/cohorte/java/CODE_DIF_JAVA_001/CODE_DIF_JAVA_001.java,2,baselines_work/cohorte/java/CODE_DIF_JAVA_003/CODE_DIF_JAVA_003.java,0.027210884353741496,4,1,2,2
1996,1,baselines_work/cohorte/java/CODE_DIF_JAVA_001/CODE_DIF_JAVA_001.java,44,baselines_work/cohorte/java/CODE_FUN_JAVA_014/CODE_FUN_JAVA_014.java,0.02962962962962963,4,1,2,2
2034,6,baselines_work/cohorte/java/CODE_DIF_JAVA_002/CODE_DIF_JAVA_002.java,10,baselines_work/cohorte/java/CODE_DIF_JAVA_009/CODE_DIF_JAVA_009.java,0.021164021164021163,4,1,2,2
2057,6,baselines_work/cohorte/java/CODE_DIF_JAVA_002/CODE_DIF_JAVA_002.java,34,baselines_work/cohorte/java/CODE_FUN_JAVA_002/CODE_FUN_JAVA_002.java,0.043478260869565216,4,1,2,2
2063,6,baselines_work/cohorte/java/CODE_DIF_JAVA_002/CODE_DIF_JAVA_002.java,32,baselines_work/cohorte/java/CODE_FUN_JAVA_008/CODE_FUN_JAVA_008.java,0.04040404040404041,4,1,2,2
2067,6,baselines_work/cohorte/java/CODE_DIF_JAVA_002/CODE_DIF_JAVA_002.java,37,baselines_work/cohorte/java/CODE_FUN_JAVA_012/CODE_FUN_JAVA_012.java,0.041666666666666664,4,1,2,2
2108,2,baselines_work/cohorte/java/CODE_DIF_JAVA_003/CODE_DIF_JAVA_003.java,8,baselines_work/cohorte/java/CODE_DIF_JAVA_011/CODE_DIF_JAVA_011.java,0.018518518518518517,4,1,2,2
2142,2,baselines_work/cohorte/java/CODE_DIF_JAVA_003/CODE_DIF_JAVA_003.java,42,baselines_work/cohorte/java/CODE_FUN_JAVA_015/CODE_FUN_JAVA_015.java,0.0213903743315508,4,1,2,2
2177,0,baselines_work/cohorte/java/CODE_DIF_JAVA_004/CODE_DIF_JAVA_004.java,10,baselines_work/cohorte/java/CODE_DIF_JAVA_009/CODE_DIF_JAVA_009.java,0.018957345971563982,4,1,2,2
2178,0,baselines_work/cohorte/java/CODE_DIF_JAVA_004/CODE_DIF_JAVA_004.java,12,baselines_work/cohorte/java/CODE_DIF_JAVA_010/CODE_DIF_JAVA_010.java,0.017167381974248927,4,1,2,2
2179,0,baselines_work/cohorte/java/CODE_DIF_JAVA_004/CODE_DIF_JAVA_004.java,8,baselines_work/cohorte/java/CODE_DIF_JAVA_011/CODE_DIF_JAVA_011.java,0.020833333333333332,4,1,2,2
2204,0,baselines_work/cohorte/java/CODE_DIF_JAVA_004/CODE_DIF_JAVA_004.java,38,baselines_work/cohorte/java/CODE_FUN_JAVA_006/CODE_FUN_JAVA_006.java,0.031746031746031744,4,1,2,2
2271,4,baselines_work/cohorte/java/CODE_DIF_JAVA_005/CODE_DIF_JAVA_005.java,29,baselines_work/cohorte/java/CODE_FUN_JAVA_003/CODE_FUN_JAVA_003.java,0.027210884353741496,4,1,2,2
2317,3,baselines_work/cohorte/java/CODE_DIF_JAVA_006/CODE_DIF_JAVA_006.java,12,baselines_work/cohorte/java/CODE_DIF_JAVA_010/CODE_DIF_JAVA_010.java,0.015503875968992248,4,1,2,2
2331,3,baselines_work/cohorte/java/CODE_DIF_JAVA_006/CODE_DIF_JAVA_006.java,24,baselines_work/cohorte/java/CODE_ESTRU_JAVA_009/CODE_ESTRU_JAVA_009.java,0.026490066225165563,4,2,2,2
2339,3,baselines_work/cohorte/java/CODE_DIF_JAVA_006/CODE_DIF_JAVA_006.java,34,baselines_work/cohorte/java/CODE_FUN_JAVA_002/CODE_FUN_JAVA_002.java,0.02877697841726619,4,2,2,2
2340,3,baselines_work/cohorte/java/CODE_DIF_JAVA_006/CODE_DIF_JAVA_006.java,29,baselines_work/cohorte/java/CODE_FUN_JAVA_003/CODE_FUN_JAVA_003.java,0.03278688524590164,4,1,2,2
2346,3,baselines_work/cohorte/java/CODE_DIF_JAVA_006/CODE_DIF_JAVA_006.java,39,baselines_work/cohorte/java/CODE_FUN_JAVA_009/CODE_FUN_JAVA_009.java,0.02247191011235955,4,1,2,2
2348,3,baselines_work/cohorte/java/CODE_DIF_JAVA_006/CODE_DIF_JAVA_006.java,40,baselines_work/cohorte/java/CODE_FUN_JAVA_011/CODE_FUN_JAVA_011.java,0.02666666666666667,4,2,2,2
2351,3,baselines_work/cohorte/java/CODE_DIF_JAVA_006/CODE_DIF_JAVA_006.java,44,baselines_work/cohorte/java/CODE_FUN_JAVA_014/CODE_FUN_JAVA_014.java,0.023952095808383235,4,2,2,2
2369,3,baselines_work/cohorte/java/CODE_DIF_JAVA_006/CODE_DIF_JAVA_006.java,62,baselines_work/cohorte/java/CODE_IDENT_JAVA_009/CODE_IDENT_JAVA_009.java,0.026490066225165563,4,2,2,2
2370,3,baselines_work/cohorte/java/CODE_DIF_JAVA_006/CODE_DIF_JAVA_006.java,63,baselines_work/cohorte/java/CODE_IDENT_JAVA_009_COPY/CODE_IDENT_JAVA_009.java,0.026490066225165563,4,2,2,2
2416,7,baselines_work/cohorte/java/CODE_DIF_JAVA_007/CODE_DIF_JAVA_007.java,40,baselines_work/cohorte/java/CODE_FUN_JAVA_011/CODE_FUN_JAVA_011.java,0.025974025974025976,4,1,2,2
2464,5,baselines_work/cohorte/java/CODE_DIF_JAVA_008/CODE_DIF_JAVA_008.java,23,baselines_work/cohorte/java/CODE_ESTRU_JAVA_007/CODE_ESTRU_JAVA_007.java,0.02197802197802198,4,1,2,2
2467,5,baselines_work/cohorte/java/CODE_DIF_JAVA_008/CODE_DIF_JAVA_008.java,25,baselines_work/cohorte/java/CODE_ESTRU_JAVA_010/CODE_ESTRU_JAVA_010.java,0.02040816326530612,4,1,2,2
2521,10,baselines_work/cohorte/java/CODE_DIF_JAVA_009/CODE_DIF_JAVA_009.java,14,baselines_work/cohorte/java/CODE_DIF_JAVA_013/CODE_DIF_JAVA_013.java,0.014035087719298246,4,1,2,2
2540,10,baselines_work/cohorte/java/CODE_DIF_JAVA_009/CODE_DIF_JAVA_009.java,34,baselines_work/cohorte/java/CODE_FUN_JAVA_002/CODE_FUN_JAVA_002.java,0.02072538860103627,4,2,2,2
2548,10,baselines_work/cohorte/java/CODE_DIF_JAVA_009/CODE_DIF_JAVA_009.java,36,baselines_work/cohorte/java/CODE_FUN_JAVA_010/CODE_FUN_JAVA_010.java,0.01680672268907563,4,2,2,2
2603,12,baselines_work/cohorte/java/CODE_DIF_JAVA_010/CODE_DIF_JAVA_010.java,31,baselines_work/cohorte/java/CODE_ESTRU_JAVA_015/CODE_ESTRU_JAVA_015.java,0.018779342723004695,4,1,1,3
2616,12,baselines_work/cohorte/java/CODE_DIF_JAVA_010/CODE_DIF_JAVA_010.java,41,baselines_work/cohorte/java/CODE_FUN_JAVA_013/CODE_FUN_JAVA_013.java,0.020618556701030927,4,1,2,2
2647,12,baselines_work/cohorte/java/CODE_DIF_JAVA_010/CODE_DIF_JAVA_010.java,72,baselines_work/cohorte/java/CODE_IDENT_JAVA_015/CODE_IDENT_JAVA_015.java,0.019417475728155338,4,1,1,3
2648,12,baselines_work/cohorte/java/CODE_DIF_JAVA_010/CODE_DIF_JAVA_010.java,74,baselines_work/cohorte/java/CODE_IDENT_JAVA_015_COPY/CODE_IDENT_JAVA_015.java,0.019417475728155338,4,1,1,3
2649,8,baselines_work/cohorte/java/CODE_DIF_JAVA_011/CODE_DIF_JAVA_011.java,9,baselines_work/cohorte/java/CODE_DIF_JAVA_012/CODE_DIF_JAVA_012.java,0.021052631578947368,4,1,2,2
2675,8,baselines_work/cohorte/java/CODE_DIF_JAVA_011/CODE_DIF_JAVA_011.java,32,baselines_work/cohorte/java/CODE_FUN_JAVA_008/CODE_FUN_JAVA_008.java,0.027210884353741496,4,1,2,2
2680,8,baselines_work/cohorte/java/CODE_DIF_JAVA_011/CODE_DIF_JAVA_011.java,41,baselines_work/cohorte/java/CODE_FUN_JAVA_013/CODE_FUN_JAVA_013.java,0.027210884353741496,4,2,2,2
2736,9,baselines_work/cohorte/java/CODE_DIF_JAVA_012/CODE_DIF_JAVA_012.java,38,baselines_work/cohorte/java/CODE_FUN_JAVA_006/CODE_FUN_JAVA_006.java,0.0273972602739726,4,2,2,2
2740,9,baselines_work/cohorte/java/CODE_DIF_JAVA_012/CODE_DIF_JAVA_012.java,36,baselines_work/cohorte/java/CODE_FUN_JAVA_010/CODE_FUN_JAVA_010.java,0.0223463687150838,4,1,2,2
2793,14,baselines_work/cohorte/java/CODE_DIF_JAVA_013/CODE_DIF_JAVA_013.java,30,baselines_work/cohorte/java/CODE_FUN_JAVA_001/CODE_FUN_JAVA_001.java,0.02564102564102564,4,1,2,2
2805,14,baselines_work/cohorte/java/CODE_DIF_JAVA_013/CODE_DIF_JAVA_013.java,41,baselines_work/cohorte/java/CODE_FUN_JAVA_013/CODE_FUN_JAVA_013.java,0.023952095808383235,4,2,2,2
2854,11,baselines_work/cohorte/java/CODE_DIF_JAVA_014/CODE_DIF_JAVA_014.java,30,baselines_work/cohorte/java/CODE_FUN_JAVA_001/CODE_FUN_JAVA_001.java,0.027972027972027972,4,2,2,2
2858,11,baselines_work/cohorte/java/CODE_DIF_JAVA_014/CODE_DIF_JAVA_014.java,35,baselines_work/cohorte/java/CODE_FUN_JAVA_005/CODE_FUN_JAVA_005.java,0.025,4,1,2,2
2860,11,baselines_work/cohorte/java/CODE_DIF_JAVA_014/CODE_DIF_JAVA_014.java,33,baselines_work/cohorte/java/CODE_FUN_JAVA_007/CODE_FUN_JAVA_007.java,0.023121387283236993,4,1,2,2
2868,11,baselines_work/cohorte/java/CODE_DIF_JAVA_014/CODE_DIF_JAVA_014.java,42,baselines_work/cohorte/java/CODE_FUN_JAVA_015/CODE_FUN_JAVA_015.java,0.02040816326530612,4,1,1,3
2917,18,baselines_work/cohorte/java/CODE_DIF_JAVA_015/CODE_DIF_JAVA_015.java,47,baselines_work/cohorte/java/CODE_FUN_JAVA_004/CODE_FUN_JAVA_004.java,0.016129032258064516,4,1,2,2
2963,13,baselines_work/cohorte/java/CODE_ESTRU_JAVA_001/CODE_ESTRU_JAVA_001.java,16,baselines_work/cohorte/java/CODE_ESTRU_JAVA_006/CODE_ESTRU_JAVA_006.java,0.08695652173913043,4,2,2,2
2968,13,baselines_work/cohorte/java/CODE_ESTRU_JAVA_001/CODE_ESTRU_JAVA_001.java,22,baselines_work/cohorte/java/CODE_ESTRU_JAVA_011/CODE_ESTRU_JAVA_011.java,0.0784313725490196,4,2,2,2
2969,13,baselines_work/cohorte/java/CODE_ESTRU_JAVA_001/CODE_ESTRU_JAVA_001.java,28,baselines_work/cohorte/java/CODE_ESTRU_JAVA_012/CODE_ESTRU_JAVA_012.java,0.08163265306122448,4,2,2,2
2970,13,baselines_work/cohorte/java/CODE_ESTRU_JAVA_001/CODE_ESTRU_JAVA_001.java,27,baselines_work/cohorte/java/CODE_ESTRU_JAVA_013/CODE_ESTRU_JAVA_013.java,0.07692307692307693,4,2,2,2
2972,13,baselines_work/cohorte/java/CODE_ESTRU_JAVA_001/CODE_ESTRU_JAVA_001.java,31,baselines_work/cohorte/java/CODE_ESTRU_JAVA_015/CODE_ESTRU_JAVA_015.java,0.0449438202247191,4,1,2,2
2992,13,baselines_work/cohorte/java/CODE_ESTRU_JAVA_001/CODE_ESTRU_JAVA_001.java,49,baselines_work/cohorte/java/CODE_IDENT_JAVA_003/CODE_IDENT_JAVA_003.java,0.0851063829787234,4,1,2,2
2993,13,baselines_work/cohorte/java/CODE_ESTRU_JAVA_001/CODE_ESTRU_JAVA_001.java,48,baselines_work/cohorte/java/CODE_IDENT_JAVA_003_COPY/CODE_IDENT_JAVA_003.java,0.0851063829787234,4,1,2,2
3008,13,baselines_work/cohorte/java/CODE_ESTRU_JAVA_001/CODE_ESTRU_JAVA_001.java,67,baselines_work/cohorte/java/CODE_IDENT_JAVA_011/CODE_IDENT_JAVA_011.java,0.07692307692307693,4,2,2,2
3009,13,baselines_work/cohorte/java/CODE_ESTRU_JAVA_001/CODE_ESTRU_JAVA_001.java,65,baselines_work/cohorte/java/CODE_IDENT_JAVA_011_COPY/CODE_IDENT_JAVA_011.java,0.07692307692307693,4,2,2,2
3012,13,baselines_work/cohorte/java/CODE_ESTRU_JAVA_001/CODE_ESTRU_JAVA_001.java,68,baselines_work/cohorte/java/CODE_IDENT_JAVA_013/CODE_IDENT_JAVA_013.java,0.0784313725490196,4,2,2,2
3013,13,baselines_work/cohorte/java/CODE_ESTRU_JAVA_001/CODE_ESTRU_JAVA_001.java,71,baselines_work/cohorte/java/CODE_IDENT_JAVA_013_COPY/CODE_IDENT_JAVA_013.java,0.0784313725490196,4,2,2,2
3016,13,baselines_work/cohorte/java/CODE_ESTRU_JAVA_001/CODE_ESTRU_JAVA_001.java,72,baselines_work/cohorte/java/CODE_IDENT_JAVA_015/CODE_IDENT_JAVA_015.java,0.04878048780487805,4,1,2,2
3017,13,baselines_work/cohorte/java/CODE_ESTRU_JAVA_001/CODE_ESTRU_JAVA_001.java,74,baselines_work/cohorte/java/CODE_IDENT_JAVA_015_COPY/CODE_IDENT_JAVA_015.java,0.04878048780487805,4,1,2,2
3020,15,baselines_work/cohorte/java/CODE_ESTRU_JAVA_002/CODE_ESTRU_JAVA_002.java,19,baselines_work/cohorte/java/CODE_ESTRU_JAVA_005/CODE_ESTRU_JAVA_005.java,0.06153846153846154,4,1,2,2
3024,15,baselines_work/cohorte/java/CODE_ESTRU_JAVA_002/CODE_ESTRU_JAVA_002.java,24,baselines_work/cohorte/java/CODE_ESTRU_JAVA_009/CODE_ESTRU_JAVA_009.java,0.043478260869565216,4,2,2,2
3045,15,baselines_work/cohorte/java/CODE_ESTRU_JAVA_002/CODE_ESTRU_JAVA_002.java,42,baselines_work/cohorte/java/CODE_FUN_JAVA_015/CODE_FUN_JAVA_015.java,0.031007751937984496,4,2,2,2
3062,15,baselines_work/cohorte/java/CODE_ESTRU_JAVA_002/CODE_ESTRU_JAVA_002.java,62,baselines_work/cohorte/java/CODE_IDENT_JAVA_009/CODE_IDENT_JAVA_009.java,0.043478260869565216,4,2,2,2
3063,15,baselines_work/cohorte/java/CODE_ESTRU_JAVA_002/CODE_ESTRU_JAVA_002.java,63,baselines_work/cohorte/java/CODE_IDENT_JAVA_009_COPY/CODE_IDENT_JAVA_009.java,0.043478260869565216,4,2,2,2
3085,17,baselines_work/cohorte/java/CODE_ESTRU_JAVA_003/CODE_ESTRU_JAVA_003.java,27,baselines_work/cohorte/java/CODE_ESTRU_JAVA_013/CODE_ESTRU_JAVA_013.java,0.05128205128205128,4,2,2,2
3193,19,baselines_work/cohorte/java/CODE_ESTRU_JAVA_005/CODE_ESTRU_JAVA_005.java,25,baselines_work/cohorte/java/CODE_ESTRU_JAVA_010/CODE_ESTRU_JAVA_010.java,0.044444444444444446,4,2,2,2
3216,19,baselines_work/cohorte/java/CODE_ESTRU_JAVA_005/CODE_ESTRU_JAVA_005.java,45,baselines_work/cohorte/java/CODE_IDENT_JAVA_002/CODE_IDENT_JAVA_002.java,0.06153846153846154,4,1,2,2
3217,19,baselines_work/cohorte/java/CODE_ESTRU_JAVA_005/CODE_ESTRU_JAVA_005.java,46,baselines_work/cohorte/java/CODE_IDENT_JAVA_002_COPY/CODE_IDENT_JAVA_002.java,0.06153846153846154,4,1,2,2
3250,16,baselines_work/cohorte/java/CODE_ESTRU_JAVA_006/CODE_ESTRU_JAVA_006.java,27,baselines_work/cohorte/java/CODE_ESTRU_JAVA_013/CODE_ESTRU_JAVA_013.java,0.058823529411764705,4,2,2,2
3268,16,baselines_work/cohorte/java/CODE_ESTRU_JAVA_006/CODE_ESTRU_JAVA_006.java,43,baselines_work/cohorte/java/CODE_IDENT_JAVA_001/CODE_IDENT_JAVA_001.java,0.07142857142857142,4,2,2,2
3269,16,baselines_work/cohorte/java/CODE_ESTRU_JAVA_006/CODE_ESTRU_JAVA_006.java,52,baselines_work/cohorte/java/CODE_IDENT_JAVA_001_COPY/CODE_IDENT_JAVA_001.java,0.07142857142857142,4,2,2,2
3292,16,baselines_work/cohorte/java/CODE_ESTRU_JAVA_006/CODE_ESTRU_JAVA_006.java,68,baselines_work/cohorte/java/CODE_IDENT_JAVA_013/CODE_IDENT_JAVA_013.java,0.05970149253731343,4,2,2,2
3293,16,baselines_work/cohorte/java/CODE_ESTRU_JAVA_006/CODE_ESTRU_JAVA_006.java,71,baselines_work/cohorte/java/CODE_IDENT_JAVA_013_COPY/CODE_IDENT_JAVA_013.java,0.05970149253731343,4,2,2,2
3299,23,baselines_work/cohorte/java/CODE_ESTRU_JAVA_007/CODE_ESTRU_JAVA_007.java,24,baselines_work/cohorte/java/CODE_ESTRU_JAVA_009/CODE_ESTRU_JAVA_009.java,0.043010752688172046,4,1,2,2
3337,23,baselines_work/cohorte/java/CODE_ESTRU_JAVA_007/CODE_ESTRU_JAVA_007.java,62,baselines_work/cohorte/java/CODE_IDENT_JAVA_009/CODE_IDENT_JAVA_009.java,0.043010752688172046,4,1,2,2
3338,23,baselines_work/cohorte/java/CODE_ESTRU_JAVA_007/CODE_ESTRU_JAVA_007.java,63,baselines_work/cohorte/java/CODE_IDENT_JAVA_009_COPY/CODE_IDENT_JAVA_009.java,0.043010752688172046,4,1,2,2
3365,21,baselines_work/cohorte/java/CODE_ESTRU_JAVA_008/CODE_ESTRU_JAVA_008.java,32,baselines_work/cohorte/java/CODE_FUN_JAVA_008/CODE_FUN_JAVA_008.java,0.047619047619047616,4,2,2,2
3366,21,baselines_work/cohorte/java/CODE_ESTRU_JAVA_008/CODE_ESTRU_JAVA_008.java,39,baselines_work/cohorte/java/CODE_FUN_JAVA_009/CODE_FUN_JAVA_009.java,0.034482758620689655,4,2,2,2
3404,24,baselines_work/cohorte/java/CODE_ESTRU_JAVA_009/CODE_ESTRU_JAVA_009.java,22,baselines_work/cohorte/java/CODE_ESTRU_JAVA_011/CODE_ESTRU_JAVA_011.java,0.05405405405405406,4,1,2,2
3409,24,baselines_work/cohorte/java/CODE_ESTRU_JAVA_009/CODE_ESTRU_JAVA_009.java,30,baselines_work/cohorte/java/CODE_FUN_JAVA_001/CODE_FUN_JAVA_001.java,0.04878048780487805,4,2,2,2
3426,24,baselines_work/cohorte/java/CODE_ESTRU_JAVA_009/CODE_ESTRU_JAVA_009.java,45,baselines_work/cohorte/java/CODE_IDENT_JAVA_002/CODE_IDENT_JAVA_002.java,0.05263157894736842,4,2,2,2
3427,24,baselines_work/cohorte/java/CODE_ESTRU_JAVA_009/CODE_ESTRU_JAVA_009.java,46,baselines_work/cohorte/java/CODE_IDENT_JAVA_002_COPY/CODE_IDENT_JAVA_002.java,0.05263157894736842,4,2,2,2
3436,24,baselines_work/cohorte/java/CODE_ESTRU_JAVA_009/CODE_ESTRU_JAVA_009.java,57,baselines_work/cohorte/java/CODE_IDENT_JAVA_007/CODE_IDENT_JAVA_007.java,0.05555555555555555,4,1,2,2
3437,24,baselines_work/cohorte/java/CODE_ESTRU_JAVA_009/CODE_ESTRU_JAVA_009.java,58,baselines_work/cohorte/java/CODE_IDENT_JAVA_007_COPY/CODE_IDENT_JAVA_007.java,0.05555555555555555,4,1,2,2
3444,24,baselines_work/cohorte/java/CODE_ESTRU_JAVA_009/CODE_ESTRU_JAVA_009.java,67,baselines_work/cohorte/java/CODE_IDENT_JAVA_011/CODE_IDENT_JAVA_011.java,0.05333333333333334,4,1,2,2
3445,24,baselines_work/cohorte/java/CODE_ESTRU_JAVA_009/CODE_ESTRU_JAVA_009.java,65,baselines_work/cohorte/java/CODE_IDENT_JAVA_011_COPY/CODE_IDENT_JAVA_011.java,0.05333333333333334,4,1,2,2
3482,25,baselines_work/cohorte/java/CODE_ESTRU_JAVA_010/CODE_ESTRU_JAVA_010.java,59,baselines_work/cohorte/java/CODE_IDENT_JAVA_005/CODE_IDENT_JAVA_005.java,0.0425531914893617,4,2,2,2
3483,25,baselines_work/cohorte/java/CODE_ESTRU_JAVA_010/CODE_ESTRU_JAVA_010.java,55,baselines_work/cohorte/java/CODE_IDENT_JAVA_005_COPY/CODE_IDENT_JAVA_005.java,0.0425531914893617,4,2,2,2
3504,22,baselines_work/cohorte/java/CODE_ESTRU_JAVA_011/CODE_ESTRU_JAVA_011.java,28,baselines_work/cohorte/java/CODE_ESTRU_JAVA_012/CODE_ESTRU_JAVA_012.java,0.10526315789473684,4,2,2,2
3506,22,baselines_work/cohorte/java/CODE_ESTRU_JAVA_011/CODE_ESTRU_JAVA_011.java,26,baselines_work/cohorte/java/CODE_ESTRU_JAVA_014/CODE_ESTRU_JAVA_014.java,0.05970149253731343,4,1,2,2
3521,22,baselines_work/cohorte/java/CODE_ESTRU_JAVA_011/CODE_ESTRU_JAVA_011.java,44,baselines_work/cohorte/java/CODE_FUN_JAVA_014/CODE_FUN_JAVA_014.java,0.05,4,1,2,2
3523,22,baselines_work/cohorte/java/CODE_ESTRU_JAVA_011/CODE_ESTRU_JAVA_011.java,43,baselines_work/cohorte/java/CODE_IDENT_JAVA_001/CODE_IDENT_JAVA_001.java,0.13793103448275862,4,2,2,2
3524,22,baselines_work/cohorte/java/CODE_ESTRU_JAVA_011/CODE_ESTRU_JAVA_011.java,52,baselines_work/cohorte/java/CODE_IDENT_JAVA_001_COPY/CODE_IDENT_JAVA_001.java,0.13793103448275862,4,2,2,2
3539,22,baselines_work/cohorte/java/CODE_ESTRU_JAVA_011/CODE_ESTRU_JAVA_011.java,62,baselines_work/cohorte/java/CODE_IDENT_JAVA_009/CODE_IDENT_JAVA_009.java,0.0625,4,1,2,2
3540,22,baselines_work/cohorte/java/CODE_ESTRU_JAVA_011/CODE_ESTRU_JAVA_011.java,63,baselines_work/cohorte/java/CODE_IDENT_JAVA_009_COPY/CODE_IDENT_JAVA_009.java,0.0625,4,1,2,2
3545,22,baselines_work/cohorte/java/CODE_ESTRU_JAVA_011/CODE_ESTRU_JAVA_011.java,66,baselines_work/cohorte/java/CODE_IDENT_JAVA_012/CODE_IDENT_JAVA_012.java,0.12121212121212122,4,2,2,2
3546,22,baselines_work/cohorte/java/CODE_ESTRU_JAVA_011/CODE_ESTRU_JAVA_011.java,69,baselines_work/cohorte/java/CODE_IDENT_JAVA_012_COPY/CODE_IDENT_JAVA_012.java,0.12121212121212122,4,2,2,2
3553,28,baselines_work/cohorte/java/CODE_ESTRU_JAVA_012/CODE_ESTRU_JAVA_012.java,27,baselines_work/cohorte/java/CODE_ESTRU_JAVA_013/CODE_ESTRU_JAVA_013.java,0.09302325581395349,4,1,2,2
3571,28,baselines_work/cohorte/java/CODE_ESTRU_JAVA_012/CODE_ESTRU_JAVA_012.java,43,baselines_work/cohorte/java/CODE_IDENT_JAVA_001/CODE_IDENT_JAVA_001.java,0.12903225806451613,4,2,2,2
3572,28,baselines_work/cohorte/java/CODE_ESTRU_JAVA_012/CODE_ESTRU_JAVA_012.java,52,baselines_work/cohorte/java/CODE_IDENT_JAVA_001_COPY/CODE_IDENT_JAVA_001.java,0.12903225806451613,4,2,2,2
3591,28,baselines_work/cohorte/java/CODE_ESTRU_JAVA_012/CODE_ESTRU_JAVA_012.java,67,baselines_work/cohorte/java/CODE_IDENT_JAVA_011/CODE_IDENT_JAVA_011.java,0.09302325581395349,4,2,2,2
3592,28,baselines_work/cohorte/java/CODE_ESTRU_JAVA_012/CODE_ESTRU_JAVA_012.java,65,baselines_work/cohorte/java/CODE_IDENT_JAVA_011_COPY/CODE_IDENT_JAVA_011.java,0.09302325581395349,4,2,2,2
3618,27,baselines_work/cohorte/java/CODE_ESTRU_JAVA_013/CODE_ESTRU_JAVA_013.java,43,baselines_work/cohorte/java/CODE_IDENT_JAVA_001/CODE_IDENT_JAVA_001.java,0.11764705882352941,4,2,2,2
3619,27,baselines_work/cohorte/java/CODE_ESTRU_JAVA_013/CODE_ESTRU_JAVA_013.java,52,baselines_work/cohorte/java/CODE_IDENT_JAVA_001_COPY/CODE_IDENT_JAVA_001.java,0.11764705882352941,4,2,2,2
3628,27,baselines_work/cohorte/java/CODE_ESTRU_JAVA_013/CODE_ESTRU_JAVA_013.java,51,baselines_work/cohorte/java/CODE_IDENT_JAVA_006/CODE_IDENT_JAVA_006.java,0.10810810810810811,4,2,2,2
3629,27,baselines_work/cohorte/java/CODE_ESTRU_JAVA_013/CODE_ESTRU_JAVA_013.java,53,baselines_work/cohorte/java/CODE_IDENT_JAVA_006_COPY/CODE_IDENT_JAVA_006.java,0.10810810810810811,4,2,2,2
3684,26,baselines_work/cohorte/java/CODE_ESTRU_JAVA_014/CODE_ESTRU_JAVA_014.java,67,baselines_work/cohorte/java/CODE_IDENT_JAVA_011/CODE_IDENT_JAVA_011.java,0.047619047619047616,4,1,2,2
3685,26,baselines_work/cohorte/java/CODE_ESTRU_JAVA_014/CODE_ESTRU_JAVA_014.java,65,baselines_work/cohorte/java/CODE_IDENT_JAVA_011_COPY/CODE_IDENT_JAVA_011.java,0.047619047619047616,4,1,2,2
3709,31,baselines_work/cohorte/java/CODE_ESTRU_JAVA_015/CODE_ESTRU_JAVA_015.java,43,baselines_work/cohorte/java/CODE_IDENT_JAVA_001/CODE_IDENT_JAVA_001.java,0.057971014492753624,4,1,2,2
3710,31,baselines_work/cohorte/java/CODE_ESTRU_JAVA_015/CODE_ESTRU_JAVA_015.java,52,baselines_work/cohorte/java/CODE_IDENT_JAVA_001_COPY/CODE_IDENT_JAVA_001.java,0.057971014492753624,4,1,2,2
3746,30,baselines_work/cohorte/java/CODE_FUN_JAVA_001/CODE_FUN_JAVA_001.java,39,baselines_work/cohorte/java/CODE_FUN_JAVA_009/CODE_FUN_JAVA_009.java,0.032520325203252036,4,2,2,2
3749,30,baselines_work/cohorte/java/CODE_FUN_JAVA_001/CODE_FUN_JAVA_001.java,37,baselines_work/cohorte/java/CODE_FUN_JAVA_012/CODE_FUN_JAVA_012.java,0.045454545454545456,4,1,2,2
3751,30,baselines_work/cohorte/java/CODE_FUN_JAVA_001/CODE_FUN_JAVA_001.java,44,baselines_work/cohorte/java/CODE_FUN_JAVA_014/CODE_FUN_JAVA_014.java,0.03571428571428571,4,1,2,2
3769,30,baselines_work/cohorte/java/CODE_FUN_JAVA_001/CODE_FUN_JAVA_001.java,62,baselines_work/cohorte/java/CODE_IDENT_JAVA_009/CODE_IDENT_JAVA_009.java,0.041666666666666664,4,2,2,2
3770,30,baselines_work/cohorte/java/CODE_FUN_JAVA_001/CODE_FUN_JAVA_001.java,63,baselines_work/cohorte/java/CODE_IDENT_JAVA_009_COPY/CODE_IDENT_JAVA_009.java,0.041666666666666664,4,2,2,2
3834,29,baselines_work/cohorte/java/CODE_FUN_JAVA_003/CODE_FUN_JAVA_003.java,37,baselines_work/cohorte/java/CODE_FUN_JAVA_012/CODE_FUN_JAVA_012.java,0.06349206349206349,4,1,2,2
3871,47,baselines_work/cohorte/java/CODE_FUN_JAVA_004/CODE_FUN_JAVA_004.java,32,baselines_work/cohorte/java/CODE_FUN_JAVA_008/CODE_FUN_JAVA_008.java,0.037037037037037035,4,1,2,2
3913,35,baselines_work/cohorte/java/CODE_FUN_JAVA_005/CODE_FUN_JAVA_005.java,36,baselines_work/cohorte/java/CODE_FUN_JAVA_010/CODE_FUN_JAVA_010.java,0.02857142857142857,4,1,2,2
3949,38,baselines_work/cohorte/java/CODE_FUN_JAVA_006/CODE_FUN_JAVA_006.java,33,baselines_work/cohorte/java/CODE_FUN_JAVA_007/CODE_FUN_JAVA_007.java,0.03076923076923077,4,1,2,2
3955,38,baselines_work/cohorte/java/CODE_FUN_JAVA_006/CODE_FUN_JAVA_006.java,41,baselines_work/cohorte/java/CODE_FUN_JAVA_013/CODE_FUN_JAVA_013.java,0.036036036036036036,4,2,2,2
4047,32,baselines_work/cohorte/java/CODE_FUN_JAVA_008/CODE_FUN_JAVA_008.java,56,baselines_work/cohorte/java/CODE_IDENT_JAVA_008/CODE_IDENT_JAVA_008.java,0.04878048780487805,4,2,2,2
4048,32,baselines_work/cohorte/java/CODE_FUN_JAVA_008/CODE_FUN_JAVA_008.java,60,baselines_work/cohorte/java/CODE_IDENT_JAVA_008_COPY/CODE_IDENT_JAVA_008.java,0.04878048780487805,4,2,2,2
4083,39,baselines_work/cohorte/java/CODE_FUN_JAVA_009/CODE_FUN_JAVA_009.java,56,baselines_work/cohorte/java/CODE_IDENT_JAVA_008/CODE_IDENT_JAVA_008.java,0.044444444444444446,4,2,2,2
4084,39,baselines_work/cohorte/java/CODE_FUN_JAVA_009/CODE_FUN_JAVA_009.java,60,baselines_work/cohorte/java/CODE_IDENT_JAVA_008_COPY/CODE_IDENT_JAVA_008.java,0.044444444444444446,4,2,2,2
4137,40,baselines_work/cohorte/java/CODE_FUN_JAVA_011/CODE_FUN_JAVA_011.java,42,baselines_work/cohorte/java/CODE_FUN_JAVA_015/CODE_FUN_JAVA_015.java,0.03278688524590164,4,2,2,2
4164,40,baselines_work/cohorte/java/CODE_FUN_JAVA_011/CODE_FUN_JAVA_011.java,70,baselines_work/cohorte/java/CODE_IDENT_JAVA_014/CODE_IDENT_JAVA_014.java,0.05405405405405406,4,1,2,2
4165,40,baselines_work/cohorte/java/CODE_FUN_JAVA_011/CODE_FUN_JAVA_011.java,73,baselines_work/cohorte/java/CODE_IDENT_JAVA_014_COPY/CODE_IDENT_JAVA_014.java,0.05405405405405406,4,1,2,2
4170,37,baselines_work/cohorte/java/CODE_FUN_JAVA_012/CODE_FUN_JAVA_012.java,42,baselines_work/cohorte/java/CODE_FUN_JAVA_015/CODE_FUN_JAVA_015.java,0.03418803418803419,4,2,2,2
4225,41,baselines_work/cohorte/java/CODE_FUN_JAVA_013/CODE_FUN_JAVA_013.java,66,baselines_work/cohorte/java/CODE_IDENT_JAVA_012/CODE_IDENT_JAVA_012.java,0.07407407407407407,4,2,2,2
4226,41,baselines_work/cohorte/java/CODE_FUN_JAVA_013/CODE_FUN_JAVA_013.java,69,baselines_work/cohorte/java/CODE_IDENT_JAVA_012_COPY/CODE_IDENT_JAVA_012.java,0.07407407407407407,4,2,2,2
4266,42,baselines_work/cohorte/java/CODE_FUN_JAVA_015/CODE_FUN_JAVA_015.java,45,baselines_work/cohorte/java/CODE_IDENT_JAVA_002/CODE_IDENT_JAVA_002.java,0.041237113402061855,4,2,2,2
4267,42,baselines_work/cohorte/java/CODE_FUN_JAVA_015/CODE_FUN_JAVA_015.java,46,baselines_work/cohorte/java/CODE_IDENT_JAVA_002_COPY/CODE_IDENT_JAVA_002.java,0.041237113402061855,4,2,2,2
4297,43,baselines_work/cohorte/java/CODE_IDENT_JAVA_001/CODE_IDENT_JAVA_001.java,49,baselines_work/cohorte/java/CODE_IDENT_JAVA_003/CODE_IDENT_JAVA_003.java,0.0851063829787234,4,1,2,2
4298,43,baselines_work/cohorte/java/CODE_IDENT_JAVA_001/CODE_IDENT_JAVA_001.java,48,baselines_work/cohorte/java/CODE_IDENT_JAVA_003_COPY/CODE_IDENT_JAVA_003.java,0.0851063829787234,4,1,2,2
4313,43,baselines_work/cohorte/java/CODE_IDENT_JAVA_001/CODE_IDENT_JAVA_001.java,67,baselines_work/cohorte/java/CODE_IDENT_JAVA_011/CODE_IDENT_JAVA_011.java,0.07692307692307693,4,2,2,2
4314,43,baselines_work/cohorte/java/CODE_IDENT_JAVA_001/CODE_IDENT_JAVA_001.java,65,baselines_work/cohorte/java/CODE_IDENT_JAVA_011_COPY/CODE_IDENT_JAVA_011.java,0.07692307692307693,4,2,2,2
4317,43,baselines_work/cohorte/java/CODE_IDENT_JAVA_001/CODE_IDENT_JAVA_001.java,68,baselines_work/cohorte/java/CODE_IDENT_JAVA_013/CODE_IDENT_JAVA_013.java,0.0784313725490196,4,2,2,2
4318,43,baselines_work/cohorte/java/CODE_IDENT_JAVA_001/CODE_IDENT_JAVA_001.java,71,baselines_work/cohorte/java/CODE_IDENT_JAVA_013_COPY/CODE_IDENT_JAVA_013.java,0.0784313725490196,4,2,2,2
4321,43,baselines_work/cohorte/java/CODE_IDENT_JAVA_001/CODE_IDENT_JAVA_001.java,72,baselines_work/cohorte/java/CODE_IDENT_JAVA_015/CODE_IDENT_JAVA_015.java,0.04878048780487805,4,1,2,2
4322,43,baselines_work/cohorte/java/CODE_IDENT_JAVA_001/CODE_IDENT_JAVA_001.java,74,baselines_work/cohorte/java/CODE_IDENT_JAVA_015_COPY/CODE_IDENT_JAVA_015.java,0.04878048780487805,4,1,2,2
4325,52,baselines_work/cohorte/java/CODE_IDENT_JAVA_001_COPY/CODE_IDENT_JAVA_001.java,49,baselines_work/cohorte/java/CODE_IDENT_JAVA_003/CODE_IDENT_JAVA_003.java,0.0851063829787234,4,1,2,2
4326,52,baselines_work/cohorte/java/CODE_IDENT_JAVA_001_COPY/CODE_IDENT_JAVA_001.java,48,baselines_work/cohorte/java/CODE_IDENT_JAVA_003_COPY/CODE_IDENT_JAVA_003.java,0.0851063829787234,4,1,2,2
4341,52,baselines_work/cohorte/java/CODE_IDENT_JAVA_001_COPY/CODE_IDENT_JAVA_001.java,67,baselines_work/cohorte/java/CODE_IDENT_JAVA_011/CODE_IDENT_JAVA_011.java,0.07692307692307693,4,2,2,2
4342,52,baselines_work/cohorte/java/CODE_IDENT_JAVA_001_COPY/CODE_IDENT_JAVA_001.java,65,baselines_work/cohorte/java/CODE_IDENT_JAVA_011_COPY/CODE_IDENT_JAVA_011.java,0.07692307692307693,4,2,2,2
4345,52,baselines_work/cohorte/java/CODE_IDENT_JAVA_001_COPY/CODE_IDENT_JAVA_001.java,68,baselines_work/cohorte/java/CODE_IDENT_JAVA_013/CODE_IDENT_JAVA_013.java,0.0784313725490196,4,2,2,2
4346,52,baselines_work/cohorte/java/CODE_IDENT_JAVA_001_COPY/CODE_IDENT_JAVA_001.java,71,baselines_work/cohorte/java/CODE_IDENT_JAVA_013_COPY/CODE_IDENT_JAVA_013.java,0.0784313725490196,4,2,2,2
4349,52,baselines_work/cohorte/java/CODE_IDENT_JAVA_001_COPY/CODE_IDENT_JAVA_001.java,72,baselines_work/cohorte/java/CODE_IDENT_JAVA_015/CODE_IDENT_JAVA_015.java,0.04878048780487805,4,1,2,2
4350,52,baselines_work/cohorte/java/CODE_IDENT_JAVA_001_COPY/CODE_IDENT_JAVA_001.java,74,baselines_work/cohorte/java/CODE_IDENT_JAVA_015_COPY/CODE_IDENT_JAVA_015.java,0.04878048780487805,4,1,2,2
4364,45,baselines_work/cohorte/java/CODE_IDENT_JAVA_002/CODE_IDENT_JAVA_002.java,62,baselines_work/cohorte/java/CODE_IDENT_JAVA_009/CODE_IDENT_JAVA_009.java,0.0425531914893617,4,2,2,2
4365,45,baselines_work/cohorte/java/CODE_IDENT_JAVA_002/CODE_IDENT_JAVA_002.java,63,baselines_work/cohorte/java/CODE_IDENT_JAVA_009_COPY/CODE_IDENT_JAVA_009.java,0.0425531914893617,4,2,2,2
4390,46,baselines_work/cohorte/java/CODE_IDENT_JAVA_002_COPY/CODE_IDENT_JAVA_002.java,62,baselines_work/cohorte/java/CODE_IDENT_JAVA_009/CODE_IDENT_JAVA_009.java,0.0425531914893617,4,2,2,2
4391,46,baselines_work/cohorte/java/CODE_IDENT_JAVA_002_COPY/CODE_IDENT_JAVA_002.java,63,baselines_work/cohorte/java/CODE_IDENT_JAVA_009_COPY/CODE_IDENT_JAVA_009.java,0.0425531914893617,4,2,2,2
4579,57,baselines_work/cohorte/java/CODE_IDENT_JAVA_007/CODE_IDENT_JAVA_007.java,62,baselines_work/cohorte/java/CODE_IDENT_JAVA_009/CODE_IDENT_JAVA_009.java,0.05,4,1,2,2
4580,57,baselines_work/cohorte/java/CODE_IDENT_JAVA_007/CODE_IDENT_JAVA_007.java,63,baselines_work/cohorte/java/CODE_IDENT_JAVA_009_COPY/CODE_IDENT_JAVA_009.java,0.05,4,1,2,2
4595,58,baselines_work/cohorte/java/CODE_IDENT_JAVA_007_COPY/CODE_IDENT_JAVA_007.java,62,baselines_work/cohorte/java/CODE_IDENT_JAVA_009/CODE_IDENT_JAVA_009.java,0.05,4,1,2,2
4596,58,baselines_work/cohorte/java/CODE_IDENT_JAVA_007_COPY/CODE_IDENT_JAVA_007.java,63,baselines_work/cohorte/java/CODE_IDENT_JAVA_009_COPY/CODE_IDENT_JAVA_009.java,0.05,4,1,2,2
4641,62,baselines_work/cohorte/java/CODE_IDENT_JAVA_009/CODE_IDENT_JAVA_009.java,67,baselines_work/cohorte/java/CODE_IDENT_JAVA_011/CODE_IDENT_JAVA_011.java,0.05333333333333334,4,1,2,2
4642,62,baselines_work/cohorte/java/CODE_IDENT_JAVA_009/CODE_IDENT_JAVA_009.java,65,baselines_work/cohorte/java/CODE_IDENT_JAVA_011_COPY/CODE_IDENT_JAVA_011.java,0.05333333333333334,4,1,2,2
4653,63,baselines_work/cohorte/java/CODE_IDENT_JAVA_009_COPY/CODE_IDENT_JAVA_009.java,67,baselines_work/cohorte/java/CODE_IDENT_JAVA_011/CODE_IDENT_JAVA_011.java,0.05333333333333334,4,1,2,2
4654,63,baselines_work/cohorte/java/CODE_IDENT_JAVA_009_COPY/CODE_IDENT_JAVA_009.java,65,baselines_work/cohorte/java/CODE_IDENT_JAVA_011_COPY/CODE_IDENT_JAVA_011.java,0.05333333333333334,4,1,2,2
4685,67,baselines_work/cohorte/java/CODE_IDENT_JAVA_011/CODE_IDENT_JAVA_011.java,66,baselines_work/cohorte/java/CODE_IDENT_JAVA_012/CODE_IDENT_JAVA_012.java,0.1111111111111111,4,2,2,2
4686,67,baselines_work/cohorte/java/CODE_IDENT_JAVA_011/CODE_IDENT_JAVA_011.java,69,baselines_work/cohorte/java/CODE_IDENT_JAVA_012_COPY/CODE_IDENT_JAVA_012.java,0.1111111111111111,4,2,2,2
4693,65,baselines_work/cohorte/java/CODE_IDENT_JAVA_011_COPY/CODE_IDENT_JAVA_011.java,66,baselines_work/cohorte/java/CODE_IDENT_JAVA_012/CODE_IDENT_JAVA_012.java,0.1111111111111111,4,2,2,2
4694,65,baselines_work/cohorte/java/CODE_IDENT_JAVA_011_COPY/CODE_IDENT_JAVA_011.java,69,baselines_work/cohorte/java/CODE_IDENT_JAVA_012_COPY/CODE_IDENT_JAVA_012.java,0.1111111111111111,4,2,2,2
2031,6,baselines_work/cohorte/java/CODE_DIF_JAVA_002/CODE_DIF_JAVA_002.java,3,baselines_work/cohorte/java/CODE_DIF_JAVA_006/CODE_DIF_JAVA_006.java,0.02158273381294964,3,1,1,2
2269,4,baselines_work/cohorte/java/CODE_DIF_JAVA_005/CODE_DIF_JAVA_005.java,30,baselines_work/cohorte/java/CODE_FUN_JAVA_001/CODE_FUN_JAVA_001.java,0.01875,3,1,2,1
2282,4,baselines_work/cohorte/java/CODE_DIF_JAVA_005/CODE_DIF_JAVA_005.java,44,baselines_work/cohorte/java/CODE_FUN_JAVA_014/CODE_FUN_JAVA_014.java,0.015625,3,1,2,1
2347,3,baselines_work/cohorte/java/CODE_DIF_JAVA_006/CODE_DIF_JAVA_006.java,36,baselines_work/cohorte/java/CODE_FUN_JAVA_010/CODE_FUN_JAVA_010.java,0.016304347826086956,3,1,1,2
2541,10,baselines_work/cohorte/java/CODE_DIF_JAVA_009/CODE_DIF_JAVA_009.java,29,baselines_work/cohorte/java/CODE_FUN_JAVA_003/CODE_FUN_JAVA_003.java,0.017045454545454544,3,1,2,1
2550,10,baselines_work/cohorte/java/CODE_DIF_JAVA_009/CODE_DIF_JAVA_009.java,37,baselines_work/cohorte/java/CODE_FUN_JAVA_012/CODE_FUN_JAVA_012.java,0.015228426395939087,3,1,2,1
2614,12,baselines_work/cohorte/java/CODE_DIF_JAVA_010/CODE_DIF_JAVA_010.java,40,baselines_work/cohorte/java/CODE_FUN_JAVA_011/CODE_FUN_JAVA_011.java,0.015151515151515152,3,1,2,1
2920,18,baselines_work/cohorte/java/CODE_DIF_JAVA_015/CODE_DIF_JAVA_015.java,33,baselines_work/cohorte/java/CODE_FUN_JAVA_007/CODE_FUN_JAVA_007.java,0.011320754716981131,3,1,1,2
3314,23,baselines_work/cohorte/java/CODE_ESTRU_JAVA_007/CODE_ESTRU_JAVA_007.java,39,baselines_work/cohorte/java/CODE_FUN_JAVA_009/CODE_FUN_JAVA_009.java,0.025,3,1,2,1
3549,22,baselines_work/cohorte/java/CODE_ESTRU_JAVA_011/CODE_ESTRU_JAVA_011.java,70,baselines_work/cohorte/java/CODE_IDENT_JAVA_014/CODE_IDENT_JAVA_014.java,0.05660377358490566,3,1,1,2
3550,22,baselines_work/cohorte/java/CODE_ESTRU_JAVA_011/CODE_ESTRU_JAVA_011.java,73,baselines_work/cohorte/java/CODE_IDENT_JAVA_014_COPY/CODE_IDENT_JAVA_014.java,0.05660377358490566,3,1,1,2
3652,26,baselines_work/cohorte/java/CODE_ESTRU_JAVA_014/CODE_ESTRU_JAVA_014.java,47,baselines_work/cohorte/java/CODE_FUN_JAVA_004/CODE_FUN_JAVA_004.java,0.028846153846153848,3,1,2,1
3659,26,baselines_work/cohorte/java/CODE_ESTRU_JAVA_014/CODE_ESTRU_JAVA_014.java,40,baselines_work/cohorte/java/CODE_FUN_JAVA_011/CODE_FUN_JAVA_011.java,0.02830188679245283,3,1,1,2
3905,47,baselines_work/cohorte/java/CODE_FUN_JAVA_004/CODE_FUN_JAVA_004.java,70,baselines_work/cohorte/java/CODE_IDENT_JAVA_014/CODE_IDENT_JAVA_014.java,0.029411764705882353,3,1,1,2
3906,47,baselines_work/cohorte/java/CODE_FUN_JAVA_004/CODE_FUN_JAVA_004.java,73,baselines_work/cohorte/java/CODE_IDENT_JAVA_014_COPY/CODE_IDENT_JAVA_014.java,0.029411764705882353,3,1,1,2
3909,35,baselines_work/cohorte/java/CODE_FUN_JAVA_005/CODE_FUN_JAVA_005.java,38,baselines_work/cohorte/java/CODE_FUN_JAVA_006/CODE_FUN_JAVA_006.java,0.028037383177570093,3,1,2,1
3915,35,baselines_work/cohorte/java/CODE_FUN_JAVA_005/CODE_FUN_JAVA_005.java,37,baselines_work/cohorte/java/CODE_FUN_JAVA_012/CODE_FUN_JAVA_012.java,0.030303030303030304,3,1,2,1
3956,38,baselines_work/cohorte/java/CODE_FUN_JAVA_006/CODE_FUN_JAVA_006.java,44,baselines_work/cohorte/java/CODE_FUN_JAVA_014/CODE_FUN_JAVA_014.java,0.022727272727272728,3,1,1,2
4100,36,baselines_work/cohorte/java/CODE_FUN_JAVA_010/CODE_FUN_JAVA_010.java,37,baselines_work/cohorte/java/CODE_FUN_JAVA_012/CODE_FUN_JAVA_012.java,0.021897810218978103,3,1,2,1
4160,40,baselines_work/cohorte/java/CODE_FUN_JAVA_011/CODE_FUN_JAVA_011.java,66,baselines_work/cohorte/java/CODE_IDENT_JAVA_012/CODE_IDENT_JAVA_012.java,0.05555555555555555,3,1,1,2
4161,40,baselines_work/cohorte/java/CODE_FUN_JAVA_011/CODE_FUN_JAVA_011.java,69,baselines_work/cohorte/java/CODE_IDENT_JAVA_012_COPY/CODE_IDENT_JAVA_012.java,0.05555555555555555,3,1,1,2
4260,44,baselines_work/cohorte/java/CODE_FUN_JAVA_014/CODE_FUN_JAVA_014.java,70,baselines_work/cohorte/java/CODE_IDENT_JAVA_014/CODE_IDENT_JAVA_014.java,0.027522935779816515,3,1,1,2
4261,44,baselines_work/cohorte/java/CODE_FUN_JAVA_014/CODE_FUN_JAVA_014.java,73,baselines_work/cohorte/java/CODE_IDENT_JAVA_014_COPY/CODE_IDENT_JAVA_014.java,0.027522935779816515,3,1,1,2
4689,67,baselines_work/cohorte/java/CODE_IDENT_JAVA_011/CODE_IDENT_JAVA_011.java,70,baselines_work/cohorte/java/CODE_IDENT_JAVA_014/CODE_IDENT_JAVA_014.java,0.05357142857142857,3,1,1,2
4690,67,baselines_work/cohorte/java/CODE_IDENT_JAVA_011/CODE_IDENT_JAVA_011.java,73,baselines_work/cohorte/java/CODE_IDENT_JAVA_014_COPY/CODE_IDENT_JAVA_014.java,0.05357142857142857,3,1,1,2
4697,65,baselines_work/cohorte/java/CODE_IDENT_JAVA_011_COPY/CODE_IDENT_JAVA_011.java,70,baselines_work/cohorte/java/CODE_IDENT_JAVA_014/CODE_IDENT_JAVA_014.java,0.05357142857142857,3,1,1,2
4698,65,baselines_work/cohorte/java/CODE_IDENT_JAVA_011_COPY/CODE_IDENT_JAVA_011.java,73,baselines_work/cohorte/java/CODE_IDENT_JAVA_014_COPY/CODE_IDENT_JAVA_014.java,0.05357142857142857,3,1,1,2
1979,1,baselines_work/cohorte/java/CODE_DIF_JAVA_001/CODE_DIF_JAVA_001.java,28,baselines_work/cohorte/java/CODE_ESTRU_JAVA_012/CODE_ESTRU_JAVA_012.java,0.021505376344086023,2,1,1,1
1980,1,baselines_work/cohorte/java/CODE_DIF_JAVA_001/CODE_DIF_JAVA_001.java,27,baselines_work/cohorte/java/CODE_ESTRU_JAVA_013/CODE_ESTRU_JAVA_013.java,0.020833333333333332,2,1,1,1
1986,1,baselines_work/cohorte/java/CODE_DIF_JAVA_001/CODE_DIF_JAVA_001.java,47,baselines_work/cohorte/java/CODE_FUN_JAVA_004/CODE_FUN_JAVA_004.java,0.017241379310344827,2,1,1,1
1988,1,baselines_work/cohorte/java/CODE_DIF_JAVA_001/CODE_DIF_JAVA_001.java,38,baselines_work/cohorte/java/CODE_FUN_JAVA_006/CODE_FUN_JAVA_006.java,0.01680672268907563,2,1,1,1
2033,6,baselines_work/cohorte/java/CODE_DIF_JAVA_002/CODE_DIF_JAVA_002.java,5,baselines_work/cohorte/java/CODE_DIF_JAVA_008/CODE_DIF_JAVA_008.java,0.009950248756218905,2,1,1,1
2066,6,baselines_work/cohorte/java/CODE_DIF_JAVA_002/CODE_DIF_JAVA_002.java,40,baselines_work/cohorte/java/CODE_FUN_JAVA_011/CODE_FUN_JAVA_011.java,0.019417475728155338,2,1,1,1
2069,6,baselines_work/cohorte/java/CODE_DIF_JAVA_002/CODE_DIF_JAVA_002.java,44,baselines_work/cohorte/java/CODE_FUN_JAVA_014/CODE_FUN_JAVA_014.java,0.016666666666666666,2,1,1,1
2113,2,baselines_work/cohorte/java/CODE_DIF_JAVA_003/CODE_DIF_JAVA_003.java,13,baselines_work/cohorte/java/CODE_ESTRU_JAVA_001/CODE_ESTRU_JAVA_001.java,0.017391304347826087,2,1,1,1
2130,2,baselines_work/cohorte/java/CODE_DIF_JAVA_003/CODE_DIF_JAVA_003.java,29,baselines_work/cohorte/java/CODE_FUN_JAVA_003/CODE_FUN_JAVA_003.java,0.01652892561983471,2,1,1,1
2132,2,baselines_work/cohorte/java/CODE_DIF_JAVA_003/CODE_DIF_JAVA_003.java,35,baselines_work/cohorte/java/CODE_FUN_JAVA_005/CODE_FUN_JAVA_005.java,0.013245033112582781,2,1,1,1
2135,2,baselines_work/cohorte/java/CODE_DIF_JAVA_003/CODE_DIF_JAVA_003.java,32,baselines_work/cohorte/java/CODE_FUN_JAVA_008/CODE_FUN_JAVA_008.java,0.013793103448275862,2,1,1,1
2136,2,baselines_work/cohorte/java/CODE_DIF_JAVA_003/CODE_DIF_JAVA_003.java,39,baselines_work/cohorte/java/CODE_FUN_JAVA_009/CODE_FUN_JAVA_009.java,0.011299435028248588,2,1,1,1
2140,2,baselines_work/cohorte/java/CODE_DIF_JAVA_003/CODE_DIF_JAVA_003.java,41,baselines_work/cohorte/java/CODE_FUN_JAVA_013/CODE_FUN_JAVA_013.java,0.013793103448275862,2,1,1,1
2143,2,baselines_work/cohorte/java/CODE_DIF_JAVA_003/CODE_DIF_JAVA_003.java,43,baselines_work/cohorte/java/CODE_IDENT_JAVA_001/CODE_IDENT_JAVA_001.java,0.017391304347826087,2,1,1,1
2144,2,baselines_work/cohorte/java/CODE_DIF_JAVA_003/CODE_DIF_JAVA_003.java,52,baselines_work/cohorte/java/CODE_IDENT_JAVA_001_COPY/CODE_IDENT_JAVA_001.java,0.017391304347826087,2,1,1,1
2195,0,baselines_work/cohorte/java/CODE_DIF_JAVA_004/CODE_DIF_JAVA_004.java,28,baselines_work/cohorte/java/CODE_ESTRU_JAVA_012/CODE_ESTRU_JAVA_012.java,0.02,2,1,1,1
2196,0,baselines_work/cohorte/java/CODE_DIF_JAVA_004/CODE_DIF_JAVA_004.java,27,baselines_work/cohorte/java/CODE_ESTRU_JAVA_013/CODE_ESTRU_JAVA_013.java,0.019417475728155338,2,1,1,1
2201,0,baselines_work/cohorte/java/CODE_DIF_JAVA_004/CODE_DIF_JAVA_004.java,29,baselines_work/cohorte/java/CODE_FUN_JAVA_003/CODE_FUN_JAVA_003.java,0.020618556701030927,2,1,1,1
2203,0,baselines_work/cohorte/java/CODE_DIF_JAVA_004/CODE_DIF_JAVA_004.java,35,baselines_work/cohorte/java/CODE_FUN_JAVA_005/CODE_FUN_JAVA_005.java,0.015748031496062992,2,1,1,1
2207,0,baselines_work/cohorte/java/CODE_DIF_JAVA_004/CODE_DIF_JAVA_004.java,39,baselines_work/cohorte/java/CODE_FUN_JAVA_009/CODE_FUN_JAVA_009.java,0.013071895424836602,2,1,1,1
2236,0,baselines_work/cohorte/java/CODE_DIF_JAVA_004/CODE_DIF_JAVA_004.java,66,baselines_work/cohorte/java/CODE_IDENT_JAVA_012/CODE_IDENT_JAVA_012.java,0.021052631578947368,2,1,1,1
2237,0,baselines_work/cohorte/java/CODE_DIF_JAVA_004/CODE_DIF_JAVA_004.java,69,baselines_work/cohorte/java/CODE_IDENT_JAVA_012_COPY/CODE_IDENT_JAVA_012.java,0.021052631578947368,2,1,1,1
2238,0,baselines_work/cohorte/java/CODE_DIF_JAVA_004/CODE_DIF_JAVA_004.java,68,baselines_work/cohorte/java/CODE_IDENT_JAVA_013/CODE_IDENT_JAVA_013.java,0.0196078431372549,2,1,1,1
2239,0,baselines_work/cohorte/java/CODE_DIF_JAVA_004/CODE_DIF_JAVA_004.java,71,baselines_work/cohorte/java/CODE_IDENT_JAVA_013_COPY/CODE_IDENT_JAVA_013.java,0.0196078431372549,2,1,1,1
2240,0,baselines_work/cohorte/java/CODE_DIF_JAVA_004/CODE_DIF_JAVA_004.java,70,baselines_work/cohorte/java/CODE_IDENT_JAVA_014/CODE_IDENT_JAVA_014.java,0.017391304347826087,2,1,1,1
2241,0,baselines_work/cohorte/java/CODE_DIF_JAVA_004/CODE_DIF_JAVA_004.java,73,baselines_work/cohorte/java/CODE_IDENT_JAVA_014_COPY/CODE_IDENT_JAVA_014.java,0.017391304347826087,2,1,1,1
2259,4,baselines_work/cohorte/java/CODE_DIF_JAVA_005/CODE_DIF_JAVA_005.java,16,baselines_work/cohorte/java/CODE_ESTRU_JAVA_006/CODE_ESTRU_JAVA_006.java,0.013605442176870748,2,1,1,1
2262,4,baselines_work/cohorte/java/CODE_DIF_JAVA_005/CODE_DIF_JAVA_005.java,24,baselines_work/cohorte/java/CODE_ESTRU_JAVA_009/CODE_ESTRU_JAVA_009.java,0.011363636363636364,2,1,1,1
2268,4,baselines_work/cohorte/java/CODE_DIF_JAVA_005/CODE_DIF_JAVA_005.java,31,baselines_work/cohorte/java/CODE_ESTRU_JAVA_015/CODE_ESTRU_JAVA_015.java,0.010526315789473684,2,1,1,1
2274,4,baselines_work/cohorte/java/CODE_DIF_JAVA_005/CODE_DIF_JAVA_005.java,38,baselines_work/cohorte/java/CODE_FUN_JAVA_006/CODE_FUN_JAVA_006.java,0.011363636363636364,2,1,1,1
2279,4,baselines_work/cohorte/java/CODE_DIF_JAVA_005/CODE_DIF_JAVA_005.java,40,baselines_work/cohorte/java/CODE_FUN_JAVA_011/CODE_FUN_JAVA_011.java,0.011428571428571429,2,1,1,1
2292,4,baselines_work/cohorte/java/CODE_DIF_JAVA_005/CODE_DIF_JAVA_005.java,59,baselines_work/cohorte/java/CODE_IDENT_JAVA_005/CODE_IDENT_JAVA_005.java,0.013245033112582781,2,1,1,1
2293,4,baselines_work/cohorte/java/CODE_DIF_JAVA_005/CODE_DIF_JAVA_005.java,55,baselines_work/cohorte/java/CODE_IDENT_JAVA_005_COPY/CODE_IDENT_JAVA_005.java,0.013245033112582781,2,1,1,1
2294,4,baselines_work/cohorte/java/CODE_DIF_JAVA_005/CODE_DIF_JAVA_005.java,51,baselines_work/cohorte/java/CODE_IDENT_JAVA_006/CODE_IDENT_JAVA_006.java,0.013888888888888888,2,1,1,1
2295,4,baselines_work/cohorte/java/CODE_DIF_JAVA_005/CODE_DIF_JAVA_005.java,53,baselines_work/cohorte/java/CODE_IDENT_JAVA_006_COPY/CODE_IDENT_JAVA_006.java,0.013888888888888888,2,1,1,1
2300,4,baselines_work/cohorte/java/CODE_DIF_JAVA_005/CODE_DIF_JAVA_005.java,62,baselines_work/cohorte/java/CODE_IDENT_JAVA_009/CODE_IDENT_JAVA_009.java,0.011363636363636364,2,1,1,1
2301,4,baselines_work/cohorte/java/CODE_DIF_JAVA_005/CODE_DIF_JAVA_005.java,63,baselines_work/cohorte/java/CODE_IDENT_JAVA_009_COPY/CODE_IDENT_JAVA_009.java,0.011363636363636364,2,1,1,1
2334,3,baselines_work/cohorte/java/CODE_DIF_JAVA_006/CODE_DIF_JAVA_006.java,28,baselines_work/cohorte/java/CODE_ESTRU_JAVA_012/CODE_ESTRU_JAVA_012.java,0.016,2,1,1,1
2335,3,baselines_work/cohorte/java/CODE_DIF_JAVA_006/CODE_DIF_JAVA_006.java,27,baselines_work/cohorte/java/CODE_ESTRU_JAVA_013/CODE_ESTRU_JAVA_013.java,0.015625,2,1,1,1
2341,3,baselines_work/cohorte/java/CODE_DIF_JAVA_006/CODE_DIF_JAVA_006.java,47,baselines_work/cohorte/java/CODE_FUN_JAVA_004/CODE_FUN_JAVA_004.java,0.013513513513513514,2,1,1,1
2343,3,baselines_work/cohorte/java/CODE_DIF_JAVA_006/CODE_DIF_JAVA_006.java,38,baselines_work/cohorte/java/CODE_FUN_JAVA_006/CODE_FUN_JAVA_006.java,0.013245033112582781,2,1,1,1
2375,3,baselines_work/cohorte/java/CODE_DIF_JAVA_006/CODE_DIF_JAVA_006.java,66,baselines_work/cohorte/java/CODE_IDENT_JAVA_012/CODE_IDENT_JAVA_012.java,0.016666666666666666,2,1,1,1
2376,3,baselines_work/cohorte/java/CODE_DIF_JAVA_006/CODE_DIF_JAVA_006.java,69,baselines_work/cohorte/java/CODE_IDENT_JAVA_012_COPY/CODE_IDENT_JAVA_012.java,0.016666666666666666,2,1,1,1
2377,3,baselines_work/cohorte/java/CODE_DIF_JAVA_006/CODE_DIF_JAVA_006.java,68,baselines_work/cohorte/java/CODE_IDENT_JAVA_013/CODE_IDENT_JAVA_013.java,0.015748031496062992,2,1,1,1
2378,3,baselines_work/cohorte/java/CODE_DIF_JAVA_006/CODE_DIF_JAVA_006.java,71,baselines_work/cohorte/java/CODE_IDENT_JAVA_013_COPY/CODE_IDENT_JAVA_013.java,0.015748031496062992,2,1,1,1
2394,7,baselines_work/cohorte/java/CODE_DIF_JAVA_007/CODE_DIF_JAVA_007.java,20,baselines_work/cohorte/java/CODE_ESTRU_JAVA_004/CODE_ESTRU_JAVA_004.java,0.014285714285714285,2,1,1,1
2398,7,baselines_work/cohorte/java/CODE_DIF_JAVA_007/CODE_DIF_JAVA_007.java,21,baselines_work/cohorte/java/CODE_ESTRU_JAVA_008/CODE_ESTRU_JAVA_008.java,0.015625,2,1,1,1
2408,7,baselines_work/cohorte/java/CODE_DIF_JAVA_007/CODE_DIF_JAVA_007.java,29,baselines_work/cohorte/java/CODE_FUN_JAVA_003/CODE_FUN_JAVA_003.java,0.015873015873015872,2,1,1,1
2411,7,baselines_work/cohorte/java/CODE_DIF_JAVA_007/CODE_DIF_JAVA_007.java,38,baselines_work/cohorte/java/CODE_FUN_JAVA_006/CODE_FUN_JAVA_006.java,0.012903225806451613,2,1,1,1
2415,7,baselines_work/cohorte/java/CODE_DIF_JAVA_007/CODE_DIF_JAVA_007.java,36,baselines_work/cohorte/java/CODE_FUN_JAVA_010/CODE_FUN_JAVA_010.java,0.010638297872340425,2,1,1,1
2417,7,baselines_work/cohorte/java/CODE_DIF_JAVA_007/CODE_DIF_JAVA_007.java,37,baselines_work/cohorte/java/CODE_FUN_JAVA_012/CODE_FUN_JAVA_012.java,0.013605442176870748,2,1,1,1
2418,7,baselines_work/cohorte/java/CODE_DIF_JAVA_007/CODE_DIF_JAVA_007.java,41,baselines_work/cohorte/java/CODE_FUN_JAVA_013/CODE_FUN_JAVA_013.java,0.013333333333333334,2,1,1,1
2427,7,baselines_work/cohorte/java/CODE_DIF_JAVA_007/CODE_DIF_JAVA_007.java,54,baselines_work/cohorte/java/CODE_IDENT_JAVA_004/CODE_IDENT_JAVA_004.java,0.014388489208633094,2,1,1,1
2428,7,baselines_work/cohorte/java/CODE_DIF_JAVA_007/CODE_DIF_JAVA_007.java,50,baselines_work/cohorte/java/CODE_IDENT_JAVA_004_COPY/CODE_IDENT_JAVA_004.java,0.014388489208633094,2,1,1,1
2435,7,baselines_work/cohorte/java/CODE_DIF_JAVA_007/CODE_DIF_JAVA_007.java,56,baselines_work/cohorte/java/CODE_IDENT_JAVA_008/CODE_IDENT_JAVA_008.java,0.015625,2,1,1,1
2436,7,baselines_work/cohorte/java/CODE_DIF_JAVA_007/CODE_DIF_JAVA_007.java,60,baselines_work/cohorte/java/CODE_IDENT_JAVA_008_COPY/CODE_IDENT_JAVA_008.java,0.015625,2,1,1,1
2472,5,baselines_work/cohorte/java/CODE_DIF_JAVA_008/CODE_DIF_JAVA_008.java,31,baselines_work/cohorte/java/CODE_ESTRU_JAVA_015/CODE_ESTRU_JAVA_015.java,0.00966183574879227,2,1,1,1
2475,5,baselines_work/cohorte/java/CODE_DIF_JAVA_008/CODE_DIF_JAVA_008.java,29,baselines_work/cohorte/java/CODE_FUN_JAVA_003/CODE_FUN_JAVA_003.java,0.012195121951219513,2,1,1,1
2483,5,baselines_work/cohorte/java/CODE_DIF_JAVA_008/CODE_DIF_JAVA_008.java,40,baselines_work/cohorte/java/CODE_FUN_JAVA_011/CODE_FUN_JAVA_011.java,0.010416666666666666,2,1,1,1
2484,5,baselines_work/cohorte/java/CODE_DIF_JAVA_008/CODE_DIF_JAVA_008.java,37,baselines_work/cohorte/java/CODE_FUN_JAVA_012/CODE_FUN_JAVA_012.java,0.010810810810810811,2,1,1,1
2485,5,baselines_work/cohorte/java/CODE_DIF_JAVA_008/CODE_DIF_JAVA_008.java,41,baselines_work/cohorte/java/CODE_FUN_JAVA_013/CODE_FUN_JAVA_013.java,0.010638297872340425,2,1,1,1
2486,5,baselines_work/cohorte/java/CODE_DIF_JAVA_008/CODE_DIF_JAVA_008.java,44,baselines_work/cohorte/java/CODE_FUN_JAVA_014/CODE_FUN_JAVA_014.java,0.009569377990430622,2,1,1,1
2516,5,baselines_work/cohorte/java/CODE_DIF_JAVA_008/CODE_DIF_JAVA_008.java,72,baselines_work/cohorte/java/CODE_IDENT_JAVA_015/CODE_IDENT_JAVA_015.java,0.01,2,1,1,1
2517,5,baselines_work/cohorte/java/CODE_DIF_JAVA_008/CODE_DIF_JAVA_008.java,74,baselines_work/cohorte/java/CODE_IDENT_JAVA_015_COPY/CODE_IDENT_JAVA_015.java,0.01,2,1,1,1
2519,10,baselines_work/cohorte/java/CODE_DIF_JAVA_009/CODE_DIF_JAVA_009.java,8,baselines_work/cohorte/java/CODE_DIF_JAVA_011/CODE_DIF_JAVA_011.java,0.007380073800738007,2,1,1,1
2522,10,baselines_work/cohorte/java/CODE_DIF_JAVA_009/CODE_DIF_JAVA_009.java,11,baselines_work/cohorte/java/CODE_DIF_JAVA_014/CODE_DIF_JAVA_014.java,0.007462686567164179,2,1,1,1
2523,10,baselines_work/cohorte/java/CODE_DIF_JAVA_009/CODE_DIF_JAVA_009.java,18,baselines_work/cohorte/java/CODE_DIF_JAVA_015/CODE_DIF_JAVA_015.java,0.005714285714285714,2,1,1,1
2546,10,baselines_work/cohorte/java/CODE_DIF_JAVA_009/CODE_DIF_JAVA_009.java,32,baselines_work/cohorte/java/CODE_FUN_JAVA_008/CODE_FUN_JAVA_008.java,0.01,2,1,1,1
2609,12,baselines_work/cohorte/java/CODE_DIF_JAVA_010/CODE_DIF_JAVA_010.java,38,baselines_work/cohorte/java/CODE_FUN_JAVA_006/CODE_FUN_JAVA_006.java,0.010050251256281407,2,1,1,1
2662,8,baselines_work/cohorte/java/CODE_DIF_JAVA_011/CODE_DIF_JAVA_011.java,25,baselines_work/cohorte/java/CODE_ESTRU_JAVA_010/CODE_ESTRU_JAVA_010.java,0.012903225806451613,2,1,1,1
2664,8,baselines_work/cohorte/java/CODE_DIF_JAVA_011/CODE_DIF_JAVA_011.java,28,baselines_work/cohorte/java/CODE_ESTRU_JAVA_012/CODE_ESTRU_JAVA_012.java,0.015873015873015872,2,1,1,1
2665,8,baselines_work/cohorte/java/CODE_DIF_JAVA_011/CODE_DIF_JAVA_011.java,27,baselines_work/cohorte/java/CODE_ESTRU_JAVA_013/CODE_ESTRU_JAVA_013.java,0.015503875968992248,2,1,1,1
2668,8,baselines_work/cohorte/java/CODE_DIF_JAVA_011/CODE_DIF_JAVA_011.java,30,baselines_work/cohorte/java/CODE_FUN_JAVA_001/CODE_FUN_JAVA_001.java,0.014705882352941176,2,1,1,1
2669,8,baselines_work/cohorte/java/CODE_DIF_JAVA_011/CODE_DIF_JAVA_011.java,34,baselines_work/cohorte/java/CODE_FUN_JAVA_002/CODE_FUN_JAVA_002.java,0.014285714285714285,2,1,1,1
2672,8,baselines_work/cohorte/java/CODE_DIF_JAVA_011/CODE_DIF_JAVA_011.java,35,baselines_work/cohorte/java/CODE_FUN_JAVA_005/CODE_FUN_JAVA_005.java,0.013071895424836602,2,1,1,1
2673,8,baselines_work/cohorte/java/CODE_DIF_JAVA_011/CODE_DIF_JAVA_011.java,38,baselines_work/cohorte/java/CODE_FUN_JAVA_006/CODE_FUN_JAVA_006.java,0.013157894736842105,2,1,1,1
2674,8,baselines_work/cohorte/java/CODE_DIF_JAVA_011/CODE_DIF_JAVA_011.java,33,baselines_work/cohorte/java/CODE_FUN_JAVA_007/CODE_FUN_JAVA_007.java,0.012048192771084338,2,1,1,1
2677,8,baselines_work/cohorte/java/CODE_DIF_JAVA_011/CODE_DIF_JAVA_011.java,36,baselines_work/cohorte/java/CODE_FUN_JAVA_010/CODE_FUN_JAVA_010.java,0.010810810810810811,2,1,1,1
2681,8,baselines_work/cohorte/java/CODE_DIF_JAVA_011/CODE_DIF_JAVA_011.java,44,baselines_work/cohorte/java/CODE_FUN_JAVA_014/CODE_FUN_JAVA_014.java,0.011904761904761904,2,1,1,1
2701,8,baselines_work/cohorte/java/CODE_DIF_JAVA_011/CODE_DIF_JAVA_011.java,61,baselines_work/cohorte/java/CODE_IDENT_JAVA_010/CODE_IDENT_JAVA_010.java,0.012987012987012988,2,1,1,1
2702,8,baselines_work/cohorte/java/CODE_DIF_JAVA_011/CODE_DIF_JAVA_011.java,64,baselines_work/cohorte/java/CODE_IDENT_JAVA_010_COPY/CODE_IDENT_JAVA_010.java,0.012987012987012988,2,1,1,1
2725,9,baselines_work/cohorte/java/CODE_DIF_JAVA_012/CODE_DIF_JAVA_012.java,25,baselines_work/cohorte/java/CODE_ESTRU_JAVA_010/CODE_ESTRU_JAVA_010.java,0.013422818791946308,2,1,1,1
2730,9,baselines_work/cohorte/java/CODE_DIF_JAVA_012/CODE_DIF_JAVA_012.java,31,baselines_work/cohorte/java/CODE_ESTRU_JAVA_015/CODE_ESTRU_JAVA_015.java,0.0125,2,1,1,1
2732,9,baselines_work/cohorte/java/CODE_DIF_JAVA_012/CODE_DIF_JAVA_012.java,34,baselines_work/cohorte/java/CODE_FUN_JAVA_002/CODE_FUN_JAVA_002.java,0.014925373134328358,2,1,1,1
2738,9,baselines_work/cohorte/java/CODE_DIF_JAVA_012/CODE_DIF_JAVA_012.java,32,baselines_work/cohorte/java/CODE_FUN_JAVA_008/CODE_FUN_JAVA_008.java,0.014184397163120567,2,1,1,1
2739,9,baselines_work/cohorte/java/CODE_DIF_JAVA_012/CODE_DIF_JAVA_012.java,39,baselines_work/cohorte/java/CODE_FUN_JAVA_009/CODE_FUN_JAVA_009.java,0.011560693641618497,2,1,1,1
2745,9,baselines_work/cohorte/java/CODE_DIF_JAVA_012/CODE_DIF_JAVA_012.java,42,baselines_work/cohorte/java/CODE_FUN_JAVA_015/CODE_FUN_JAVA_015.java,0.01092896174863388,2,1,1,1
2764,9,baselines_work/cohorte/java/CODE_DIF_JAVA_012/CODE_DIF_JAVA_012.java,61,baselines_work/cohorte/java/CODE_IDENT_JAVA_010/CODE_IDENT_JAVA_010.java,0.013513513513513514,2,1,1,1
2765,9,baselines_work/cohorte/java/CODE_DIF_JAVA_012/CODE_DIF_JAVA_012.java,64,baselines_work/cohorte/java/CODE_IDENT_JAVA_010_COPY/CODE_IDENT_JAVA_010.java,0.013513513513513514,2,1,1,1
2774,9,baselines_work/cohorte/java/CODE_DIF_JAVA_012/CODE_DIF_JAVA_012.java,72,baselines_work/cohorte/java/CODE_IDENT_JAVA_015/CODE_IDENT_JAVA_015.java,0.013071895424836602,2,1,1,1
2775,9,baselines_work/cohorte/java/CODE_DIF_JAVA_012/CODE_DIF_JAVA_012.java,74,baselines_work/cohorte/java/CODE_IDENT_JAVA_015_COPY/CODE_IDENT_JAVA_015.java,0.013071895424836602,2,1,1,1
2781,14,baselines_work/cohorte/java/CODE_DIF_JAVA_013/CODE_DIF_JAVA_013.java,20,baselines_work/cohorte/java/CODE_ESTRU_JAVA_004/CODE_ESTRU_JAVA_004.java,0.012738853503184714,2,1,1,1
2787,14,baselines_work/cohorte/java/CODE_DIF_JAVA_013/CODE_DIF_JAVA_013.java,25,baselines_work/cohorte/java/CODE_ESTRU_JAVA_010/CODE_ESTRU_JAVA_010.java,0.011428571428571429,2,1,1,1
2794,14,baselines_work/cohorte/java/CODE_DIF_JAVA_013/CODE_DIF_JAVA_013.java,34,baselines_work/cohorte/java/CODE_FUN_JAVA_002/CODE_FUN_JAVA_002.java,0.0125,2,1,1,1
2798,14,baselines_work/cohorte/java/CODE_DIF_JAVA_013/CODE_DIF_JAVA_013.java,38,baselines_work/cohorte/java/CODE_FUN_JAVA_006/CODE_FUN_JAVA_006.java,0.011627906976744186,2,1,1,1
2803,14,baselines_work/cohorte/java/CODE_DIF_JAVA_013/CODE_DIF_JAVA_013.java,40,baselines_work/cohorte/java/CODE_FUN_JAVA_011/CODE_FUN_JAVA_011.java,0.011695906432748537,2,1,1,1
2826,14,baselines_work/cohorte/java/CODE_DIF_JAVA_013/CODE_DIF_JAVA_013.java,61,baselines_work/cohorte/java/CODE_IDENT_JAVA_010/CODE_IDENT_JAVA_010.java,0.011494252873563218,2,1,1,1
2827,14,baselines_work/cohorte/java/CODE_DIF_JAVA_013/CODE_DIF_JAVA_013.java,64,baselines_work/cohorte/java/CODE_IDENT_JAVA_010_COPY/CODE_IDENT_JAVA_010.java,0.011494252873563218,2,1,1,1
2848,11,baselines_work/cohorte/java/CODE_DIF_JAVA_014/CODE_DIF_JAVA_014.java,25,baselines_work/cohorte/java/CODE_ESTRU_JAVA_010/CODE_ESTRU_JAVA_010.java,0.012345679012345678,2,1,1,1
2857,11,baselines_work/cohorte/java/CODE_DIF_JAVA_014/CODE_DIF_JAVA_014.java,47,baselines_work/cohorte/java/CODE_FUN_JAVA_004/CODE_FUN_JAVA_004.java,0.01282051282051282,2,1,1,1
2861,11,baselines_work/cohorte/java/CODE_DIF_JAVA_014/CODE_DIF_JAVA_014.java,32,baselines_work/cohorte/java/CODE_FUN_JAVA_008/CODE_FUN_JAVA_008.java,0.012987012987012988,2,1,1,1
2864,11,baselines_work/cohorte/java/CODE_DIF_JAVA_014/CODE_DIF_JAVA_014.java,40,baselines_work/cohorte/java/CODE_FUN_JAVA_011/CODE_FUN_JAVA_011.java,0.012658227848101266,2,1,1,1
2865,11,baselines_work/cohorte/java/CODE_DIF_JAVA_014/CODE_DIF_JAVA_014.java,37,baselines_work/cohorte/java/CODE_FUN_JAVA_012/CODE_FUN_JAVA_012.java,0.013245033112582781,2,1,1,1
2887,11,baselines_work/cohorte/java/CODE_DIF_JAVA_014/CODE_DIF_JAVA_014.java,61,baselines_work/cohorte/java/CODE_IDENT_JAVA_010/CODE_IDENT_JAVA_010.java,0.012422360248447204,2,1,1,1
2888,11,baselines_work/cohorte/java/CODE_DIF_JAVA_014/CODE_DIF_JAVA_014.java,64,baselines_work/cohorte/java/CODE_IDENT_JAVA_010_COPY/CODE_IDENT_JAVA_010.java,0.012422360248447204,2,1,1,1
2909,18,baselines_work/cohorte/java/CODE_DIF_JAVA_015/CODE_DIF_JAVA_015.java,22,baselines_work/cohorte/java/CODE_ESTRU_JAVA_011/CODE_ESTRU_JAVA_011.java,0.00881057268722467,2,1,1,1
2912,18,baselines_work/cohorte/java/CODE_DIF_JAVA_015/CODE_DIF_JAVA_015.java,26,baselines_work/cohorte/java/CODE_ESTRU_JAVA_014/CODE_ESTRU_JAVA_014.java,0.007874015748031496,2,1,1,1
2949,18,baselines_work/cohorte/java/CODE_DIF_JAVA_015/CODE_DIF_JAVA_015.java,67,baselines_work/cohorte/java/CODE_IDENT_JAVA_011/CODE_IDENT_JAVA_011.java,0.008771929824561403,2,1,1,1
2950,18,baselines_work/cohorte/java/CODE_DIF_JAVA_015/CODE_DIF_JAVA_015.java,65,baselines_work/cohorte/java/CODE_IDENT_JAVA_011_COPY/CODE_IDENT_JAVA_011.java,0.008771929824561403,2,1,1,1
2951,18,baselines_work/cohorte/java/CODE_DIF_JAVA_015/CODE_DIF_JAVA_015.java,66,baselines_work/cohorte/java/CODE_IDENT_JAVA_012/CODE_IDENT_JAVA_012.java,0.00909090909090909,2,1,1,1
2952,18,baselines_work/cohorte/java/CODE_DIF_JAVA_015/CODE_DIF_JAVA_015.java,69,baselines_work/cohorte/java/CODE_IDENT_JAVA_012_COPY/CODE_IDENT_JAVA_012.java,0.00909090909090909,2,1,1,1
3021,15,baselines_work/cohorte/java/CODE_ESTRU_JAVA_002/CODE_ESTRU_JAVA_002.java,16,baselines_work/cohorte/java/CODE_ESTRU_JAVA_006/CODE_ESTRU_JAVA_006.java,0.031746031746031744,2,1,1,1
3054,15,baselines_work/cohorte/java/CODE_ESTRU_JAVA_002/CODE_ESTRU_JAVA_002.java,59,baselines_work/cohorte/java/CODE_IDENT_JAVA_005/CODE_IDENT_JAVA_005.java,0.029850746268656716,2,1,1,1
3055,15,baselines_work/cohorte/java/CODE_ESTRU_JAVA_002/CODE_ESTRU_JAVA_002.java,55,baselines_work/cohorte/java/CODE_IDENT_JAVA_005_COPY/CODE_IDENT_JAVA_005.java,0.029850746268656716,2,1,1,1
3084,17,baselines_work/cohorte/java/CODE_ESTRU_JAVA_003/CODE_ESTRU_JAVA_003.java,28,baselines_work/cohorte/java/CODE_ESTRU_JAVA_012/CODE_ESTRU_JAVA_012.java,0.02666666666666667,2,1,1,1
3090,17,baselines_work/cohorte/java/CODE_ESTRU_JAVA_003/CODE_ESTRU_JAVA_003.java,29,baselines_work/cohorte/java/CODE_FUN_JAVA_003/CODE_FUN_JAVA_003.java,0.027777777777777776,2,1,1,1
3094,17,baselines_work/cohorte/java/CODE_ESTRU_JAVA_003/CODE_ESTRU_JAVA_003.java,33,baselines_work/cohorte/java/CODE_FUN_JAVA_007/CODE_FUN_JAVA_007.java,0.017391304347826087,2,1,1,1
3135,20,baselines_work/cohorte/java/CODE_ESTRU_JAVA_004/CODE_ESTRU_JAVA_004.java,23,baselines_work/cohorte/java/CODE_ESTRU_JAVA_007/CODE_ESTRU_JAVA_007.java,0.021739130434782608,2,1,1,1
3142,20,baselines_work/cohorte/java/CODE_ESTRU_JAVA_004/CODE_ESTRU_JAVA_004.java,26,baselines_work/cohorte/java/CODE_ESTRU_JAVA_014/CODE_ESTRU_JAVA_014.java,0.018867924528301886,2,1,1,1
3194,19,baselines_work/cohorte/java/CODE_ESTRU_JAVA_005/CODE_ESTRU_JAVA_005.java,22,baselines_work/cohorte/java/CODE_ESTRU_JAVA_011/CODE_ESTRU_JAVA_011.java,0.031746031746031744,2,1,1,1
3198,19,baselines_work/cohorte/java/CODE_ESTRU_JAVA_005/CODE_ESTRU_JAVA_005.java,31,baselines_work/cohorte/java/CODE_ESTRU_JAVA_015/CODE_ESTRU_JAVA_015.java,0.019801980198019802,2,1,1,1
3210,19,baselines_work/cohorte/java/CODE_ESTRU_JAVA_005/CODE_ESTRU_JAVA_005.java,37,baselines_work/cohorte/java/CODE_FUN_JAVA_012/CODE_FUN_JAVA_012.java,0.02531645569620253,2,1,1,1
3212,19,baselines_work/cohorte/java/CODE_ESTRU_JAVA_005/CODE_ESTRU_JAVA_005.java,44,baselines_work/cohorte/java/CODE_FUN_JAVA_014/CODE_FUN_JAVA_014.java,0.019417475728155338,2,1,1,1
3232,19,baselines_work/cohorte/java/CODE_ESTRU_JAVA_005/CODE_ESTRU_JAVA_005.java,61,baselines_work/cohorte/java/CODE_IDENT_JAVA_010/CODE_IDENT_JAVA_010.java,0.02247191011235955,2,1,1,1
3233,19,baselines_work/cohorte/java/CODE_ESTRU_JAVA_005/CODE_ESTRU_JAVA_005.java,64,baselines_work/cohorte/java/CODE_IDENT_JAVA_010_COPY/CODE_IDENT_JAVA_010.java,0.02247191011235955,2,1,1,1
3242,19,baselines_work/cohorte/java/CODE_ESTRU_JAVA_005/CODE_ESTRU_JAVA_005.java,72,baselines_work/cohorte/java/CODE_IDENT_JAVA_015/CODE_IDENT_JAVA_015.java,0.02127659574468085,2,1,1,1
3243,19,baselines_work/cohorte/java/CODE_ESTRU_JAVA_005/CODE_ESTRU_JAVA_005.java,74,baselines_work/cohorte/java/CODE_IDENT_JAVA_015_COPY/CODE_IDENT_JAVA_015.java,0.02127659574468085,2,1,1,1
3270,16,baselines_work/cohorte/java/CODE_ESTRU_JAVA_006/CODE_ESTRU_JAVA_006.java,45,baselines_work/cohorte/java/CODE_IDENT_JAVA_002/CODE_IDENT_JAVA_002.java,0.028985507246376812,2,1,1,1
3271,16,baselines_work/cohorte/java/CODE_ESTRU_JAVA_006/CODE_ESTRU_JAVA_006.java,46,baselines_work/cohorte/java/CODE_IDENT_JAVA_002_COPY/CODE_IDENT_JAVA_002.java,0.028985507246376812,2,1,1,1
3300,23,baselines_work/cohorte/java/CODE_ESTRU_JAVA_007/CODE_ESTRU_JAVA_007.java,25,baselines_work/cohorte/java/CODE_ESTRU_JAVA_010/CODE_ESTRU_JAVA_010.java,0.020833333333333332,2,1,1,1
3301,23,baselines_work/cohorte/java/CODE_ESTRU_JAVA_007/CODE_ESTRU_JAVA_007.java,22,baselines_work/cohorte/java/CODE_ESTRU_JAVA_011/CODE_ESTRU_JAVA_011.java,0.028985507246376812,2,1,1,1
3339,23,baselines_work/cohorte/java/CODE_ESTRU_JAVA_007/CODE_ESTRU_JAVA_007.java,61,baselines_work/cohorte/java/CODE_IDENT_JAVA_010/CODE_IDENT_JAVA_010.java,0.021052631578947368,2,1,1,1
3340,23,baselines_work/cohorte/java/CODE_ESTRU_JAVA_007/CODE_ESTRU_JAVA_007.java,64,baselines_work/cohorte/java/CODE_IDENT_JAVA_010_COPY/CODE_IDENT_JAVA_010.java,0.021052631578947368,2,1,1,1
3341,23,baselines_work/cohorte/java/CODE_ESTRU_JAVA_007/CODE_ESTRU_JAVA_007.java,67,baselines_work/cohorte/java/CODE_IDENT_JAVA_011/CODE_IDENT_JAVA_011.java,0.02857142857142857,2,1,1,1
3342,23,baselines_work/cohorte/java/CODE_ESTRU_JAVA_007/CODE_ESTRU_JAVA_007.java,65,baselines_work/cohorte/java/CODE_IDENT_JAVA_011_COPY/CODE_IDENT_JAVA_011.java,0.02857142857142857,2,1,1,1
3361,21,baselines_work/cohorte/java/CODE_ESTRU_JAVA_008/CODE_ESTRU_JAVA_008.java,47,baselines_work/cohorte/java/CODE_FUN_JAVA_004/CODE_FUN_JAVA_004.java,0.023255813953488372,2,1,1,1
3403,24,baselines_work/cohorte/java/CODE_ESTRU_JAVA_009/CODE_ESTRU_JAVA_009.java,25,baselines_work/cohorte/java/CODE_ESTRU_JAVA_010/CODE_ESTRU_JAVA_010.java,0.019801980198019802,2,1,1,1
3412,24,baselines_work/cohorte/java/CODE_ESTRU_JAVA_009/CODE_ESTRU_JAVA_009.java,47,baselines_work/cohorte/java/CODE_FUN_JAVA_004/CODE_FUN_JAVA_004.java,0.021052631578947368,2,1,1,1
3416,24,baselines_work/cohorte/java/CODE_ESTRU_JAVA_009/CODE_ESTRU_JAVA_009.java,32,baselines_work/cohorte/java/CODE_FUN_JAVA_008/CODE_FUN_JAVA_008.java,0.021505376344086023,2,1,1,1
3442,24,baselines_work/cohorte/java/CODE_ESTRU_JAVA_009/CODE_ESTRU_JAVA_009.java,61,baselines_work/cohorte/java/CODE_IDENT_JAVA_010/CODE_IDENT_JAVA_010.java,0.02,2,1,1,1
3443,24,baselines_work/cohorte/java/CODE_ESTRU_JAVA_009/CODE_ESTRU_JAVA_009.java,64,baselines_work/cohorte/java/CODE_IDENT_JAVA_010_COPY/CODE_IDENT_JAVA_010.java,0.02,2,1,1,1
3486,25,baselines_work/cohorte/java/CODE_ESTRU_JAVA_010/CODE_ESTRU_JAVA_010.java,57,baselines_work/cohorte/java/CODE_IDENT_JAVA_007/CODE_IDENT_JAVA_007.java,0.021505376344086023,2,1,1,1
3487,25,baselines_work/cohorte/java/CODE_ESTRU_JAVA_010/CODE_ESTRU_JAVA_010.java,58,baselines_work/cohorte/java/CODE_IDENT_JAVA_007_COPY/CODE_IDENT_JAVA_007.java,0.021505376344086023,2,1,1,1
3490,25,baselines_work/cohorte/java/CODE_ESTRU_JAVA_010/CODE_ESTRU_JAVA_010.java,62,baselines_work/cohorte/java/CODE_IDENT_JAVA_009/CODE_IDENT_JAVA_009.java,0.01680672268907563,2,1,1,1
3491,25,baselines_work/cohorte/java/CODE_ESTRU_JAVA_010/CODE_ESTRU_JAVA_010.java,63,baselines_work/cohorte/java/CODE_IDENT_JAVA_009_COPY/CODE_IDENT_JAVA_009.java,0.01680672268907563,2,1,1,1
3507,22,baselines_work/cohorte/java/CODE_ESTRU_JAVA_011/CODE_ESTRU_JAVA_011.java,31,baselines_work/cohorte/java/CODE_ESTRU_JAVA_015/CODE_ESTRU_JAVA_015.java,0.02564102564102564,2,1,1,1
3508,22,baselines_work/cohorte/java/CODE_ESTRU_JAVA_011/CODE_ESTRU_JAVA_011.java,30,baselines_work/cohorte/java/CODE_FUN_JAVA_001/CODE_FUN_JAVA_001.java,0.041666666666666664,2,1,1,1
3516,22,baselines_work/cohorte/java/CODE_ESTRU_JAVA_011/CODE_ESTRU_JAVA_011.java,39,baselines_work/cohorte/java/CODE_FUN_JAVA_009/CODE_FUN_JAVA_009.java,0.02197802197802198,2,1,1,1
3535,22,baselines_work/cohorte/java/CODE_ESTRU_JAVA_011/CODE_ESTRU_JAVA_011.java,57,baselines_work/cohorte/java/CODE_IDENT_JAVA_007/CODE_IDENT_JAVA_007.java,0.05263157894736842,2,1,1,1
3536,22,baselines_work/cohorte/java/CODE_ESTRU_JAVA_011/CODE_ESTRU_JAVA_011.java,58,baselines_work/cohorte/java/CODE_IDENT_JAVA_007_COPY/CODE_IDENT_JAVA_007.java,0.05263157894736842,2,1,1,1
3551,22,baselines_work/cohorte/java/CODE_ESTRU_JAVA_011/CODE_ESTRU_JAVA_011.java,72,baselines_work/cohorte/java/CODE_IDENT_JAVA_015/CODE_IDENT_JAVA_015.java,0.028169014084507043,2,1,1,1
3552,22,baselines_work/cohorte/java/CODE_ESTRU_JAVA_011/CODE_ESTRU_JAVA_011.java,74,baselines_work/cohorte/java/CODE_IDENT_JAVA_015_COPY/CODE_IDENT_JAVA_015.java,0.028169014084507043,2,1,1,1
3555,28,baselines_work/cohorte/java/CODE_ESTRU_JAVA_012/CODE_ESTRU_JAVA_012.java,31,baselines_work/cohorte/java/CODE_ESTRU_JAVA_015/CODE_ESTRU_JAVA_015.java,0.025,2,1,1,1
3569,28,baselines_work/cohorte/java/CODE_ESTRU_JAVA_012/CODE_ESTRU_JAVA_012.java,44,baselines_work/cohorte/java/CODE_FUN_JAVA_014/CODE_FUN_JAVA_014.java,0.024390243902439025,2,1,1,1
3570,28,baselines_work/cohorte/java/CODE_ESTRU_JAVA_012/CODE_ESTRU_JAVA_012.java,42,baselines_work/cohorte/java/CODE_FUN_JAVA_015/CODE_FUN_JAVA_015.java,0.019417475728155338,2,1,1,1
3575,28,baselines_work/cohorte/java/CODE_ESTRU_JAVA_012/CODE_ESTRU_JAVA_012.java,49,baselines_work/cohorte/java/CODE_IDENT_JAVA_003/CODE_IDENT_JAVA_003.java,0.05263157894736842,2,1,1,1
3576,28,baselines_work/cohorte/java/CODE_ESTRU_JAVA_012/CODE_ESTRU_JAVA_012.java,48,baselines_work/cohorte/java/CODE_IDENT_JAVA_003_COPY/CODE_IDENT_JAVA_003.java,0.05263157894736842,2,1,1,1
3595,28,baselines_work/cohorte/java/CODE_ESTRU_JAVA_012/CODE_ESTRU_JAVA_012.java,68,baselines_work/cohorte/java/CODE_IDENT_JAVA_013/CODE_IDENT_JAVA_013.java,0.047619047619047616,2,1,1,1
3596,28,baselines_work/cohorte/java/CODE_ESTRU_JAVA_012/CODE_ESTRU_JAVA_012.java,71,baselines_work/cohorte/java/CODE_IDENT_JAVA_013_COPY/CODE_IDENT_JAVA_013.java,0.047619047619047616,2,1,1,1
3597,28,baselines_work/cohorte/java/CODE_ESTRU_JAVA_012/CODE_ESTRU_JAVA_012.java,70,baselines_work/cohorte/java/CODE_IDENT_JAVA_014/CODE_IDENT_JAVA_014.java,0.03636363636363636,2,1,1,1
3598,28,baselines_work/cohorte/java/CODE_ESTRU_JAVA_012/CODE_ESTRU_JAVA_012.java,73,baselines_work/cohorte/java/CODE_IDENT_JAVA_014_COPY/CODE_IDENT_JAVA_014.java,0.03636363636363636,2,1,1,1
3599,28,baselines_work/cohorte/java/CODE_ESTRU_JAVA_012/CODE_ESTRU_JAVA_012.java,72,baselines_work/cohorte/java/CODE_IDENT_JAVA_015/CODE_IDENT_JAVA_015.java,0.0273972602739726,2,1,1,1
3600,28,baselines_work/cohorte/java/CODE_ESTRU_JAVA_012/CODE_ESTRU_JAVA_012.java,74,baselines_work/cohorte/java/CODE_IDENT_JAVA_015_COPY/CODE_IDENT_JAVA_015.java,0.0273972602739726,2,1,1,1
3602,27,baselines_work/cohorte/java/CODE_ESTRU_JAVA_013/CODE_ESTRU_JAVA_013.java,31,baselines_work/cohorte/java/CODE_ESTRU_JAVA_015/CODE_ESTRU_JAVA_015.java,0.024096385542168676,2,1,1,1
3616,27,baselines_work/cohorte/java/CODE_ESTRU_JAVA_013/CODE_ESTRU_JAVA_013.java,44,baselines_work/cohorte/java/CODE_FUN_JAVA_014/CODE_FUN_JAVA_014.java,0.023529411764705882,2,1,1,1
3640,27,baselines_work/cohorte/java/CODE_ESTRU_JAVA_013/CODE_ESTRU_JAVA_013.java,66,baselines_work/cohorte/java/CODE_IDENT_JAVA_012/CODE_IDENT_JAVA_012.java,0.05263157894736842,2,1,1,1
3641,27,baselines_work/cohorte/java/CODE_ESTRU_JAVA_013/CODE_ESTRU_JAVA_013.java,69,baselines_work/cohorte/java/CODE_IDENT_JAVA_012_COPY/CODE_IDENT_JAVA_012.java,0.05263157894736842,2,1,1,1
3644,27,baselines_work/cohorte/java/CODE_ESTRU_JAVA_013/CODE_ESTRU_JAVA_013.java,70,baselines_work/cohorte/java/CODE_IDENT_JAVA_014/CODE_IDENT_JAVA_014.java,0.034482758620689655,2,1,1,1
3645,27,baselines_work/cohorte/java/CODE_ESTRU_JAVA_013/CODE_ESTRU_JAVA_013.java,73,baselines_work/cohorte/java/CODE_IDENT_JAVA_014_COPY/CODE_IDENT_JAVA_014.java,0.034482758620689655,2,1,1,1
3646,27,baselines_work/cohorte/java/CODE_ESTRU_JAVA_013/CODE_ESTRU_JAVA_013.java,72,baselines_work/cohorte/java/CODE_IDENT_JAVA_015/CODE_IDENT_JAVA_015.java,0.02631578947368421,2,1,1,1
3647,27,baselines_work/cohorte/java/CODE_ESTRU_JAVA_013/CODE_ESTRU_JAVA_013.java,74,baselines_work/cohorte/java/CODE_IDENT_JAVA_015_COPY/CODE_IDENT_JAVA_015.java,0.02631578947368421,2,1,1,1
3662,26,baselines_work/cohorte/java/CODE_ESTRU_JAVA_014/CODE_ESTRU_JAVA_014.java,44,baselines_work/cohorte/java/CODE_FUN_JAVA_014/CODE_FUN_JAVA_014.java,0.016260162601626018,2,1,1,1
3670,26,baselines_work/cohorte/java/CODE_ESTRU_JAVA_014/CODE_ESTRU_JAVA_014.java,54,baselines_work/cohorte/java/CODE_IDENT_JAVA_004/CODE_IDENT_JAVA_004.java,0.02197802197802198,2,1,1,1
3671,26,baselines_work/cohorte/java/CODE_ESTRU_JAVA_014/CODE_ESTRU_JAVA_014.java,50,baselines_work/cohorte/java/CODE_IDENT_JAVA_004_COPY/CODE_IDENT_JAVA_004.java,0.02197802197802198,2,1,1,1
3706,31,baselines_work/cohorte/java/CODE_ESTRU_JAVA_015/CODE_ESTRU_JAVA_015.java,41,baselines_work/cohorte/java/CODE_FUN_JAVA_013/CODE_FUN_JAVA_013.java,0.020202020202020204,2,1,1,1
3741,30,baselines_work/cohorte/java/CODE_FUN_JAVA_001/CODE_FUN_JAVA_001.java,47,baselines_work/cohorte/java/CODE_FUN_JAVA_004/CODE_FUN_JAVA_004.java,0.021505376344086023,2,1,1,1
3773,30,baselines_work/cohorte/java/CODE_FUN_JAVA_001/CODE_FUN_JAVA_001.java,67,baselines_work/cohorte/java/CODE_IDENT_JAVA_011/CODE_IDENT_JAVA_011.java,0.0273972602739726,2,1,1,1
3774,30,baselines_work/cohorte/java/CODE_FUN_JAVA_001/CODE_FUN_JAVA_001.java,65,baselines_work/cohorte/java/CODE_IDENT_JAVA_011_COPY/CODE_IDENT_JAVA_011.java,0.0273972602739726,2,1,1,1
3784,34,baselines_work/cohorte/java/CODE_FUN_JAVA_002/CODE_FUN_JAVA_002.java,47,baselines_work/cohorte/java/CODE_FUN_JAVA_004/CODE_FUN_JAVA_004.java,0.018018018018018018,2,1,1,1
3795,34,baselines_work/cohorte/java/CODE_FUN_JAVA_002/CODE_FUN_JAVA_002.java,42,baselines_work/cohorte/java/CODE_FUN_JAVA_015/CODE_FUN_JAVA_015.java,0.013245033112582781,2,1,1,1
3826,29,baselines_work/cohorte/java/CODE_FUN_JAVA_003/CODE_FUN_JAVA_003.java,47,baselines_work/cohorte/java/CODE_FUN_JAVA_004/CODE_FUN_JAVA_004.java,0.029411764705882353,2,1,1,1
3827,29,baselines_work/cohorte/java/CODE_FUN_JAVA_003/CODE_FUN_JAVA_003.java,35,baselines_work/cohorte/java/CODE_FUN_JAVA_005/CODE_FUN_JAVA_005.java,0.027777777777777776,2,1,1,1
3828,29,baselines_work/cohorte/java/CODE_FUN_JAVA_003/CODE_FUN_JAVA_003.java,38,baselines_work/cohorte/java/CODE_FUN_JAVA_006/CODE_FUN_JAVA_006.java,0.028169014084507043,2,1,1,1
3833,29,baselines_work/cohorte/java/CODE_FUN_JAVA_003/CODE_FUN_JAVA_003.java,40,baselines_work/cohorte/java/CODE_FUN_JAVA_011/CODE_FUN_JAVA_011.java,0.02857142857142857,2,1,1,1
3837,29,baselines_work/cohorte/java/CODE_FUN_JAVA_003/CODE_FUN_JAVA_003.java,42,baselines_work/cohorte/java/CODE_FUN_JAVA_015/CODE_FUN_JAVA_015.java,0.018518518518518517,2,1,1,1
3842,29,baselines_work/cohorte/java/CODE_FUN_JAVA_003/CODE_FUN_JAVA_003.java,49,baselines_work/cohorte/java/CODE_IDENT_JAVA_003/CODE_IDENT_JAVA_003.java,0.046511627906976744,2,1,1,1
3843,29,baselines_work/cohorte/java/CODE_FUN_JAVA_003/CODE_FUN_JAVA_003.java,48,baselines_work/cohorte/java/CODE_IDENT_JAVA_003_COPY/CODE_IDENT_JAVA_003.java,0.046511627906976744,2,1,1,1
3868,47,baselines_work/cohorte/java/CODE_FUN_JAVA_004/CODE_FUN_JAVA_004.java,35,baselines_work/cohorte/java/CODE_FUN_JAVA_005/CODE_FUN_JAVA_005.java,0.017543859649122806,2,1,1,1
3872,47,baselines_work/cohorte/java/CODE_FUN_JAVA_004/CODE_FUN_JAVA_004.java,39,baselines_work/cohorte/java/CODE_FUN_JAVA_009/CODE_FUN_JAVA_009.java,0.014285714285714285,2,1,1,1
3878,47,baselines_work/cohorte/java/CODE_FUN_JAVA_004/CODE_FUN_JAVA_004.java,42,baselines_work/cohorte/java/CODE_FUN_JAVA_015/CODE_FUN_JAVA_015.java,0.013333333333333334,2,1,1,1
3891,47,baselines_work/cohorte/java/CODE_FUN_JAVA_004/CODE_FUN_JAVA_004.java,57,baselines_work/cohorte/java/CODE_IDENT_JAVA_007/CODE_IDENT_JAVA_007.java,0.022988505747126436,2,1,1,1
3892,47,baselines_work/cohorte/java/CODE_FUN_JAVA_004/CODE_FUN_JAVA_004.java,58,baselines_work/cohorte/java/CODE_IDENT_JAVA_007_COPY/CODE_IDENT_JAVA_007.java,0.022988505747126436,2,1,1,1
3893,47,baselines_work/cohorte/java/CODE_FUN_JAVA_004/CODE_FUN_JAVA_004.java,56,baselines_work/cohorte/java/CODE_IDENT_JAVA_008/CODE_IDENT_JAVA_008.java,0.023255813953488372,2,1,1,1
3894,47,baselines_work/cohorte/java/CODE_FUN_JAVA_004/CODE_FUN_JAVA_004.java,60,baselines_work/cohorte/java/CODE_IDENT_JAVA_008_COPY/CODE_IDENT_JAVA_008.java,0.023255813953488372,2,1,1,1
3895,47,baselines_work/cohorte/java/CODE_FUN_JAVA_004/CODE_FUN_JAVA_004.java,62,baselines_work/cohorte/java/CODE_IDENT_JAVA_009/CODE_IDENT_JAVA_009.java,0.017699115044247787,2,1,1,1
3896,47,baselines_work/cohorte/java/CODE_FUN_JAVA_004/CODE_FUN_JAVA_004.java,63,baselines_work/cohorte/java/CODE_IDENT_JAVA_009_COPY/CODE_IDENT_JAVA_009.java,0.017699115044247787,2,1,1,1
3911,35,baselines_work/cohorte/java/CODE_FUN_JAVA_005/CODE_FUN_JAVA_005.java,32,baselines_work/cohorte/java/CODE_FUN_JAVA_008/CODE_FUN_JAVA_008.java,0.0196078431372549,2,1,1,1
3912,35,baselines_work/cohorte/java/CODE_FUN_JAVA_005/CODE_FUN_JAVA_005.java,39,baselines_work/cohorte/java/CODE_FUN_JAVA_009/CODE_FUN_JAVA_009.java,0.014925373134328358,2,1,1,1
3918,35,baselines_work/cohorte/java/CODE_FUN_JAVA_005/CODE_FUN_JAVA_005.java,42,baselines_work/cohorte/java/CODE_FUN_JAVA_015/CODE_FUN_JAVA_015.java,0.013888888888888888,2,1,1,1
3951,38,baselines_work/cohorte/java/CODE_FUN_JAVA_006/CODE_FUN_JAVA_006.java,39,baselines_work/cohorte/java/CODE_FUN_JAVA_009/CODE_FUN_JAVA_009.java,0.013986013986013986,2,1,1,1
3957,38,baselines_work/cohorte/java/CODE_FUN_JAVA_006/CODE_FUN_JAVA_006.java,42,baselines_work/cohorte/java/CODE_FUN_JAVA_015/CODE_FUN_JAVA_015.java,0.013071895424836602,2,1,1,1
4000,33,baselines_work/cohorte/java/CODE_FUN_JAVA_007/CODE_FUN_JAVA_007.java,49,baselines_work/cohorte/java/CODE_IDENT_JAVA_003/CODE_IDENT_JAVA_003.java,0.022222222222222223,2,1,1,1
4001,33,baselines_work/cohorte/java/CODE_FUN_JAVA_007/CODE_FUN_JAVA_007.java,48,baselines_work/cohorte/java/CODE_IDENT_JAVA_003_COPY/CODE_IDENT_JAVA_003.java,0.022222222222222223,2,1,1,1
4030,32,baselines_work/cohorte/java/CODE_FUN_JAVA_008/CODE_FUN_JAVA_008.java,41,baselines_work/cohorte/java/CODE_FUN_JAVA_013/CODE_FUN_JAVA_013.java,0.019230769230769232,2,1,1,1
4039,32,baselines_work/cohorte/java/CODE_FUN_JAVA_008/CODE_FUN_JAVA_008.java,54,baselines_work/cohorte/java/CODE_IDENT_JAVA_004/CODE_IDENT_JAVA_004.java,0.021505376344086023,2,1,1,1
4040,32,baselines_work/cohorte/java/CODE_FUN_JAVA_008/CODE_FUN_JAVA_008.java,50,baselines_work/cohorte/java/CODE_IDENT_JAVA_004_COPY/CODE_IDENT_JAVA_004.java,0.021505376344086023,2,1,1,1
4049,32,baselines_work/cohorte/java/CODE_FUN_JAVA_008/CODE_FUN_JAVA_008.java,62,baselines_work/cohorte/java/CODE_IDENT_JAVA_009/CODE_IDENT_JAVA_009.java,0.01834862385321101,2,1,1,1
4050,32,baselines_work/cohorte/java/CODE_FUN_JAVA_008/CODE_FUN_JAVA_008.java,63,baselines_work/cohorte/java/CODE_IDENT_JAVA_009_COPY/CODE_IDENT_JAVA_009.java,0.01834862385321101,2,1,1,1
4064,39,baselines_work/cohorte/java/CODE_FUN_JAVA_009/CODE_FUN_JAVA_009.java,40,baselines_work/cohorte/java/CODE_FUN_JAVA_011/CODE_FUN_JAVA_011.java,0.017241379310344827,2,1,1,1
4068,39,baselines_work/cohorte/java/CODE_FUN_JAVA_009/CODE_FUN_JAVA_009.java,42,baselines_work/cohorte/java/CODE_FUN_JAVA_015/CODE_FUN_JAVA_015.java,0.012987012987012988,2,1,1,1
4075,39,baselines_work/cohorte/java/CODE_FUN_JAVA_009/CODE_FUN_JAVA_009.java,54,baselines_work/cohorte/java/CODE_IDENT_JAVA_004/CODE_IDENT_JAVA_004.java,0.019801980198019802,2,1,1,1
4076,39,baselines_work/cohorte/java/CODE_FUN_JAVA_009/CODE_FUN_JAVA_009.java,50,baselines_work/cohorte/java/CODE_IDENT_JAVA_004_COPY/CODE_IDENT_JAVA_004.java,0.019801980198019802,2,1,1,1
4089,39,baselines_work/cohorte/java/CODE_FUN_JAVA_009/CODE_FUN_JAVA_009.java,67,baselines_work/cohorte/java/CODE_IDENT_JAVA_011/CODE_IDENT_JAVA_011.java,0.02127659574468085,2,1,1,1
4090,39,baselines_work/cohorte/java/CODE_FUN_JAVA_009/CODE_FUN_JAVA_009.java,65,baselines_work/cohorte/java/CODE_IDENT_JAVA_011_COPY/CODE_IDENT_JAVA_011.java,0.02127659574468085,2,1,1,1
4103,36,baselines_work/cohorte/java/CODE_FUN_JAVA_010/CODE_FUN_JAVA_010.java,42,baselines_work/cohorte/java/CODE_FUN_JAVA_015/CODE_FUN_JAVA_015.java,0.01098901098901099,2,1,1,1
4162,40,baselines_work/cohorte/java/CODE_FUN_JAVA_011/CODE_FUN_JAVA_011.java,68,baselines_work/cohorte/java/CODE_IDENT_JAVA_013/CODE_IDENT_JAVA_013.java,0.03278688524590164,2,1,1,1
4163,40,baselines_work/cohorte/java/CODE_FUN_JAVA_011/CODE_FUN_JAVA_011.java,71,baselines_work/cohorte/java/CODE_IDENT_JAVA_013_COPY/CODE_IDENT_JAVA_013.java,0.03278688524590164,2,1,1,1
4195,37,baselines_work/cohorte/java/CODE_FUN_JAVA_012/CODE_FUN_JAVA_012.java,68,baselines_work/cohorte/java/CODE_IDENT_JAVA_013/CODE_IDENT_JAVA_013.java,0.03571428571428571,2,1,1,1
4196,37,baselines_work/cohorte/java/CODE_FUN_JAVA_012/CODE_FUN_JAVA_012.java,71,baselines_work/cohorte/java/CODE_IDENT_JAVA_013_COPY/CODE_IDENT_JAVA_013.java,0.03571428571428571,2,1,1,1
4231,41,baselines_work/cohorte/java/CODE_FUN_JAVA_013/CODE_FUN_JAVA_013.java,72,baselines_work/cohorte/java/CODE_IDENT_JAVA_015/CODE_IDENT_JAVA_015.java,0.021739130434782608,2,1,1,1
4232,41,baselines_work/cohorte/java/CODE_FUN_JAVA_013/CODE_FUN_JAVA_013.java,74,baselines_work/cohorte/java/CODE_IDENT_JAVA_015_COPY/CODE_IDENT_JAVA_015.java,0.021739130434782608,2,1,1,1
4254,44,baselines_work/cohorte/java/CODE_FUN_JAVA_014/CODE_FUN_JAVA_014.java,67,baselines_work/cohorte/java/CODE_IDENT_JAVA_011/CODE_IDENT_JAVA_011.java,0.020618556701030927,2,1,1,1
4255,44,baselines_work/cohorte/java/CODE_FUN_JAVA_014/CODE_FUN_JAVA_014.java,65,baselines_work/cohorte/java/CODE_IDENT_JAVA_011_COPY/CODE_IDENT_JAVA_011.java,0.020618556701030927,2,1,1,1
4356,45,baselines_work/cohorte/java/CODE_IDENT_JAVA_002/CODE_IDENT_JAVA_002.java,59,baselines_work/cohorte/java/CODE_IDENT_JAVA_005/CODE_IDENT_JAVA_005.java,0.028985507246376812,2,1,1,1
4357,45,baselines_work/cohorte/java/CODE_IDENT_JAVA_002/CODE_IDENT_JAVA_002.java,55,baselines_work/cohorte/java/CODE_IDENT_JAVA_005_COPY/CODE_IDENT_JAVA_005.java,0.028985507246376812,2,1,1,1
4382,46,baselines_work/cohorte/java/CODE_IDENT_JAVA_002_COPY/CODE_IDENT_JAVA_002.java,59,baselines_work/cohorte/java/CODE_IDENT_JAVA_005/CODE_IDENT_JAVA_005.java,0.028985507246376812,2,1,1,1
4383,46,baselines_work/cohorte/java/CODE_IDENT_JAVA_002_COPY/CODE_IDENT_JAVA_002.java,55,baselines_work/cohorte/java/CODE_IDENT_JAVA_005_COPY/CODE_IDENT_JAVA_005.java,0.028985507246376812,2,1,1,1
4458,54,baselines_work/cohorte/java/CODE_IDENT_JAVA_004/CODE_IDENT_JAVA_004.java,57,baselines_work/cohorte/java/CODE_IDENT_JAVA_007/CODE_IDENT_JAVA_007.java,0.02631578947368421,2,1,1,1
4459,54,baselines_work/cohorte/java/CODE_IDENT_JAVA_004/CODE_IDENT_JAVA_004.java,58,baselines_work/cohorte/java/CODE_IDENT_JAVA_007_COPY/CODE_IDENT_JAVA_007.java,0.02631578947368421,2,1,1,1
4480,50,baselines_work/cohorte/java/CODE_IDENT_JAVA_004_COPY/CODE_IDENT_JAVA_004.java,57,baselines_work/cohorte/java/CODE_IDENT_JAVA_007/CODE_IDENT_JAVA_007.java,0.02631578947368421,2,1,1,1
4481,50,baselines_work/cohorte/java/CODE_IDENT_JAVA_004_COPY/CODE_IDENT_JAVA_004.java,58,baselines_work/cohorte/java/CODE_IDENT_JAVA_007_COPY/CODE_IDENT_JAVA_007.java,0.02631578947368421,2,1,1,1
4507,59,baselines_work/cohorte/java/CODE_IDENT_JAVA_005/CODE_IDENT_JAVA_005.java,61,baselines_work/cohorte/java/CODE_IDENT_JAVA_010/CODE_IDENT_JAVA_010.java,0.02197802197802198,2,1,1,1
4508,59,baselines_work/cohorte/java/CODE_IDENT_JAVA_005/CODE_IDENT_JAVA_005.java,64,baselines_work/cohorte/java/CODE_IDENT_JAVA_010_COPY/CODE_IDENT_JAVA_010.java,0.02197802197802198,2,1,1,1
4511,59,baselines_work/cohorte/java/CODE_IDENT_JAVA_005/CODE_IDENT_JAVA_005.java,66,baselines_work/cohorte/java/CODE_IDENT_JAVA_012/CODE_IDENT_JAVA_012.java,0.034482758620689655,2,1,1,1
4512,59,baselines_work/cohorte/java/CODE_IDENT_JAVA_005/CODE_IDENT_JAVA_005.java,69,baselines_work/cohorte/java/CODE_IDENT_JAVA_012_COPY/CODE_IDENT_JAVA_012.java,0.034482758620689655,2,1,1,1
4515,59,baselines_work/cohorte/java/CODE_IDENT_JAVA_005/CODE_IDENT_JAVA_005.java,70,baselines_work/cohorte/java/CODE_IDENT_JAVA_014/CODE_IDENT_JAVA_014.java,0.02564102564102564,2,1,1,1
4516,59,baselines_work/cohorte/java/CODE_IDENT_JAVA_005/CODE_IDENT_JAVA_005.java,73,baselines_work/cohorte/java/CODE_IDENT_JAVA_014_COPY/CODE_IDENT_JAVA_014.java,0.02564102564102564,2,1,1,1
4527,55,baselines_work/cohorte/java/CODE_IDENT_JAVA_005_COPY/CODE_IDENT_JAVA_005.java,61,baselines_work/cohorte/java/CODE_IDENT_JAVA_010/CODE_IDENT_JAVA_010.java,0.02197802197802198,2,1,1,1
4528,55,baselines_work/cohorte/java/CODE_IDENT_JAVA_005_COPY/CODE_IDENT_JAVA_005.java,64,baselines_work/cohorte/java/CODE_IDENT_JAVA_010_COPY/CODE_IDENT_JAVA_010.java,0.02197802197802198,2,1,1,1
4531,55,baselines_work/cohorte/java/CODE_IDENT_JAVA_005_COPY/CODE_IDENT_JAVA_005.java,66,baselines_work/cohorte/java/CODE_IDENT_JAVA_012/CODE_IDENT_JAVA_012.java,0.034482758620689655,2,1,1,1
4532,55,baselines_work/cohorte/java/CODE_IDENT_JAVA_005_COPY/CODE_IDENT_JAVA_005.java,69,baselines_work/cohorte/java/CODE_IDENT_JAVA_012_COPY/CODE_IDENT_JAVA_012.java,0.034482758620689655,2,1,1,1
4535,55,baselines_work/cohorte/java/CODE_IDENT_JAVA_005_COPY/CODE_IDENT_JAVA_005.java,70,baselines_work/cohorte/java/CODE_IDENT_JAVA_014/CODE_IDENT_JAVA_014.java,0.02564102564102564,2,1,1,1
4536,55,baselines_work/cohorte/java/CODE_IDENT_JAVA_005_COPY/CODE_IDENT_JAVA_005.java,73,baselines_work/cohorte/java/CODE_IDENT_JAVA_014_COPY/CODE_IDENT_JAVA_014.java,0.02564102564102564,2,1,1,1
4581,57,baselines_work/cohorte/java/CODE_IDENT_JAVA_007/CODE_IDENT_JAVA_007.java,61,baselines_work/cohorte/java/CODE_IDENT_JAVA_010/CODE_IDENT_JAVA_010.java,0.024390243902439025,2,1,1,1
4582,57,baselines_work/cohorte/java/CODE_IDENT_JAVA_007/CODE_IDENT_JAVA_007.java,64,baselines_work/cohorte/java/CODE_IDENT_JAVA_010_COPY/CODE_IDENT_JAVA_010.java,0.024390243902439025,2,1,1,1
4583,57,baselines_work/cohorte/java/CODE_IDENT_JAVA_007/CODE_IDENT_JAVA_007.java,67,baselines_work/cohorte/java/CODE_IDENT_JAVA_011/CODE_IDENT_JAVA_011.java,0.03508771929824561,2,1,1,1
4584,57,baselines_work/cohorte/java/CODE_IDENT_JAVA_007/CODE_IDENT_JAVA_007.java,65,baselines_work/cohorte/java/CODE_IDENT_JAVA_011_COPY/CODE_IDENT_JAVA_011.java,0.03508771929824561,2,1,1,1
4597,58,baselines_work/cohorte/java/CODE_IDENT_JAVA_007_COPY/CODE_IDENT_JAVA_007.java,61,baselines_work/cohorte/java/CODE_IDENT_JAVA_010/CODE_IDENT_JAVA_010.java,0.024390243902439025,2,1,1,1
4598,58,baselines_work/cohorte/java/CODE_IDENT_JAVA_007_COPY/CODE_IDENT_JAVA_007.java,64,baselines_work/cohorte/java/CODE_IDENT_JAVA_010_COPY/CODE_IDENT_JAVA_010.java,0.024390243902439025,2,1,1,1
4599,58,baselines_work/cohorte/java/CODE_IDENT_JAVA_007_COPY/CODE_IDENT_JAVA_007.java,67,baselines_work/cohorte/java/CODE_IDENT_JAVA_011/CODE_IDENT_JAVA_011.java,0.03508771929824561,2,1,1,1
4600,58,baselines_work/cohorte/java/CODE_IDENT_JAVA_007_COPY/CODE_IDENT_JAVA_007.java,65,baselines_work/cohorte/java/CODE_IDENT_JAVA_011_COPY/CODE_IDENT_JAVA_011.java,0.03508771929824561,2,1,1,1
4639,62,baselines_work/cohorte/java/CODE_IDENT_JAVA_009/CODE_IDENT_JAVA_009.java,61,baselines_work/cohorte/java/CODE_IDENT_JAVA_010/CODE_IDENT_JAVA_010.java,0.02,2,1,1,1
4640,62,baselines_work/cohorte/java/CODE_IDENT_JAVA_009/CODE_IDENT_JAVA_009.java,64,baselines_work/cohorte/java/CODE_IDENT_JAVA_010_COPY/CODE_IDENT_JAVA_010.java,0.02,2,1,1,1
4651,63,baselines_work/cohorte/java/CODE_IDENT_JAVA_009_COPY/CODE_IDENT_JAVA_009.java,61,baselines_work/cohorte/java/CODE_IDENT_JAVA_010/CODE_IDENT_JAVA_010.java,0.02,2,1,1,1
4652,63,baselines_work/cohorte/java/CODE_IDENT_JAVA_009_COPY/CODE_IDENT_JAVA_009.java,64,baselines_work/cohorte/java/CODE_IDENT_JAVA_010_COPY/CODE_IDENT_JAVA_010.java,0.02,2,1,1,1
4704,66,baselines_work/cohorte/java/CODE_IDENT_JAVA_012/CODE_IDENT_JAVA_012.java,70,baselines_work/cohorte/java/CODE_IDENT_JAVA_014/CODE_IDENT_JAVA_014.java,0.038461538461538464,2,1,1,1
4705,66,baselines_work/cohorte/java/CODE_IDENT_JAVA_012/CODE_IDENT_JAVA_012.java,73,baselines_work/cohorte/java/CODE_IDENT_JAVA_014_COPY/CODE_IDENT_JAVA_014.java,0.038461538461538464,2,1,1,1
4710,69,baselines_work/cohorte/java/CODE_IDENT_JAVA_012_COPY/CODE_IDENT_JAVA_012.java,70,baselines_work/cohorte/java/CODE_IDENT_JAVA_014/CODE_IDENT_JAVA_014.java,0.038461538461538464,2,1,1,1
4711,69,baselines_work/cohorte/java/CODE_IDENT_JAVA_012_COPY/CODE_IDENT_JAVA_012.java,73,baselines_work/cohorte/java/CODE_IDENT_JAVA_014_COPY/CODE_IDENT_JAVA_014.java,0.038461538461538464,2,1,1,1
4715,68,baselines_work/cohorte/java/CODE_IDENT_JAVA_013/CODE_IDENT_JAVA_013.java,70,baselines_work/cohorte/java/CODE_IDENT_JAVA_014/CODE_IDENT_JAVA_014.java,0.03389830508474576,2,1,1,1
4716,68,baselines_work/cohorte/java/CODE_IDENT_JAVA_013/CODE_IDENT_JAVA_013.java,73,baselines_work/cohorte/java/CODE_IDENT_JAVA_014_COPY/CODE_IDENT_JAVA_014.java,0.03389830508474576,2,1,1,1
4719,71,baselines_work/cohorte/java/CODE_IDENT_JAVA_013_COPY/CODE_IDENT_JAVA_013.java,70,baselines_work/cohorte/java/CODE_IDENT_JAVA_014/CODE_IDENT_JAVA_014.java,0.03389830508474576,2,1,1,1
4720,71,baselines_work/cohorte/java/CODE_IDENT_JAVA_013_COPY/CODE_IDENT_JAVA_013.java,73,baselines_work/cohorte/java/CODE_IDENT_JAVA_014_COPY/CODE_IDENT_JAVA_014.java,0.03389830508474576,2,1,1,1
1957,1,baselines_work/cohorte/java/CODE_DIF_JAVA_001/CODE_DIF_JAVA_001.java,4,baselines_work/cohorte/java/CODE_DIF_JAVA_005/CODE_DIF_JAVA_005.java,0,0,0,0,0
1961,1,baselines_work/cohorte/java/CODE_DIF_JAVA_001/CODE_DIF_JAVA_001.java,10,baselines_work/cohorte/java/CODE_DIF_JAVA_009/CODE_DIF_JAVA_009.java,0,0,0,0,0
1964,1,baselines_work/cohorte/java/CODE_DIF_JAVA_001/CODE_DIF_JAVA_001.java,9,baselines_work/cohorte/java/CODE_DIF_JAVA_012/CODE_DIF_JAVA_012.java,0,0,0,0,0
1968,1,baselines_work/cohorte/java/CODE_DIF_JAVA_001/CODE_DIF_JAVA_001.java,13,baselines_work/cohorte/java/CODE_ESTRU_JAVA_001/CODE_ESTRU_JAVA_001.java,0,0,0,0,0
1969,1,baselines_work/cohorte/java/CODE_DIF_JAVA_001/CODE_DIF_JAVA_001.java,15,baselines_work/cohorte/java/CODE_ESTRU_JAVA_002/CODE_ESTRU_JAVA_002.java,0,0,0,0,0
1970,1,baselines_work/cohorte/java/CODE_DIF_JAVA_001/CODE_DIF_JAVA_001.java,17,baselines_work/cohorte/java/CODE_ESTRU_JAVA_003/CODE_ESTRU_JAVA_003.java,0,0,0,0,0
1971,1,baselines_work/cohorte/java/CODE_DIF_JAVA_001/CODE_DIF_JAVA_001.java,20,baselines_work/cohorte/java/CODE_ESTRU_JAVA_004/CODE_ESTRU_JAVA_004.java,0,0,0,0,0
1972,1,baselines_work/cohorte/java/CODE_DIF_JAVA_001/CODE_DIF_JAVA_001.java,19,baselines_work/cohorte/java/CODE_ESTRU_JAVA_005/CODE_ESTRU_JAVA_005.java,0,0,0,0,0
1973,1,baselines_work/cohorte/java/CODE_DIF_JAVA_001/CODE_DIF_JAVA_001.java,16,baselines_work/cohorte/java/CODE_ESTRU_JAVA_006/CODE_ESTRU_JAVA_006.java,0,0,0,0,0
1974,1,baselines_work/cohorte/java/CODE_DIF_JAVA_001/CODE_DIF_JAVA_001.java,23,baselines_work/cohorte/java/CODE_ESTRU_JAVA_007/CODE_ESTRU_JAVA_007.java,0,0,0,0,0
1975,1,baselines_work/cohorte/java/CODE_DIF_JAVA_001/CODE_DIF_JAVA_001.java,21,baselines_work/cohorte/java/CODE_ESTRU_JAVA_008/CODE_ESTRU_JAVA_008.java,0,0,0,0,0
1976,1,baselines_work/cohorte/java/CODE_DIF_JAVA_001/CODE_DIF_JAVA_001.java,24,baselines_work/cohorte/java/CODE_ESTRU_JAVA_009/CODE_ESTRU_JAVA_009.java,0,0,0,0,0
1977,1,baselines_work/cohorte/java/CODE_DIF_JAVA_001/CODE_DIF_JAVA_001.java,25,baselines_work/cohorte/java/CODE_ESTRU_JAVA_010/CODE_ESTRU_JAVA_010.java,0,0,0,0,0
1978,1,baselines_work/cohorte/java/CODE_DIF_JAVA_001/CODE_DIF_JAVA_001.java,22,baselines_work/cohorte/java/CODE_ESTRU_JAVA_011/CODE_ESTRU_JAVA_011.java,0,0,0,0,0
1983,1,baselines_work/cohorte/java/CODE_DIF_JAVA_001/CODE_DIF_JAVA_001.java,30,baselines_work/cohorte/java/CODE_FUN_JAVA_001/CODE_FUN_JAVA_001.java,0,0,0,0,0
1984,1,baselines_work/cohorte/java/CODE_DIF_JAVA_001/CODE_DIF_JAVA_001.java,34,baselines_work/cohorte/java/CODE_FUN_JAVA_002/CODE_FUN_JAVA_002.java,0,0,0,0,0
1987,1,baselines_work/cohorte/java/CODE_DIF_JAVA_001/CODE_DIF_JAVA_001.java,35,baselines_work/cohorte/java/CODE_FUN_JAVA_005/CODE_FUN_JAVA_005.java,0,0,0,0,0
1989,1,baselines_work/cohorte/java/CODE_DIF_JAVA_001/CODE_DIF_JAVA_001.java,33,baselines_work/cohorte/java/CODE_FUN_JAVA_007/CODE_FUN_JAVA_007.java,0,0,0,0,0
1992,1,baselines_work/cohorte/java/CODE_DIF_JAVA_001/CODE_DIF_JAVA_001.java,36,baselines_work/cohorte/java/CODE_FUN_JAVA_010/CODE_FUN_JAVA_010.java,0,0,0,0,0
1994,1,baselines_work/cohorte/java/CODE_DIF_JAVA_001/CODE_DIF_JAVA_001.java,37,baselines_work/cohorte/java/CODE_FUN_JAVA_012/CODE_FUN_JAVA_012.java,0,0,0,0,0
1995,1,baselines_work/cohorte/java/CODE_DIF_JAVA_001/CODE_DIF_JAVA_001.java,41,baselines_work/cohorte/java/CODE_FUN_JAVA_013/CODE_FUN_JAVA_013.java,0,0,0,0,0
1998,1,baselines_work/cohorte/java/CODE_DIF_JAVA_001/CODE_DIF_JAVA_001.java,43,baselines_work/cohorte/java/CODE_IDENT_JAVA_001/CODE_IDENT_JAVA_001.java,0,0,0,0,0
1999,1,baselines_work/cohorte/java/CODE_DIF_JAVA_001/CODE_DIF_JAVA_001.java,52,baselines_work/cohorte/java/CODE_IDENT_JAVA_001_COPY/CODE_IDENT_JAVA_001.java,0,0,0,0,0
2000,1,baselines_work/cohorte/java/CODE_DIF_JAVA_001/CODE_DIF_JAVA_001.java,45,baselines_work/cohorte/java/CODE_IDENT_JAVA_002/CODE_IDENT_JAVA_002.java,0,0,0,0,0
2001,1,baselines_work/cohorte/java/CODE_DIF_JAVA_001/CODE_DIF_JAVA_001.java,46,baselines_work/cohorte/java/CODE_IDENT_JAVA_002_COPY/CODE_IDENT_JAVA_002.java,0,0,0,0,0
2002,1,baselines_work/cohorte/java/CODE_DIF_JAVA_001/CODE_DIF_JAVA_001.java,49,baselines_work/cohorte/java/CODE_IDENT_JAVA_003/CODE_IDENT_JAVA_003.java,0,0,0,0,0
2003,1,baselines_work/cohorte/java/CODE_DIF_JAVA_001/CODE_DIF_JAVA_001.java,48,baselines_work/cohorte/java/CODE_IDENT_JAVA_003_COPY/CODE_IDENT_JAVA_003.java,0,0,0,0,0
2004,1,baselines_work/cohorte/java/CODE_DIF_JAVA_001/CODE_DIF_JAVA_001.java,54,baselines_work/cohorte/java/CODE_IDENT_JAVA_004/CODE_IDENT_JAVA_004.java,0,0,0,0,0
2005,1,baselines_work/cohorte/java/CODE_DIF_JAVA_001/CODE_DIF_JAVA_001.java,50,baselines_work/cohorte/java/CODE_IDENT_JAVA_004_COPY/CODE_IDENT_JAVA_004.java,0,0,0,0,0
2006,1,baselines_work/cohorte/java/CODE_DIF_JAVA_001/CODE_DIF_JAVA_001.java,59,baselines_work/cohorte/java/CODE_IDENT_JAVA_005/CODE_IDENT_JAVA_005.java,0,0,0,0,0
2007,1,baselines_work/cohorte/java/CODE_DIF_JAVA_001/CODE_DIF_JAVA_001.java,55,baselines_work/cohorte/java/CODE_IDENT_JAVA_005_COPY/CODE_IDENT_JAVA_005.java,0,0,0,0,0
2008,1,baselines_work/cohorte/java/CODE_DIF_JAVA_001/CODE_DIF_JAVA_001.java,51,baselines_work/cohorte/java/CODE_IDENT_JAVA_006/CODE_IDENT_JAVA_006.java,0,0,0,0,0
2009,1,baselines_work/cohorte/java/CODE_DIF_JAVA_001/CODE_DIF_JAVA_001.java,53,baselines_work/cohorte/java/CODE_IDENT_JAVA_006_COPY/CODE_IDENT_JAVA_006.java,0,0,0,0,0
2010,1,baselines_work/cohorte/java/CODE_DIF_JAVA_001/CODE_DIF_JAVA_001.java,57,baselines_work/cohorte/java/CODE_IDENT_JAVA_007/CODE_IDENT_JAVA_007.java,0,0,0,0,0
2011,1,baselines_work/cohorte/java/CODE_DIF_JAVA_001/CODE_DIF_JAVA_001.java,58,baselines_work/cohorte/java/CODE_IDENT_JAVA_007_COPY/CODE_IDENT_JAVA_007.java,0,0,0,0,0
2012,1,baselines_work/cohorte/java/CODE_DIF_JAVA_001/CODE_DIF_JAVA_001.java,56,baselines_work/cohorte/java/CODE_IDENT_JAVA_008/CODE_IDENT_JAVA_008.java,0,0,0,0,0
2013,1,baselines_work/cohorte/java/CODE_DIF_JAVA_001/CODE_DIF_JAVA_001.java,60,baselines_work/cohorte/java/CODE_IDENT_JAVA_008_COPY/CODE_IDENT_JAVA_008.java,0,0,0,0,0
2014,1,baselines_work/cohorte/java/CODE_DIF_JAVA_001/CODE_DIF_JAVA_001.java,62,baselines_work/cohorte/java/CODE_IDENT_JAVA_009/CODE_IDENT_JAVA_009.java,0,0,0,0,0
2015,1,baselines_work/cohorte/java/CODE_DIF_JAVA_001/CODE_DIF_JAVA_001.java,63,baselines_work/cohorte/java/CODE_IDENT_JAVA_009_COPY/CODE_IDENT_JAVA_009.java,0,0,0,0,0
2016,1,baselines_work/cohorte/java/CODE_DIF_JAVA_001/CODE_DIF_JAVA_001.java,61,baselines_work/cohorte/java/CODE_IDENT_JAVA_010/CODE_IDENT_JAVA_010.java,0,0,0,0,0
2017,1,baselines_work/cohorte/java/CODE_DIF_JAVA_001/CODE_DIF_JAVA_001.java,64,baselines_work/cohorte/java/CODE_IDENT_JAVA_010_COPY/CODE_IDENT_JAVA_010.java,0,0,0,0,0
2018,1,baselines_work/cohorte/java/CODE_DIF_JAVA_001/CODE_DIF_JAVA_001.java,67,baselines_work/cohorte/java/CODE_IDENT_JAVA_011/CODE_IDENT_JAVA_011.java,0,0,0,0,0
2019,1,baselines_work/cohorte/java/CODE_DIF_JAVA_001/CODE_DIF_JAVA_001.java,65,baselines_work/cohorte/java/CODE_IDENT_JAVA_011_COPY/CODE_IDENT_JAVA_011.java,0,0,0,0,0
2020,1,baselines_work/cohorte/java/CODE_DIF_JAVA_001/CODE_DIF_JAVA_001.java,66,baselines_work/cohorte/java/CODE_IDENT_JAVA_012/CODE_IDENT_JAVA_012.java,0,0,0,0,0
2021,1,baselines_work/cohorte/java/CODE_DIF_JAVA_001/CODE_DIF_JAVA_001.java,69,baselines_work/cohorte/java/CODE_IDENT_JAVA_012_COPY/CODE_IDENT_JAVA_012.java,0,0,0,0,0
2022,1,baselines_work/cohorte/java/CODE_DIF_JAVA_001/CODE_DIF_JAVA_001.java,68,baselines_work/cohorte/java/CODE_IDENT_JAVA_013/CODE_IDENT_JAVA_013.java,0,0,0,0,0
2023,1,baselines_work/cohorte/java/CODE_DIF_JAVA_001/CODE_DIF_JAVA_001.java,71,baselines_work/cohorte/java/CODE_IDENT_JAVA_013_COPY/CODE_IDENT_JAVA_013.java,0,0,0,0,0
2024,1,baselines_work/cohorte/java/CODE_DIF_JAVA_001/CODE_DIF_JAVA_001.java,70,baselines_work/cohorte/java/CODE_IDENT_JAVA_014/CODE_IDENT_JAVA_014.java,0,0,0,0,0
2025,1,baselines_work/cohorte/java/CODE_DIF_JAVA_001/CODE_DIF_JAVA_001.java,73,baselines_work/cohorte/java/CODE_IDENT_JAVA_014_COPY/CODE_IDENT_JAVA_014.java,0,0,0,0,0
2041,6,baselines_work/cohorte/java/CODE_DIF_JAVA_002/CODE_DIF_JAVA_002.java,13,baselines_work/cohorte/java/CODE_ESTRU_JAVA_001/CODE_ESTRU_JAVA_001.java,0,0,0,0,0
2042,6,baselines_work/cohorte/java/CODE_DIF_JAVA_002/CODE_DIF_JAVA_002.java,15,baselines_work/cohorte/java/CODE_ESTRU_JAVA_002/CODE_ESTRU_JAVA_002.java,0,0,0,0,0
2043,6,baselines_work/cohorte/java/CODE_DIF_JAVA_002/CODE_DIF_JAVA_002.java,17,baselines_work/cohorte/java/CODE_ESTRU_JAVA_003/CODE_ESTRU_JAVA_003.java,0,0,0,0,0
2044,6,baselines_work/cohorte/java/CODE_DIF_JAVA_002/CODE_DIF_JAVA_002.java,20,baselines_work/cohorte/java/CODE_ESTRU_JAVA_004/CODE_ESTRU_JAVA_004.java,0,0,0,0,0
2045,6,baselines_work/cohorte/java/CODE_DIF_JAVA_002/CODE_DIF_JAVA_002.java,19,baselines_work/cohorte/java/CODE_ESTRU_JAVA_005/CODE_ESTRU_JAVA_005.java,0,0,0,0,0
2046,6,baselines_work/cohorte/java/CODE_DIF_JAVA_002/CODE_DIF_JAVA_002.java,16,baselines_work/cohorte/java/CODE_ESTRU_JAVA_006/CODE_ESTRU_JAVA_006.java,0,0,0,0,0
2047,6,baselines_work/cohorte/java/CODE_DIF_JAVA_002/CODE_DIF_JAVA_002.java,23,baselines_work/cohorte/java/CODE_ESTRU_JAVA_007/CODE_ESTRU_JAVA_007.java,0,0,0,0,0
2048,6,baselines_work/cohorte/java/CODE_DIF_JAVA_002/CODE_DIF_JAVA_002.java,21,baselines_work/cohorte/java/CODE_ESTRU_JAVA_008/CODE_ESTRU_JAVA_008.java,0,0,0,0,0
2050,6,baselines_work/cohorte/java/CODE_DIF_JAVA_002/CODE_DIF_JAVA_002.java,25,baselines_work/cohorte/java/CODE_ESTRU_JAVA_010/CODE_ESTRU_JAVA_010.java,0,0,0,0,0
2051,6,baselines_work/cohorte/java/CODE_DIF_JAVA_002/CODE_DIF_JAVA_002.java,22,baselines_work/cohorte/java/CODE_ESTRU_JAVA_011/CODE_ESTRU_JAVA_011.java,0,0,0,0,0
2052,6,baselines_work/cohorte/java/CODE_DIF_JAVA_002/CODE_DIF_JAVA_002.java,28,baselines_work/cohorte/java/CODE_ESTRU_JAVA_012/CODE_ESTRU_JAVA_012.java,0,0,0,0,0
2053,6,baselines_work/cohorte/java/CODE_DIF_JAVA_002/CODE_DIF_JAVA_002.java,27,baselines_work/cohorte/java/CODE_ESTRU_JAVA_013/CODE_ESTRU_JAVA_013.java,0,0,0,0,0
2054,6,baselines_work/cohorte/java/CODE_DIF_JAVA_002/CODE_DIF_JAVA_002.java,26,baselines_work/cohorte/java/CODE_ESTRU_JAVA_014/CODE_ESTRU_JAVA_014.java,0,0,0,0,0
2055,6,baselines_work/cohorte/java/CODE_DIF_JAVA_002/CODE_DIF_JAVA_002.java,31,baselines_work/cohorte/java/CODE_ESTRU_JAVA_015/CODE_ESTRU_JAVA_015.java,0,0,0,0,0
2061,6,baselines_work/cohorte/java/CODE_DIF_JAVA_002/CODE_DIF_JAVA_002.java,38,baselines_work/cohorte/java/CODE_FUN_JAVA_006/CODE_FUN_JAVA_006.java,0,0,0,0,0
2071,6,baselines_work/cohorte/java/CODE_DIF_JAVA_002/CODE_DIF_JAVA_002.java,43,baselines_work/cohorte/java/CODE_IDENT_JAVA_001/CODE_IDENT_JAVA_001.java,0,0,0,0,0
2072,6,baselines_work/cohorte/java/CODE_DIF_JAVA_002/CODE_DIF_JAVA_002.java,52,baselines_work/cohorte/java/CODE_IDENT_JAVA_001_COPY/CODE_IDENT_JAVA_001.java,0,0,0,0,0
2073,6,baselines_work/cohorte/java/CODE_DIF_JAVA_002/CODE_DIF_JAVA_002.java,45,baselines_work/cohorte/java/CODE_IDENT_JAVA_002/CODE_IDENT_JAVA_002.java,0,0,0,0,0
2074,6,baselines_work/cohorte/java/CODE_DIF_JAVA_002/CODE_DIF_JAVA_002.java,46,baselines_work/cohorte/java/CODE_IDENT_JAVA_002_COPY/CODE_IDENT_JAVA_002.java,0,0,0,0,0
2075,6,baselines_work/cohorte/java/CODE_DIF_JAVA_002/CODE_DIF_JAVA_002.java,49,baselines_work/cohorte/java/CODE_IDENT_JAVA_003/CODE_IDENT_JAVA_003.java,0,0,0,0,0
2076,6,baselines_work/cohorte/java/CODE_DIF_JAVA_002/CODE_DIF_JAVA_002.java,48,baselines_work/cohorte/java/CODE_IDENT_JAVA_003_COPY/CODE_IDENT_JAVA_003.java,0,0,0,0,0
2077,6,baselines_work/cohorte/java/CODE_DIF_JAVA_002/CODE_DIF_JAVA_002.java,54,baselines_work/cohorte/java/CODE_IDENT_JAVA_004/CODE_IDENT_JAVA_004.java,0,0,0,0,0
2078,6,baselines_work/cohorte/java/CODE_DIF_JAVA_002/CODE_DIF_JAVA_002.java,50,baselines_work/cohorte/java/CODE_IDENT_JAVA_004_COPY/CODE_IDENT_JAVA_004.java,0,0,0,0,0
2079,6,baselines_work/cohorte/java/CODE_DIF_JAVA_002/CODE_DIF_JAVA_002.java,59,baselines_work/cohorte/java/CODE_IDENT_JAVA_005/CODE_IDENT_JAVA_005.java,0,0,0,0,0
2080,6,baselines_work/cohorte/java/CODE_DIF_JAVA_002/CODE_DIF_JAVA_002.java,55,baselines_work/cohorte/java/CODE_IDENT_JAVA_005_COPY/CODE_IDENT_JAVA_005.java,0,0,0,0,0
2081,6,baselines_work/cohorte/java/CODE_DIF_JAVA_002/CODE_DIF_JAVA_002.java,51,baselines_work/cohorte/java/CODE_IDENT_JAVA_006/CODE_IDENT_JAVA_006.java,0,0,0,0,0
2082,6,baselines_work/cohorte/java/CODE_DIF_JAVA_002/CODE_DIF_JAVA_002.java,53,baselines_work/cohorte/java/CODE_IDENT_JAVA_006_COPY/CODE_IDENT_JAVA_006.java,0,0,0,0,0
2083,6,baselines_work/cohorte/java/CODE_DIF_JAVA_002/CODE_DIF_JAVA_002.java,57,baselines_work/cohorte/java/CODE_IDENT_JAVA_007/CODE_IDENT_JAVA_007.java,0,0,0,0,0
2084,6,baselines_work/cohorte/java/CODE_DIF_JAVA_002/CODE_DIF_JAVA_002.java,58,baselines_work/cohorte/java/CODE_IDENT_JAVA_007_COPY/CODE_IDENT_JAVA_007.java,0,0,0,0,0
2085,6,baselines_work/cohorte/java/CODE_DIF_JAVA_002/CODE_DIF_JAVA_002.java,56,baselines_work/cohorte/java/CODE_IDENT_JAVA_008/CODE_IDENT_JAVA_008.java,0,0,0,0,0
2086,6,baselines_work/cohorte/java/CODE_DIF_JAVA_002/CODE_DIF_JAVA_002.java,60,baselines_work/cohorte/java/CODE_IDENT_JAVA_008_COPY/CODE_IDENT_JAVA_008.java,0,0,0,0,0
2089,6,baselines_work/cohorte/java/CODE_DIF_JAVA_002/CODE_DIF_JAVA_002.java,61,baselines_work/cohorte/java/CODE_IDENT_JAVA_010/CODE_IDENT_JAVA_010.java,0,0,0,0,0
2090,6,baselines_work/cohorte/java/CODE_DIF_JAVA_002/CODE_DIF_JAVA_002.java,64,baselines_work/cohorte/java/CODE_IDENT_JAVA_010_COPY/CODE_IDENT_JAVA_010.java,0,0,0,0,0
2091,6,baselines_work/cohorte/java/CODE_DIF_JAVA_002/CODE_DIF_JAVA_002.java,67,baselines_work/cohorte/java/CODE_IDENT_JAVA_011/CODE_IDENT_JAVA_011.java,0,0,0,0,0
2092,6,baselines_work/cohorte/java/CODE_DIF_JAVA_002/CODE_DIF_JAVA_002.java,65,baselines_work/cohorte/java/CODE_IDENT_JAVA_011_COPY/CODE_IDENT_JAVA_011.java,0,0,0,0,0
2093,6,baselines_work/cohorte/java/CODE_DIF_JAVA_002/CODE_DIF_JAVA_002.java,66,baselines_work/cohorte/java/CODE_IDENT_JAVA_012/CODE_IDENT_JAVA_012.java,0,0,0,0,0
2094,6,baselines_work/cohorte/java/CODE_DIF_JAVA_002/CODE_DIF_JAVA_002.java,69,baselines_work/cohorte/java/CODE_IDENT_JAVA_012_COPY/CODE_IDENT_JAVA_012.java,0,0,0,0,0
2095,6,baselines_work/cohorte/java/CODE_DIF_JAVA_002/CODE_DIF_JAVA_002.java,68,baselines_work/cohorte/java/CODE_IDENT_JAVA_013/CODE_IDENT_JAVA_013.java,0,0,0,0,0
2096,6,baselines_work/cohorte/java/CODE_DIF_JAVA_002/CODE_DIF_JAVA_002.java,71,baselines_work/cohorte/java/CODE_IDENT_JAVA_013_COPY/CODE_IDENT_JAVA_013.java,0,0,0,0,0
2097,6,baselines_work/cohorte/java/CODE_DIF_JAVA_002/CODE_DIF_JAVA_002.java,70,baselines_work/cohorte/java/CODE_IDENT_JAVA_014/CODE_IDENT_JAVA_014.java,0,0,0,0,0
2098,6,baselines_work/cohorte/java/CODE_DIF_JAVA_002/CODE_DIF_JAVA_002.java,73,baselines_work/cohorte/java/CODE_IDENT_JAVA_014_COPY/CODE_IDENT_JAVA_014.java,0,0,0,0,0
2099,6,baselines_work/cohorte/java/CODE_DIF_JAVA_002/CODE_DIF_JAVA_002.java,72,baselines_work/cohorte/java/CODE_IDENT_JAVA_015/CODE_IDENT_JAVA_015.java,0,0,0,0,0
2100,6,baselines_work/cohorte/java/CODE_DIF_JAVA_002/CODE_DIF_JAVA_002.java,74,baselines_work/cohorte/java/CODE_IDENT_JAVA_015_COPY/CODE_IDENT_JAVA_015.java,0,0,0,0,0
2110,2,baselines_work/cohorte/java/CODE_DIF_JAVA_003/CODE_DIF_JAVA_003.java,14,baselines_work/cohorte/java/CODE_DIF_JAVA_013/CODE_DIF_JAVA_013.java,0,0,0,0,0
2114,2,baselines_work/cohorte/java/CODE_DIF_JAVA_003/CODE_DIF_JAVA_003.java,15,baselines_work/cohorte/java/CODE_ESTRU_JAVA_002/CODE_ESTRU_JAVA_002.java,0,0,0,0,0
2115,2,baselines_work/cohorte/java/CODE_DIF_JAVA_003/CODE_DIF_JAVA_003.java,17,baselines_work/cohorte/java/CODE_ESTRU_JAVA_003/CODE_ESTRU_JAVA_003.java,0,0,0,0,0
2116,2,baselines_work/cohorte/java/CODE_DIF_JAVA_003/CODE_DIF_JAVA_003.java,20,baselines_work/cohorte/java/CODE_ESTRU_JAVA_004/CODE_ESTRU_JAVA_004.java,0,0,0,0,0
2117,2,baselines_work/cohorte/java/CODE_DIF_JAVA_003/CODE_DIF_JAVA_003.java,19,baselines_work/cohorte/java/CODE_ESTRU_JAVA_005/CODE_ESTRU_JAVA_005.java,0,0,0,0,0
2118,2,baselines_work/cohorte/java/CODE_DIF_JAVA_003/CODE_DIF_JAVA_003.java,16,baselines_work/cohorte/java/CODE_ESTRU_JAVA_006/CODE_ESTRU_JAVA_006.java,0,0,0,0,0
2119,2,baselines_work/cohorte/java/CODE_DIF_JAVA_003/CODE_DIF_JAVA_003.java,23,baselines_work/cohorte/java/CODE_ESTRU_JAVA_007/CODE_ESTRU_JAVA_007.java,0,0,0,0,0
2120,2,baselines_work/cohorte/java/CODE_DIF_JAVA_003/CODE_DIF_JAVA_003.java,21,baselines_work/cohorte/java/CODE_ESTRU_JAVA_008/CODE_ESTRU_JAVA_008.java,0,0,0,0,0
2121,2,baselines_work/cohorte/java/CODE_DIF_JAVA_003/CODE_DIF_JAVA_003.java,24,baselines_work/cohorte/java/CODE_ESTRU_JAVA_009/CODE_ESTRU_JAVA_009.java,0,0,0,0,0
2122,2,baselines_work/cohorte/java/CODE_DIF_JAVA_003/CODE_DIF_JAVA_003.java,25,baselines_work/cohorte/java/CODE_ESTRU_JAVA_010/CODE_ESTRU_JAVA_010.java,0,0,0,0,0
2123,2,baselines_work/cohorte/java/CODE_DIF_JAVA_003/CODE_DIF_JAVA_003.java,22,baselines_work/cohorte/java/CODE_ESTRU_JAVA_011/CODE_ESTRU_JAVA_011.java,0,0,0,0,0
2124,2,baselines_work/cohorte/java/CODE_DIF_JAVA_003/CODE_DIF_JAVA_003.java,28,baselines_work/cohorte/java/CODE_ESTRU_JAVA_012/CODE_ESTRU_JAVA_012.java,0,0,0,0,0
2125,2,baselines_work/cohorte/java/CODE_DIF_JAVA_003/CODE_DIF_JAVA_003.java,27,baselines_work/cohorte/java/CODE_ESTRU_JAVA_013/CODE_ESTRU_JAVA_013.java,0,0,0,0,0
2126,2,baselines_work/cohorte/java/CODE_DIF_JAVA_003/CODE_DIF_JAVA_003.java,26,baselines_work/cohorte/java/CODE_ESTRU_JAVA_014/CODE_ESTRU_JAVA_014.java,0,0,0,0,0
2127,2,baselines_work/cohorte/java/CODE_DIF_JAVA_003/CODE_DIF_JAVA_003.java,31,baselines_work/cohorte/java/CODE_ESTRU_JAVA_015/CODE_ESTRU_JAVA_015.java,0,0,0,0,0
2128,2,baselines_work/cohorte/java/CODE_DIF_JAVA_003/CODE_DIF_JAVA_003.java,30,baselines_work/cohorte/java/CODE_FUN_JAVA_001/CODE_FUN_JAVA_001.java,0,0,0,0,0
2129,2,baselines_work/cohorte/java/CODE_DIF_JAVA_003/CODE_DIF_JAVA_003.java,34,baselines_work/cohorte/java/CODE_FUN_JAVA_002/CODE_FUN_JAVA_002.java,0,0,0,0,0
2138,2,baselines_work/cohorte/java/CODE_DIF_JAVA_003/CODE_DIF_JAVA_003.java,40,baselines_work/cohorte/java/CODE_FUN_JAVA_011/CODE_FUN_JAVA_011.java,0,0,0,0,0
2139,2,baselines_work/cohorte/java/CODE_DIF_JAVA_003/CODE_DIF_JAVA_003.java,37,baselines_work/cohorte/java/CODE_FUN_JAVA_012/CODE_FUN_JAVA_012.java,0,0,0,0,0
2141,2,baselines_work/cohorte/java/CODE_DIF_JAVA_003/CODE_DIF_JAVA_003.java,44,baselines_work/cohorte/java/CODE_FUN_JAVA_014/CODE_FUN_JAVA_014.java,0,0,0,0,0
2145,2,baselines_work/cohorte/java/CODE_DIF_JAVA_003/CODE_DIF_JAVA_003.java,45,baselines_work/cohorte/java/CODE_IDENT_JAVA_002/CODE_IDENT_JAVA_002.java,0,0,0,0,0
2146,2,baselines_work/cohorte/java/CODE_DIF_JAVA_003/CODE_DIF_JAVA_003.java,46,baselines_work/cohorte/java/CODE_IDENT_JAVA_002_COPY/CODE_IDENT_JAVA_002.java,0,0,0,0,0
2147,2,baselines_work/cohorte/java/CODE_DIF_JAVA_003/CODE_DIF_JAVA_003.java,49,baselines_work/cohorte/java/CODE_IDENT_JAVA_003/CODE_IDENT_JAVA_003.java,0,0,0,0,0
2148,2,baselines_work/cohorte/java/CODE_DIF_JAVA_003/CODE_DIF_JAVA_003.java,48,baselines_work/cohorte/java/CODE_IDENT_JAVA_003_COPY/CODE_IDENT_JAVA_003.java,0,0,0,0,0
2149,2,baselines_work/cohorte/java/CODE_DIF_JAVA_003/CODE_DIF_JAVA_003.java,54,baselines_work/cohorte/java/CODE_IDENT_JAVA_004/CODE_IDENT_JAVA_004.java,0,0,0,0,0
2150,2,baselines_work/cohorte/java/CODE_DIF_JAVA_003/CODE_DIF_JAVA_003.java,50,baselines_work/cohorte/java/CODE_IDENT_JAVA_004_COPY/CODE_IDENT_JAVA_004.java,0,0,0,0,0
2151,2,baselines_work/cohorte/java/CODE_DIF_JAVA_003/CODE_DIF_JAVA_003.java,59,baselines_work/cohorte/java/CODE_IDENT_JAVA_005/CODE_IDENT_JAVA_005.java,0,0,0,0,0
2152,2,baselines_work/cohorte/java/CODE_DIF_JAVA_003/CODE_DIF_JAVA_003.java,55,baselines_work/cohorte/java/CODE_IDENT_JAVA_005_COPY/CODE_IDENT_JAVA_005.java,0,0,0,0,0
2153,2,baselines_work/cohorte/java/CODE_DIF_JAVA_003/CODE_DIF_JAVA_003.java,51,baselines_work/cohorte/java/CODE_IDENT_JAVA_006/CODE_IDENT_JAVA_006.java,0,0,0,0,0
2154,2,baselines_work/cohorte/java/CODE_DIF_JAVA_003/CODE_DIF_JAVA_003.java,53,baselines_work/cohorte/java/CODE_IDENT_JAVA_006_COPY/CODE_IDENT_JAVA_006.java,0,0,0,0,0
2155,2,baselines_work/cohorte/java/CODE_DIF_JAVA_003/CODE_DIF_JAVA_003.java,57,baselines_work/cohorte/java/CODE_IDENT_JAVA_007/CODE_IDENT_JAVA_007.java,0,0,0,0,0
2156,2,baselines_work/cohorte/java/CODE_DIF_JAVA_003/CODE_DIF_JAVA_003.java,58,baselines_work/cohorte/java/CODE_IDENT_JAVA_007_COPY/CODE_IDENT_JAVA_007.java,0,0,0,0,0
2157,2,baselines_work/cohorte/java/CODE_DIF_JAVA_003/CODE_DIF_JAVA_003.java,56,baselines_work/cohorte/java/CODE_IDENT_JAVA_008/CODE_IDENT_JAVA_008.java,0,0,0,0,0
2158,2,baselines_work/cohorte/java/CODE_DIF_JAVA_003/CODE_DIF_JAVA_003.java,60,baselines_work/cohorte/java/CODE_IDENT_JAVA_008_COPY/CODE_IDENT_JAVA_008.java,0,0,0,0,0
2159,2,baselines_work/cohorte/java/CODE_DIF_JAVA_003/CODE_DIF_JAVA_003.java,62,baselines_work/cohorte/java/CODE_IDENT_JAVA_009/CODE_IDENT_JAVA_009.java,0,0,0,0,0
2160,2,baselines_work/cohorte/java/CODE_DIF_JAVA_003/CODE_DIF_JAVA_003.java,63,baselines_work/cohorte/java/CODE_IDENT_JAVA_009_COPY/CODE_IDENT_JAVA_009.java,0,0,0,0,0
2161,2,baselines_work/cohorte/java/CODE_DIF_JAVA_003/CODE_DIF_JAVA_003.java,61,baselines_work/cohorte/java/CODE_IDENT_JAVA_010/CODE_IDENT_JAVA_010.java,0,0,0,0,0
2162,2,baselines_work/cohorte/java/CODE_DIF_JAVA_003/CODE_DIF_JAVA_003.java,64,baselines_work/cohorte/java/CODE_IDENT_JAVA_010_COPY/CODE_IDENT_JAVA_010.java,0,0,0,0,0
2163,2,baselines_work/cohorte/java/CODE_DIF_JAVA_003/CODE_DIF_JAVA_003.java,67,baselines_work/cohorte/java/CODE_IDENT_JAVA_011/CODE_IDENT_JAVA_011.java,0,0,0,0,0
2164,2,baselines_work/cohorte/java/CODE_DIF_JAVA_003/CODE_DIF_JAVA_003.java,65,baselines_work/cohorte/java/CODE_IDENT_JAVA_011_COPY/CODE_IDENT_JAVA_011.java,0,0,0,0,0
2165,2,baselines_work/cohorte/java/CODE_DIF_JAVA_003/CODE_DIF_JAVA_003.java,66,baselines_work/cohorte/java/CODE_IDENT_JAVA_012/CODE_IDENT_JAVA_012.java,0,0,0,0,0
2166,2,baselines_work/cohorte/java/CODE_DIF_JAVA_003/CODE_DIF_JAVA_003.java,69,baselines_work/cohorte/java/CODE_IDENT_JAVA_012_COPY/CODE_IDENT_JAVA_012.java,0,0,0,0,0
2167,2,baselines_work/cohorte/java/CODE_DIF_JAVA_003/CODE_DIF_JAVA_003.java,68,baselines_work/cohorte/java/CODE_IDENT_JAVA_013/CODE_IDENT_JAVA_013.java,0,0,0,0,0
2168,2,baselines_work/cohorte/java/CODE_DIF_JAVA_003/CODE_DIF_JAVA_003.java,71,baselines_work/cohorte/java/CODE_IDENT_JAVA_013_COPY/CODE_IDENT_JAVA_013.java,0,0,0,0,0
2169,2,baselines_work/cohorte/java/CODE_DIF_JAVA_003/CODE_DIF_JAVA_003.java,70,baselines_work/cohorte/java/CODE_IDENT_JAVA_014/CODE_IDENT_JAVA_014.java,0,0,0,0,0
2170,2,baselines_work/cohorte/java/CODE_DIF_JAVA_003/CODE_DIF_JAVA_003.java,73,baselines_work/cohorte/java/CODE_IDENT_JAVA_014_COPY/CODE_IDENT_JAVA_014.java,0,0,0,0,0
2171,2,baselines_work/cohorte/java/CODE_DIF_JAVA_003/CODE_DIF_JAVA_003.java,72,baselines_work/cohorte/java/CODE_IDENT_JAVA_015/CODE_IDENT_JAVA_015.java,0,0,0,0,0
2172,2,baselines_work/cohorte/java/CODE_DIF_JAVA_003/CODE_DIF_JAVA_003.java,74,baselines_work/cohorte/java/CODE_IDENT_JAVA_015_COPY/CODE_IDENT_JAVA_015.java,0,0,0,0,0
2184,0,baselines_work/cohorte/java/CODE_DIF_JAVA_004/CODE_DIF_JAVA_004.java,13,baselines_work/cohorte/java/CODE_ESTRU_JAVA_001/CODE_ESTRU_JAVA_001.java,0,0,0,0,0
2185,0,baselines_work/cohorte/java/CODE_DIF_JAVA_004/CODE_DIF_JAVA_004.java,15,baselines_work/cohorte/java/CODE_ESTRU_JAVA_002/CODE_ESTRU_JAVA_002.java,0,0,0,0,0
2186,0,baselines_work/cohorte/java/CODE_DIF_JAVA_004/CODE_DIF_JAVA_004.java,17,baselines_work/cohorte/java/CODE_ESTRU_JAVA_003/CODE_ESTRU_JAVA_003.java,0,0,0,0,0
2187,0,baselines_work/cohorte/java/CODE_DIF_JAVA_004/CODE_DIF_JAVA_004.java,20,baselines_work/cohorte/java/CODE_ESTRU_JAVA_004/CODE_ESTRU_JAVA_004.java,0,0,0,0,0
2188,0,baselines_work/cohorte/java/CODE_DIF_JAVA_004/CODE_DIF_JAVA_004.java,19,baselines_work/cohorte/java/CODE_ESTRU_JAVA_005/CODE_ESTRU_JAVA_005.java,0,0,0,0,0
2189,0,baselines_work/cohorte/java/CODE_DIF_JAVA_004/CODE_DIF_JAVA_004.java,16,baselines_work/cohorte/java/CODE_ESTRU_JAVA_006/CODE_ESTRU_JAVA_006.java,0,0,0,0,0
2190,0,baselines_work/cohorte/java/CODE_DIF_JAVA_004/CODE_DIF_JAVA_004.java,23,baselines_work/cohorte/java/CODE_ESTRU_JAVA_007/CODE_ESTRU_JAVA_007.java,0,0,0,0,0
2191,0,baselines_work/cohorte/java/CODE_DIF_JAVA_004/CODE_DIF_JAVA_004.java,21,baselines_work/cohorte/java/CODE_ESTRU_JAVA_008/CODE_ESTRU_JAVA_008.java,0,0,0,0,0
2192,0,baselines_work/cohorte/java/CODE_DIF_JAVA_004/CODE_DIF_JAVA_004.java,24,baselines_work/cohorte/java/CODE_ESTRU_JAVA_009/CODE_ESTRU_JAVA_009.java,0,0,0,0,0
2193,0,baselines_work/cohorte/java/CODE_DIF_JAVA_004/CODE_DIF_JAVA_004.java,25,baselines_work/cohorte/java/CODE_ESTRU_JAVA_010/CODE_ESTRU_JAVA_010.java,0,0,0,0,0
2194,0,baselines_work/cohorte/java/CODE_DIF_JAVA_004/CODE_DIF_JAVA_004.java,22,baselines_work/cohorte/java/CODE_ESTRU_JAVA_011/CODE_ESTRU_JAVA_011.java,0,0,0,0,0
2197,0,baselines_work/cohorte/java/CODE_DIF_JAVA_004/CODE_DIF_JAVA_004.java,26,baselines_work/cohorte/java/CODE_ESTRU_JAVA_014/CODE_ESTRU_JAVA_014.java,0,0,0,0,0
2198,0,baselines_work/cohorte/java/CODE_DIF_JAVA_004/CODE_DIF_JAVA_004.java,31,baselines_work/cohorte/java/CODE_ESTRU_JAVA_015/CODE_ESTRU_JAVA_015.java,0,0,0,0,0
2199,0,baselines_work/cohorte/java/CODE_DIF_JAVA_004/CODE_DIF_JAVA_004.java,30,baselines_work/cohorte/java/CODE_FUN_JAVA_001/CODE_FUN_JAVA_001.java,0,0,0,0,0
2206,0,baselines_work/cohorte/java/CODE_DIF_JAVA_004/CODE_DIF_JAVA_004.java,32,baselines_work/cohorte/java/CODE_FUN_JAVA_008/CODE_FUN_JAVA_008.java,0,0,0,0,0
2209,0,baselines_work/cohorte/java/CODE_DIF_JAVA_004/CODE_DIF_JAVA_004.java,40,baselines_work/cohorte/java/CODE_FUN_JAVA_011/CODE_FUN_JAVA_011.java,0,0,0,0,0
2210,0,baselines_work/cohorte/java/CODE_DIF_JAVA_004/CODE_DIF_JAVA_004.java,37,baselines_work/cohorte/java/CODE_FUN_JAVA_012/CODE_FUN_JAVA_012.java,0,0,0,0,0
2211,0,baselines_work/cohorte/java/CODE_DIF_JAVA_004/CODE_DIF_JAVA_004.java,41,baselines_work/cohorte/java/CODE_FUN_JAVA_013/CODE_FUN_JAVA_013.java,0,0,0,0,0
2212,0,baselines_work/cohorte/java/CODE_DIF_JAVA_004/CODE_DIF_JAVA_004.java,44,baselines_work/cohorte/java/CODE_FUN_JAVA_014/CODE_FUN_JAVA_014.java,0,0,0,0,0
2214,0,baselines_work/cohorte/java/CODE_DIF_JAVA_004/CODE_DIF_JAVA_004.java,43,baselines_work/cohorte/java/CODE_IDENT_JAVA_001/CODE_IDENT_JAVA_001.java,0,0,0,0,0
2215,0,baselines_work/cohorte/java/CODE_DIF_JAVA_004/CODE_DIF_JAVA_004.java,52,baselines_work/cohorte/java/CODE_IDENT_JAVA_001_COPY/CODE_IDENT_JAVA_001.java,0,0,0,0,0
2216,0,baselines_work/cohorte/java/CODE_DIF_JAVA_004/CODE_DIF_JAVA_004.java,45,baselines_work/cohorte/java/CODE_IDENT_JAVA_002/CODE_IDENT_JAVA_002.java,0,0,0,0,0
2217,0,baselines_work/cohorte/java/CODE_DIF_JAVA_004/CODE_DIF_JAVA_004.java,46,baselines_work/cohorte/java/CODE_IDENT_JAVA_002_COPY/CODE_IDENT_JAVA_002.java,0,0,0,0,0
2218,0,baselines_work/cohorte/java/CODE_DIF_JAVA_004/CODE_DIF_JAVA_004.java,49,baselines_work/cohorte/java/CODE_IDENT_JAVA_003/CODE_IDENT_JAVA_003.java,0,0,0,0,0
2219,0,baselines_work/cohorte/java/CODE_DIF_JAVA_004/CODE_DIF_JAVA_004.java,48,baselines_work/cohorte/java/CODE_IDENT_JAVA_003_COPY/CODE_IDENT_JAVA_003.java,0,0,0,0,0
2220,0,baselines_work/cohorte/java/CODE_DIF_JAVA_004/CODE_DIF_JAVA_004.java,54,baselines_work/cohorte/java/CODE_IDENT_JAVA_004/CODE_IDENT_JAVA_004.java,0,0,0,0,0
2221,0,baselines_work/cohorte/java/CODE_DIF_JAVA_004/CODE_DIF_JAVA_004.java,50,baselines_work/cohorte/java/CODE_IDENT_JAVA_004_COPY/CODE_IDENT_JAVA_004.java,0,0,0,0,0
2222,0,baselines_work/cohorte/java/CODE_DIF_JAVA_004/CODE_DIF_JAVA_004.java,59,baselines_work/cohorte/java/CODE_IDENT_JAVA_005/CODE_IDENT_JAVA_005.java,0,0,0,0,0
2223,0,baselines_work/cohorte/java/CODE_DIF_JAVA_004/CODE_DIF_JAVA_004.java,55,baselines_work/cohorte/java/CODE_IDENT_JAVA_005_COPY/CODE_IDENT_JAVA_005.java,0,0,0,0,0
2224,0,baselines_work/cohorte/java/CODE_DIF_JAVA_004/CODE_DIF_JAVA_004.java,51,baselines_work/cohorte/java/CODE_IDENT_JAVA_006/CODE_IDENT_JAVA_006.java,0,0,0,0,0
2225,0,baselines_work/cohorte/java/CODE_DIF_JAVA_004/CODE_DIF_JAVA_004.java,53,baselines_work/cohorte/java/CODE_IDENT_JAVA_006_COPY/CODE_IDENT_JAVA_006.java,0,0,0,0,0
2226,0,baselines_work/cohorte/java/CODE_DIF_JAVA_004/CODE_DIF_JAVA_004.java,57,baselines_work/cohorte/java/CODE_IDENT_JAVA_007/CODE_IDENT_JAVA_007.java,0,0,0,0,0
2227,0,baselines_work/cohorte/java/CODE_DIF_JAVA_004/CODE_DIF_JAVA_004.java,58,baselines_work/cohorte/java/CODE_IDENT_JAVA_007_COPY/CODE_IDENT_JAVA_007.java,0,0,0,0,0
2228,0,baselines_work/cohorte/java/CODE_DIF_JAVA_004/CODE_DIF_JAVA_004.java,56,baselines_work/cohorte/java/CODE_IDENT_JAVA_008/CODE_IDENT_JAVA_008.java,0,0,0,0,0
2229,0,baselines_work/cohorte/java/CODE_DIF_JAVA_004/CODE_DIF_JAVA_004.java,60,baselines_work/cohorte/java/CODE_IDENT_JAVA_008_COPY/CODE_IDENT_JAVA_008.java,0,0,0,0,0
2230,0,baselines_work/cohorte/java/CODE_DIF_JAVA_004/CODE_DIF_JAVA_004.java,62,baselines_work/cohorte/java/CODE_IDENT_JAVA_009/CODE_IDENT_JAVA_009.java,0,0,0,0,0
2231,0,baselines_work/cohorte/java/CODE_DIF_JAVA_004/CODE_DIF_JAVA_004.java,63,baselines_work/cohorte/java/CODE_IDENT_JAVA_009_COPY/CODE_IDENT_JAVA_009.java,0,0,0,0,0
2232,0,baselines_work/cohorte/java/CODE_DIF_JAVA_004/CODE_DIF_JAVA_004.java,61,baselines_work/cohorte/java/CODE_IDENT_JAVA_010/CODE_IDENT_JAVA_010.java,0,0,0,0,0
2233,0,baselines_work/cohorte/java/CODE_DIF_JAVA_004/CODE_DIF_JAVA_004.java,64,baselines_work/cohorte/java/CODE_IDENT_JAVA_010_COPY/CODE_IDENT_JAVA_010.java,0,0,0,0,0
2234,0,baselines_work/cohorte/java/CODE_DIF_JAVA_004/CODE_DIF_JAVA_004.java,67,baselines_work/cohorte/java/CODE_IDENT_JAVA_011/CODE_IDENT_JAVA_011.java,0,0,0,0,0
2235,0,baselines_work/cohorte/java/CODE_DIF_JAVA_004/CODE_DIF_JAVA_004.java,65,baselines_work/cohorte/java/CODE_IDENT_JAVA_011_COPY/CODE_IDENT_JAVA_011.java,0,0,0,0,0
2242,0,baselines_work/cohorte/java/CODE_DIF_JAVA_004/CODE_DIF_JAVA_004.java,72,baselines_work/cohorte/java/CODE_IDENT_JAVA_015/CODE_IDENT_JAVA_015.java,0,0,0,0,0
2243,0,baselines_work/cohorte/java/CODE_DIF_JAVA_004/CODE_DIF_JAVA_004.java,74,baselines_work/cohorte/java/CODE_IDENT_JAVA_015_COPY/CODE_IDENT_JAVA_015.java,0,0,0,0,0
2254,4,baselines_work/cohorte/java/CODE_DIF_JAVA_005/CODE_DIF_JAVA_005.java,13,baselines_work/cohorte/java/CODE_ESTRU_JAVA_001/CODE_ESTRU_JAVA_001.java,0,0,0,0,0
2255,4,baselines_work/cohorte/java/CODE_DIF_JAVA_005/CODE_DIF_JAVA_005.java,15,baselines_work/cohorte/java/CODE_ESTRU_JAVA_002/CODE_ESTRU_JAVA_002.java,0,0,0,0,0
2256,4,baselines_work/cohorte/java/CODE_DIF_JAVA_005/CODE_DIF_JAVA_005.java,17,baselines_work/cohorte/java/CODE_ESTRU_JAVA_003/CODE_ESTRU_JAVA_003.java,0,0,0,0,0
2257,4,baselines_work/cohorte/java/CODE_DIF_JAVA_005/CODE_DIF_JAVA_005.java,20,baselines_work/cohorte/java/CODE_ESTRU_JAVA_004/CODE_ESTRU_JAVA_004.java,0,0,0,0,0
2258,4,baselines_work/cohorte/java/CODE_DIF_JAVA_005/CODE_DIF_JAVA_005.java,19,baselines_work/cohorte/java/CODE_ESTRU_JAVA_005/CODE_ESTRU_JAVA_005.java,0,0,0,0,0
2260,4,baselines_work/cohorte/java/CODE_DIF_JAVA_005/CODE_DIF_JAVA_005.java,23,baselines_work/cohorte/java/CODE_ESTRU_JAVA_007/CODE_ESTRU_JAVA_007.java,0,0,0,0,0
2261,4,baselines_work/cohorte/java/CODE_DIF_JAVA_005/CODE_DIF_JAVA_005.java,21,baselines_work/cohorte/java/CODE_ESTRU_JAVA_008/CODE_ESTRU_JAVA_008.java,0,0,0,0,0
2263,4,baselines_work/cohorte/java/CODE_DIF_JAVA_005/CODE_DIF_JAVA_005.java,25,baselines_work/cohorte/java/CODE_ESTRU_JAVA_010/CODE_ESTRU_JAVA_010.java,0,0,0,0,0
2264,4,baselines_work/cohorte/java/CODE_DIF_JAVA_005/CODE_DIF_JAVA_005.java,22,baselines_work/cohorte/java/CODE_ESTRU_JAVA_011/CODE_ESTRU_JAVA_011.java,0,0,0,0,0
2265,4,baselines_work/cohorte/java/CODE_DIF_JAVA_005/CODE_DIF_JAVA_005.java,28,baselines_work/cohorte/java/CODE_ESTRU_JAVA_012/CODE_ESTRU_JAVA_012.java,0,0,0,0,0
2266,4,baselines_work/cohorte/java/CODE_DIF_JAVA_005/CODE_DIF_JAVA_005.java,27,baselines_work/cohorte/java/CODE_ESTRU_JAVA_013/CODE_ESTRU_JAVA_013.java,0,0,0,0,0
2267,4,baselines_work/cohorte/java/CODE_DIF_JAVA_005/CODE_DIF_JAVA_005.java,26,baselines_work/cohorte/java/CODE_ESTRU_JAVA_014/CODE_ESTRU_JAVA_014.java,0,0,0,0,0
2284,4,baselines_work/cohorte/java/CODE_DIF_JAVA_005/CODE_DIF_JAVA_005.java,43,baselines_work/cohorte/java/CODE_IDENT_JAVA_001/CODE_IDENT_JAVA_001.java,0,0,0,0,0
2285,4,baselines_work/cohorte/java/CODE_DIF_JAVA_005/CODE_DIF_JAVA_005.java,52,baselines_work/cohorte/java/CODE_IDENT_JAVA_001_COPY/CODE_IDENT_JAVA_001.java,0,0,0,0,0
2286,4,baselines_work/cohorte/java/CODE_DIF_JAVA_005/CODE_DIF_JAVA_005.java,45,baselines_work/cohorte/java/CODE_IDENT_JAVA_002/CODE_IDENT_JAVA_002.java,0,0,0,0,0
2287,4,baselines_work/cohorte/java/CODE_DIF_JAVA_005/CODE_DIF_JAVA_005.java,46,baselines_work/cohorte/java/CODE_IDENT_JAVA_002_COPY/CODE_IDENT_JAVA_002.java,0,0,0,0,0
2288,4,baselines_work/cohorte/java/CODE_DIF_JAVA_005/CODE_DIF_JAVA_005.java,49,baselines_work/cohorte/java/CODE_IDENT_JAVA_003/CODE_IDENT_JAVA_003.java,0,0,0,0,0
2289,4,baselines_work/cohorte/java/CODE_DIF_JAVA_005/CODE_DIF_JAVA_005.java,48,baselines_work/cohorte/java/CODE_IDENT_JAVA_003_COPY/CODE_IDENT_JAVA_003.java,0,0,0,0,0
2290,4,baselines_work/cohorte/java/CODE_DIF_JAVA_005/CODE_DIF_JAVA_005.java,54,baselines_work/cohorte/java/CODE_IDENT_JAVA_004/CODE_IDENT_JAVA_004.java,0,0,0,0,0
2291,4,baselines_work/cohorte/java/CODE_DIF_JAVA_005/CODE_DIF_JAVA_005.java,50,baselines_work/cohorte/java/CODE_IDENT_JAVA_004_COPY/CODE_IDENT_JAVA_004.java,0,0,0,0,0
2296,4,baselines_work/cohorte/java/CODE_DIF_JAVA_005/CODE_DIF_JAVA_005.java,57,baselines_work/cohorte/java/CODE_IDENT_JAVA_007/CODE_IDENT_JAVA_007.java,0,0,0,0,0
2297,4,baselines_work/cohorte/java/CODE_DIF_JAVA_005/CODE_DIF_JAVA_005.java,58,baselines_work/cohorte/java/CODE_IDENT_JAVA_007_COPY/CODE_IDENT_JAVA_007.java,0,0,0,0,0
2298,4,baselines_work/cohorte/java/CODE_DIF_JAVA_005/CODE_DIF_JAVA_005.java,56,baselines_work/cohorte/java/CODE_IDENT_JAVA_008/CODE_IDENT_JAVA_008.java,0,0,0,0,0
2299,4,baselines_work/cohorte/java/CODE_DIF_JAVA_005/CODE_DIF_JAVA_005.java,60,baselines_work/cohorte/java/CODE_IDENT_JAVA_008_COPY/CODE_IDENT_JAVA_008.java,0,0,0,0,0
2302,4,baselines_work/cohorte/java/CODE_DIF_JAVA_005/CODE_DIF_JAVA_005.java,61,baselines_work/cohorte/java/CODE_IDENT_JAVA_010/CODE_IDENT_JAVA_010.java,0,0,0,0,0
2303,4,baselines_work/cohorte/java/CODE_DIF_JAVA_005/CODE_DIF_JAVA_005.java,64,baselines_work/cohorte/java/CODE_IDENT_JAVA_010_COPY/CODE_IDENT_JAVA_010.java,0,0,0,0,0
2304,4,baselines_work/cohorte/java/CODE_DIF_JAVA_005/CODE_DIF_JAVA_005.java,67,baselines_work/cohorte/java/CODE_IDENT_JAVA_011/CODE_IDENT_JAVA_011.java,0,0,0,0,0
2305,4,baselines_work/cohorte/java/CODE_DIF_JAVA_005/CODE_DIF_JAVA_005.java,65,baselines_work/cohorte/java/CODE_IDENT_JAVA_011_COPY/CODE_IDENT_JAVA_011.java,0,0,0,0,0
2306,4,baselines_work/cohorte/java/CODE_DIF_JAVA_005/CODE_DIF_JAVA_005.java,66,baselines_work/cohorte/java/CODE_IDENT_JAVA_012/CODE_IDENT_JAVA_012.java,0,0,0,0,0
2307,4,baselines_work/cohorte/java/CODE_DIF_JAVA_005/CODE_DIF_JAVA_005.java,69,baselines_work/cohorte/java/CODE_IDENT_JAVA_012_COPY/CODE_IDENT_JAVA_012.java,0,0,0,0,0
2308,4,baselines_work/cohorte/java/CODE_DIF_JAVA_005/CODE_DIF_JAVA_005.java,68,baselines_work/cohorte/java/CODE_IDENT_JAVA_013/CODE_IDENT_JAVA_013.java,0,0,0,0,0
2309,4,baselines_work/cohorte/java/CODE_DIF_JAVA_005/CODE_DIF_JAVA_005.java,71,baselines_work/cohorte/java/CODE_IDENT_JAVA_013_COPY/CODE_IDENT_JAVA_013.java,0,0,0,0,0
2310,4,baselines_work/cohorte/java/CODE_DIF_JAVA_005/CODE_DIF_JAVA_005.java,70,baselines_work/cohorte/java/CODE_IDENT_JAVA_014/CODE_IDENT_JAVA_014.java,0,0,0,0,0
2311,4,baselines_work/cohorte/java/CODE_DIF_JAVA_005/CODE_DIF_JAVA_005.java,73,baselines_work/cohorte/java/CODE_IDENT_JAVA_014_COPY/CODE_IDENT_JAVA_014.java,0,0,0,0,0
2312,4,baselines_work/cohorte/java/CODE_DIF_JAVA_005/CODE_DIF_JAVA_005.java,72,baselines_work/cohorte/java/CODE_IDENT_JAVA_015/CODE_IDENT_JAVA_015.java,0,0,0,0,0
2313,4,baselines_work/cohorte/java/CODE_DIF_JAVA_005/CODE_DIF_JAVA_005.java,74,baselines_work/cohorte/java/CODE_IDENT_JAVA_015_COPY/CODE_IDENT_JAVA_015.java,0,0,0,0,0
2318,3,baselines_work/cohorte/java/CODE_DIF_JAVA_006/CODE_DIF_JAVA_006.java,8,baselines_work/cohorte/java/CODE_DIF_JAVA_011/CODE_DIF_JAVA_011.java,0,0,0,0,0
2323,3,baselines_work/cohorte/java/CODE_DIF_JAVA_006/CODE_DIF_JAVA_006.java,13,baselines_work/cohorte/java/CODE_ESTRU_JAVA_001/CODE_ESTRU_JAVA_001.java,0,0,0,0,0
2324,3,baselines_work/cohorte/java/CODE_DIF_JAVA_006/CODE_DIF_JAVA_006.java,15,baselines_work/cohorte/java/CODE_ESTRU_JAVA_002/CODE_ESTRU_JAVA_002.java,0,0,0,0,0
2325,3,baselines_work/cohorte/java/CODE_DIF_JAVA_006/CODE_DIF_JAVA_006.java,17,baselines_work/cohorte/java/CODE_ESTRU_JAVA_003/CODE_ESTRU_JAVA_003.java,0,0,0,0,0
2326,3,baselines_work/cohorte/java/CODE_DIF_JAVA_006/CODE_DIF_JAVA_006.java,20,baselines_work/cohorte/java/CODE_ESTRU_JAVA_004/CODE_ESTRU_JAVA_004.java,0,0,0,0,0
2327,3,baselines_work/cohorte/java/CODE_DIF_JAVA_006/CODE_DIF_JAVA_006.java,19,baselines_work/cohorte/java/CODE_ESTRU_JAVA_005/CODE_ESTRU_JAVA_005.java,0,0,0,0,0
2328,3,baselines_work/cohorte/java/CODE_DIF_JAVA_006/CODE_DIF_JAVA_006.java,16,baselines_work/cohorte/java/CODE_ESTRU_JAVA_006/CODE_ESTRU_JAVA_006.java,0,0,0,0,0
2329,3,baselines_work/cohorte/java/CODE_DIF_JAVA_006/CODE_DIF_JAVA_006.java,23,baselines_work/cohorte/java/CODE_ESTRU_JAVA_007/CODE_ESTRU_JAVA_007.java,0,0,0,0,0
2330,3,baselines_work/cohorte/java/CODE_DIF_JAVA_006/CODE_DIF_JAVA_006.java,21,baselines_work/cohorte/java/CODE_ESTRU_JAVA_008/CODE_ESTRU_JAVA_008.java,0,0,0,0,0
2332,3,baselines_work/cohorte/java/CODE_DIF_JAVA_006/CODE_DIF_JAVA_006.java,25,baselines_work/cohorte/java/CODE_ESTRU_JAVA_010/CODE_ESTRU_JAVA_010.java,0,0,0,0,0
2333,3,baselines_work/cohorte/java/CODE_DIF_JAVA_006/CODE_DIF_JAVA_006.java,22,baselines_work/cohorte/java/CODE_ESTRU_JAVA_011/CODE_ESTRU_JAVA_011.java,0,0,0,0,0
2337,3,baselines_work/cohorte/java/CODE_DIF_JAVA_006/CODE_DIF_JAVA_006.java,31,baselines_work/cohorte/java/CODE_ESTRU_JAVA_015/CODE_ESTRU_JAVA_015.java,0,0,0,0,0
2342,3,baselines_work/cohorte/java/CODE_DIF_JAVA_006/CODE_DIF_JAVA_006.java,35,baselines_work/cohorte/java/CODE_FUN_JAVA_005/CODE_FUN_JAVA_005.java,0,0,0,0,0
2345,3,baselines_work/cohorte/java/CODE_DIF_JAVA_006/CODE_DIF_JAVA_006.java,32,baselines_work/cohorte/java/CODE_FUN_JAVA_008/CODE_FUN_JAVA_008.java,0,0,0,0,0
2353,3,baselines_work/cohorte/java/CODE_DIF_JAVA_006/CODE_DIF_JAVA_006.java,43,baselines_work/cohorte/java/CODE_IDENT_JAVA_001/CODE_IDENT_JAVA_001.java,0,0,0,0,0
2354,3,baselines_work/cohorte/java/CODE_DIF_JAVA_006/CODE_DIF_JAVA_006.java,52,baselines_work/cohorte/java/CODE_IDENT_JAVA_001_COPY/CODE_IDENT_JAVA_001.java,0,0,0,0,0
2355,3,baselines_work/cohorte/java/CODE_DIF_JAVA_006/CODE_DIF_JAVA_006.java,45,baselines_work/cohorte/java/CODE_IDENT_JAVA_002/CODE_IDENT_JAVA_002.java,0,0,0,0,0
2356,3,baselines_work/cohorte/java/CODE_DIF_JAVA_006/CODE_DIF_JAVA_006.java,46,baselines_work/cohorte/java/CODE_IDENT_JAVA_002_COPY/CODE_IDENT_JAVA_002.java,0,0,0,0,0
2357,3,baselines_work/cohorte/java/CODE_DIF_JAVA_006/CODE_DIF_JAVA_006.java,49,baselines_work/cohorte/java/CODE_IDENT_JAVA_003/CODE_IDENT_JAVA_003.java,0,0,0,0,0
2358,3,baselines_work/cohorte/java/CODE_DIF_JAVA_006/CODE_DIF_JAVA_006.java,48,baselines_work/cohorte/java/CODE_IDENT_JAVA_003_COPY/CODE_IDENT_JAVA_003.java,0,0,0,0,0
2359,3,baselines_work/cohorte/java/CODE_DIF_JAVA_006/CODE_DIF_JAVA_006.java,54,baselines_work/cohorte/java/CODE_IDENT_JAVA_004/CODE_IDENT_JAVA_004.java,0,0,0,0,0
2360,3,baselines_work/cohorte/java/CODE_DIF_JAVA_006/CODE_DIF_JAVA_006.java,50,baselines_work/cohorte/java/CODE_IDENT_JAVA_004_COPY/CODE_IDENT_JAVA_004.java,0,0,0,0,0
2361,3,baselines_work/cohorte/java/CODE_DIF_JAVA_006/CODE_DIF_JAVA_006.java,59,baselines_work/cohorte/java/CODE_IDENT_JAVA_005/CODE_IDENT_JAVA_005.java,0,0,0,0,0
2362,3,baselines_work/cohorte/java/CODE_DIF_JAVA_006/CODE_DIF_JAVA_006.java,55,baselines_work/cohorte/java/CODE_IDENT_JAVA_005_COPY/CODE_IDENT_JAVA_005.java,0,0,0,0,0
2363,3,baselines_work/cohorte/java/CODE_DIF_JAVA_006/CODE_DIF_JAVA_006.java,51,baselines_work/cohorte/java/CODE_IDENT_JAVA_006/CODE_IDENT_JAVA_006.java,0,0,0,0,0
2364,3,baselines_work/cohorte/java/CODE_DIF_JAVA_006/CODE_DIF_JAVA_006.java,53,baselines_work/cohorte/java/CODE_IDENT_JAVA_006_COPY/CODE_IDENT_JAVA_006.java,0,0,0,0,0
2365,3,baselines_work/cohorte/java/CODE_DIF_JAVA_006/CODE_DIF_JAVA_006.java,57,baselines_work/cohorte/java/CODE_IDENT_JAVA_007/CODE_IDENT_JAVA_007.java,0,0,0,0,0
2366,3,baselines_work/cohorte/java/CODE_DIF_JAVA_006/CODE_DIF_JAVA_006.java,58,baselines_work/cohorte/java/CODE_IDENT_JAVA_007_COPY/CODE_IDENT_JAVA_007.java,0,0,0,0,0
2367,3,baselines_work/cohorte/java/CODE_DIF_JAVA_006/CODE_DIF_JAVA_006.java,56,baselines_work/cohorte/java/CODE_IDENT_JAVA_008/CODE_IDENT_JAVA_008.java,0,0,0,0,0
2368,3,baselines_work/cohorte/java/CODE_DIF_JAVA_006/CODE_DIF_JAVA_006.java,60,baselines_work/cohorte/java/CODE_IDENT_JAVA_008_COPY/CODE_IDENT_JAVA_008.java,0,0,0,0,0
2371,3,baselines_work/cohorte/java/CODE_DIF_JAVA_006/CODE_DIF_JAVA_006.java,61,baselines_work/cohorte/java/CODE_IDENT_JAVA_010/CODE_IDENT_JAVA_010.java,0,0,0,0,0
2372,3,baselines_work/cohorte/java/CODE_DIF_JAVA_006/CODE_DIF_JAVA_006.java,64,baselines_work/cohorte/java/CODE_IDENT_JAVA_010_COPY/CODE_IDENT_JAVA_010.java,0,0,0,0,0
2373,3,baselines_work/cohorte/java/CODE_DIF_JAVA_006/CODE_DIF_JAVA_006.java,67,baselines_work/cohorte/java/CODE_IDENT_JAVA_011/CODE_IDENT_JAVA_011.java,0,0,0,0,0
2374,3,baselines_work/cohorte/java/CODE_DIF_JAVA_006/CODE_DIF_JAVA_006.java,65,baselines_work/cohorte/java/CODE_IDENT_JAVA_011_COPY/CODE_IDENT_JAVA_011.java,0,0,0,0,0
2381,3,baselines_work/cohorte/java/CODE_DIF_JAVA_006/CODE_DIF_JAVA_006.java,72,baselines_work/cohorte/java/CODE_IDENT_JAVA_015/CODE_IDENT_JAVA_015.java,0,0,0,0,0
2382,3,baselines_work/cohorte/java/CODE_DIF_JAVA_006/CODE_DIF_JAVA_006.java,74,baselines_work/cohorte/java/CODE_IDENT_JAVA_015_COPY/CODE_IDENT_JAVA_015.java,0,0,0,0,0
2391,7,baselines_work/cohorte/java/CODE_DIF_JAVA_007/CODE_DIF_JAVA_007.java,13,baselines_work/cohorte/java/CODE_ESTRU_JAVA_001/CODE_ESTRU_JAVA_001.java,0,0,0,0,0
2392,7,baselines_work/cohorte/java/CODE_DIF_JAVA_007/CODE_DIF_JAVA_007.java,15,baselines_work/cohorte/java/CODE_ESTRU_JAVA_002/CODE_ESTRU_JAVA_002.java,0,0,0,0,0
2393,7,baselines_work/cohorte/java/CODE_DIF_JAVA_007/CODE_DIF_JAVA_007.java,17,baselines_work/cohorte/java/CODE_ESTRU_JAVA_003/CODE_ESTRU_JAVA_003.java,0,0,0,0,0
2395,7,baselines_work/cohorte/java/CODE_DIF_JAVA_007/CODE_DIF_JAVA_007.java,19,baselines_work/cohorte/java/CODE_ESTRU_JAVA_005/CODE_ESTRU_JAVA_005.java,0,0,0,0,0
2396,7,baselines_work/cohorte/java/CODE_DIF_JAVA_007/CODE_DIF_JAVA_007.java,16,baselines_work/cohorte/java/CODE_ESTRU_JAVA_006/CODE_ESTRU_JAVA_006.java,0,0,0,0,0
2397,7,baselines_work/cohorte/java/CODE_DIF_JAVA_007/CODE_DIF_JAVA_007.java,23,baselines_work/cohorte/java/CODE_ESTRU_JAVA_007/CODE_ESTRU_JAVA_007.java,0,0,0,0,0
2399,7,baselines_work/cohorte/java/CODE_DIF_JAVA_007/CODE_DIF_JAVA_007.java,24,baselines_work/cohorte/java/CODE_ESTRU_JAVA_009/CODE_ESTRU_JAVA_009.java,0,0,0,0,0
2400,7,baselines_work/cohorte/java/CODE_DIF_JAVA_007/CODE_DIF_JAVA_007.java,25,baselines_work/cohorte/java/CODE_ESTRU_JAVA_010/CODE_ESTRU_JAVA_010.java,0,0,0,0,0
2401,7,baselines_work/cohorte/java/CODE_DIF_JAVA_007/CODE_DIF_JAVA_007.java,22,baselines_work/cohorte/java/CODE_ESTRU_JAVA_011/CODE_ESTRU_JAVA_011.java,0,0,0,0,0
2402,7,baselines_work/cohorte/java/CODE_DIF_JAVA_007/CODE_DIF_JAVA_007.java,28,baselines_work/cohorte/java/CODE_ESTRU_JAVA_012/CODE_ESTRU_JAVA_012.java,0,0,0,0,0
2403,7,baselines_work/cohorte/java/CODE_DIF_JAVA_007/CODE_DIF_JAVA_007.java,27,baselines_work/cohorte/java/CODE_ESTRU_JAVA_013/CODE_ESTRU_JAVA_013.java,0,0,0,0,0
2404,7,baselines_work/cohorte/java/CODE_DIF_JAVA_007/CODE_DIF_JAVA_007.java,26,baselines_work/cohorte/java/CODE_ESTRU_JAVA_014/CODE_ESTRU_JAVA_014.java,0,0,0,0,0
2405,7,baselines_work/cohorte/java/CODE_DIF_JAVA_007/CODE_DIF_JAVA_007.java,31,baselines_work/cohorte/java/CODE_ESTRU_JAVA_015/CODE_ESTRU_JAVA_015.java,0,0,0,0,0
2406,7,baselines_work/cohorte/java/CODE_DIF_JAVA_007/CODE_DIF_JAVA_007.java,30,baselines_work/cohorte/java/CODE_FUN_JAVA_001/CODE_FUN_JAVA_001.java,0,0,0,0,0
2419,7,baselines_work/cohorte/java/CODE_DIF_JAVA_007/CODE_DIF_JAVA_007.java,44,baselines_work/cohorte/java/CODE_FUN_JAVA_014/CODE_FUN_JAVA_014.java,0,0,0,0,0
2421,7,baselines_work/cohorte/java/CODE_DIF_JAVA_007/CODE_DIF_JAVA_007.java,43,baselines_work/cohorte/java/CODE_IDENT_JAVA_001/CODE_IDENT_JAVA_001.java,0,0,0,0,0
2422,7,baselines_work/cohorte/java/CODE_DIF_JAVA_007/CODE_DIF_JAVA_007.java,52,baselines_work/cohorte/java/CODE_IDENT_JAVA_001_COPY/CODE_IDENT_JAVA_001.java,0,0,0,0,0
2423,7,baselines_work/cohorte/java/CODE_DIF_JAVA_007/CODE_DIF_JAVA_007.java,45,baselines_work/cohorte/java/CODE_IDENT_JAVA_002/CODE_IDENT_JAVA_002.java,0,0,0,0,0
2424,7,baselines_work/cohorte/java/CODE_DIF_JAVA_007/CODE_DIF_JAVA_007.java,46,baselines_work/cohorte/java/CODE_IDENT_JAVA_002_COPY/CODE_IDENT_JAVA_002.java,0,0,0,0,0
2425,7,baselines_work/cohorte/java/CODE_DIF_JAVA_007/CODE_DIF_JAVA_007.java,49,baselines_work/cohorte/java/CODE_IDENT_JAVA_003/CODE_IDENT_JAVA_003.java,0,0,0,0,0
2426,7,baselines_work/cohorte/java/CODE_DIF_JAVA_007/CODE_DIF_JAVA_007.java,48,baselines_work/cohorte/java/CODE_IDENT_JAVA_003_COPY/CODE_IDENT_JAVA_003.java,0,0,0,0,0
2429,7,baselines_work/cohorte/java/CODE_DIF_JAVA_007/CODE_DIF_JAVA_007.java,59,baselines_work/cohorte/java/CODE_IDENT_JAVA_005/CODE_IDENT_JAVA_005.java,0,0,0,0,0
2430,7,baselines_work/cohorte/java/CODE_DIF_JAVA_007/CODE_DIF_JAVA_007.java,55,baselines_work/cohorte/java/CODE_IDENT_JAVA_005_COPY/CODE_IDENT_JAVA_005.java,0,0,0,0,0
2431,7,baselines_work/cohorte/java/CODE_DIF_JAVA_007/CODE_DIF_JAVA_007.java,51,baselines_work/cohorte/java/CODE_IDENT_JAVA_006/CODE_IDENT_JAVA_006.java,0,0,0,0,0
2432,7,baselines_work/cohorte/java/CODE_DIF_JAVA_007/CODE_DIF_JAVA_007.java,53,baselines_work/cohorte/java/CODE_IDENT_JAVA_006_COPY/CODE_IDENT_JAVA_006.java,0,0,0,0,0
2433,7,baselines_work/cohorte/java/CODE_DIF_JAVA_007/CODE_DIF_JAVA_007.java,57,baselines_work/cohorte/java/CODE_IDENT_JAVA_007/CODE_IDENT_JAVA_007.java,0,0,0,0,0
2434,7,baselines_work/cohorte/java/CODE_DIF_JAVA_007/CODE_DIF_JAVA_007.java,58,baselines_work/cohorte/java/CODE_IDENT_JAVA_007_COPY/CODE_IDENT_JAVA_007.java,0,0,0,0,0
2437,7,baselines_work/cohorte/java/CODE_DIF_JAVA_007/CODE_DIF_JAVA_007.java,62,baselines_work/cohorte/java/CODE_IDENT_JAVA_009/CODE_IDENT_JAVA_009.java,0,0,0,0,0
2438,7,baselines_work/cohorte/java/CODE_DIF_JAVA_007/CODE_DIF_JAVA_007.java,63,baselines_work/cohorte/java/CODE_IDENT_JAVA_009_COPY/CODE_IDENT_JAVA_009.java,0,0,0,0,0
2439,7,baselines_work/cohorte/java/CODE_DIF_JAVA_007/CODE_DIF_JAVA_007.java,61,baselines_work/cohorte/java/CODE_IDENT_JAVA_010/CODE_IDENT_JAVA_010.java,0,0,0,0,0
2440,7,baselines_work/cohorte/java/CODE_DIF_JAVA_007/CODE_DIF_JAVA_007.java,64,baselines_work/cohorte/java/CODE_IDENT_JAVA_010_COPY/CODE_IDENT_JAVA_010.java,0,0,0,0,0
2441,7,baselines_work/cohorte/java/CODE_DIF_JAVA_007/CODE_DIF_JAVA_007.java,67,baselines_work/cohorte/java/CODE_IDENT_JAVA_011/CODE_IDENT_JAVA_011.java,0,0,0,0,0
2442,7,baselines_work/cohorte/java/CODE_DIF_JAVA_007/CODE_DIF_JAVA_007.java,65,baselines_work/cohorte/java/CODE_IDENT_JAVA_011_COPY/CODE_IDENT_JAVA_011.java,0,0,0,0,0
2443,7,baselines_work/cohorte/java/CODE_DIF_JAVA_007/CODE_DIF_JAVA_007.java,66,baselines_work/cohorte/java/CODE_IDENT_JAVA_012/CODE_IDENT_JAVA_012.java,0,0,0,0,0
2444,7,baselines_work/cohorte/java/CODE_DIF_JAVA_007/CODE_DIF_JAVA_007.java,69,baselines_work/cohorte/java/CODE_IDENT_JAVA_012_COPY/CODE_IDENT_JAVA_012.java,0,0,0,0,0
2445,7,baselines_work/cohorte/java/CODE_DIF_JAVA_007/CODE_DIF_JAVA_007.java,68,baselines_work/cohorte/java/CODE_IDENT_JAVA_013/CODE_IDENT_JAVA_013.java,0,0,0,0,0
2446,7,baselines_work/cohorte/java/CODE_DIF_JAVA_007/CODE_DIF_JAVA_007.java,71,baselines_work/cohorte/java/CODE_IDENT_JAVA_013_COPY/CODE_IDENT_JAVA_013.java,0,0,0,0,0
2447,7,baselines_work/cohorte/java/CODE_DIF_JAVA_007/CODE_DIF_JAVA_007.java,70,baselines_work/cohorte/java/CODE_IDENT_JAVA_014/CODE_IDENT_JAVA_014.java,0,0,0,0,0
2448,7,baselines_work/cohorte/java/CODE_DIF_JAVA_007/CODE_DIF_JAVA_007.java,73,baselines_work/cohorte/java/CODE_IDENT_JAVA_014_COPY/CODE_IDENT_JAVA_014.java,0,0,0,0,0
2449,7,baselines_work/cohorte/java/CODE_DIF_JAVA_007/CODE_DIF_JAVA_007.java,72,baselines_work/cohorte/java/CODE_IDENT_JAVA_015/CODE_IDENT_JAVA_015.java,0,0,0,0,0
2450,7,baselines_work/cohorte/java/CODE_DIF_JAVA_007/CODE_DIF_JAVA_007.java,74,baselines_work/cohorte/java/CODE_IDENT_JAVA_015_COPY/CODE_IDENT_JAVA_015.java,0,0,0,0,0
2458,5,baselines_work/cohorte/java/CODE_DIF_JAVA_008/CODE_DIF_JAVA_008.java,13,baselines_work/cohorte/java/CODE_ESTRU_JAVA_001/CODE_ESTRU_JAVA_001.java,0,0,0,0,0
2461,5,baselines_work/cohorte/java/CODE_DIF_JAVA_008/CODE_DIF_JAVA_008.java,20,baselines_work/cohorte/java/CODE_ESTRU_JAVA_004/CODE_ESTRU_JAVA_004.java,0,0,0,0,0
2462,5,baselines_work/cohorte/java/CODE_DIF_JAVA_008/CODE_DIF_JAVA_008.java,19,baselines_work/cohorte/java/CODE_ESTRU_JAVA_005/CODE_ESTRU_JAVA_005.java,0,0,0,0,0
2465,5,baselines_work/cohorte/java/CODE_DIF_JAVA_008/CODE_DIF_JAVA_008.java,21,baselines_work/cohorte/java/CODE_ESTRU_JAVA_008/CODE_ESTRU_JAVA_008.java,0,0,0,0,0
2468,5,baselines_work/cohorte/java/CODE_DIF_JAVA_008/CODE_DIF_JAVA_008.java,22,baselines_work/cohorte/java/CODE_ESTRU_JAVA_011/CODE_ESTRU_JAVA_011.java,0,0,0,0,0
2469,5,baselines_work/cohorte/java/CODE_DIF_JAVA_008/CODE_DIF_JAVA_008.java,28,baselines_work/cohorte/java/CODE_ESTRU_JAVA_012/CODE_ESTRU_JAVA_012.java,0,0,0,0,0
2470,5,baselines_work/cohorte/java/CODE_DIF_JAVA_008/CODE_DIF_JAVA_008.java,27,baselines_work/cohorte/java/CODE_ESTRU_JAVA_013/CODE_ESTRU_JAVA_013.java,0,0,0,0,0
2473,5,baselines_work/cohorte/java/CODE_DIF_JAVA_008/CODE_DIF_JAVA_008.java,30,baselines_work/cohorte/java/CODE_FUN_JAVA_001/CODE_FUN_JAVA_001.java,0,0,0,0,0
2474,5,baselines_work/cohorte/java/CODE_DIF_JAVA_008/CODE_DIF_JAVA_008.java,34,baselines_work/cohorte/java/CODE_FUN_JAVA_002/CODE_FUN_JAVA_002.java,0,0,0,0,0
2488,5,baselines_work/cohorte/java/CODE_DIF_JAVA_008/CODE_DIF_JAVA_008.java,43,baselines_work/cohorte/java/CODE_IDENT_JAVA_001/CODE_IDENT_JAVA_001.java,0,0,0,0,0
2489,5,baselines_work/cohorte/java/CODE_DIF_JAVA_008/CODE_DIF_JAVA_008.java,52,baselines_work/cohorte/java/CODE_IDENT_JAVA_001_COPY/CODE_IDENT_JAVA_001.java,0,0,0,0,0
2492,5,baselines_work/cohorte/java/CODE_DIF_JAVA_008/CODE_DIF_JAVA_008.java,49,baselines_work/cohorte/java/CODE_IDENT_JAVA_003/CODE_IDENT_JAVA_003.java,0,0,0,0,0
2493,5,baselines_work/cohorte/java/CODE_DIF_JAVA_008/CODE_DIF_JAVA_008.java,48,baselines_work/cohorte/java/CODE_IDENT_JAVA_003_COPY/CODE_IDENT_JAVA_003.java,0,0,0,0,0
2494,5,baselines_work/cohorte/java/CODE_DIF_JAVA_008/CODE_DIF_JAVA_008.java,54,baselines_work/cohorte/java/CODE_IDENT_JAVA_004/CODE_IDENT_JAVA_004.java,0,0,0,0,0
2495,5,baselines_work/cohorte/java/CODE_DIF_JAVA_008/CODE_DIF_JAVA_008.java,50,baselines_work/cohorte/java/CODE_IDENT_JAVA_004_COPY/CODE_IDENT_JAVA_004.java,0,0,0,0,0
2496,5,baselines_work/cohorte/java/CODE_DIF_JAVA_008/CODE_DIF_JAVA_008.java,59,baselines_work/cohorte/java/CODE_IDENT_JAVA_005/CODE_IDENT_JAVA_005.java,0,0,0,0,0
2497,5,baselines_work/cohorte/java/CODE_DIF_JAVA_008/CODE_DIF_JAVA_008.java,55,baselines_work/cohorte/java/CODE_IDENT_JAVA_005_COPY/CODE_IDENT_JAVA_005.java,0,0,0,0,0
2500,5,baselines_work/cohorte/java/CODE_DIF_JAVA_008/CODE_DIF_JAVA_008.java,57,baselines_work/cohorte/java/CODE_IDENT_JAVA_007/CODE_IDENT_JAVA_007.java,0,0,0,0,0
2501,5,baselines_work/cohorte/java/CODE_DIF_JAVA_008/CODE_DIF_JAVA_008.java,58,baselines_work/cohorte/java/CODE_IDENT_JAVA_007_COPY/CODE_IDENT_JAVA_007.java,0,0,0,0,0
2502,5,baselines_work/cohorte/java/CODE_DIF_JAVA_008/CODE_DIF_JAVA_008.java,56,baselines_work/cohorte/java/CODE_IDENT_JAVA_008/CODE_IDENT_JAVA_008.java,0,0,0,0,0
2503,5,baselines_work/cohorte/java/CODE_DIF_JAVA_008/CODE_DIF_JAVA_008.java,60,baselines_work/cohorte/java/CODE_IDENT_JAVA_008_COPY/CODE_IDENT_JAVA_008.java,0,0,0,0,0
2508,5,baselines_work/cohorte/java/CODE_DIF_JAVA_008/CODE_DIF_JAVA_008.java,67,baselines_work/cohorte/java/CODE_IDENT_JAVA_011/CODE_IDENT_JAVA_011.java,0,0,0,0,0
2509,5,baselines_work/cohorte/java/CODE_DIF_JAVA_008/CODE_DIF_JAVA_008.java,65,baselines_work/cohorte/java/CODE_IDENT_JAVA_011_COPY/CODE_IDENT_JAVA_011.java,0,0,0,0,0
2510,5,baselines_work/cohorte/java/CODE_DIF_JAVA_008/CODE_DIF_JAVA_008.java,66,baselines_work/cohorte/java/CODE_IDENT_JAVA_012/CODE_IDENT_JAVA_012.java,0,0,0,0,0
2511,5,baselines_work/cohorte/java/CODE_DIF_JAVA_008/CODE_DIF_JAVA_008.java,69,baselines_work/cohorte/java/CODE_IDENT_JAVA_012_COPY/CODE_IDENT_JAVA_012.java,0,0,0,0,0
2512,5,baselines_work/cohorte/java/CODE_DIF_JAVA_008/CODE_DIF_JAVA_008.java,68,baselines_work/cohorte/java/CODE_IDENT_JAVA_013/CODE_IDENT_JAVA_013.java,0,0,0,0,0
2513,5,baselines_work/cohorte/java/CODE_DIF_JAVA_008/CODE_DIF_JAVA_008.java,71,baselines_work/cohorte/java/CODE_IDENT_JAVA_013_COPY/CODE_IDENT_JAVA_013.java,0,0,0,0,0
2514,5,baselines_work/cohorte/java/CODE_DIF_JAVA_008/CODE_DIF_JAVA_008.java,70,baselines_work/cohorte/java/CODE_IDENT_JAVA_014/CODE_IDENT_JAVA_014.java,0,0,0,0,0
2515,5,baselines_work/cohorte/java/CODE_DIF_JAVA_008/CODE_DIF_JAVA_008.java,73,baselines_work/cohorte/java/CODE_IDENT_JAVA_014_COPY/CODE_IDENT_JAVA_014.java,0,0,0,0,0
2520,10,baselines_work/cohorte/java/CODE_DIF_JAVA_009/CODE_DIF_JAVA_009.java,9,baselines_work/cohorte/java/CODE_DIF_JAVA_012/CODE_DIF_JAVA_012.java,0,0,0,0,0
2524,10,baselines_work/cohorte/java/CODE_DIF_JAVA_009/CODE_DIF_JAVA_009.java,13,baselines_work/cohorte/java/CODE_ESTRU_JAVA_001/CODE_ESTRU_JAVA_001.java,0,0,0,0,0
2525,10,baselines_work/cohorte/java/CODE_DIF_JAVA_009/CODE_DIF_JAVA_009.java,15,baselines_work/cohorte/java/CODE_ESTRU_JAVA_002/CODE_ESTRU_JAVA_002.java,0,0,0,0,0
2526,10,baselines_work/cohorte/java/CODE_DIF_JAVA_009/CODE_DIF_JAVA_009.java,17,baselines_work/cohorte/java/CODE_ESTRU_JAVA_003/CODE_ESTRU_JAVA_003.java,0,0,0,0,0
2527,10,baselines_work/cohorte/java/CODE_DIF_JAVA_009/CODE_DIF_JAVA_009.java,20,baselines_work/cohorte/java/CODE_ESTRU_JAVA_004/CODE_ESTRU_JAVA_004.java,0,0,0,0,0
2528,10,baselines_work/cohorte/java/CODE_DIF_JAVA_009/CODE_DIF_JAVA_009.java,19,baselines_work/cohorte/java/CODE_ESTRU_JAVA_005/CODE_ESTRU_JAVA_005.java,0,0,0,0,0
2529,10,baselines_work/cohorte/java/CODE_DIF_JAVA_009/CODE_DIF_JAVA_009.java,16,baselines_work/cohorte/java/CODE_ESTRU_JAVA_006/CODE_ESTRU_JAVA_006.java,0,0,0,0,0
2530,10,baselines_work/cohorte/java/CODE_DIF_JAVA_009/CODE_DIF_JAVA_009.java,23,baselines_work/cohorte/java/CODE_ESTRU_JAVA_007/CODE_ESTRU_JAVA_007.java,0,0,0,0,0
2531,10,baselines_work/cohorte/java/CODE_DIF_JAVA_009/CODE_DIF_JAVA_009.java,21,baselines_work/cohorte/java/CODE_ESTRU_JAVA_008/CODE_ESTRU_JAVA_008.java,0,0,0,0,0
2532,10,baselines_work/cohorte/java/CODE_DIF_JAVA_009/CODE_DIF_JAVA_009.java,24,baselines_work/cohorte/java/CODE_ESTRU_JAVA_009/CODE_ESTRU_JAVA_009.java,0,0,0,0,0
2533,10,baselines_work/cohorte/java/CODE_DIF_JAVA_009/CODE_DIF_JAVA_009.java,25,baselines_work/cohorte/java/CODE_ESTRU_JAVA_010/CODE_ESTRU_JAVA_010.java,0,0,0,0,0
2534,10,baselines_work/cohorte/java/CODE_DIF_JAVA_009/CODE_DIF_JAVA_009.java,22,baselines_work/cohorte/java/CODE_ESTRU_JAVA_011/CODE_ESTRU_JAVA_011.java,0,0,0,0,0
2535,10,baselines_work/cohorte/java/CODE_DIF_JAVA_009/CODE_DIF_JAVA_009.java,28,baselines_work/cohorte/java/CODE_ESTRU_JAVA_012/CODE_ESTRU_JAVA_012.java,0,0,0,0,0
2536,10,baselines_work/cohorte/java/CODE_DIF_JAVA_009/CODE_DIF_JAVA_009.java,27,baselines_work/cohorte/java/CODE_ESTRU_JAVA_013/CODE_ESTRU_JAVA_013.java,0,0,0,0,0
2537,10,baselines_work/cohorte/java/CODE_DIF_JAVA_009/CODE_DIF_JAVA_009.java,26,baselines_work/cohorte/java/CODE_ESTRU_JAVA_014/CODE_ESTRU_JAVA_014.java,0,0,0,0,0
2538,10,baselines_work/cohorte/java/CODE_DIF_JAVA_009/CODE_DIF_JAVA_009.java,31,baselines_work/cohorte/java/CODE_ESTRU_JAVA_015/CODE_ESTRU_JAVA_015.java,0,0,0,0,0
2539,10,baselines_work/cohorte/java/CODE_DIF_JAVA_009/CODE_DIF_JAVA_009.java,30,baselines_work/cohorte/java/CODE_FUN_JAVA_001/CODE_FUN_JAVA_001.java,0,0,0,0,0
2542,10,baselines_work/cohorte/java/CODE_DIF_JAVA_009/CODE_DIF_JAVA_009.java,47,baselines_work/cohorte/java/CODE_FUN_JAVA_004/CODE_FUN_JAVA_004.java,0,0,0,0,0
2544,10,baselines_work/cohorte/java/CODE_DIF_JAVA_009/CODE_DIF_JAVA_009.java,38,baselines_work/cohorte/java/CODE_FUN_JAVA_006/CODE_FUN_JAVA_006.java,0,0,0,0,0
2549,10,baselines_work/cohorte/java/CODE_DIF_JAVA_009/CODE_DIF_JAVA_009.java,40,baselines_work/cohorte/java/CODE_FUN_JAVA_011/CODE_FUN_JAVA_011.java,0,0,0,0,0
2552,10,baselines_work/cohorte/java/CODE_DIF_JAVA_009/CODE_DIF_JAVA_009.java,44,baselines_work/cohorte/java/CODE_FUN_JAVA_014/CODE_FUN_JAVA_014.java,0,0,0,0,0
2553,10,baselines_work/cohorte/java/CODE_DIF_JAVA_009/CODE_DIF_JAVA_009.java,42,baselines_work/cohorte/java/CODE_FUN_JAVA_015/CODE_FUN_JAVA_015.java,0,0,0,0,0
2554,10,baselines_work/cohorte/java/CODE_DIF_JAVA_009/CODE_DIF_JAVA_009.java,43,baselines_work/cohorte/java/CODE_IDENT_JAVA_001/CODE_IDENT_JAVA_001.java,0,0,0,0,0
2555,10,baselines_work/cohorte/java/CODE_DIF_JAVA_009/CODE_DIF_JAVA_009.java,52,baselines_work/cohorte/java/CODE_IDENT_JAVA_001_COPY/CODE_IDENT_JAVA_001.java,0,0,0,0,0
2556,10,baselines_work/cohorte/java/CODE_DIF_JAVA_009/CODE_DIF_JAVA_009.java,45,baselines_work/cohorte/java/CODE_IDENT_JAVA_002/CODE_IDENT_JAVA_002.java,0,0,0,0,0
2557,10,baselines_work/cohorte/java/CODE_DIF_JAVA_009/CODE_DIF_JAVA_009.java,46,baselines_work/cohorte/java/CODE_IDENT_JAVA_002_COPY/CODE_IDENT_JAVA_002.java,0,0,0,0,0
2558,10,baselines_work/cohorte/java/CODE_DIF_JAVA_009/CODE_DIF_JAVA_009.java,49,baselines_work/cohorte/java/CODE_IDENT_JAVA_003/CODE_IDENT_JAVA_003.java,0,0,0,0,0
2559,10,baselines_work/cohorte/java/CODE_DIF_JAVA_009/CODE_DIF_JAVA_009.java,48,baselines_work/cohorte/java/CODE_IDENT_JAVA_003_COPY/CODE_IDENT_JAVA_003.java,0,0,0,0,0
2560,10,baselines_work/cohorte/java/CODE_DIF_JAVA_009/CODE_DIF_JAVA_009.java,54,baselines_work/cohorte/java/CODE_IDENT_JAVA_004/CODE_IDENT_JAVA_004.java,0,0,0,0,0
2561,10,baselines_work/cohorte/java/CODE_DIF_JAVA_009/CODE_DIF_JAVA_009.java,50,baselines_work/cohorte/java/CODE_IDENT_JAVA_004_COPY/CODE_IDENT_JAVA_004.java,0,0,0,0,0
2562,10,baselines_work/cohorte/java/CODE_DIF_JAVA_009/CODE_DIF_JAVA_009.java,59,baselines_work/cohorte/java/CODE_IDENT_JAVA_005/CODE_IDENT_JAVA_005.java,0,0,0,0,0
2563,10,baselines_work/cohorte/java/CODE_DIF_JAVA_009/CODE_DIF_JAVA_009.java,55,baselines_work/cohorte/java/CODE_IDENT_JAVA_005_COPY/CODE_IDENT_JAVA_005.java,0,0,0,0,0
2564,10,baselines_work/cohorte/java/CODE_DIF_JAVA_009/CODE_DIF_JAVA_009.java,51,baselines_work/cohorte/java/CODE_IDENT_JAVA_006/CODE_IDENT_JAVA_006.java,0,0,0,0,0
2565,10,baselines_work/cohorte/java/CODE_DIF_JAVA_009/CODE_DIF_JAVA_009.java,53,baselines_work/cohorte/java/CODE_IDENT_JAVA_006_COPY/CODE_IDENT_JAVA_006.java,0,0,0,0,0
2566,10,baselines_work/cohorte/java/CODE_DIF_JAVA_009/CODE_DIF_JAVA_009.java,57,baselines_work/cohorte/java/CODE_IDENT_JAVA_007/CODE_IDENT_JAVA_007.java,0,0,0,0,0
2567,10,baselines_work/cohorte/java/CODE_DIF_JAVA_009/CODE_DIF_JAVA_009.java,58,baselines_work/cohorte/java/CODE_IDENT_JAVA_007_COPY/CODE_IDENT_JAVA_007.java,0,0,0,0,0
2568,10,baselines_work/cohorte/java/CODE_DIF_JAVA_009/CODE_DIF_JAVA_009.java,56,baselines_work/cohorte/java/CODE_IDENT_JAVA_008/CODE_IDENT_JAVA_008.java,0,0,0,0,0
2569,10,baselines_work/cohorte/java/CODE_DIF_JAVA_009/CODE_DIF_JAVA_009.java,60,baselines_work/cohorte/java/CODE_IDENT_JAVA_008_COPY/CODE_IDENT_JAVA_008.java,0,0,0,0,0
2570,10,baselines_work/cohorte/java/CODE_DIF_JAVA_009/CODE_DIF_JAVA_009.java,62,baselines_work/cohorte/java/CODE_IDENT_JAVA_009/CODE_IDENT_JAVA_009.java,0,0,0,0,0
2571,10,baselines_work/cohorte/java/CODE_DIF_JAVA_009/CODE_DIF_JAVA_009.java,63,baselines_work/cohorte/java/CODE_IDENT_JAVA_009_COPY/CODE_IDENT_JAVA_009.java,0,0,0,0,0
2572,10,baselines_work/cohorte/java/CODE_DIF_JAVA_009/CODE_DIF_JAVA_009.java,61,baselines_work/cohorte/java/CODE_IDENT_JAVA_010/CODE_IDENT_JAVA_010.java,0,0,0,0,0
2573,10,baselines_work/cohorte/java/CODE_DIF_JAVA_009/CODE_DIF_JAVA_009.java,64,baselines_work/cohorte/java/CODE_IDENT_JAVA_010_COPY/CODE_IDENT_JAVA_010.java,0,0,0,0,0
2574,10,baselines_work/cohorte/java/CODE_DIF_JAVA_009/CODE_DIF_JAVA_009.java,67,baselines_work/cohorte/java/CODE_IDENT_JAVA_011/CODE_IDENT_JAVA_011.java,0,0,0,0,0
2575,10,baselines_work/cohorte/java/CODE_DIF_JAVA_009/CODE_DIF_JAVA_009.java,65,baselines_work/cohorte/java/CODE_IDENT_JAVA_011_COPY/CODE_IDENT_JAVA_011.java,0,0,0,0,0
2576,10,baselines_work/cohorte/java/CODE_DIF_JAVA_009/CODE_DIF_JAVA_009.java,66,baselines_work/cohorte/java/CODE_IDENT_JAVA_012/CODE_IDENT_JAVA_012.java,0,0,0,0,0
2577,10,baselines_work/cohorte/java/CODE_DIF_JAVA_009/CODE_DIF_JAVA_009.java,69,baselines_work/cohorte/java/CODE_IDENT_JAVA_012_COPY/CODE_IDENT_JAVA_012.java,0,0,0,0,0
2578,10,baselines_work/cohorte/java/CODE_DIF_JAVA_009/CODE_DIF_JAVA_009.java,68,baselines_work/cohorte/java/CODE_IDENT_JAVA_013/CODE_IDENT_JAVA_013.java,0,0,0,0,0
2579,10,baselines_work/cohorte/java/CODE_DIF_JAVA_009/CODE_DIF_JAVA_009.java,71,baselines_work/cohorte/java/CODE_IDENT_JAVA_013_COPY/CODE_IDENT_JAVA_013.java,0,0,0,0,0
2580,10,baselines_work/cohorte/java/CODE_DIF_JAVA_009/CODE_DIF_JAVA_009.java,70,baselines_work/cohorte/java/CODE_IDENT_JAVA_014/CODE_IDENT_JAVA_014.java,0,0,0,0,0
2581,10,baselines_work/cohorte/java/CODE_DIF_JAVA_009/CODE_DIF_JAVA_009.java,73,baselines_work/cohorte/java/CODE_IDENT_JAVA_014_COPY/CODE_IDENT_JAVA_014.java,0,0,0,0,0
2582,10,baselines_work/cohorte/java/CODE_DIF_JAVA_009/CODE_DIF_JAVA_009.java,72,baselines_work/cohorte/java/CODE_IDENT_JAVA_015/CODE_IDENT_JAVA_015.java,0,0,0,0,0
2583,10,baselines_work/cohorte/java/CODE_DIF_JAVA_009/CODE_DIF_JAVA_009.java,74,baselines_work/cohorte/java/CODE_IDENT_JAVA_015_COPY/CODE_IDENT_JAVA_015.java,0,0,0,0,0
2589,12,baselines_work/cohorte/java/CODE_DIF_JAVA_010/CODE_DIF_JAVA_010.java,13,baselines_work/cohorte/java/CODE_ESTRU_JAVA_001/CODE_ESTRU_JAVA_001.java,0,0,0,0,0
2590,12,baselines_work/cohorte/java/CODE_DIF_JAVA_010/CODE_DIF_JAVA_010.java,15,baselines_work/cohorte/java/CODE_ESTRU_JAVA_002/CODE_ESTRU_JAVA_002.java,0,0,0,0,0
2591,12,baselines_work/cohorte/java/CODE_DIF_JAVA_010/CODE_DIF_JAVA_010.java,17,baselines_work/cohorte/java/CODE_ESTRU_JAVA_003/CODE_ESTRU_JAVA_003.java,0,0,0,0,0
2592,12,baselines_work/cohorte/java/CODE_DIF_JAVA_010/CODE_DIF_JAVA_010.java,20,baselines_work/cohorte/java/CODE_ESTRU_JAVA_004/CODE_ESTRU_JAVA_004.java,0,0,0,0,0
2593,12,baselines_work/cohorte/java/CODE_DIF_JAVA_010/CODE_DIF_JAVA_010.java,19,baselines_work/cohorte/java/CODE_ESTRU_JAVA_005/CODE_ESTRU_JAVA_005.java,0,0,0,0,0
2594,12,baselines_work/cohorte/java/CODE_DIF_JAVA_010/CODE_DIF_JAVA_010.java,16,baselines_work/cohorte/java/CODE_ESTRU_JAVA_006/CODE_ESTRU_JAVA_006.java,0,0,0,0,0
2595,12,baselines_work/cohorte/java/CODE_DIF_JAVA_010/CODE_DIF_JAVA_010.java,23,baselines_work/cohorte/java/CODE_ESTRU_JAVA_007/CODE_ESTRU_JAVA_007.java,0,0,0,0,0
2596,12,baselines_work/cohorte/java/CODE_DIF_JAVA_010/CODE_DIF_JAVA_010.java,21,baselines_work/cohorte/java/CODE_ESTRU_JAVA_008/CODE_ESTRU_JAVA_008.java,0,0,0,0,0
2597,12,baselines_work/cohorte/java/CODE_DIF_JAVA_010/CODE_DIF_JAVA_010.java,24,baselines_work/cohorte/java/CODE_ESTRU_JAVA_009/CODE_ESTRU_JAVA_009.java,0,0,0,0,0
2598,12,baselines_work/cohorte/java/CODE_DIF_JAVA_010/CODE_DIF_JAVA_010.java,25,baselines_work/cohorte/java/CODE_ESTRU_JAVA_010/CODE_ESTRU_JAVA_010.java,0,0,0,0,0
2599,12,baselines_work/cohorte/java/CODE_DIF_JAVA_010/CODE_DIF_JAVA_010.java,22,baselines_work/cohorte/java/CODE_ESTRU_JAVA_011/CODE_ESTRU_JAVA_011.java,0,0,0,0,0
2600,12,baselines_work/cohorte/java/CODE_DIF_JAVA_010/CODE_DIF_JAVA_010.java,28,baselines_work/cohorte/java/CODE_ESTRU_JAVA_012/CODE_ESTRU_JAVA_012.java,0,0,0,0,0
2601,12,baselines_work/cohorte/java/CODE_DIF_JAVA_010/CODE_DIF_JAVA_010.java,27,baselines_work/cohorte/java/CODE_ESTRU_JAVA_013/CODE_ESTRU_JAVA_013.java,0,0,0,0,0
2602,12,baselines_work/cohorte/java/CODE_DIF_JAVA_010/CODE_DIF_JAVA_010.java,26,baselines_work/cohorte/java/CODE_ESTRU_JAVA_014/CODE_ESTRU_JAVA_014.java,0,0,0,0,0
2604,12,baselines_work/cohorte/java/CODE_DIF_JAVA_010/CODE_DIF_JAVA_010.java,30,baselines_work/cohorte/java/CODE_FUN_JAVA_001/CODE_FUN_JAVA_001.java,0,0,0,0,0
2617,12,baselines_work/cohorte/java/CODE_DIF_JAVA_010/CODE_DIF_JAVA_010.java,44,baselines_work/cohorte/java/CODE_FUN_JAVA_014/CODE_FUN_JAVA_014.java,0,0,0,0,0
2619,12,baselines_work/cohorte/java/CODE_DIF_JAVA_010/CODE_DIF_JAVA_010.java,43,baselines_work/cohorte/java/CODE_IDENT_JAVA_001/CODE_IDENT_JAVA_001.java,0,0,0,0,0
2620,12,baselines_work/cohorte/java/CODE_DIF_JAVA_010/CODE_DIF_JAVA_010.java,52,baselines_work/cohorte/java/CODE_IDENT_JAVA_001_COPY/CODE_IDENT_JAVA_001.java,0,0,0,0,0
2621,12,baselines_work/cohorte/java/CODE_DIF_JAVA_010/CODE_DIF_JAVA_010.java,45,baselines_work/cohorte/java/CODE_IDENT_JAVA_002/CODE_IDENT_JAVA_002.java,0,0,0,0,0
2622,12,baselines_work/cohorte/java/CODE_DIF_JAVA_010/CODE_DIF_JAVA_010.java,46,baselines_work/cohorte/java/CODE_IDENT_JAVA_002_COPY/CODE_IDENT_JAVA_002.java,0,0,0,0,0
2623,12,baselines_work/cohorte/java/CODE_DIF_JAVA_010/CODE_DIF_JAVA_010.java,49,baselines_work/cohorte/java/CODE_IDENT_JAVA_003/CODE_IDENT_JAVA_003.java,0,0,0,0,0
2624,12,baselines_work/cohorte/java/CODE_DIF_JAVA_010/CODE_DIF_JAVA_010.java,48,baselines_work/cohorte/java/CODE_IDENT_JAVA_003_COPY/CODE_IDENT_JAVA_003.java,0,0,0,0,0
2625,12,baselines_work/cohorte/java/CODE_DIF_JAVA_010/CODE_DIF_JAVA_010.java,54,baselines_work/cohorte/java/CODE_IDENT_JAVA_004/CODE_IDENT_JAVA_004.java,0,0,0,0,0
2626,12,baselines_work/cohorte/java/CODE_DIF_JAVA_010/CODE_DIF_JAVA_010.java,50,baselines_work/cohorte/java/CODE_IDENT_JAVA_004_COPY/CODE_IDENT_JAVA_004.java,0,0,0,0,0
2627,12,baselines_work/cohorte/java/CODE_DIF_JAVA_010/CODE_DIF_JAVA_010.java,59,baselines_work/cohorte/java/CODE_IDENT_JAVA_005/CODE_IDENT_JAVA_005.java,0,0,0,0,0
2628,12,baselines_work/cohorte/java/CODE_DIF_JAVA_010/CODE_DIF_JAVA_010.java,55,baselines_work/cohorte/java/CODE_IDENT_JAVA_005_COPY/CODE_IDENT_JAVA_005.java,0,0,0,0,0
2629,12,baselines_work/cohorte/java/CODE_DIF_JAVA_010/CODE_DIF_JAVA_010.java,51,baselines_work/cohorte/java/CODE_IDENT_JAVA_006/CODE_IDENT_JAVA_006.java,0,0,0,0,0
2630,12,baselines_work/cohorte/java/CODE_DIF_JAVA_010/CODE_DIF_JAVA_010.java,53,baselines_work/cohorte/java/CODE_IDENT_JAVA_006_COPY/CODE_IDENT_JAVA_006.java,0,0,0,0,0
2631,12,baselines_work/cohorte/java/CODE_DIF_JAVA_010/CODE_DIF_JAVA_010.java,57,baselines_work/cohorte/java/CODE_IDENT_JAVA_007/CODE_IDENT_JAVA_007.java,0,0,0,0,0
2632,12,baselines_work/cohorte/java/CODE_DIF_JAVA_010/CODE_DIF_JAVA_010.java,58,baselines_work/cohorte/java/CODE_IDENT_JAVA_007_COPY/CODE_IDENT_JAVA_007.java,0,0,0,0,0
2633,12,baselines_work/cohorte/java/CODE_DIF_JAVA_010/CODE_DIF_JAVA_010.java,56,baselines_work/cohorte/java/CODE_IDENT_JAVA_008/CODE_IDENT_JAVA_008.java,0,0,0,0,0
2634,12,baselines_work/cohorte/java/CODE_DIF_JAVA_010/CODE_DIF_JAVA_010.java,60,baselines_work/cohorte/java/CODE_IDENT_JAVA_008_COPY/CODE_IDENT_JAVA_008.java,0,0,0,0,0
2635,12,baselines_work/cohorte/java/CODE_DIF_JAVA_010/CODE_DIF_JAVA_010.java,62,baselines_work/cohorte/java/CODE_IDENT_JAVA_009/CODE_IDENT_JAVA_009.java,0,0,0,0,0
2636,12,baselines_work/cohorte/java/CODE_DIF_JAVA_010/CODE_DIF_JAVA_010.java,63,baselines_work/cohorte/java/CODE_IDENT_JAVA_009_COPY/CODE_IDENT_JAVA_009.java,0,0,0,0,0
2637,12,baselines_work/cohorte/java/CODE_DIF_JAVA_010/CODE_DIF_JAVA_010.java,61,baselines_work/cohorte/java/CODE_IDENT_JAVA_010/CODE_IDENT_JAVA_010.java,0,0,0,0,0
2638,12,baselines_work/cohorte/java/CODE_DIF_JAVA_010/CODE_DIF_JAVA_010.java,64,baselines_work/cohorte/java/CODE_IDENT_JAVA_010_COPY/CODE_IDENT_JAVA_010.java,0,0,0,0,0
2639,12,baselines_work/cohorte/java/CODE_DIF_JAVA_010/CODE_DIF_JAVA_010.java,67,baselines_work/cohorte/java/CODE_IDENT_JAVA_011/CODE_IDENT_JAVA_011.java,0,0,0,0,0
2640,12,baselines_work/cohorte/java/CODE_DIF_JAVA_010/CODE_DIF_JAVA_010.java,65,baselines_work/cohorte/java/CODE_IDENT_JAVA_011_COPY/CODE_IDENT_JAVA_011.java,0,0,0,0,0
2641,12,baselines_work/cohorte/java/CODE_DIF_JAVA_010/CODE_DIF_JAVA_010.java,66,baselines_work/cohorte/java/CODE_IDENT_JAVA_012/CODE_IDENT_JAVA_012.java,0,0,0,0,0
2642,12,baselines_work/cohorte/java/CODE_DIF_JAVA_010/CODE_DIF_JAVA_010.java,69,baselines_work/cohorte/java/CODE_IDENT_JAVA_012_COPY/CODE_IDENT_JAVA_012.java,0,0,0,0,0
2643,12,baselines_work/cohorte/java/CODE_DIF_JAVA_010/CODE_DIF_JAVA_010.java,68,baselines_work/cohorte/java/CODE_IDENT_JAVA_013/CODE_IDENT_JAVA_013.java,0,0,0,0,0
2644,12,baselines_work/cohorte/java/CODE_DIF_JAVA_010/CODE_DIF_JAVA_010.java,71,baselines_work/cohorte/java/CODE_IDENT_JAVA_013_COPY/CODE_IDENT_JAVA_013.java,0,0,0,0,0
2645,12,baselines_work/cohorte/java/CODE_DIF_JAVA_010/CODE_DIF_JAVA_010.java,70,baselines_work/cohorte/java/CODE_IDENT_JAVA_014/CODE_IDENT_JAVA_014.java,0,0,0,0,0
2646,12,baselines_work/cohorte/java/CODE_DIF_JAVA_010/CODE_DIF_JAVA_010.java,73,baselines_work/cohorte/java/CODE_IDENT_JAVA_014_COPY/CODE_IDENT_JAVA_014.java,0,0,0,0,0
2653,8,baselines_work/cohorte/java/CODE_DIF_JAVA_011/CODE_DIF_JAVA_011.java,13,baselines_work/cohorte/java/CODE_ESTRU_JAVA_001/CODE_ESTRU_JAVA_001.java,0,0,0,0,0
2654,8,baselines_work/cohorte/java/CODE_DIF_JAVA_011/CODE_DIF_JAVA_011.java,15,baselines_work/cohorte/java/CODE_ESTRU_JAVA_002/CODE_ESTRU_JAVA_002.java,0,0,0,0,0
2655,8,baselines_work/cohorte/java/CODE_DIF_JAVA_011/CODE_DIF_JAVA_011.java,17,baselines_work/cohorte/java/CODE_ESTRU_JAVA_003/CODE_ESTRU_JAVA_003.java,0,0,0,0,0
2656,8,baselines_work/cohorte/java/CODE_DIF_JAVA_011/CODE_DIF_JAVA_011.java,20,baselines_work/cohorte/java/CODE_ESTRU_JAVA_004/CODE_ESTRU_JAVA_004.java,0,0,0,0,0
2657,8,baselines_work/cohorte/java/CODE_DIF_JAVA_011/CODE_DIF_JAVA_011.java,19,baselines_work/cohorte/java/CODE_ESTRU_JAVA_005/CODE_ESTRU_JAVA_005.java,0,0,0,0,0
2658,8,baselines_work/cohorte/java/CODE_DIF_JAVA_011/CODE_DIF_JAVA_011.java,16,baselines_work/cohorte/java/CODE_ESTRU_JAVA_006/CODE_ESTRU_JAVA_006.java,0,0,0,0,0
2659,8,baselines_work/cohorte/java/CODE_DIF_JAVA_011/CODE_DIF_JAVA_011.java,23,baselines_work/cohorte/java/CODE_ESTRU_JAVA_007/CODE_ESTRU_JAVA_007.java,0,0,0,0,0
2660,8,baselines_work/cohorte/java/CODE_DIF_JAVA_011/CODE_DIF_JAVA_011.java,21,baselines_work/cohorte/java/CODE_ESTRU_JAVA_008/CODE_ESTRU_JAVA_008.java,0,0,0,0,0
2661,8,baselines_work/cohorte/java/CODE_DIF_JAVA_011/CODE_DIF_JAVA_011.java,24,baselines_work/cohorte/java/CODE_ESTRU_JAVA_009/CODE_ESTRU_JAVA_009.java,0,0,0,0,0
2663,8,baselines_work/cohorte/java/CODE_DIF_JAVA_011/CODE_DIF_JAVA_011.java,22,baselines_work/cohorte/java/CODE_ESTRU_JAVA_011/CODE_ESTRU_JAVA_011.java,0,0,0,0,0
2678,8,baselines_work/cohorte/java/CODE_DIF_JAVA_011/CODE_DIF_JAVA_011.java,40,baselines_work/cohorte/java/CODE_FUN_JAVA_011/CODE_FUN_JAVA_011.java,0,0,0,0,0
2679,8,baselines_work/cohorte/java/CODE_DIF_JAVA_011/CODE_DIF_JAVA_011.java,37,baselines_work/cohorte/java/CODE_FUN_JAVA_012/CODE_FUN_JAVA_012.java,0,0,0,0,0
2683,8,baselines_work/cohorte/java/CODE_DIF_JAVA_011/CODE_DIF_JAVA_011.java,43,baselines_work/cohorte/java/CODE_IDENT_JAVA_001/CODE_IDENT_JAVA_001.java,0,0,0,0,0
2684,8,baselines_work/cohorte/java/CODE_DIF_JAVA_011/CODE_DIF_JAVA_011.java,52,baselines_work/cohorte/java/CODE_IDENT_JAVA_001_COPY/CODE_IDENT_JAVA_001.java,0,0,0,0,0
2685,8,baselines_work/cohorte/java/CODE_DIF_JAVA_011/CODE_DIF_JAVA_011.java,45,baselines_work/cohorte/java/CODE_IDENT_JAVA_002/CODE_IDENT_JAVA_002.java,0,0,0,0,0
2686,8,baselines_work/cohorte/java/CODE_DIF_JAVA_011/CODE_DIF_JAVA_011.java,46,baselines_work/cohorte/java/CODE_IDENT_JAVA_002_COPY/CODE_IDENT_JAVA_002.java,0,0,0,0,0
2687,8,baselines_work/cohorte/java/CODE_DIF_JAVA_011/CODE_DIF_JAVA_011.java,49,baselines_work/cohorte/java/CODE_IDENT_JAVA_003/CODE_IDENT_JAVA_003.java,0,0,0,0,0
2688,8,baselines_work/cohorte/java/CODE_DIF_JAVA_011/CODE_DIF_JAVA_011.java,48,baselines_work/cohorte/java/CODE_IDENT_JAVA_003_COPY/CODE_IDENT_JAVA_003.java,0,0,0,0,0
2689,8,baselines_work/cohorte/java/CODE_DIF_JAVA_011/CODE_DIF_JAVA_011.java,54,baselines_work/cohorte/java/CODE_IDENT_JAVA_004/CODE_IDENT_JAVA_004.java,0,0,0,0,0
2690,8,baselines_work/cohorte/java/CODE_DIF_JAVA_011/CODE_DIF_JAVA_011.java,50,baselines_work/cohorte/java/CODE_IDENT_JAVA_004_COPY/CODE_IDENT_JAVA_004.java,0,0,0,0,0
2691,8,baselines_work/cohorte/java/CODE_DIF_JAVA_011/CODE_DIF_JAVA_011.java,59,baselines_work/cohorte/java/CODE_IDENT_JAVA_005/CODE_IDENT_JAVA_005.java,0,0,0,0,0
2692,8,baselines_work/cohorte/java/CODE_DIF_JAVA_011/CODE_DIF_JAVA_011.java,55,baselines_work/cohorte/java/CODE_IDENT_JAVA_005_COPY/CODE_IDENT_JAVA_005.java,0,0,0,0,0
2693,8,baselines_work/cohorte/java/CODE_DIF_JAVA_011/CODE_DIF_JAVA_011.java,51,baselines_work/cohorte/java/CODE_IDENT_JAVA_006/CODE_IDENT_JAVA_006.java,0,0,0,0,0
2694,8,baselines_work/cohorte/java/CODE_DIF_JAVA_011/CODE_DIF_JAVA_011.java,53,baselines_work/cohorte/java/CODE_IDENT_JAVA_006_COPY/CODE_IDENT_JAVA_006.java,0,0,0,0,0
2695,8,baselines_work/cohorte/java/CODE_DIF_JAVA_011/CODE_DIF_JAVA_011.java,57,baselines_work/cohorte/java/CODE_IDENT_JAVA_007/CODE_IDENT_JAVA_007.java,0,0,0,0,0
2696,8,baselines_work/cohorte/java/CODE_DIF_JAVA_011/CODE_DIF_JAVA_011.java,58,baselines_work/cohorte/java/CODE_IDENT_JAVA_007_COPY/CODE_IDENT_JAVA_007.java,0,0,0,0,0
2697,8,baselines_work/cohorte/java/CODE_DIF_JAVA_011/CODE_DIF_JAVA_011.java,56,baselines_work/cohorte/java/CODE_IDENT_JAVA_008/CODE_IDENT_JAVA_008.java,0,0,0,0,0
2698,8,baselines_work/cohorte/java/CODE_DIF_JAVA_011/CODE_DIF_JAVA_011.java,60,baselines_work/cohorte/java/CODE_IDENT_JAVA_008_COPY/CODE_IDENT_JAVA_008.java,0,0,0,0,0
2699,8,baselines_work/cohorte/java/CODE_DIF_JAVA_011/CODE_DIF_JAVA_011.java,62,baselines_work/cohorte/java/CODE_IDENT_JAVA_009/CODE_IDENT_JAVA_009.java,0,0,0,0,0
2700,8,baselines_work/cohorte/java/CODE_DIF_JAVA_011/CODE_DIF_JAVA_011.java,63,baselines_work/cohorte/java/CODE_IDENT_JAVA_009_COPY/CODE_IDENT_JAVA_009.java,0,0,0,0,0
2703,8,baselines_work/cohorte/java/CODE_DIF_JAVA_011/CODE_DIF_JAVA_011.java,67,baselines_work/cohorte/java/CODE_IDENT_JAVA_011/CODE_IDENT_JAVA_011.java,0,0,0,0,0
2704,8,baselines_work/cohorte/java/CODE_DIF_JAVA_011/CODE_DIF_JAVA_011.java,65,baselines_work/cohorte/java/CODE_IDENT_JAVA_011_COPY/CODE_IDENT_JAVA_011.java,0,0,0,0,0
2705,8,baselines_work/cohorte/java/CODE_DIF_JAVA_011/CODE_DIF_JAVA_011.java,66,baselines_work/cohorte/java/CODE_IDENT_JAVA_012/CODE_IDENT_JAVA_012.java,0,0,0,0,0
2706,8,baselines_work/cohorte/java/CODE_DIF_JAVA_011/CODE_DIF_JAVA_011.java,69,baselines_work/cohorte/java/CODE_IDENT_JAVA_012_COPY/CODE_IDENT_JAVA_012.java,0,0,0,0,0
2707,8,baselines_work/cohorte/java/CODE_DIF_JAVA_011/CODE_DIF_JAVA_011.java,68,baselines_work/cohorte/java/CODE_IDENT_JAVA_013/CODE_IDENT_JAVA_013.java,0,0,0,0,0
2708,8,baselines_work/cohorte/java/CODE_DIF_JAVA_011/CODE_DIF_JAVA_011.java,71,baselines_work/cohorte/java/CODE_IDENT_JAVA_013_COPY/CODE_IDENT_JAVA_013.java,0,0,0,0,0
2709,8,baselines_work/cohorte/java/CODE_DIF_JAVA_011/CODE_DIF_JAVA_011.java,70,baselines_work/cohorte/java/CODE_IDENT_JAVA_014/CODE_IDENT_JAVA_014.java,0,0,0,0,0
2710,8,baselines_work/cohorte/java/CODE_DIF_JAVA_011/CODE_DIF_JAVA_011.java,73,baselines_work/cohorte/java/CODE_IDENT_JAVA_014_COPY/CODE_IDENT_JAVA_014.java,0,0,0,0,0
2716,9,baselines_work/cohorte/java/CODE_DIF_JAVA_012/CODE_DIF_JAVA_012.java,13,baselines_work/cohorte/java/CODE_ESTRU_JAVA_001/CODE_ESTRU_JAVA_001.java,0,0,0,0,0
2717,9,baselines_work/cohorte/java/CODE_DIF_JAVA_012/CODE_DIF_JAVA_012.java,15,baselines_work/cohorte/java/CODE_ESTRU_JAVA_002/CODE_ESTRU_JAVA_002.java,0,0,0,0,0
2719,9,baselines_work/cohorte/java/CODE_DIF_JAVA_012/CODE_DIF_JAVA_012.java,20,baselines_work/cohorte/java/CODE_ESTRU_JAVA_004/CODE_ESTRU_JAVA_004.java,0,0,0,0,0
2720,9,baselines_work/cohorte/java/CODE_DIF_JAVA_012/CODE_DIF_JAVA_012.java,19,baselines_work/cohorte/java/CODE_ESTRU_JAVA_005/CODE_ESTRU_JAVA_005.java,0,0,0,0,0
2722,9,baselines_work/cohorte/java/CODE_DIF_JAVA_012/CODE_DIF_JAVA_012.java,23,baselines_work/cohorte/java/CODE_ESTRU_JAVA_007/CODE_ESTRU_JAVA_007.java,0,0,0,0,0
2723,9,baselines_work/cohorte/java/CODE_DIF_JAVA_012/CODE_DIF_JAVA_012.java,21,baselines_work/cohorte/java/CODE_ESTRU_JAVA_008/CODE_ESTRU_JAVA_008.java,0,0,0,0,0
2724,9,baselines_work/cohorte/java/CODE_DIF_JAVA_012/CODE_DIF_JAVA_012.java,24,baselines_work/cohorte/java/CODE_ESTRU_JAVA_009/CODE_ESTRU_JAVA_009.java,0,0,0,0,0
2726,9,baselines_work/cohorte/java/CODE_DIF_JAVA_012/CODE_DIF_JAVA_012.java,22,baselines_work/cohorte/java/CODE_ESTRU_JAVA_011/CODE_ESTRU_JAVA_011.java,0,0,0,0,0
2727,9,baselines_work/cohorte/java/CODE_DIF_JAVA_012/CODE_DIF_JAVA_012.java,28,baselines_work/cohorte/java/CODE_ESTRU_JAVA_012/CODE_ESTRU_JAVA_012.java,0,0,0,0,0
2728,9,baselines_work/cohorte/java/CODE_DIF_JAVA_012/CODE_DIF_JAVA_012.java,27,baselines_work/cohorte/java/CODE_ESTRU_JAVA_013/CODE_ESTRU_JAVA_013.java,0,0,0,0,0
2729,9,baselines_work/cohorte/java/CODE_DIF_JAVA_012/CODE_DIF_JAVA_012.java,26,baselines_work/cohorte/java/CODE_ESTRU_JAVA_014/CODE_ESTRU_JAVA_014.java,0,0,0,0,0
2731,9,baselines_work/cohorte/java/CODE_DIF_JAVA_012/CODE_DIF_JAVA_012.java,30,baselines_work/cohorte/java/CODE_FUN_JAVA_001/CODE_FUN_JAVA_001.java,0,0,0,0,0
2733,9,baselines_work/cohorte/java/CODE_DIF_JAVA_012/CODE_DIF_JAVA_012.java,29,baselines_work/cohorte/java/CODE_FUN_JAVA_003/CODE_FUN_JAVA_003.java,0,0,0,0,0
2741,9,baselines_work/cohorte/java/CODE_DIF_JAVA_012/CODE_DIF_JAVA_012.java,40,baselines_work/cohorte/java/CODE_FUN_JAVA_011/CODE_FUN_JAVA_011.java,0,0,0,0,0
2742,9,baselines_work/cohorte/java/CODE_DIF_JAVA_012/CODE_DIF_JAVA_012.java,37,baselines_work/cohorte/java/CODE_FUN_JAVA_012/CODE_FUN_JAVA_012.java,0,0,0,0,0
2743,9,baselines_work/cohorte/java/CODE_DIF_JAVA_012/CODE_DIF_JAVA_012.java,41,baselines_work/cohorte/java/CODE_FUN_JAVA_013/CODE_FUN_JAVA_013.java,0,0,0,0,0
2746,9,baselines_work/cohorte/java/CODE_DIF_JAVA_012/CODE_DIF_JAVA_012.java,43,baselines_work/cohorte/java/CODE_IDENT_JAVA_001/CODE_IDENT_JAVA_001.java,0,0,0,0,0
2747,9,baselines_work/cohorte/java/CODE_DIF_JAVA_012/CODE_DIF_JAVA_012.java,52,baselines_work/cohorte/java/CODE_IDENT_JAVA_001_COPY/CODE_IDENT_JAVA_001.java,0,0,0,0,0
2748,9,baselines_work/cohorte/java/CODE_DIF_JAVA_012/CODE_DIF_JAVA_012.java,45,baselines_work/cohorte/java/CODE_IDENT_JAVA_002/CODE_IDENT_JAVA_002.java,0,0,0,0,0
2749,9,baselines_work/cohorte/java/CODE_DIF_JAVA_012/CODE_DIF_JAVA_012.java,46,baselines_work/cohorte/java/CODE_IDENT_JAVA_002_COPY/CODE_IDENT_JAVA_002.java,0,0,0,0,0
2750,9,baselines_work/cohorte/java/CODE_DIF_JAVA_012/CODE_DIF_JAVA_012.java,49,baselines_work/cohorte/java/CODE_IDENT_JAVA_003/CODE_IDENT_JAVA_003.java,0,0,0,0,0
2751,9,baselines_work/cohorte/java/CODE_DIF_JAVA_012/CODE_DIF_JAVA_012.java,48,baselines_work/cohorte/java/CODE_IDENT_JAVA_003_COPY/CODE_IDENT_JAVA_003.java,0,0,0,0,0
2752,9,baselines_work/cohorte/java/CODE_DIF_JAVA_012/CODE_DIF_JAVA_012.java,54,baselines_work/cohorte/java/CODE_IDENT_JAVA_004/CODE_IDENT_JAVA_004.java,0,0,0,0,0
2753,9,baselines_work/cohorte/java/CODE_DIF_JAVA_012/CODE_DIF_JAVA_012.java,50,baselines_work/cohorte/java/CODE_IDENT_JAVA_004_COPY/CODE_IDENT_JAVA_004.java,0,0,0,0,0
2754,9,baselines_work/cohorte/java/CODE_DIF_JAVA_012/CODE_DIF_JAVA_012.java,59,baselines_work/cohorte/java/CODE_IDENT_JAVA_005/CODE_IDENT_JAVA_005.java,0,0,0,0,0
2755,9,baselines_work/cohorte/java/CODE_DIF_JAVA_012/CODE_DIF_JAVA_012.java,55,baselines_work/cohorte/java/CODE_IDENT_JAVA_005_COPY/CODE_IDENT_JAVA_005.java,0,0,0,0,0
2756,9,baselines_work/cohorte/java/CODE_DIF_JAVA_012/CODE_DIF_JAVA_012.java,51,baselines_work/cohorte/java/CODE_IDENT_JAVA_006/CODE_IDENT_JAVA_006.java,0,0,0,0,0
2757,9,baselines_work/cohorte/java/CODE_DIF_JAVA_012/CODE_DIF_JAVA_012.java,53,baselines_work/cohorte/java/CODE_IDENT_JAVA_006_COPY/CODE_IDENT_JAVA_006.java,0,0,0,0,0
2758,9,baselines_work/cohorte/java/CODE_DIF_JAVA_012/CODE_DIF_JAVA_012.java,57,baselines_work/cohorte/java/CODE_IDENT_JAVA_007/CODE_IDENT_JAVA_007.java,0,0,0,0,0
2759,9,baselines_work/cohorte/java/CODE_DIF_JAVA_012/CODE_DIF_JAVA_012.java,58,baselines_work/cohorte/java/CODE_IDENT_JAVA_007_COPY/CODE_IDENT_JAVA_007.java,0,0,0,0,0
2760,9,baselines_work/cohorte/java/CODE_DIF_JAVA_012/CODE_DIF_JAVA_012.java,56,baselines_work/cohorte/java/CODE_IDENT_JAVA_008/CODE_IDENT_JAVA_008.java,0,0,0,0,0
2761,9,baselines_work/cohorte/java/CODE_DIF_JAVA_012/CODE_DIF_JAVA_012.java,60,baselines_work/cohorte/java/CODE_IDENT_JAVA_008_COPY/CODE_IDENT_JAVA_008.java,0,0,0,0,0
2762,9,baselines_work/cohorte/java/CODE_DIF_JAVA_012/CODE_DIF_JAVA_012.java,62,baselines_work/cohorte/java/CODE_IDENT_JAVA_009/CODE_IDENT_JAVA_009.java,0,0,0,0,0
2763,9,baselines_work/cohorte/java/CODE_DIF_JAVA_012/CODE_DIF_JAVA_012.java,63,baselines_work/cohorte/java/CODE_IDENT_JAVA_009_COPY/CODE_IDENT_JAVA_009.java,0,0,0,0,0
2766,9,baselines_work/cohorte/java/CODE_DIF_JAVA_012/CODE_DIF_JAVA_012.java,67,baselines_work/cohorte/java/CODE_IDENT_JAVA_011/CODE_IDENT_JAVA_011.java,0,0,0,0,0
2767,9,baselines_work/cohorte/java/CODE_DIF_JAVA_012/CODE_DIF_JAVA_012.java,65,baselines_work/cohorte/java/CODE_IDENT_JAVA_011_COPY/CODE_IDENT_JAVA_011.java,0,0,0,0,0
2768,9,baselines_work/cohorte/java/CODE_DIF_JAVA_012/CODE_DIF_JAVA_012.java,66,baselines_work/cohorte/java/CODE_IDENT_JAVA_012/CODE_IDENT_JAVA_012.java,0,0,0,0,0
2769,9,baselines_work/cohorte/java/CODE_DIF_JAVA_012/CODE_DIF_JAVA_012.java,69,baselines_work/cohorte/java/CODE_IDENT_JAVA_012_COPY/CODE_IDENT_JAVA_012.java,0,0,0,0,0
2770,9,baselines_work/cohorte/java/CODE_DIF_JAVA_012/CODE_DIF_JAVA_012.java,68,baselines_work/cohorte/java/CODE_IDENT_JAVA_013/CODE_IDENT_JAVA_013.java,0,0,0,0,0
2771,9,baselines_work/cohorte/java/CODE_DIF_JAVA_012/CODE_DIF_JAVA_012.java,71,baselines_work/cohorte/java/CODE_IDENT_JAVA_013_COPY/CODE_IDENT_JAVA_013.java,0,0,0,0,0
2772,9,baselines_work/cohorte/java/CODE_DIF_JAVA_012/CODE_DIF_JAVA_012.java,70,baselines_work/cohorte/java/CODE_IDENT_JAVA_014/CODE_IDENT_JAVA_014.java,0,0,0,0,0
2773,9,baselines_work/cohorte/java/CODE_DIF_JAVA_012/CODE_DIF_JAVA_012.java,73,baselines_work/cohorte/java/CODE_IDENT_JAVA_014_COPY/CODE_IDENT_JAVA_014.java,0,0,0,0,0
2778,14,baselines_work/cohorte/java/CODE_DIF_JAVA_013/CODE_DIF_JAVA_013.java,13,baselines_work/cohorte/java/CODE_ESTRU_JAVA_001/CODE_ESTRU_JAVA_001.java,0,0,0,0,0
2779,14,baselines_work/cohorte/java/CODE_DIF_JAVA_013/CODE_DIF_JAVA_013.java,15,baselines_work/cohorte/java/CODE_ESTRU_JAVA_002/CODE_ESTRU_JAVA_002.java,0,0,0,0,0
2780,14,baselines_work/cohorte/java/CODE_DIF_JAVA_013/CODE_DIF_JAVA_013.java,17,baselines_work/cohorte/java/CODE_ESTRU_JAVA_003/CODE_ESTRU_JAVA_003.java,0,0,0,0,0
2782,14,baselines_work/cohorte/java/CODE_DIF_JAVA_013/CODE_DIF_JAVA_013.java,19,baselines_work/cohorte/java/CODE_ESTRU_JAVA_005/CODE_ESTRU_JAVA_005.java,0,0,0,0,0
2783,14,baselines_work/cohorte/java/CODE_DIF_JAVA_013/CODE_DIF_JAVA_013.java,16,baselines_work/cohorte/java/CODE_ESTRU_JAVA_006/CODE_ESTRU_JAVA_006.java,0,0,0,0,0
2784,14,baselines_work/cohorte/java/CODE_DIF_JAVA_013/CODE_DIF_JAVA_013.java,23,baselines_work/cohorte/java/CODE_ESTRU_JAVA_007/CODE_ESTRU_JAVA_007.java,0,0,0,0,0
2785,14,baselines_work/cohorte/java/CODE_DIF_JAVA_013/CODE_DIF_JAVA_013.java,21,baselines_work/cohorte/java/CODE_ESTRU_JAVA_008/CODE_ESTRU_JAVA_008.java,0,0,0,0,0
2788,14,baselines_work/cohorte/java/CODE_DIF_JAVA_013/CODE_DIF_JAVA_013.java,22,baselines_work/cohorte/java/CODE_ESTRU_JAVA_011/CODE_ESTRU_JAVA_011.java,0,0,0,0,0
2789,14,baselines_work/cohorte/java/CODE_DIF_JAVA_013/CODE_DIF_JAVA_013.java,28,baselines_work/cohorte/java/CODE_ESTRU_JAVA_012/CODE_ESTRU_JAVA_012.java,0,0,0,0,0
2790,14,baselines_work/cohorte/java/CODE_DIF_JAVA_013/CODE_DIF_JAVA_013.java,27,baselines_work/cohorte/java/CODE_ESTRU_JAVA_013/CODE_ESTRU_JAVA_013.java,0,0,0,0,0
2791,14,baselines_work/cohorte/java/CODE_DIF_JAVA_013/CODE_DIF_JAVA_013.java,26,baselines_work/cohorte/java/CODE_ESTRU_JAVA_014/CODE_ESTRU_JAVA_014.java,0,0,0,0,0
2796,14,baselines_work/cohorte/java/CODE_DIF_JAVA_013/CODE_DIF_JAVA_013.java,47,baselines_work/cohorte/java/CODE_FUN_JAVA_004/CODE_FUN_JAVA_004.java,0,0,0,0,0
2804,14,baselines_work/cohorte/java/CODE_DIF_JAVA_013/CODE_DIF_JAVA_013.java,37,baselines_work/cohorte/java/CODE_FUN_JAVA_012/CODE_FUN_JAVA_012.java,0,0,0,0,0
2806,14,baselines_work/cohorte/java/CODE_DIF_JAVA_013/CODE_DIF_JAVA_013.java,44,baselines_work/cohorte/java/CODE_FUN_JAVA_014/CODE_FUN_JAVA_014.java,0,0,0,0,0
2808,14,baselines_work/cohorte/java/CODE_DIF_JAVA_013/CODE_DIF_JAVA_013.java,43,baselines_work/cohorte/java/CODE_IDENT_JAVA_001/CODE_IDENT_JAVA_001.java,0,0,0,0,0
2809,14,baselines_work/cohorte/java/CODE_DIF_JAVA_013/CODE_DIF_JAVA_013.java,52,baselines_work/cohorte/java/CODE_IDENT_JAVA_001_COPY/CODE_IDENT_JAVA_001.java,0,0,0,0,0
2810,14,baselines_work/cohorte/java/CODE_DIF_JAVA_013/CODE_DIF_JAVA_013.java,45,baselines_work/cohorte/java/CODE_IDENT_JAVA_002/CODE_IDENT_JAVA_002.java,0,0,0,0,0
2811,14,baselines_work/cohorte/java/CODE_DIF_JAVA_013/CODE_DIF_JAVA_013.java,46,baselines_work/cohorte/java/CODE_IDENT_JAVA_002_COPY/CODE_IDENT_JAVA_002.java,0,0,0,0,0
2812,14,baselines_work/cohorte/java/CODE_DIF_JAVA_013/CODE_DIF_JAVA_013.java,49,baselines_work/cohorte/java/CODE_IDENT_JAVA_003/CODE_IDENT_JAVA_003.java,0,0,0,0,0
2813,14,baselines_work/cohorte/java/CODE_DIF_JAVA_013/CODE_DIF_JAVA_013.java,48,baselines_work/cohorte/java/CODE_IDENT_JAVA_003_COPY/CODE_IDENT_JAVA_003.java,0,0,0,0,0
2814,14,baselines_work/cohorte/java/CODE_DIF_JAVA_013/CODE_DIF_JAVA_013.java,54,baselines_work/cohorte/java/CODE_IDENT_JAVA_004/CODE_IDENT_JAVA_004.java,0,0,0,0,0
2815,14,baselines_work/cohorte/java/CODE_DIF_JAVA_013/CODE_DIF_JAVA_013.java,50,baselines_work/cohorte/java/CODE_IDENT_JAVA_004_COPY/CODE_IDENT_JAVA_004.java,0,0,0,0,0
2816,14,baselines_work/cohorte/java/CODE_DIF_JAVA_013/CODE_DIF_JAVA_013.java,59,baselines_work/cohorte/java/CODE_IDENT_JAVA_005/CODE_IDENT_JAVA_005.java,0,0,0,0,0
2817,14,baselines_work/cohorte/java/CODE_DIF_JAVA_013/CODE_DIF_JAVA_013.java,55,baselines_work/cohorte/java/CODE_IDENT_JAVA_005_COPY/CODE_IDENT_JAVA_005.java,0,0,0,0,0
2818,14,baselines_work/cohorte/java/CODE_DIF_JAVA_013/CODE_DIF_JAVA_013.java,51,baselines_work/cohorte/java/CODE_IDENT_JAVA_006/CODE_IDENT_JAVA_006.java,0,0,0,0,0
2819,14,baselines_work/cohorte/java/CODE_DIF_JAVA_013/CODE_DIF_JAVA_013.java,53,baselines_work/cohorte/java/CODE_IDENT_JAVA_006_COPY/CODE_IDENT_JAVA_006.java,0,0,0,0,0
2820,14,baselines_work/cohorte/java/CODE_DIF_JAVA_013/CODE_DIF_JAVA_013.java,57,baselines_work/cohorte/java/CODE_IDENT_JAVA_007/CODE_IDENT_JAVA_007.java,0,0,0,0,0
2821,14,baselines_work/cohorte/java/CODE_DIF_JAVA_013/CODE_DIF_JAVA_013.java,58,baselines_work/cohorte/java/CODE_IDENT_JAVA_007_COPY/CODE_IDENT_JAVA_007.java,0,0,0,0,0
2822,14,baselines_work/cohorte/java/CODE_DIF_JAVA_013/CODE_DIF_JAVA_013.java,56,baselines_work/cohorte/java/CODE_IDENT_JAVA_008/CODE_IDENT_JAVA_008.java,0,0,0,0,0
2823,14,baselines_work/cohorte/java/CODE_DIF_JAVA_013/CODE_DIF_JAVA_013.java,60,baselines_work/cohorte/java/CODE_IDENT_JAVA_008_COPY/CODE_IDENT_JAVA_008.java,0,0,0,0,0
2828,14,baselines_work/cohorte/java/CODE_DIF_JAVA_013/CODE_DIF_JAVA_013.java,67,baselines_work/cohorte/java/CODE_IDENT_JAVA_011/CODE_IDENT_JAVA_011.java,0,0,0,0,0
2829,14,baselines_work/cohorte/java/CODE_DIF_JAVA_013/CODE_DIF_JAVA_013.java,65,baselines_work/cohorte/java/CODE_IDENT_JAVA_011_COPY/CODE_IDENT_JAVA_011.java,0,0,0,0,0
2830,14,baselines_work/cohorte/java/CODE_DIF_JAVA_013/CODE_DIF_JAVA_013.java,66,baselines_work/cohorte/java/CODE_IDENT_JAVA_012/CODE_IDENT_JAVA_012.java,0,0,0,0,0
2831,14,baselines_work/cohorte/java/CODE_DIF_JAVA_013/CODE_DIF_JAVA_013.java,69,baselines_work/cohorte/java/CODE_IDENT_JAVA_012_COPY/CODE_IDENT_JAVA_012.java,0,0,0,0,0
2832,14,baselines_work/cohorte/java/CODE_DIF_JAVA_013/CODE_DIF_JAVA_013.java,68,baselines_work/cohorte/java/CODE_IDENT_JAVA_013/CODE_IDENT_JAVA_013.java,0,0,0,0,0
2833,14,baselines_work/cohorte/java/CODE_DIF_JAVA_013/CODE_DIF_JAVA_013.java,71,baselines_work/cohorte/java/CODE_IDENT_JAVA_013_COPY/CODE_IDENT_JAVA_013.java,0,0,0,0,0
2834,14,baselines_work/cohorte/java/CODE_DIF_JAVA_013/CODE_DIF_JAVA_013.java,70,baselines_work/cohorte/java/CODE_IDENT_JAVA_014/CODE_IDENT_JAVA_014.java,0,0,0,0,0
2835,14,baselines_work/cohorte/java/CODE_DIF_JAVA_013/CODE_DIF_JAVA_013.java,73,baselines_work/cohorte/java/CODE_IDENT_JAVA_014_COPY/CODE_IDENT_JAVA_014.java,0,0,0,0,0
2839,11,baselines_work/cohorte/java/CODE_DIF_JAVA_014/CODE_DIF_JAVA_014.java,13,baselines_work/cohorte/java/CODE_ESTRU_JAVA_001/CODE_ESTRU_JAVA_001.java,0,0,0,0,0
2840,11,baselines_work/cohorte/java/CODE_DIF_JAVA_014/CODE_DIF_JAVA_014.java,15,baselines_work/cohorte/java/CODE_ESTRU_JAVA_002/CODE_ESTRU_JAVA_002.java,0,0,0,0,0
2841,11,baselines_work/cohorte/java/CODE_DIF_JAVA_014/CODE_DIF_JAVA_014.java,17,baselines_work/cohorte/java/CODE_ESTRU_JAVA_003/CODE_ESTRU_JAVA_003.java,0,0,0,0,0
2842,11,baselines_work/cohorte/java/CODE_DIF_JAVA_014/CODE_DIF_JAVA_014.java,20,baselines_work/cohorte/java/CODE_ESTRU_JAVA_004/CODE_ESTRU_JAVA_004.java,0,0,0,0,0
2843,11,baselines_work/cohorte/java/CODE_DIF_JAVA_014/CODE_DIF_JAVA_014.java,19,baselines_work/cohorte/java/CODE_ESTRU_JAVA_005/CODE_ESTRU_JAVA_005.java,0,0,0,0,0
2844,11,baselines_work/cohorte/java/CODE_DIF_JAVA_014/CODE_DIF_JAVA_014.java,16,baselines_work/cohorte/java/CODE_ESTRU_JAVA_006/CODE_ESTRU_JAVA_006.java,0,0,0,0,0
2845,11,baselines_work/cohorte/java/CODE_DIF_JAVA_014/CODE_DIF_JAVA_014.java,23,baselines_work/cohorte/java/CODE_ESTRU_JAVA_007/CODE_ESTRU_JAVA_007.java,0,0,0,0,0
2846,11,baselines_work/cohorte/java/CODE_DIF_JAVA_014/CODE_DIF_JAVA_014.java,21,baselines_work/cohorte/java/CODE_ESTRU_JAVA_008/CODE_ESTRU_JAVA_008.java,0,0,0,0,0
2847,11,baselines_work/cohorte/java/CODE_DIF_JAVA_014/CODE_DIF_JAVA_014.java,24,baselines_work/cohorte/java/CODE_ESTRU_JAVA_009/CODE_ESTRU_JAVA_009.java,0,0,0,0,0
2849,11,baselines_work/cohorte/java/CODE_DIF_JAVA_014/CODE_DIF_JAVA_014.java,22,baselines_work/cohorte/java/CODE_ESTRU_JAVA_011/CODE_ESTRU_JAVA_011.java,0,0,0,0,0
2850,11,baselines_work/cohorte/java/CODE_DIF_JAVA_014/CODE_DIF_JAVA_014.java,28,baselines_work/cohorte/java/CODE_ESTRU_JAVA_012/CODE_ESTRU_JAVA_012.java,0,0,0,0,0
2851,11,baselines_work/cohorte/java/CODE_DIF_JAVA_014/CODE_DIF_JAVA_014.java,27,baselines_work/cohorte/java/CODE_ESTRU_JAVA_013/CODE_ESTRU_JAVA_013.java,0,0,0,0,0
2852,11,baselines_work/cohorte/java/CODE_DIF_JAVA_014/CODE_DIF_JAVA_014.java,26,baselines_work/cohorte/java/CODE_ESTRU_JAVA_014/CODE_ESTRU_JAVA_014.java,0,0,0,0,0
2855,11,baselines_work/cohorte/java/CODE_DIF_JAVA_014/CODE_DIF_JAVA_014.java,34,baselines_work/cohorte/java/CODE_FUN_JAVA_002/CODE_FUN_JAVA_002.java,0,0,0,0,0
2859,11,baselines_work/cohorte/java/CODE_DIF_JAVA_014/CODE_DIF_JAVA_014.java,38,baselines_work/cohorte/java/CODE_FUN_JAVA_006/CODE_FUN_JAVA_006.java,0,0,0,0,0
2863,11,baselines_work/cohorte/java/CODE_DIF_JAVA_014/CODE_DIF_JAVA_014.java,36,baselines_work/cohorte/java/CODE_FUN_JAVA_010/CODE_FUN_JAVA_010.java,0,0,0,0,0
2867,11,baselines_work/cohorte/java/CODE_DIF_JAVA_014/CODE_DIF_JAVA_014.java,44,baselines_work/cohorte/java/CODE_FUN_JAVA_014/CODE_FUN_JAVA_014.java,0,0,0,0,0
2869,11,baselines_work/cohorte/java/CODE_DIF_JAVA_014/CODE_DIF_JAVA_014.java,43,baselines_work/cohorte/java/CODE_IDENT_JAVA_001/CODE_IDENT_JAVA_001.java,0,0,0,0,0
2870,11,baselines_work/cohorte/java/CODE_DIF_JAVA_014/CODE_DIF_JAVA_014.java,52,baselines_work/cohorte/java/CODE_IDENT_JAVA_001_COPY/CODE_IDENT_JAVA_001.java,0,0,0,0,0
2871,11,baselines_work/cohorte/java/CODE_DIF_JAVA_014/CODE_DIF_JAVA_014.java,45,baselines_work/cohorte/java/CODE_IDENT_JAVA_002/CODE_IDENT_JAVA_002.java,0,0,0,0,0
2872,11,baselines_work/cohorte/java/CODE_DIF_JAVA_014/CODE_DIF_JAVA_014.java,46,baselines_work/cohorte/java/CODE_IDENT_JAVA_002_COPY/CODE_IDENT_JAVA_002.java,0,0,0,0,0
2873,11,baselines_work/cohorte/java/CODE_DIF_JAVA_014/CODE_DIF_JAVA_014.java,49,baselines_work/cohorte/java/CODE_IDENT_JAVA_003/CODE_IDENT_JAVA_003.java,0,0,0,0,0
2874,11,baselines_work/cohorte/java/CODE_DIF_JAVA_014/CODE_DIF_JAVA_014.java,48,baselines_work/cohorte/java/CODE_IDENT_JAVA_003_COPY/CODE_IDENT_JAVA_003.java,0,0,0,0,0
2875,11,baselines_work/cohorte/java/CODE_DIF_JAVA_014/CODE_DIF_JAVA_014.java,54,baselines_work/cohorte/java/CODE_IDENT_JAVA_004/CODE_IDENT_JAVA_004.java,0,0,0,0,0
2876,11,baselines_work/cohorte/java/CODE_DIF_JAVA_014/CODE_DIF_JAVA_014.java,50,baselines_work/cohorte/java/CODE_IDENT_JAVA_004_COPY/CODE_IDENT_JAVA_004.java,0,0,0,0,0
2877,11,baselines_work/cohorte/java/CODE_DIF_JAVA_014/CODE_DIF_JAVA_014.java,59,baselines_work/cohorte/java/CODE_IDENT_JAVA_005/CODE_IDENT_JAVA_005.java,0,0,0,0,0
2878,11,baselines_work/cohorte/java/CODE_DIF_JAVA_014/CODE_DIF_JAVA_014.java,55,baselines_work/cohorte/java/CODE_IDENT_JAVA_005_COPY/CODE_IDENT_JAVA_005.java,0,0,0,0,0
2879,11,baselines_work/cohorte/java/CODE_DIF_JAVA_014/CODE_DIF_JAVA_014.java,51,baselines_work/cohorte/java/CODE_IDENT_JAVA_006/CODE_IDENT_JAVA_006.java,0,0,0,0,0
2880,11,baselines_work/cohorte/java/CODE_DIF_JAVA_014/CODE_DIF_JAVA_014.java,53,baselines_work/cohorte/java/CODE_IDENT_JAVA_006_COPY/CODE_IDENT_JAVA_006.java,0,0,0,0,0
2881,11,baselines_work/cohorte/java/CODE_DIF_JAVA_014/CODE_DIF_JAVA_014.java,57,baselines_work/cohorte/java/CODE_IDENT_JAVA_007/CODE_IDENT_JAVA_007.java,0,0,0,0,0
2882,11,baselines_work/cohorte/java/CODE_DIF_JAVA_014/CODE_DIF_JAVA_014.java,58,baselines_work/cohorte/java/CODE_IDENT_JAVA_007_COPY/CODE_IDENT_JAVA_007.java,0,0,0,0,0
2883,11,baselines_work/cohorte/java/CODE_DIF_JAVA_014/CODE_DIF_JAVA_014.java,56,baselines_work/cohorte/java/CODE_IDENT_JAVA_008/CODE_IDENT_JAVA_008.java,0,0,0,0,0
2884,11,baselines_work/cohorte/java/CODE_DIF_JAVA_014/CODE_DIF_JAVA_014.java,60,baselines_work/cohorte/java/CODE_IDENT_JAVA_008_COPY/CODE_IDENT_JAVA_008.java,0,0,0,0,0
2885,11,baselines_work/cohorte/java/CODE_DIF_JAVA_014/CODE_DIF_JAVA_014.java,62,baselines_work/cohorte/java/CODE_IDENT_JAVA_009/CODE_IDENT_JAVA_009.java,0,0,0,0,0
2886,11,baselines_work/cohorte/java/CODE_DIF_JAVA_014/CODE_DIF_JAVA_014.java,63,baselines_work/cohorte/java/CODE_IDENT_JAVA_009_COPY/CODE_IDENT_JAVA_009.java,0,0,0,0,0
2889,11,baselines_work/cohorte/java/CODE_DIF_JAVA_014/CODE_DIF_JAVA_014.java,67,baselines_work/cohorte/java/CODE_IDENT_JAVA_011/CODE_IDENT_JAVA_011.java,0,0,0,0,0
2890,11,baselines_work/cohorte/java/CODE_DIF_JAVA_014/CODE_DIF_JAVA_014.java,65,baselines_work/cohorte/java/CODE_IDENT_JAVA_011_COPY/CODE_IDENT_JAVA_011.java,0,0,0,0,0
2891,11,baselines_work/cohorte/java/CODE_DIF_JAVA_014/CODE_DIF_JAVA_014.java,66,baselines_work/cohorte/java/CODE_IDENT_JAVA_012/CODE_IDENT_JAVA_012.java,0,0,0,0,0
2892,11,baselines_work/cohorte/java/CODE_DIF_JAVA_014/CODE_DIF_JAVA_014.java,69,baselines_work/cohorte/java/CODE_IDENT_JAVA_012_COPY/CODE_IDENT_JAVA_012.java,0,0,0,0,0
2893,11,baselines_work/cohorte/java/CODE_DIF_JAVA_014/CODE_DIF_JAVA_014.java,68,baselines_work/cohorte/java/CODE_IDENT_JAVA_013/CODE_IDENT_JAVA_013.java,0,0,0,0,0
2894,11,baselines_work/cohorte/java/CODE_DIF_JAVA_014/CODE_DIF_JAVA_014.java,71,baselines_work/cohorte/java/CODE_IDENT_JAVA_013_COPY/CODE_IDENT_JAVA_013.java,0,0,0,0,0
2895,11,baselines_work/cohorte/java/CODE_DIF_JAVA_014/CODE_DIF_JAVA_014.java,70,baselines_work/cohorte/java/CODE_IDENT_JAVA_014/CODE_IDENT_JAVA_014.java,0,0,0,0,0
2896,11,baselines_work/cohorte/java/CODE_DIF_JAVA_014/CODE_DIF_JAVA_014.java,73,baselines_work/cohorte/java/CODE_IDENT_JAVA_014_COPY/CODE_IDENT_JAVA_014.java,0,0,0,0,0
2899,18,baselines_work/cohorte/java/CODE_DIF_JAVA_015/CODE_DIF_JAVA_015.java,13,baselines_work/cohorte/java/CODE_ESTRU_JAVA_001/CODE_ESTRU_JAVA_001.java,0,0,0,0,0
2900,18,baselines_work/cohorte/java/CODE_DIF_JAVA_015/CODE_DIF_JAVA_015.java,15,baselines_work/cohorte/java/CODE_ESTRU_JAVA_002/CODE_ESTRU_JAVA_002.java,0,0,0,0,0
2902,18,baselines_work/cohorte/java/CODE_DIF_JAVA_015/CODE_DIF_JAVA_015.java,20,baselines_work/cohorte/java/CODE_ESTRU_JAVA_004/CODE_ESTRU_JAVA_004.java,0,0,0,0,0
2903,18,baselines_work/cohorte/java/CODE_DIF_JAVA_015/CODE_DIF_JAVA_015.java,19,baselines_work/cohorte/java/CODE_ESTRU_JAVA_005/CODE_ESTRU_JAVA_005.java,0,0,0,0,0
2905,18,baselines_work/cohorte/java/CODE_DIF_JAVA_015/CODE_DIF_JAVA_015.java,23,baselines_work/cohorte/java/CODE_ESTRU_JAVA_007/CODE_ESTRU_JAVA_007.java,0,0,0,0,0
2906,18,baselines_work/cohorte/java/CODE_DIF_JAVA_015/CODE_DIF_JAVA_015.java,21,baselines_work/cohorte/java/CODE_ESTRU_JAVA_008/CODE_ESTRU_JAVA_008.java,0,0,0,0,0
2907,18,baselines_work/cohorte/java/CODE_DIF_JAVA_015/CODE_DIF_JAVA_015.java,24,baselines_work/cohorte/java/CODE_ESTRU_JAVA_009/CODE_ESTRU_JAVA_009.java,0,0,0,0,0
2908,18,baselines_work/cohorte/java/CODE_DIF_JAVA_015/CODE_DIF_JAVA_015.java,25,baselines_work/cohorte/java/CODE_ESTRU_JAVA_010/CODE_ESTRU_JAVA_010.java,0,0,0,0,0
2910,18,baselines_work/cohorte/java/CODE_DIF_JAVA_015/CODE_DIF_JAVA_015.java,28,baselines_work/cohorte/java/CODE_ESTRU_JAVA_012/CODE_ESTRU_JAVA_012.java,0,0,0,0,0
2911,18,baselines_work/cohorte/java/CODE_DIF_JAVA_015/CODE_DIF_JAVA_015.java,27,baselines_work/cohorte/java/CODE_ESTRU_JAVA_013/CODE_ESTRU_JAVA_013.java,0,0,0,0,0
2914,18,baselines_work/cohorte/java/CODE_DIF_JAVA_015/CODE_DIF_JAVA_015.java,30,baselines_work/cohorte/java/CODE_FUN_JAVA_001/CODE_FUN_JAVA_001.java,0,0,0,0,0
2916,18,baselines_work/cohorte/java/CODE_DIF_JAVA_015/CODE_DIF_JAVA_015.java,29,baselines_work/cohorte/java/CODE_FUN_JAVA_003/CODE_FUN_JAVA_003.java,0,0,0,0,0
2927,18,baselines_work/cohorte/java/CODE_DIF_JAVA_015/CODE_DIF_JAVA_015.java,44,baselines_work/cohorte/java/CODE_FUN_JAVA_014/CODE_FUN_JAVA_014.java,0,0,0,0,0
2929,18,baselines_work/cohorte/java/CODE_DIF_JAVA_015/CODE_DIF_JAVA_015.java,43,baselines_work/cohorte/java/CODE_IDENT_JAVA_001/CODE_IDENT_JAVA_001.java,0,0,0,0,0
2930,18,baselines_work/cohorte/java/CODE_DIF_JAVA_015/CODE_DIF_JAVA_015.java,52,baselines_work/cohorte/java/CODE_IDENT_JAVA_001_COPY/CODE_IDENT_JAVA_001.java,0,0,0,0,0
2931,18,baselines_work/cohorte/java/CODE_DIF_JAVA_015/CODE_DIF_JAVA_015.java,45,baselines_work/cohorte/java/CODE_IDENT_JAVA_002/CODE_IDENT_JAVA_002.java,0,0,0,0,0
2932,18,baselines_work/cohorte/java/CODE_DIF_JAVA_015/CODE_DIF_JAVA_015.java,46,baselines_work/cohorte/java/CODE_IDENT_JAVA_002_COPY/CODE_IDENT_JAVA_002.java,0,0,0,0,0
2933,18,baselines_work/cohorte/java/CODE_DIF_JAVA_015/CODE_DIF_JAVA_015.java,49,baselines_work/cohorte/java/CODE_IDENT_JAVA_003/CODE_IDENT_JAVA_003.java,0,0,0,0,0
2934,18,baselines_work/cohorte/java/CODE_DIF_JAVA_015/CODE_DIF_JAVA_015.java,48,baselines_work/cohorte/java/CODE_IDENT_JAVA_003_COPY/CODE_IDENT_JAVA_003.java,0,0,0,0,0
2935,18,baselines_work/cohorte/java/CODE_DIF_JAVA_015/CODE_DIF_JAVA_015.java,54,baselines_work/cohorte/java/CODE_IDENT_JAVA_004/CODE_IDENT_JAVA_004.java,0,0,0,0,0
2936,18,baselines_work/cohorte/java/CODE_DIF_JAVA_015/CODE_DIF_JAVA_015.java,50,baselines_work/cohorte/java/CODE_IDENT_JAVA_004_COPY/CODE_IDENT_JAVA_004.java,0,0,0,0,0
2937,18,baselines_work/cohorte/java/CODE_DIF_JAVA_015/CODE_DIF_JAVA_015.java,59,baselines_work/cohorte/java/CODE_IDENT_JAVA_005/CODE_IDENT_JAVA_005.java,0,0,0,0,0
2938,18,baselines_work/cohorte/java/CODE_DIF_JAVA_015/CODE_DIF_JAVA_015.java,55,baselines_work/cohorte/java/CODE_IDENT_JAVA_005_COPY/CODE_IDENT_JAVA_005.java,0,0,0,0,0
2939,18,baselines_work/cohorte/java/CODE_DIF_JAVA_015/CODE_DIF_JAVA_015.java,51,baselines_work/cohorte/java/CODE_IDENT_JAVA_006/CODE_IDENT_JAVA_006.java,0,0,0,0,0
2940,18,baselines_work/cohorte/java/CODE_DIF_JAVA_015/CODE_DIF_JAVA_015.java,53,baselines_work/cohorte/java/CODE_IDENT_JAVA_006_COPY/CODE_IDENT_JAVA_006.java,0,0,0,0,0
2941,18,baselines_work/cohorte/java/CODE_DIF_JAVA_015/CODE_DIF_JAVA_015.java,57,baselines_work/cohorte/java/CODE_IDENT_JAVA_007/CODE_IDENT_JAVA_007.java,0,0,0,0,0
2942,18,baselines_work/cohorte/java/CODE_DIF_JAVA_015/CODE_DIF_JAVA_015.java,58,baselines_work/cohorte/java/CODE_IDENT_JAVA_007_COPY/CODE_IDENT_JAVA_007.java,0,0,0,0,0
2943,18,baselines_work/cohorte/java/CODE_DIF_JAVA_015/CODE_DIF_JAVA_015.java,56,baselines_work/cohorte/java/CODE_IDENT_JAVA_008/CODE_IDENT_JAVA_008.java,0,0,0,0,0
2944,18,baselines_work/cohorte/java/CODE_DIF_JAVA_015/CODE_DIF_JAVA_015.java,60,baselines_work/cohorte/java/CODE_IDENT_JAVA_008_COPY/CODE_IDENT_JAVA_008.java,0,0,0,0,0
2945,18,baselines_work/cohorte/java/CODE_DIF_JAVA_015/CODE_DIF_JAVA_015.java,62,baselines_work/cohorte/java/CODE_IDENT_JAVA_009/CODE_IDENT_JAVA_009.java,0,0,0,0,0
2946,18,baselines_work/cohorte/java/CODE_DIF_JAVA_015/CODE_DIF_JAVA_015.java,63,baselines_work/cohorte/java/CODE_IDENT_JAVA_009_COPY/CODE_IDENT_JAVA_009.java,0,0,0,0,0
2947,18,baselines_work/cohorte/java/CODE_DIF_JAVA_015/CODE_DIF_JAVA_015.java,61,baselines_work/cohorte/java/CODE_IDENT_JAVA_010/CODE_IDENT_JAVA_010.java,0,0,0,0,0
2948,18,baselines_work/cohorte/java/CODE_DIF_JAVA_015/CODE_DIF_JAVA_015.java,64,baselines_work/cohorte/java/CODE_IDENT_JAVA_010_COPY/CODE_IDENT_JAVA_010.java,0,0,0,0,0
2953,18,baselines_work/cohorte/java/CODE_DIF_JAVA_015/CODE_DIF_JAVA_015.java,68,baselines_work/cohorte/java/CODE_IDENT_JAVA_013/CODE_IDENT_JAVA_013.java,0,0,0,0,0
2954,18,baselines_work/cohorte/java/CODE_DIF_JAVA_015/CODE_DIF_JAVA_015.java,71,baselines_work/cohorte/java/CODE_IDENT_JAVA_013_COPY/CODE_IDENT_JAVA_013.java,0,0,0,0,0
2955,18,baselines_work/cohorte/java/CODE_DIF_JAVA_015/CODE_DIF_JAVA_015.java,70,baselines_work/cohorte/java/CODE_IDENT_JAVA_014/CODE_IDENT_JAVA_014.java,0,0,0,0,0
2956,18,baselines_work/cohorte/java/CODE_DIF_JAVA_015/CODE_DIF_JAVA_015.java,73,baselines_work/cohorte/java/CODE_IDENT_JAVA_014_COPY/CODE_IDENT_JAVA_014.java,0,0,0,0,0
2959,13,baselines_work/cohorte/java/CODE_ESTRU_JAVA_001/CODE_ESTRU_JAVA_001.java,15,baselines_work/cohorte/java/CODE_ESTRU_JAVA_002/CODE_ESTRU_JAVA_002.java,0,0,0,0,0
2960,13,baselines_work/cohorte/java/CODE_ESTRU_JAVA_001/CODE_ESTRU_JAVA_001.java,17,baselines_work/cohorte/java/CODE_ESTRU_JAVA_003/CODE_ESTRU_JAVA_003.java,0,0,0,0,0
2961,13,baselines_work/cohorte/java/CODE_ESTRU_JAVA_001/CODE_ESTRU_JAVA_001.java,20,baselines_work/cohorte/java/CODE_ESTRU_JAVA_004/CODE_ESTRU_JAVA_004.java,0,0,0,0,0
2962,13,baselines_work/cohorte/java/CODE_ESTRU_JAVA_001/CODE_ESTRU_JAVA_001.java,19,baselines_work/cohorte/java/CODE_ESTRU_JAVA_005/CODE_ESTRU_JAVA_005.java,0,0,0,0,0
2964,13,baselines_work/cohorte/java/CODE_ESTRU_JAVA_001/CODE_ESTRU_JAVA_001.java,23,baselines_work/cohorte/java/CODE_ESTRU_JAVA_007/CODE_ESTRU_JAVA_007.java,0,0,0,0,0
2965,13,baselines_work/cohorte/java/CODE_ESTRU_JAVA_001/CODE_ESTRU_JAVA_001.java,21,baselines_work/cohorte/java/CODE_ESTRU_JAVA_008/CODE_ESTRU_JAVA_008.java,0,0,0,0,0
2966,13,baselines_work/cohorte/java/CODE_ESTRU_JAVA_001/CODE_ESTRU_JAVA_001.java,24,baselines_work/cohorte/java/CODE_ESTRU_JAVA_009/CODE_ESTRU_JAVA_009.java,0,0,0,0,0
2967,13,baselines_work/cohorte/java/CODE_ESTRU_JAVA_001/CODE_ESTRU_JAVA_001.java,25,baselines_work/cohorte/java/CODE_ESTRU_JAVA_010/CODE_ESTRU_JAVA_010.java,0,0,0,0,0
2971,13,baselines_work/cohorte/java/CODE_ESTRU_JAVA_001/CODE_ESTRU_JAVA_001.java,26,baselines_work/cohorte/java/CODE_ESTRU_JAVA_014/CODE_ESTRU_JAVA_014.java,0,0,0,0,0
2973,13,baselines_work/cohorte/java/CODE_ESTRU_JAVA_001/CODE_ESTRU_JAVA_001.java,30,baselines_work/cohorte/java/CODE_FUN_JAVA_001/CODE_FUN_JAVA_001.java,0,0,0,0,0
2974,13,baselines_work/cohorte/java/CODE_ESTRU_JAVA_001/CODE_ESTRU_JAVA_001.java,34,baselines_work/cohorte/java/CODE_FUN_JAVA_002/CODE_FUN_JAVA_002.java,0,0,0,0,0
2975,13,baselines_work/cohorte/java/CODE_ESTRU_JAVA_001/CODE_ESTRU_JAVA_001.java,29,baselines_work/cohorte/java/CODE_FUN_JAVA_003/CODE_FUN_JAVA_003.java,0,0,0,0,0
2976,13,baselines_work/cohorte/java/CODE_ESTRU_JAVA_001/CODE_ESTRU_JAVA_001.java,47,baselines_work/cohorte/java/CODE_FUN_JAVA_004/CODE_FUN_JAVA_004.java,0,0,0,0,0
2977,13,baselines_work/cohorte/java/CODE_ESTRU_JAVA_001/CODE_ESTRU_JAVA_001.java,35,baselines_work/cohorte/java/CODE_FUN_JAVA_005/CODE_FUN_JAVA_005.java,0,0,0,0,0
2979,13,baselines_work/cohorte/java/CODE_ESTRU_JAVA_001/CODE_ESTRU_JAVA_001.java,33,baselines_work/cohorte/java/CODE_FUN_JAVA_007/CODE_FUN_JAVA_007.java,0,0,0,0,0
2980,13,baselines_work/cohorte/java/CODE_ESTRU_JAVA_001/CODE_ESTRU_JAVA_001.java,32,baselines_work/cohorte/java/CODE_FUN_JAVA_008/CODE_FUN_JAVA_008.java,0,0,0,0,0
2981,13,baselines_work/cohorte/java/CODE_ESTRU_JAVA_001/CODE_ESTRU_JAVA_001.java,39,baselines_work/cohorte/java/CODE_FUN_JAVA_009/CODE_FUN_JAVA_009.java,0,0,0,0,0
2982,13,baselines_work/cohorte/java/CODE_ESTRU_JAVA_001/CODE_ESTRU_JAVA_001.java,36,baselines_work/cohorte/java/CODE_FUN_JAVA_010/CODE_FUN_JAVA_010.java,0,0,0,0,0
2983,13,baselines_work/cohorte/java/CODE_ESTRU_JAVA_001/CODE_ESTRU_JAVA_001.java,40,baselines_work/cohorte/java/CODE_FUN_JAVA_011/CODE_FUN_JAVA_011.java,0,0,0,0,0
2984,13,baselines_work/cohorte/java/CODE_ESTRU_JAVA_001/CODE_ESTRU_JAVA_001.java,37,baselines_work/cohorte/java/CODE_FUN_JAVA_012/CODE_FUN_JAVA_012.java,0,0,0,0,0
2985,13,baselines_work/cohorte/java/CODE_ESTRU_JAVA_001/CODE_ESTRU_JAVA_001.java,41,baselines_work/cohorte/java/CODE_FUN_JAVA_013/CODE_FUN_JAVA_013.java,0,0,0,0,0
2986,13,baselines_work/cohorte/java/CODE_ESTRU_JAVA_001/CODE_ESTRU_JAVA_001.java,44,baselines_work/cohorte/java/CODE_FUN_JAVA_014/CODE_FUN_JAVA_014.java,0,0,0,0,0
2987,13,baselines_work/cohorte/java/CODE_ESTRU_JAVA_001/CODE_ESTRU_JAVA_001.java,42,baselines_work/cohorte/java/CODE_FUN_JAVA_015/CODE_FUN_JAVA_015.java,0,0,0,0,0
2990,13,baselines_work/cohorte/java/CODE_ESTRU_JAVA_001/CODE_ESTRU_JAVA_001.java,45,baselines_work/cohorte/java/CODE_IDENT_JAVA_002/CODE_IDENT_JAVA_002.java,0,0,0,0,0
2991,13,baselines_work/cohorte/java/CODE_ESTRU_JAVA_001/CODE_ESTRU_JAVA_001.java,46,baselines_work/cohorte/java/CODE_IDENT_JAVA_002_COPY/CODE_IDENT_JAVA_002.java,0,0,0,0,0
2994,13,baselines_work/cohorte/java/CODE_ESTRU_JAVA_001/CODE_ESTRU_JAVA_001.java,54,baselines_work/cohorte/java/CODE_IDENT_JAVA_004/CODE_IDENT_JAVA_004.java,0,0,0,0,0
2995,13,baselines_work/cohorte/java/CODE_ESTRU_JAVA_001/CODE_ESTRU_JAVA_001.java,50,baselines_work/cohorte/java/CODE_IDENT_JAVA_004_COPY/CODE_IDENT_JAVA_004.java,0,0,0,0,0
2996,13,baselines_work/cohorte/java/CODE_ESTRU_JAVA_001/CODE_ESTRU_JAVA_001.java,59,baselines_work/cohorte/java/CODE_IDENT_JAVA_005/CODE_IDENT_JAVA_005.java,0,0,0,0,0
2997,13,baselines_work/cohorte/java/CODE_ESTRU_JAVA_001/CODE_ESTRU_JAVA_001.java,55,baselines_work/cohorte/java/CODE_IDENT_JAVA_005_COPY/CODE_IDENT_JAVA_005.java,0,0,0,0,0
3000,13,baselines_work/cohorte/java/CODE_ESTRU_JAVA_001/CODE_ESTRU_JAVA_001.java,57,baselines_work/cohorte/java/CODE_IDENT_JAVA_007/CODE_IDENT_JAVA_007.java,0,0,0,0,0
3001,13,baselines_work/cohorte/java/CODE_ESTRU_JAVA_001/CODE_ESTRU_JAVA_001.java,58,baselines_work/cohorte/java/CODE_IDENT_JAVA_007_COPY/CODE_IDENT_JAVA_007.java,0,0,0,0,0
3002,13,baselines_work/cohorte/java/CODE_ESTRU_JAVA_001/CODE_ESTRU_JAVA_001.java,56,baselines_work/cohorte/java/CODE_IDENT_JAVA_008/CODE_IDENT_JAVA_008.java,0,0,0,0,0
3003,13,baselines_work/cohorte/java/CODE_ESTRU_JAVA_001/CODE_ESTRU_JAVA_001.java,60,baselines_work/cohorte/java/CODE_IDENT_JAVA_008_COPY/CODE_IDENT_JAVA_008.java,0,0,0,0,0
3004,13,baselines_work/cohorte/java/CODE_ESTRU_JAVA_001/CODE_ESTRU_JAVA_001.java,62,baselines_work/cohorte/java/CODE_IDENT_JAVA_009/CODE_IDENT_JAVA_009.java,0,0,0,0,0
3005,13,baselines_work/cohorte/java/CODE_ESTRU_JAVA_001/CODE_ESTRU_JAVA_001.java,63,baselines_work/cohorte/java/CODE_IDENT_JAVA_009_COPY/CODE_IDENT_JAVA_009.java,0,0,0,0,0
3006,13,baselines_work/cohorte/java/CODE_ESTRU_JAVA_001/CODE_ESTRU_JAVA_001.java,61,baselines_work/cohorte/java/CODE_IDENT_JAVA_010/CODE_IDENT_JAVA_010.java,0,0,0,0,0
3007,13,baselines_work/cohorte/java/CODE_ESTRU_JAVA_001/CODE_ESTRU_JAVA_001.java,64,baselines_work/cohorte/java/CODE_IDENT_JAVA_010_COPY/CODE_IDENT_JAVA_010.java,0,0,0,0,0
3014,13,baselines_work/cohorte/java/CODE_ESTRU_JAVA_001/CODE_ESTRU_JAVA_001.java,70,baselines_work/cohorte/java/CODE_IDENT_JAVA_014/CODE_IDENT_JAVA_014.java,0,0,0,0,0
3015,13,baselines_work/cohorte/java/CODE_ESTRU_JAVA_001/CODE_ESTRU_JAVA_001.java,73,baselines_work/cohorte/java/CODE_IDENT_JAVA_014_COPY/CODE_IDENT_JAVA_014.java,0,0,0,0,0
3018,15,baselines_work/cohorte/java/CODE_ESTRU_JAVA_002/CODE_ESTRU_JAVA_002.java,17,baselines_work/cohorte/java/CODE_ESTRU_JAVA_003/CODE_ESTRU_JAVA_003.java,0,0,0,0,0
3019,15,baselines_work/cohorte/java/CODE_ESTRU_JAVA_002/CODE_ESTRU_JAVA_002.java,20,baselines_work/cohorte/java/CODE_ESTRU_JAVA_004/CODE_ESTRU_JAVA_004.java,0,0,0,0,0
3022,15,baselines_work/cohorte/java/CODE_ESTRU_JAVA_002/CODE_ESTRU_JAVA_002.java,23,baselines_work/cohorte/java/CODE_ESTRU_JAVA_007/CODE_ESTRU_JAVA_007.java,0,0,0,0,0
3023,15,baselines_work/cohorte/java/CODE_ESTRU_JAVA_002/CODE_ESTRU_JAVA_002.java,21,baselines_work/cohorte/java/CODE_ESTRU_JAVA_008/CODE_ESTRU_JAVA_008.java,0,0,0,0,0
3025,15,baselines_work/cohorte/java/CODE_ESTRU_JAVA_002/CODE_ESTRU_JAVA_002.java,25,baselines_work/cohorte/java/CODE_ESTRU_JAVA_010/CODE_ESTRU_JAVA_010.java,0,0,0,0,0
3026,15,baselines_work/cohorte/java/CODE_ESTRU_JAVA_002/CODE_ESTRU_JAVA_002.java,22,baselines_work/cohorte/java/CODE_ESTRU_JAVA_011/CODE_ESTRU_JAVA_011.java,0,0,0,0,0
3027,15,baselines_work/cohorte/java/CODE_ESTRU_JAVA_002/CODE_ESTRU_JAVA_002.java,28,baselines_work/cohorte/java/CODE_ESTRU_JAVA_012/CODE_ESTRU_JAVA_012.java,0,0,0,0,0
3028,15,baselines_work/cohorte/java/CODE_ESTRU_JAVA_002/CODE_ESTRU_JAVA_002.java,27,baselines_work/cohorte/java/CODE_ESTRU_JAVA_013/CODE_ESTRU_JAVA_013.java,0,0,0,0,0
3029,15,baselines_work/cohorte/java/CODE_ESTRU_JAVA_002/CODE_ESTRU_JAVA_002.java,26,baselines_work/cohorte/java/CODE_ESTRU_JAVA_014/CODE_ESTRU_JAVA_014.java,0,0,0,0,0
3030,15,baselines_work/cohorte/java/CODE_ESTRU_JAVA_002/CODE_ESTRU_JAVA_002.java,31,baselines_work/cohorte/java/CODE_ESTRU_JAVA_015/CODE_ESTRU_JAVA_015.java,0,0,0,0,0
3031,15,baselines_work/cohorte/java/CODE_ESTRU_JAVA_002/CODE_ESTRU_JAVA_002.java,30,baselines_work/cohorte/java/CODE_FUN_JAVA_001/CODE_FUN_JAVA_001.java,0,0,0,0,0
3032,15,baselines_work/cohorte/java/CODE_ESTRU_JAVA_002/CODE_ESTRU_JAVA_002.java,34,baselines_work/cohorte/java/CODE_FUN_JAVA_002/CODE_FUN_JAVA_002.java,0,0,0,0,0
3033,15,baselines_work/cohorte/java/CODE_ESTRU_JAVA_002/CODE_ESTRU_JAVA_002.java,29,baselines_work/cohorte/java/CODE_FUN_JAVA_003/CODE_FUN_JAVA_003.java,0,0,0,0,0
3034,15,baselines_work/cohorte/java/CODE_ESTRU_JAVA_002/CODE_ESTRU_JAVA_002.java,47,baselines_work/cohorte/java/CODE_FUN_JAVA_004/CODE_FUN_JAVA_004.java,0,0,0,0,0
3035,15,baselines_work/cohorte/java/CODE_ESTRU_JAVA_002/CODE_ESTRU_JAVA_002.java,35,baselines_work/cohorte/java/CODE_FUN_JAVA_005/CODE_FUN_JAVA_005.java,0,0,0,0,0
3036,15,baselines_work/cohorte/java/CODE_ESTRU_JAVA_002/CODE_ESTRU_JAVA_002.java,38,baselines_work/cohorte/java/CODE_FUN_JAVA_006/CODE_FUN_JAVA_006.java,0,0,0,0,0
3037,15,baselines_work/cohorte/java/CODE_ESTRU_JAVA_002/CODE_ESTRU_JAVA_002.java,33,baselines_work/cohorte/java/CODE_FUN_JAVA_007/CODE_FUN_JAVA_007.java,0,0,0,0,0
3038,15,baselines_work/cohorte/java/CODE_ESTRU_JAVA_002/CODE_ESTRU_JAVA_002.java,32,baselines_work/cohorte/java/CODE_FUN_JAVA_008/CODE_FUN_JAVA_008.java,0,0,0,0,0
3039,15,baselines_work/cohorte/java/CODE_ESTRU_JAVA_002/CODE_ESTRU_JAVA_002.java,39,baselines_work/cohorte/java/CODE_FUN_JAVA_009/CODE_FUN_JAVA_009.java,0,0,0,0,0
3040,15,baselines_work/cohorte/java/CODE_ESTRU_JAVA_002/CODE_ESTRU_JAVA_002.java,36,baselines_work/cohorte/java/CODE_FUN_JAVA_010/CODE_FUN_JAVA_010.java,0,0,0,0,0
3041,15,baselines_work/cohorte/java/CODE_ESTRU_JAVA_002/CODE_ESTRU_JAVA_002.java,40,baselines_work/cohorte/java/CODE_FUN_JAVA_011/CODE_FUN_JAVA_011.java,0,0,0,0,0
3042,15,baselines_work/cohorte/java/CODE_ESTRU_JAVA_002/CODE_ESTRU_JAVA_002.java,37,baselines_work/cohorte/java/CODE_FUN_JAVA_012/CODE_FUN_JAVA_012.java,0,0,0,0,0
3043,15,baselines_work/cohorte/java/CODE_ESTRU_JAVA_002/CODE_ESTRU_JAVA_002.java,41,baselines_work/cohorte/java/CODE_FUN_JAVA_013/CODE_FUN_JAVA_013.java,0,0,0,0,0
3044,15,baselines_work/cohorte/java/CODE_ESTRU_JAVA_002/CODE_ESTRU_JAVA_002.java,44,baselines_work/cohorte/java/CODE_FUN_JAVA_014/CODE_FUN_JAVA_014.java,0,0,0,0,0
3046,15,baselines_work/cohorte/java/CODE_ESTRU_JAVA_002/CODE_ESTRU_JAVA_002.java,43,baselines_work/cohorte/java/CODE_IDENT_JAVA_001/CODE_IDENT_JAVA_001.java,0,0,0,0,0
3047,15,baselines_work/cohorte/java/CODE_ESTRU_JAVA_002/CODE_ESTRU_JAVA_002.java,52,baselines_work/cohorte/java/CODE_IDENT_JAVA_001_COPY/CODE_IDENT_JAVA_001.java,0,0,0,0,0
3050,15,baselines_work/cohorte/java/CODE_ESTRU_JAVA_002/CODE_ESTRU_JAVA_002.java,49,baselines_work/cohorte/java/CODE_IDENT_JAVA_003/CODE_IDENT_JAVA_003.java,0,0,0,0,0
3051,15,baselines_work/cohorte/java/CODE_ESTRU_JAVA_002/CODE_ESTRU_JAVA_002.java,48,baselines_work/cohorte/java/CODE_IDENT_JAVA_003_COPY/CODE_IDENT_JAVA_003.java,0,0,0,0,0
3052,15,baselines_work/cohorte/java/CODE_ESTRU_JAVA_002/CODE_ESTRU_JAVA_002.java,54,baselines_work/cohorte/java/CODE_IDENT_JAVA_004/CODE_IDENT_JAVA_004.java,0,0,0,0,0
3053,15,baselines_work/cohorte/java/CODE_ESTRU_JAVA_002/CODE_ESTRU_JAVA_002.java,50,baselines_work/cohorte/java/CODE_IDENT_JAVA_004_COPY/CODE_IDENT_JAVA_004.java,0,0,0,0,0
3056,15,baselines_work/cohorte/java/CODE_ESTRU_JAVA_002/CODE_ESTRU_JAVA_002.java,51,baselines_work/cohorte/java/CODE_IDENT_JAVA_006/CODE_IDENT_JAVA_006.java,0,0,0,0,0
3057,15,baselines_work/cohorte/java/CODE_ESTRU_JAVA_002/CODE_ESTRU_JAVA_002.java,53,baselines_work/cohorte/java/CODE_IDENT_JAVA_006_COPY/CODE_IDENT_JAVA_006.java,0,0,0,0,0
3058,15,baselines_work/cohorte/java/CODE_ESTRU_JAVA_002/CODE_ESTRU_JAVA_002.java,57,baselines_work/cohorte/java/CODE_IDENT_JAVA_007/CODE_IDENT_JAVA_007.java,0,0,0,0,0
3059,15,baselines_work/cohorte/java/CODE_ESTRU_JAVA_002/CODE_ESTRU_JAVA_002.java,58,baselines_work/cohorte/java/CODE_IDENT_JAVA_007_COPY/CODE_IDENT_JAVA_007.java,0,0,0,0,0
3060,15,baselines_work/cohorte/java/CODE_ESTRU_JAVA_002/CODE_ESTRU_JAVA_002.java,56,baselines_work/cohorte/java/CODE_IDENT_JAVA_008/CODE_IDENT_JAVA_008.java,0,0,0,0,0
3061,15,baselines_work/cohorte/java/CODE_ESTRU_JAVA_002/CODE_ESTRU_JAVA_002.java,60,baselines_work/cohorte/java/CODE_IDENT_JAVA_008_COPY/CODE_IDENT_JAVA_008.java,0,0,0,0,0
3064,15,baselines_work/cohorte/java/CODE_ESTRU_JAVA_002/CODE_ESTRU_JAVA_002.java,61,baselines_work/cohorte/java/CODE_IDENT_JAVA_010/CODE_IDENT_JAVA_010.java,0,0,0,0,0
3065,15,baselines_work/cohorte/java/CODE_ESTRU_JAVA_002/CODE_ESTRU_JAVA_002.java,64,baselines_work/cohorte/java/CODE_IDENT_JAVA_010_COPY/CODE_IDENT_JAVA_010.java,0,0,0,0,0
3066,15,baselines_work/cohorte/java/CODE_ESTRU_JAVA_002/CODE_ESTRU_JAVA_002.java,67,baselines_work/cohorte/java/CODE_IDENT_JAVA_011/CODE_IDENT_JAVA_011.java,0,0,0,0,0
3067,15,baselines_work/cohorte/java/CODE_ESTRU_JAVA_002/CODE_ESTRU_JAVA_002.java,65,baselines_work/cohorte/java/CODE_IDENT_JAVA_011_COPY/CODE_IDENT_JAVA_011.java,0,0,0,0,0
3068,15,baselines_work/cohorte/java/CODE_ESTRU_JAVA_002/CODE_ESTRU_JAVA_002.java,66,baselines_work/cohorte/java/CODE_IDENT_JAVA_012/CODE_IDENT_JAVA_012.java,0,0,0,0,0
3069,15,baselines_work/cohorte/java/CODE_ESTRU_JAVA_002/CODE_ESTRU_JAVA_002.java,69,baselines_work/cohorte/java/CODE_IDENT_JAVA_012_COPY/CODE_IDENT_JAVA_012.java,0,0,0,0,0
3070,15,baselines_work/cohorte/java/CODE_ESTRU_JAVA_002/CODE_ESTRU_JAVA_002.java,68,baselines_work/cohorte/java/CODE_IDENT_JAVA_013/CODE_IDENT_JAVA_013.java,0,0,0,0,0
3071,15,baselines_work/cohorte/java/CODE_ESTRU_JAVA_002/CODE_ESTRU_JAVA_002.java,71,baselines_work/cohorte/java/CODE_IDENT_JAVA_013_COPY/CODE_IDENT_JAVA_013.java,0,0,0,0,0
3072,15,baselines_work/cohorte/java/CODE_ESTRU_JAVA_002/CODE_ESTRU_JAVA_002.java,70,baselines_work/cohorte/java/CODE_IDENT_JAVA_014/CODE_IDENT_JAVA_014.java,0,0,0,0,0
3073,15,baselines_work/cohorte/java/CODE_ESTRU_JAVA_002/CODE_ESTRU_JAVA_002.java,73,baselines_work/cohorte/java/CODE_IDENT_JAVA_014_COPY/CODE_IDENT_JAVA_014.java,0,0,0,0,0
3074,15,baselines_work/cohorte/java/CODE_ESTRU_JAVA_002/CODE_ESTRU_JAVA_002.java,72,baselines_work/cohorte/java/CODE_IDENT_JAVA_015/CODE_IDENT_JAVA_015.java,0,0,0,0,0
3075,15,baselines_work/cohorte/java/CODE_ESTRU_JAVA_002/CODE_ESTRU_JAVA_002.java,74,baselines_work/cohorte/java/CODE_IDENT_JAVA_015_COPY/CODE_IDENT_JAVA_015.java,0,0,0,0,0
3076,17,baselines_work/cohorte/java/CODE_ESTRU_JAVA_003/CODE_ESTRU_JAVA_003.java,20,baselines_work/cohorte/java/CODE_ESTRU_JAVA_004/CODE_ESTRU_JAVA_004.java,0,0,0,0,0
3077,17,baselines_work/cohorte/java/CODE_ESTRU_JAVA_003/CODE_ESTRU_JAVA_003.java,19,baselines_work/cohorte/java/CODE_ESTRU_JAVA_005/CODE_ESTRU_JAVA_005.java,0,0,0,0,0
3079,17,baselines_work/cohorte/java/CODE_ESTRU_JAVA_003/CODE_ESTRU_JAVA_003.java,23,baselines_work/cohorte/java/CODE_ESTRU_JAVA_007/CODE_ESTRU_JAVA_007.java,0,0,0,0,0
3080,17,baselines_work/cohorte/java/CODE_ESTRU_JAVA_003/CODE_ESTRU_JAVA_003.java,21,baselines_work/cohorte/java/CODE_ESTRU_JAVA_008/CODE_ESTRU_JAVA_008.java,0,0,0,0,0
3081,17,baselines_work/cohorte/java/CODE_ESTRU_JAVA_003/CODE_ESTRU_JAVA_003.java,24,baselines_work/cohorte/java/CODE_ESTRU_JAVA_009/CODE_ESTRU_JAVA_009.java,0,0,0,0,0
3083,17,baselines_work/cohorte/java/CODE_ESTRU_JAVA_003/CODE_ESTRU_JAVA_003.java,22,baselines_work/cohorte/java/CODE_ESTRU_JAVA_011/CODE_ESTRU_JAVA_011.java,0,0,0,0,0
3086,17,baselines_work/cohorte/java/CODE_ESTRU_JAVA_003/CODE_ESTRU_JAVA_003.java,26,baselines_work/cohorte/java/CODE_ESTRU_JAVA_014/CODE_ESTRU_JAVA_014.java,0,0,0,0,0
3087,17,baselines_work/cohorte/java/CODE_ESTRU_JAVA_003/CODE_ESTRU_JAVA_003.java,31,baselines_work/cohorte/java/CODE_ESTRU_JAVA_015/CODE_ESTRU_JAVA_015.java,0,0,0,0,0
3088,17,baselines_work/cohorte/java/CODE_ESTRU_JAVA_003/CODE_ESTRU_JAVA_003.java,30,baselines_work/cohorte/java/CODE_FUN_JAVA_001/CODE_FUN_JAVA_001.java,0,0,0,0,0
3089,17,baselines_work/cohorte/java/CODE_ESTRU_JAVA_003/CODE_ESTRU_JAVA_003.java,34,baselines_work/cohorte/java/CODE_FUN_JAVA_002/CODE_FUN_JAVA_002.java,0,0,0,0,0
3091,17,baselines_work/cohorte/java/CODE_ESTRU_JAVA_003/CODE_ESTRU_JAVA_003.java,47,baselines_work/cohorte/java/CODE_FUN_JAVA_004/CODE_FUN_JAVA_004.java,0,0,0,0,0
3092,17,baselines_work/cohorte/java/CODE_ESTRU_JAVA_003/CODE_ESTRU_JAVA_003.java,35,baselines_work/cohorte/java/CODE_FUN_JAVA_005/CODE_FUN_JAVA_005.java,0,0,0,0,0
3093,17,baselines_work/cohorte/java/CODE_ESTRU_JAVA_003/CODE_ESTRU_JAVA_003.java,38,baselines_work/cohorte/java/CODE_FUN_JAVA_006/CODE_FUN_JAVA_006.java,0,0,0,0,0
3095,17,baselines_work/cohorte/java/CODE_ESTRU_JAVA_003/CODE_ESTRU_JAVA_003.java,32,baselines_work/cohorte/java/CODE_FUN_JAVA_008/CODE_FUN_JAVA_008.java,0,0,0,0,0
3096,17,baselines_work/cohorte/java/CODE_ESTRU_JAVA_003/CODE_ESTRU_JAVA_003.java,39,baselines_work/cohorte/java/CODE_FUN_JAVA_009/CODE_FUN_JAVA_009.java,0,0,0,0,0
3097,17,baselines_work/cohorte/java/CODE_ESTRU_JAVA_003/CODE_ESTRU_JAVA_003.java,36,baselines_work/cohorte/java/CODE_FUN_JAVA_010/CODE_FUN_JAVA_010.java,0,0,0,0,0
3098,17,baselines_work/cohorte/java/CODE_ESTRU_JAVA_003/CODE_ESTRU_JAVA_003.java,40,baselines_work/cohorte/java/CODE_FUN_JAVA_011/CODE_FUN_JAVA_011.java,0,0,0,0,0
3099,17,baselines_work/cohorte/java/CODE_ESTRU_JAVA_003/CODE_ESTRU_JAVA_003.java,37,baselines_work/cohorte/java/CODE_FUN_JAVA_012/CODE_FUN_JAVA_012.java,0,0,0,0,0
3100,17,baselines_work/cohorte/java/CODE_ESTRU_JAVA_003/CODE_ESTRU_JAVA_003.java,41,baselines_work/cohorte/java/CODE_FUN_JAVA_013/CODE_FUN_JAVA_013.java,0,0,0,0,0
3101,17,baselines_work/cohorte/java/CODE_ESTRU_JAVA_003/CODE_ESTRU_JAVA_003.java,44,baselines_work/cohorte/java/CODE_FUN_JAVA_014/CODE_FUN_JAVA_014.java,0,0,0,0,0
3102,17,baselines_work/cohorte/java/CODE_ESTRU_JAVA_003/CODE_ESTRU_JAVA_003.java,42,baselines_work/cohorte/java/CODE_FUN_JAVA_015/CODE_FUN_JAVA_015.java,0,0,0,0,0
3103,17,baselines_work/cohorte/java/CODE_ESTRU_JAVA_003/CODE_ESTRU_JAVA_003.java,43,baselines_work/cohorte/java/CODE_IDENT_JAVA_001/CODE_IDENT_JAVA_001.java,0,0,0,0,0
3104,17,baselines_work/cohorte/java/CODE_ESTRU_JAVA_003/CODE_ESTRU_JAVA_003.java,52,baselines_work/cohorte/java/CODE_IDENT_JAVA_001_COPY/CODE_IDENT_JAVA_001.java,0,0,0,0,0
3105,17,baselines_work/cohorte/java/CODE_ESTRU_JAVA_003/CODE_ESTRU_JAVA_003.java,45,baselines_work/cohorte/java/CODE_IDENT_JAVA_002/CODE_IDENT_JAVA_002.java,0,0,0,0,0
3106,17,baselines_work/cohorte/java/CODE_ESTRU_JAVA_003/CODE_ESTRU_JAVA_003.java,46,baselines_work/cohorte/java/CODE_IDENT_JAVA_002_COPY/CODE_IDENT_JAVA_002.java,0,0,0,0,0
3109,17,baselines_work/cohorte/java/CODE_ESTRU_JAVA_003/CODE_ESTRU_JAVA_003.java,54,baselines_work/cohorte/java/CODE_IDENT_JAVA_004/CODE_IDENT_JAVA_004.java,0,0,0,0,0
3110,17,baselines_work/cohorte/java/CODE_ESTRU_JAVA_003/CODE_ESTRU_JAVA_003.java,50,baselines_work/cohorte/java/CODE_IDENT_JAVA_004_COPY/CODE_IDENT_JAVA_004.java,0,0,0,0,0
3111,17,baselines_work/cohorte/java/CODE_ESTRU_JAVA_003/CODE_ESTRU_JAVA_003.java,59,baselines_work/cohorte/java/CODE_IDENT_JAVA_005/CODE_IDENT_JAVA_005.java,0,0,0,0,0
3112,17,baselines_work/cohorte/java/CODE_ESTRU_JAVA_003/CODE_ESTRU_JAVA_003.java,55,baselines_work/cohorte/java/CODE_IDENT_JAVA_005_COPY/CODE_IDENT_JAVA_005.java,0,0,0,0,0
3113,17,baselines_work/cohorte/java/CODE_ESTRU_JAVA_003/CODE_ESTRU_JAVA_003.java,51,baselines_work/cohorte/java/CODE_IDENT_JAVA_006/CODE_IDENT_JAVA_006.java,0,0,0,0,0
3114,17,baselines_work/cohorte/java/CODE_ESTRU_JAVA_003/CODE_ESTRU_JAVA_003.java,53,baselines_work/cohorte/java/CODE_IDENT_JAVA_006_COPY/CODE_IDENT_JAVA_006.java,0,0,0,0,0
3115,17,baselines_work/cohorte/java/CODE_ESTRU_JAVA_003/CODE_ESTRU_JAVA_003.java,57,baselines_work/cohorte/java/CODE_IDENT_JAVA_007/CODE_IDENT_JAVA_007.java,0,0,0,0,0
3116,17,baselines_work/cohorte/java/CODE_ESTRU_JAVA_003/CODE_ESTRU_JAVA_003.java,58,baselines_work/cohorte/java/CODE_IDENT_JAVA_007_COPY/CODE_IDENT_JAVA_007.java,0,0,0,0,0
3117,17,baselines_work/cohorte/java/CODE_ESTRU_JAVA_003/CODE_ESTRU_JAVA_003.java,56,baselines_work/cohorte/java/CODE_IDENT_JAVA_008/CODE_IDENT_JAVA_008.java,0,0,0,0,0
3118,17,baselines_work/cohorte/java/CODE_ESTRU_JAVA_003/CODE_ESTRU_JAVA_003.java,60,baselines_work/cohorte/java/CODE_IDENT_JAVA_008_COPY/CODE_IDENT_JAVA_008.java,0,0,0,0,0
3119,17,baselines_work/cohorte/java/CODE_ESTRU_JAVA_003/CODE_ESTRU_JAVA_003.java,62,baselines_work/cohorte/java/CODE_IDENT_JAVA_009/CODE_IDENT_JAVA_009.java,0,0,0,0,0
3120,17,baselines_work/cohorte/java/CODE_ESTRU_JAVA_003/CODE_ESTRU_JAVA_003.java,63,baselines_work/cohorte/java/CODE_IDENT_JAVA_009_COPY/CODE_IDENT_JAVA_009.java,0,0,0,0,0
3121,17,baselines_work/cohorte/java/CODE_ESTRU_JAVA_003/CODE_ESTRU_JAVA_003.java,61,baselines_work/cohorte/java/CODE_IDENT_JAVA_010/CODE_IDENT_JAVA_010.java,0,0,0,0,0
3122,17,baselines_work/cohorte/java/CODE_ESTRU_JAVA_003/CODE_ESTRU_JAVA_003.java,64,baselines_work/cohorte/java/CODE_IDENT_JAVA_010_COPY/CODE_IDENT_JAVA_010.java,0,0,0,0,0
3123,17,baselines_work/cohorte/java/CODE_ESTRU_JAVA_003/CODE_ESTRU_JAVA_003.java,67,baselines_work/cohorte/java/CODE_IDENT_JAVA_011/CODE_IDENT_JAVA_011.java,0,0,0,0,0
3124,17,baselines_work/cohorte/java/CODE_ESTRU_JAVA_003/CODE_ESTRU_JAVA_003.java,65,baselines_work/cohorte/java/CODE_IDENT_JAVA_011_COPY/CODE_IDENT_JAVA_011.java,0,0,0,0,0
3125,17,baselines_work/cohorte/java/CODE_ESTRU_JAVA_003/CODE_ESTRU_JAVA_003.java,66,baselines_work/cohorte/java/CODE_IDENT_JAVA_012/CODE_IDENT_JAVA_012.java,0,0,0,0,0
3126,17,baselines_work/cohorte/java/CODE_ESTRU_JAVA_003/CODE_ESTRU_JAVA_003.java,69,baselines_work/cohorte/java/CODE_IDENT_JAVA_012_COPY/CODE_IDENT_JAVA_012.java,0,0,0,0,0
3127,17,baselines_work/cohorte/java/CODE_ESTRU_JAVA_003/CODE_ESTRU_JAVA_003.java,68,baselines_work/cohorte/java/CODE_IDENT_JAVA_013/CODE_IDENT_JAVA_013.java,0,0,0,0,0
3128,17,baselines_work/cohorte/java/CODE_ESTRU_JAVA_003/CODE_ESTRU_JAVA_003.java,71,baselines_work/cohorte/java/CODE_IDENT_JAVA_013_COPY/CODE_IDENT_JAVA_013.java,0,0,0,0,0
3129,17,baselines_work/cohorte/java/CODE_ESTRU_JAVA_003/CODE_ESTRU_JAVA_003.java,70,baselines_work/cohorte/java/CODE_IDENT_JAVA_014/CODE_IDENT_JAVA_014.java,0,0,0,0,0
3130,17,baselines_work/cohorte/java/CODE_ESTRU_JAVA_003/CODE_ESTRU_JAVA_003.java,73,baselines_work/cohorte/java/CODE_IDENT_JAVA_014_COPY/CODE_IDENT_JAVA_014.java,0,0,0,0,0
3131,17,baselines_work/cohorte/java/CODE_ESTRU_JAVA_003/CODE_ESTRU_JAVA_003.java,72,baselines_work/cohorte/java/CODE_IDENT_JAVA_015/CODE_IDENT_JAVA_015.java,0,0,0,0,0
3132,17,baselines_work/cohorte/java/CODE_ESTRU_JAVA_003/CODE_ESTRU_JAVA_003.java,74,baselines_work/cohorte/java/CODE_IDENT_JAVA_015_COPY/CODE_IDENT_JAVA_015.java,0,0,0,0,0
3133,20,baselines_work/cohorte/java/CODE_ESTRU_JAVA_004/CODE_ESTRU_JAVA_004.java,19,baselines_work/cohorte/java/CODE_ESTRU_JAVA_005/CODE_ESTRU_JAVA_005.java,0,0,0,0,0
3134,20,baselines_work/cohorte/java/CODE_ESTRU_JAVA_004/CODE_ESTRU_JAVA_004.java,16,baselines_work/cohorte/java/CODE_ESTRU_JAVA_006/CODE_ESTRU_JAVA_006.java,0,0,0,0,0
3137,20,baselines_work/cohorte/java/CODE_ESTRU_JAVA_004/CODE_ESTRU_JAVA_004.java,24,baselines_work/cohorte/java/CODE_ESTRU_JAVA_009/CODE_ESTRU_JAVA_009.java,0,0,0,0,0
3138,20,baselines_work/cohorte/java/CODE_ESTRU_JAVA_004/CODE_ESTRU_JAVA_004.java,25,baselines_work/cohorte/java/CODE_ESTRU_JAVA_010/CODE_ESTRU_JAVA_010.java,0,0,0,0,0
3139,20,baselines_work/cohorte/java/CODE_ESTRU_JAVA_004/CODE_ESTRU_JAVA_004.java,22,baselines_work/cohorte/java/CODE_ESTRU_JAVA_011/CODE_ESTRU_JAVA_011.java,0,0,0,0,0
3140,20,baselines_work/cohorte/java/CODE_ESTRU_JAVA_004/CODE_ESTRU_JAVA_004.java,28,baselines_work/cohorte/java/CODE_ESTRU_JAVA_012/CODE_ESTRU_JAVA_012.java,0,0,0,0,0
3141,20,baselines_work/cohorte/java/CODE_ESTRU_JAVA_004/CODE_ESTRU_JAVA_004.java,27,baselines_work/cohorte/java/CODE_ESTRU_JAVA_013/CODE_ESTRU_JAVA_013.java,0,0,0,0,0
3143,20,baselines_work/cohorte/java/CODE_ESTRU_JAVA_004/CODE_ESTRU_JAVA_004.java,31,baselines_work/cohorte/java/CODE_ESTRU_JAVA_015/CODE_ESTRU_JAVA_015.java,0,0,0,0,0
3144,20,baselines_work/cohorte/java/CODE_ESTRU_JAVA_004/CODE_ESTRU_JAVA_004.java,30,baselines_work/cohorte/java/CODE_FUN_JAVA_001/CODE_FUN_JAVA_001.java,0,0,0,0,0
3145,20,baselines_work/cohorte/java/CODE_ESTRU_JAVA_004/CODE_ESTRU_JAVA_004.java,34,baselines_work/cohorte/java/CODE_FUN_JAVA_002/CODE_FUN_JAVA_002.java,0,0,0,0,0
3146,20,baselines_work/cohorte/java/CODE_ESTRU_JAVA_004/CODE_ESTRU_JAVA_004.java,29,baselines_work/cohorte/java/CODE_FUN_JAVA_003/CODE_FUN_JAVA_003.java,0,0,0,0,0
3147,20,baselines_work/cohorte/java/CODE_ESTRU_JAVA_004/CODE_ESTRU_JAVA_004.java,47,baselines_work/cohorte/java/CODE_FUN_JAVA_004/CODE_FUN_JAVA_004.java,0,0,0,0,0
3148,20,baselines_work/cohorte/java/CODE_ESTRU_JAVA_004/CODE_ESTRU_JAVA_004.java,35,baselines_work/cohorte/java/CODE_FUN_JAVA_005/CODE_FUN_JAVA_005.java,0,0,0,0,0
3149,20,baselines_work/cohorte/java/CODE_ESTRU_JAVA_004/CODE_ESTRU_JAVA_004.java,38,baselines_work/cohorte/java/CODE_FUN_JAVA_006/CODE_FUN_JAVA_006.java,0,0,0,0,0
3150,20,baselines_work/cohorte/java/CODE_ESTRU_JAVA_004/CODE_ESTRU_JAVA_004.java,33,baselines_work/cohorte/java/CODE_FUN_JAVA_007/CODE_FUN_JAVA_007.java,0,0,0,0,0
3151,20,baselines_work/cohorte/java/CODE_ESTRU_JAVA_004/CODE_ESTRU_JAVA_004.java,32,baselines_work/cohorte/java/CODE_FUN_JAVA_008/CODE_FUN_JAVA_008.java,0,0,0,0,0
3152,20,baselines_work/cohorte/java/CODE_ESTRU_JAVA_004/CODE_ESTRU_JAVA_004.java,39,baselines_work/cohorte/java/CODE_FUN_JAVA_009/CODE_FUN_JAVA_009.java,0,0,0,0,0
3153,20,baselines_work/cohorte/java/CODE_ESTRU_JAVA_004/CODE_ESTRU_JAVA_004.java,36,baselines_work/cohorte/java/CODE_FUN_JAVA_010/CODE_FUN_JAVA_010.java,0,0,0,0,0
3154,20,baselines_work/cohorte/java/CODE_ESTRU_JAVA_004/CODE_ESTRU_JAVA_004.java,40,baselines_work/cohorte/java/CODE_FUN_JAVA_011/CODE_FUN_JAVA_011.java,0,0,0,0,0
3155,20,baselines_work/cohorte/java/CODE_ESTRU_JAVA_004/CODE_ESTRU_JAVA_004.java,37,baselines_work/cohorte/java/CODE_FUN_JAVA_012/CODE_FUN_JAVA_012.java,0,0,0,0,0
3156,20,baselines_work/cohorte/java/CODE_ESTRU_JAVA_004/CODE_ESTRU_JAVA_004.java,41,baselines_work/cohorte/java/CODE_FUN_JAVA_013/CODE_FUN_JAVA_013.java,0,0,0,0,0
3157,20,baselines_work/cohorte/java/CODE_ESTRU_JAVA_004/CODE_ESTRU_JAVA_004.java,44,baselines_work/cohorte/java/CODE_FUN_JAVA_014/CODE_FUN_JAVA_014.java,0,0,0,0,0
3158,20,baselines_work/cohorte/java/CODE_ESTRU_JAVA_004/CODE_ESTRU_JAVA_004.java,42,baselines_work/cohorte/java/CODE_FUN_JAVA_015/CODE_FUN_JAVA_015.java,0,0,0,0,0
3159,20,baselines_work/cohorte/java/CODE_ESTRU_JAVA_004/CODE_ESTRU_JAVA_004.java,43,baselines_work/cohorte/java/CODE_IDENT_JAVA_001/CODE_IDENT_JAVA_001.java,0,0,0,0,0
3160,20,baselines_work/cohorte/java/CODE_ESTRU_JAVA_004/CODE_ESTRU_JAVA_004.java,52,baselines_work/cohorte/java/CODE_IDENT_JAVA_001_COPY/CODE_IDENT_JAVA_001.java,0,0,0,0,0
3161,20,baselines_work/cohorte/java/CODE_ESTRU_JAVA_004/CODE_ESTRU_JAVA_004.java,45,baselines_work/cohorte/java/CODE_IDENT_JAVA_002/CODE_IDENT_JAVA_002.java,0,0,0,0,0
3162,20,baselines_work/cohorte/java/CODE_ESTRU_JAVA_004/CODE_ESTRU_JAVA_004.java,46,baselines_work/cohorte/java/CODE_IDENT_JAVA_002_COPY/CODE_IDENT_JAVA_002.java,0,0,0,0,0
3163,20,baselines_work/cohorte/java/CODE_ESTRU_JAVA_004/CODE_ESTRU_JAVA_004.java,49,baselines_work/cohorte/java/CODE_IDENT_JAVA_003/CODE_IDENT_JAVA_003.java,0,0,0,0,0
3164,20,baselines_work/cohorte/java/CODE_ESTRU_JAVA_004/CODE_ESTRU_JAVA_004.java,48,baselines_work/cohorte/java/CODE_IDENT_JAVA_003_COPY/CODE_IDENT_JAVA_003.java,0,0,0,0,0
3167,20,baselines_work/cohorte/java/CODE_ESTRU_JAVA_004/CODE_ESTRU_JAVA_004.java,59,baselines_work/cohorte/java/CODE_IDENT_JAVA_005/CODE_IDENT_JAVA_005.java,0,0,0,0,0
3168,20,baselines_work/cohorte/java/CODE_ESTRU_JAVA_004/CODE_ESTRU_JAVA_004.java,55,baselines_work/cohorte/java/CODE_IDENT_JAVA_005_COPY/CODE_IDENT_JAVA_005.java,0,0,0,0,0
3169,20,baselines_work/cohorte/java/CODE_ESTRU_JAVA_004/CODE_ESTRU_JAVA_004.java,51,baselines_work/cohorte/java/CODE_IDENT_JAVA_006/CODE_IDENT_JAVA_006.java,0,0,0,0,0
3170,20,baselines_work/cohorte/java/CODE_ESTRU_JAVA_004/CODE_ESTRU_JAVA_004.java,53,baselines_work/cohorte/java/CODE_IDENT_JAVA_006_COPY/CODE_IDENT_JAVA_006.java,0,0,0,0,0
3171,20,baselines_work/cohorte/java/CODE_ESTRU_JAVA_004/CODE_ESTRU_JAVA_004.java,57,baselines_work/cohorte/java/CODE_IDENT_JAVA_007/CODE_IDENT_JAVA_007.java,0,0,0,0,0
3172,20,baselines_work/cohorte/java/CODE_ESTRU_JAVA_004/CODE_ESTRU_JAVA_004.java,58,baselines_work/cohorte/java/CODE_IDENT_JAVA_007_COPY/CODE_IDENT_JAVA_007.java,0,0,0,0,0
3175,20,baselines_work/cohorte/java/CODE_ESTRU_JAVA_004/CODE_ESTRU_JAVA_004.java,62,baselines_work/cohorte/java/CODE_IDENT_JAVA_009/CODE_IDENT_JAVA_009.java,0,0,0,0,0
3176,20,baselines_work/cohorte/java/CODE_ESTRU_JAVA_004/CODE_ESTRU_JAVA_004.java,63,baselines_work/cohorte/java/CODE_IDENT_JAVA_009_COPY/CODE_IDENT_JAVA_009.java,0,0,0,0,0
3177,20,baselines_work/cohorte/java/CODE_ESTRU_JAVA_004/CODE_ESTRU_JAVA_004.java,61,baselines_work/cohorte/java/CODE_IDENT_JAVA_010/CODE_IDENT_JAVA_010.java,0,0,0,0,0
3178,20,baselines_work/cohorte/java/CODE_ESTRU_JAVA_004/CODE_ESTRU_JAVA_004.java,64,baselines_work/cohorte/java/CODE_IDENT_JAVA_010_COPY/CODE_IDENT_JAVA_010.java,0,0,0,0,0
3179,20,baselines_work/cohorte/java/CODE_ESTRU_JAVA_004/CODE_ESTRU_JAVA_004.java,67,baselines_work/cohorte/java/CODE_IDENT_JAVA_011/CODE_IDENT_JAVA_011.java,0,0,0,0,0
3180,20,baselines_work/cohorte/java/CODE_ESTRU_JAVA_004/CODE_ESTRU_JAVA_004.java,65,baselines_work/cohorte/java/CODE_IDENT_JAVA_011_COPY/CODE_IDENT_JAVA_011.java,0,0,0,0,0
3181,20,baselines_work/cohorte/java/CODE_ESTRU_JAVA_004/CODE_ESTRU_JAVA_004.java,66,baselines_work/cohorte/java/CODE_IDENT_JAVA_012/CODE_IDENT_JAVA_012.java,0,0,0,0,0
3182,20,baselines_work/cohorte/java/CODE_ESTRU_JAVA_004/CODE_ESTRU_JAVA_004.java,69,baselines_work/cohorte/java/CODE_IDENT_JAVA_012_COPY/CODE_IDENT_JAVA_012.java,0,0,0,0,0
3183,20,baselines_work/cohorte/java/CODE_ESTRU_JAVA_004/CODE_ESTRU_JAVA_004.java,68,baselines_work/cohorte/java/CODE_IDENT_JAVA_013/CODE_IDENT_JAVA_013.java,0,0,0,0,0
3184,20,baselines_work/cohorte/java/CODE_ESTRU_JAVA_004/CODE_ESTRU_JAVA_004.java,71,baselines_work/cohorte/java/CODE_IDENT_JAVA_013_COPY/CODE_IDENT_JAVA_013.java,0,0,0,0,0
3185,20,baselines_work/cohorte/java/CODE_ESTRU_JAVA_004/CODE_ESTRU_JAVA_004.java,70,baselines_work/cohorte/java/CODE_IDENT_JAVA_014/CODE_IDENT_JAVA_014.java,0,0,0,0,0
3186,20,baselines_work/cohorte/java/CODE_ESTRU_JAVA_004/CODE_ESTRU_JAVA_004.java,73,baselines_work/cohorte/java/CODE_IDENT_JAVA_014_COPY/CODE_IDENT_JAVA_014.java,0,0,0,0,0
3187,20,baselines_work/cohorte/java/CODE_ESTRU_JAVA_004/CODE_ESTRU_JAVA_004.java,72,baselines_work/cohorte/java/CODE_IDENT_JAVA_015/CODE_IDENT_JAVA_015.java,0,0,0,0,0
3188,20,baselines_work/cohorte/java/CODE_ESTRU_JAVA_004/CODE_ESTRU_JAVA_004.java,74,baselines_work/cohorte/java/CODE_IDENT_JAVA_015_COPY/CODE_IDENT_JAVA_015.java,0,0,0,0,0
3189,19,baselines_work/cohorte/java/CODE_ESTRU_JAVA_005/CODE_ESTRU_JAVA_005.java,16,baselines_work/cohorte/java/CODE_ESTRU_JAVA_006/CODE_ESTRU_JAVA_006.java,0,0,0,0,0
3190,19,baselines_work/cohorte/java/CODE_ESTRU_JAVA_005/CODE_ESTRU_JAVA_005.java,23,baselines_work/cohorte/java/CODE_ESTRU_JAVA_007/CODE_ESTRU_JAVA_007.java,0,0,0,0,0
3191,19,baselines_work/cohorte/java/CODE_ESTRU_JAVA_005/CODE_ESTRU_JAVA_005.java,21,baselines_work/cohorte/java/CODE_ESTRU_JAVA_008/CODE_ESTRU_JAVA_008.java,0,0,0,0,0
3192,19,baselines_work/cohorte/java/CODE_ESTRU_JAVA_005/CODE_ESTRU_JAVA_005.java,24,baselines_work/cohorte/java/CODE_ESTRU_JAVA_009/CODE_ESTRU_JAVA_009.java,0,0,0,0,0
3195,19,baselines_work/cohorte/java/CODE_ESTRU_JAVA_005/CODE_ESTRU_JAVA_005.java,28,baselines_work/cohorte/java/CODE_ESTRU_JAVA_012/CODE_ESTRU_JAVA_012.java,0,0,0,0,0
3196,19,baselines_work/cohorte/java/CODE_ESTRU_JAVA_005/CODE_ESTRU_JAVA_005.java,27,baselines_work/cohorte/java/CODE_ESTRU_JAVA_013/CODE_ESTRU_JAVA_013.java,0,0,0,0,0
3197,19,baselines_work/cohorte/java/CODE_ESTRU_JAVA_005/CODE_ESTRU_JAVA_005.java,26,baselines_work/cohorte/java/CODE_ESTRU_JAVA_014/CODE_ESTRU_JAVA_014.java,0,0,0,0,0
3199,19,baselines_work/cohorte/java/CODE_ESTRU_JAVA_005/CODE_ESTRU_JAVA_005.java,30,baselines_work/cohorte/java/CODE_FUN_JAVA_001/CODE_FUN_JAVA_001.java,0,0,0,0,0
3200,19,baselines_work/cohorte/java/CODE_ESTRU_JAVA_005/CODE_ESTRU_JAVA_005.java,34,baselines_work/cohorte/java/CODE_FUN_JAVA_002/CODE_FUN_JAVA_002.java,0,0,0,0,0
3201,19,baselines_work/cohorte/java/CODE_ESTRU_JAVA_005/CODE_ESTRU_JAVA_005.java,29,baselines_work/cohorte/java/CODE_FUN_JAVA_003/CODE_FUN_JAVA_003.java,0,0,0,0,0
3202,19,baselines_work/cohorte/java/CODE_ESTRU_JAVA_005/CODE_ESTRU_JAVA_005.java,47,baselines_work/cohorte/java/CODE_FUN_JAVA_004/CODE_FUN_JAVA_004.java,0,0,0,0,0
3203,19,baselines_work/cohorte/java/CODE_ESTRU_JAVA_005/CODE_ESTRU_JAVA_005.java,35,baselines_work/cohorte/java/CODE_FUN_JAVA_005/CODE_FUN_JAVA_005.java,0,0,0,0,0
3204,19,baselines_work/cohorte/java/CODE_ESTRU_JAVA_005/CODE_ESTRU_JAVA_005.java,38,baselines_work/cohorte/java/CODE_FUN_JAVA_006/CODE_FUN_JAVA_006.java,0,0,0,0,0
3205,19,baselines_work/cohorte/java/CODE_ESTRU_JAVA_005/CODE_ESTRU_JAVA_005.java,33,baselines_work/cohorte/java/CODE_FUN_JAVA_007/CODE_FUN_JAVA_007.java,0,0,0,0,0
3206,19,baselines_work/cohorte/java/CODE_ESTRU_JAVA_005/CODE_ESTRU_JAVA_005.java,32,baselines_work/cohorte/java/CODE_FUN_JAVA_008/CODE_FUN_JAVA_008.java,0,0,0,0,0
3207,19,baselines_work/cohorte/java/CODE_ESTRU_JAVA_005/CODE_ESTRU_JAVA_005.java,39,baselines_work/cohorte/java/CODE_FUN_JAVA_009/CODE_FUN_JAVA_009.java,0,0,0,0,0
3208,19,baselines_work/cohorte/java/CODE_ESTRU_JAVA_005/CODE_ESTRU_JAVA_005.java,36,baselines_work/cohorte/java/CODE_FUN_JAVA_010/CODE_FUN_JAVA_010.java,0,0,0,0,0
3209,19,baselines_work/cohorte/java/CODE_ESTRU_JAVA_005/CODE_ESTRU_JAVA_005.java,40,baselines_work/cohorte/java/CODE_FUN_JAVA_011/CODE_FUN_JAVA_011.java,0,0,0,0,0
3211,19,baselines_work/cohorte/java/CODE_ESTRU_JAVA_005/CODE_ESTRU_JAVA_005.java,41,baselines_work/cohorte/java/CODE_FUN_JAVA_013/CODE_FUN_JAVA_013.java,0,0,0,0,0
3213,19,baselines_work/cohorte/java/CODE_ESTRU_JAVA_005/CODE_ESTRU_JAVA_005.java,42,baselines_work/cohorte/java/CODE_FUN_JAVA_015/CODE_FUN_JAVA_015.java,0,0,0,0,0
3214,19,baselines_work/cohorte/java/CODE_ESTRU_JAVA_005/CODE_ESTRU_JAVA_005.java,43,baselines_work/cohorte/java/CODE_IDENT_JAVA_001/CODE_IDENT_JAVA_001.java,0,0,0,0,0
3215,19,baselines_work/cohorte/java/CODE_ESTRU_JAVA_005/CODE_ESTRU_JAVA_005.java,52,baselines_work/cohorte/java/CODE_IDENT_JAVA_001_COPY/CODE_IDENT_JAVA_001.java,0,0,0,0,0
3218,19,baselines_work/cohorte/java/CODE_ESTRU_JAVA_005/CODE_ESTRU_JAVA_005.java,49,baselines_work/cohorte/java/CODE_IDENT_JAVA_003/CODE_IDENT_JAVA_003.java,0,0,0,0,0
3219,19,baselines_work/cohorte/java/CODE_ESTRU_JAVA_005/CODE_ESTRU_JAVA_005.java,48,baselines_work/cohorte/java/CODE_IDENT_JAVA_003_COPY/CODE_IDENT_JAVA_003.java,0,0,0,0,0
3220,19,baselines_work/cohorte/java/CODE_ESTRU_JAVA_005/CODE_ESTRU_JAVA_005.java,54,baselines_work/cohorte/java/CODE_IDENT_JAVA_004/CODE_IDENT_JAVA_004.java,0,0,0,0,0
3221,19,baselines_work/cohorte/java/CODE_ESTRU_JAVA_005/CODE_ESTRU_JAVA_005.java,50,baselines_work/cohorte/java/CODE_IDENT_JAVA_004_COPY/CODE_IDENT_JAVA_004.java,0,0,0,0,0
3224,19,baselines_work/cohorte/java/CODE_ESTRU_JAVA_005/CODE_ESTRU_JAVA_005.java,51,baselines_work/cohorte/java/CODE_IDENT_JAVA_006/CODE_IDENT_JAVA_006.java,0,0,0,0,0
3225,19,baselines_work/cohorte/java/CODE_ESTRU_JAVA_005/CODE_ESTRU_JAVA_005.java,53,baselines_work/cohorte/java/CODE_IDENT_JAVA_006_COPY/CODE_IDENT_JAVA_006.java,0,0,0,0,0
3226,19,baselines_work/cohorte/java/CODE_ESTRU_JAVA_005/CODE_ESTRU_JAVA_005.java,57,baselines_work/cohorte/java/CODE_IDENT_JAVA_007/CODE_IDENT_JAVA_007.java,0,0,0,0,0
3227,19,baselines_work/cohorte/java/CODE_ESTRU_JAVA_005/CODE_ESTRU_JAVA_005.java,58,baselines_work/cohorte/java/CODE_IDENT_JAVA_007_COPY/CODE_IDENT_JAVA_007.java,0,0,0,0,0
3228,19,baselines_work/cohorte/java/CODE_ESTRU_JAVA_005/CODE_ESTRU_JAVA_005.java,56,baselines_work/cohorte/java/CODE_IDENT_JAVA_008/CODE_IDENT_JAVA_008.java,0,0,0,0,0
3229,19,baselines_work/cohorte/java/CODE_ESTRU_JAVA_005/CODE_ESTRU_JAVA_005.java,60,baselines_work/cohorte/java/CODE_IDENT_JAVA_008_COPY/CODE_IDENT_JAVA_008.java,0,0,0,0,0
3230,19,baselines_work/cohorte/java/CODE_ESTRU_JAVA_005/CODE_ESTRU_JAVA_005.java,62,baselines_work/cohorte/java/CODE_IDENT_JAVA_009/CODE_IDENT_JAVA_009.java,0,0,0,0,0
3231,19,baselines_work/cohorte/java/CODE_ESTRU_JAVA_005/CODE_ESTRU_JAVA_005.java,63,baselines_work/cohorte/java/CODE_IDENT_JAVA_009_COPY/CODE_IDENT_JAVA_009.java,0,0,0,0,0
3234,19,baselines_work/cohorte/java/CODE_ESTRU_JAVA_005/CODE_ESTRU_JAVA_005.java,67,baselines_work/cohorte/java/CODE_IDENT_JAVA_011/CODE_IDENT_JAVA_011.java,0,0,0,0,0
3235,19,baselines_work/cohorte/java/CODE_ESTRU_JAVA_005/CODE_ESTRU_JAVA_005.java,65,baselines_work/cohorte/java/CODE_IDENT_JAVA_011_COPY/CODE_IDENT_JAVA_011.java,0,0,0,0,0
3236,19,baselines_work/cohorte/java/CODE_ESTRU_JAVA_005/CODE_ESTRU_JAVA_005.java,66,baselines_work/cohorte/java/CODE_IDENT_JAVA_012/CODE_IDENT_JAVA_012.java,0,0,0,0,0
3237,19,baselines_work/cohorte/java/CODE_ESTRU_JAVA_005/CODE_ESTRU_JAVA_005.java,69,baselines_work/cohorte/java/CODE_IDENT_JAVA_012_COPY/CODE_IDENT_JAVA_012.java,0,0,0,0,0
3238,19,baselines_work/cohorte/java/CODE_ESTRU_JAVA_005/CODE_ESTRU_JAVA_005.java,68,baselines_work/cohorte/java/CODE_IDENT_JAVA_013/CODE_IDENT_JAVA_013.java,0,0,0,0,0
3239,19,baselines_work/cohorte/java/CODE_ESTRU_JAVA_005/CODE_ESTRU_JAVA_005.java,71,baselines_work/cohorte/java/CODE_IDENT_JAVA_013_COPY/CODE_IDENT_JAVA_013.java,0,0,0,0,0
3240,19,baselines_work/cohorte/java/CODE_ESTRU_JAVA_005/CODE_ESTRU_JAVA_005.java,70,baselines_work/cohorte/java/CODE_IDENT_JAVA_014/CODE_IDENT_JAVA_014.java,0,0,0,0,0
3241,19,baselines_work/cohorte/java/CODE_ESTRU_JAVA_005/CODE_ESTRU_JAVA_005.java,73,baselines_work/cohorte/java/CODE_IDENT_JAVA_014_COPY/CODE_IDENT_JAVA_014.java,0,0,0,0,0
3244,16,baselines_work/cohorte/java/CODE_ESTRU_JAVA_006/CODE_ESTRU_JAVA_006.java,23,baselines_work/cohorte/java/CODE_ESTRU_JAVA_007/CODE_ESTRU_JAVA_007.java,0,0,0,0,0
3245,16,baselines_work/cohorte/java/CODE_ESTRU_JAVA_006/CODE_ESTRU_JAVA_006.java,21,baselines_work/cohorte/java/CODE_ESTRU_JAVA_008/CODE_ESTRU_JAVA_008.java,0,0,0,0,0
3246,16,baselines_work/cohorte/java/CODE_ESTRU_JAVA_006/CODE_ESTRU_JAVA_006.java,24,baselines_work/cohorte/java/CODE_ESTRU_JAVA_009/CODE_ESTRU_JAVA_009.java,0,0,0,0,0
3248,16,baselines_work/cohorte/java/CODE_ESTRU_JAVA_006/CODE_ESTRU_JAVA_006.java,22,baselines_work/cohorte/java/CODE_ESTRU_JAVA_011/CODE_ESTRU_JAVA_011.java,0,0,0,0,0
3249,16,baselines_work/cohorte/java/CODE_ESTRU_JAVA_006/CODE_ESTRU_JAVA_006.java,28,baselines_work/cohorte/java/CODE_ESTRU_JAVA_012/CODE_ESTRU_JAVA_012.java,0,0,0,0,0
3252,16,baselines_work/cohorte/java/CODE_ESTRU_JAVA_006/CODE_ESTRU_JAVA_006.java,31,baselines_work/cohorte/java/CODE_ESTRU_JAVA_015/CODE_ESTRU_JAVA_015.java,0,0,0,0,0
3253,16,baselines_work/cohorte/java/CODE_ESTRU_JAVA_006/CODE_ESTRU_JAVA_006.java,30,baselines_work/cohorte/java/CODE_FUN_JAVA_001/CODE_FUN_JAVA_001.java,0,0,0,0,0
3254,16,baselines_work/cohorte/java/CODE_ESTRU_JAVA_006/CODE_ESTRU_JAVA_006.java,34,baselines_work/cohorte/java/CODE_FUN_JAVA_002/CODE_FUN_JAVA_002.java,0,0,0,0,0
3255,16,baselines_work/cohorte/java/CODE_ESTRU_JAVA_006/CODE_ESTRU_JAVA_006.java,29,baselines_work/cohorte/java/CODE_FUN_JAVA_003/CODE_FUN_JAVA_003.java,0,0,0,0,0
3256,16,baselines_work/cohorte/java/CODE_ESTRU_JAVA_006/CODE_ESTRU_JAVA_006.java,47,baselines_work/cohorte/java/CODE_FUN_JAVA_004/CODE_FUN_JAVA_004.java,0,0,0,0,0
3257,16,baselines_work/cohorte/java/CODE_ESTRU_JAVA_006/CODE_ESTRU_JAVA_006.java,35,baselines_work/cohorte/java/CODE_FUN_JAVA_005/CODE_FUN_JAVA_005.java,0,0,0,0,0
3259,16,baselines_work/cohorte/java/CODE_ESTRU_JAVA_006/CODE_ESTRU_JAVA_006.java,33,baselines_work/cohorte/java/CODE_FUN_JAVA_007/CODE_FUN_JAVA_007.java,0,0,0,0,0
3260,16,baselines_work/cohorte/java/CODE_ESTRU_JAVA_006/CODE_ESTRU_JAVA_006.java,32,baselines_work/cohorte/java/CODE_FUN_JAVA_008/CODE_FUN_JAVA_008.java,0,0,0,0,0
3261,16,baselines_work/cohorte/java/CODE_ESTRU_JAVA_006/CODE_ESTRU_JAVA_006.java,39,baselines_work/cohorte/java/CODE_FUN_JAVA_009/CODE_FUN_JAVA_009.java,0,0,0,0,0
3262,16,baselines_work/cohorte/java/CODE_ESTRU_JAVA_006/CODE_ESTRU_JAVA_006.java,36,baselines_work/cohorte/java/CODE_FUN_JAVA_010/CODE_FUN_JAVA_010.java,0,0,0,0,0
3263,16,baselines_work/cohorte/java/CODE_ESTRU_JAVA_006/CODE_ESTRU_JAVA_006.java,40,baselines_work/cohorte/java/CODE_FUN_JAVA_011/CODE_FUN_JAVA_011.java,0,0,0,0,0
3264,16,baselines_work/cohorte/java/CODE_ESTRU_JAVA_006/CODE_ESTRU_JAVA_006.java,37,baselines_work/cohorte/java/CODE_FUN_JAVA_012/CODE_FUN_JAVA_012.java,0,0,0,0,0
3265,16,baselines_work/cohorte/java/CODE_ESTRU_JAVA_006/CODE_ESTRU_JAVA_006.java,41,baselines_work/cohorte/java/CODE_FUN_JAVA_013/CODE_FUN_JAVA_013.java,0,0,0,0,0
3266,16,baselines_work/cohorte/java/CODE_ESTRU_JAVA_006/CODE_ESTRU_JAVA_006.java,44,baselines_work/cohorte/java/CODE_FUN_JAVA_014/CODE_FUN_JAVA_014.java,0,0,0,0,0
3267,16,baselines_work/cohorte/java/CODE_ESTRU_JAVA_006/CODE_ESTRU_JAVA_006.java,42,baselines_work/cohorte/java/CODE_FUN_JAVA_015/CODE_FUN_JAVA_015.java,0,0,0,0,0
3272,16,baselines_work/cohorte/java/CODE_ESTRU_JAVA_006/CODE_ESTRU_JAVA_006.java,49,baselines_work/cohorte/java/CODE_IDENT_JAVA_003/CODE_IDENT_JAVA_003.java,0,0,0,0,0
3273,16,baselines_work/cohorte/java/CODE_ESTRU_JAVA_006/CODE_ESTRU_JAVA_006.java,48,baselines_work/cohorte/java/CODE_IDENT_JAVA_003_COPY/CODE_IDENT_JAVA_003.java,0,0,0,0,0
3274,16,baselines_work/cohorte/java/CODE_ESTRU_JAVA_006/CODE_ESTRU_JAVA_006.java,54,baselines_work/cohorte/java/CODE_IDENT_JAVA_004/CODE_IDENT_JAVA_004.java,0,0,0,0,0
3275,16,baselines_work/cohorte/java/CODE_ESTRU_JAVA_006/CODE_ESTRU_JAVA_006.java,50,baselines_work/cohorte/java/CODE_IDENT_JAVA_004_COPY/CODE_IDENT_JAVA_004.java,0,0,0,0,0
3276,16,baselines_work/cohorte/java/CODE_ESTRU_JAVA_006/CODE_ESTRU_JAVA_006.java,59,baselines_work/cohorte/java/CODE_IDENT_JAVA_005/CODE_IDENT_JAVA_005.java,0,0,0,0,0
3277,16,baselines_work/cohorte/java/CODE_ESTRU_JAVA_006/CODE_ESTRU_JAVA_006.java,55,baselines_work/cohorte/java/CODE_IDENT_JAVA_005_COPY/CODE_IDENT_JAVA_005.java,0,0,0,0,0
3280,16,baselines_work/cohorte/java/CODE_ESTRU_JAVA_006/CODE_ESTRU_JAVA_006.java,57,baselines_work/cohorte/java/CODE_IDENT_JAVA_007/CODE_IDENT_JAVA_007.java,0,0,0,0,0
3281,16,baselines_work/cohorte/java/CODE_ESTRU_JAVA_006/CODE_ESTRU_JAVA_006.java,58,baselines_work/cohorte/java/CODE_IDENT_JAVA_007_COPY/CODE_IDENT_JAVA_007.java,0,0,0,0,0
3282,16,baselines_work/cohorte/java/CODE_ESTRU_JAVA_006/CODE_ESTRU_JAVA_006.java,56,baselines_work/cohorte/java/CODE_IDENT_JAVA_008/CODE_IDENT_JAVA_008.java,0,0,0,0,0
3283,16,baselines_work/cohorte/java/CODE_ESTRU_JAVA_006/CODE_ESTRU_JAVA_006.java,60,baselines_work/cohorte/java/CODE_IDENT_JAVA_008_COPY/CODE_IDENT_JAVA_008.java,0,0,0,0,0
3284,16,baselines_work/cohorte/java/CODE_ESTRU_JAVA_006/CODE_ESTRU_JAVA_006.java,62,baselines_work/cohorte/java/CODE_IDENT_JAVA_009/CODE_IDENT_JAVA_009.java,0,0,0,0,0
3285,16,baselines_work/cohorte/java/CODE_ESTRU_JAVA_006/CODE_ESTRU_JAVA_006.java,63,baselines_work/cohorte/java/CODE_IDENT_JAVA_009_COPY/CODE_IDENT_JAVA_009.java,0,0,0,0,0
3286,16,baselines_work/cohorte/java/CODE_ESTRU_JAVA_006/CODE_ESTRU_JAVA_006.java,61,baselines_work/cohorte/java/CODE_IDENT_JAVA_010/CODE_IDENT_JAVA_010.java,0,0,0,0,0
3287,16,baselines_work/cohorte/java/CODE_ESTRU_JAVA_006/CODE_ESTRU_JAVA_006.java,64,baselines_work/cohorte/java/CODE_IDENT_JAVA_010_COPY/CODE_IDENT_JAVA_010.java,0,0,0,0,0
3288,16,baselines_work/cohorte/java/CODE_ESTRU_JAVA_006/CODE_ESTRU_JAVA_006.java,67,baselines_work/cohorte/java/CODE_IDENT_JAVA_011/CODE_IDENT_JAVA_011.java,0,0,0,0,0
3289,16,baselines_work/cohorte/java/CODE_ESTRU_JAVA_006/CODE_ESTRU_JAVA_006.java,65,baselines_work/cohorte/java/CODE_IDENT_JAVA_011_COPY/CODE_IDENT_JAVA_011.java,0,0,0,0,0
3290,16,baselines_work/cohorte/java/CODE_ESTRU_JAVA_006/CODE_ESTRU_JAVA_006.java,66,baselines_work/cohorte/java/CODE_IDENT_JAVA_012/CODE_IDENT_JAVA_012.java,0,0,0,0,0
3291,16,baselines_work/cohorte/java/CODE_ESTRU_JAVA_006/CODE_ESTRU_JAVA_006.java,69,baselines_work/cohorte/java/CODE_IDENT_JAVA_012_COPY/CODE_IDENT_JAVA_012.java,0,0,0,0,0
3294,16,baselines_work/cohorte/java/CODE_ESTRU_JAVA_006/CODE_ESTRU_JAVA_006.java,70,baselines_work/cohorte/java/CODE_IDENT_JAVA_014/CODE_IDENT_JAVA_014.java,0,0,0,0,0
3295,16,baselines_work/cohorte/java/CODE_ESTRU_JAVA_006/CODE_ESTRU_JAVA_006.java,73,baselines_work/cohorte/java/CODE_IDENT_JAVA_014_COPY/CODE_IDENT_JAVA_014.java,0,0,0,0,0
3296,16,baselines_work/cohorte/java/CODE_ESTRU_JAVA_006/CODE_ESTRU_JAVA_006.java,72,baselines_work/cohorte/java/CODE_IDENT_JAVA_015/CODE_IDENT_JAVA_015.java,0,0,0,0,0
3297,16,baselines_work/cohorte/java/CODE_ESTRU_JAVA_006/CODE_ESTRU_JAVA_006.java,74,baselines_work/cohorte/java/CODE_IDENT_JAVA_015_COPY/CODE_IDENT_JAVA_015.java,0,0,0,0,0
3298,23,baselines_work/cohorte/java/CODE_ESTRU_JAVA_007/CODE_ESTRU_JAVA_007.java,21,baselines_work/cohorte/java/CODE_ESTRU_JAVA_008/CODE_ESTRU_JAVA_008.java,0,0,0,0,0
3302,23,baselines_work/cohorte/java/CODE_ESTRU_JAVA_007/CODE_ESTRU_JAVA_007.java,28,baselines_work/cohorte/java/CODE_ESTRU_JAVA_012/CODE_ESTRU_JAVA_012.java,0,0,0,0,0
3303,23,baselines_work/cohorte/java/CODE_ESTRU_JAVA_007/CODE_ESTRU_JAVA_007.java,27,baselines_work/cohorte/java/CODE_ESTRU_JAVA_013/CODE_ESTRU_JAVA_013.java,0,0,0,0,0
3304,23,baselines_work/cohorte/java/CODE_ESTRU_JAVA_007/CODE_ESTRU_JAVA_007.java,26,baselines_work/cohorte/java/CODE_ESTRU_JAVA_014/CODE_ESTRU_JAVA_014.java,0,0,0,0,0
3305,23,baselines_work/cohorte/java/CODE_ESTRU_JAVA_007/CODE_ESTRU_JAVA_007.java,31,baselines_work/cohorte/java/CODE_ESTRU_JAVA_015/CODE_ESTRU_JAVA_015.java,0,0,0,0,0
3306,23,baselines_work/cohorte/java/CODE_ESTRU_JAVA_007/CODE_ESTRU_JAVA_007.java,30,baselines_work/cohorte/java/CODE_FUN_JAVA_001/CODE_FUN_JAVA_001.java,0,0,0,0,0
3307,23,baselines_work/cohorte/java/CODE_ESTRU_JAVA_007/CODE_ESTRU_JAVA_007.java,34,baselines_work/cohorte/java/CODE_FUN_JAVA_002/CODE_FUN_JAVA_002.java,0,0,0,0,0
3308,23,baselines_work/cohorte/java/CODE_ESTRU_JAVA_007/CODE_ESTRU_JAVA_007.java,29,baselines_work/cohorte/java/CODE_FUN_JAVA_003/CODE_FUN_JAVA_003.java,0,0,0,0,0
3310,23,baselines_work/cohorte/java/CODE_ESTRU_JAVA_007/CODE_ESTRU_JAVA_007.java,35,baselines_work/cohorte/java/CODE_FUN_JAVA_005/CODE_FUN_JAVA_005.java,0,0,0,0,0
3311,23,baselines_work/cohorte/java/CODE_ESTRU_JAVA_007/CODE_ESTRU_JAVA_007.java,38,baselines_work/cohorte/java/CODE_FUN_JAVA_006/CODE_FUN_JAVA_006.java,0,0,0,0,0
3313,23,baselines_work/cohorte/java/CODE_ESTRU_JAVA_007/CODE_ESTRU_JAVA_007.java,32,baselines_work/cohorte/java/CODE_FUN_JAVA_008/CODE_FUN_JAVA_008.java,0,0,0,0,0
3315,23,baselines_work/cohorte/java/CODE_ESTRU_JAVA_007/CODE_ESTRU_JAVA_007.java,36,baselines_work/cohorte/java/CODE_FUN_JAVA_010/CODE_FUN_JAVA_010.java,0,0,0,0,0
3316,23,baselines_work/cohorte/java/CODE_ESTRU_JAVA_007/CODE_ESTRU_JAVA_007.java,40,baselines_work/cohorte/java/CODE_FUN_JAVA_011/CODE_FUN_JAVA_011.java,0,0,0,0,0
3317,23,baselines_work/cohorte/java/CODE_ESTRU_JAVA_007/CODE_ESTRU_JAVA_007.java,37,baselines_work/cohorte/java/CODE_FUN_JAVA_012/CODE_FUN_JAVA_012.java,0,0,0,0,0
3318,23,baselines_work/cohorte/java/CODE_ESTRU_JAVA_007/CODE_ESTRU_JAVA_007.java,41,baselines_work/cohorte/java/CODE_FUN_JAVA_013/CODE_FUN_JAVA_013.java,0,0,0,0,0
3319,23,baselines_work/cohorte/java/CODE_ESTRU_JAVA_007/CODE_ESTRU_JAVA_007.java,44,baselines_work/cohorte/java/CODE_FUN_JAVA_014/CODE_FUN_JAVA_014.java,0,0,0,0,0
3320,23,baselines_work/cohorte/java/CODE_ESTRU_JAVA_007/CODE_ESTRU_JAVA_007.java,42,baselines_work/cohorte/java/CODE_FUN_JAVA_015/CODE_FUN_JAVA_015.java,0,0,0,0,0
3321,23,baselines_work/cohorte/java/CODE_ESTRU_JAVA_007/CODE_ESTRU_JAVA_007.java,43,baselines_work/cohorte/java/CODE_IDENT_JAVA_001/CODE_IDENT_JAVA_001.java,0,0,0,0,0
3322,23,baselines_work/cohorte/java/CODE_ESTRU_JAVA_007/CODE_ESTRU_JAVA_007.java,52,baselines_work/cohorte/java/CODE_IDENT_JAVA_001_COPY/CODE_IDENT_JAVA_001.java,0,0,0,0,0
3323,23,baselines_work/cohorte/java/CODE_ESTRU_JAVA_007/CODE_ESTRU_JAVA_007.java,45,baselines_work/cohorte/java/CODE_IDENT_JAVA_002/CODE_IDENT_JAVA_002.java,0,0,0,0,0
3324,23,baselines_work/cohorte/java/CODE_ESTRU_JAVA_007/CODE_ESTRU_JAVA_007.java,46,baselines_work/cohorte/java/CODE_IDENT_JAVA_002_COPY/CODE_IDENT_JAVA_002.java,0,0,0,0,0
3325,23,baselines_work/cohorte/java/CODE_ESTRU_JAVA_007/CODE_ESTRU_JAVA_007.java,49,baselines_work/cohorte/java/CODE_IDENT_JAVA_003/CODE_IDENT_JAVA_003.java,0,0,0,0,0
3326,23,baselines_work/cohorte/java/CODE_ESTRU_JAVA_007/CODE_ESTRU_JAVA_007.java,48,baselines_work/cohorte/java/CODE_IDENT_JAVA_003_COPY/CODE_IDENT_JAVA_003.java,0,0,0,0,0
3329,23,baselines_work/cohorte/java/CODE_ESTRU_JAVA_007/CODE_ESTRU_JAVA_007.java,59,baselines_work/cohorte/java/CODE_IDENT_JAVA_005/CODE_IDENT_JAVA_005.java,0,0,0,0,0
3330,23,baselines_work/cohorte/java/CODE_ESTRU_JAVA_007/CODE_ESTRU_JAVA_007.java,55,baselines_work/cohorte/java/CODE_IDENT_JAVA_005_COPY/CODE_IDENT_JAVA_005.java,0,0,0,0,0
3331,23,baselines_work/cohorte/java/CODE_ESTRU_JAVA_007/CODE_ESTRU_JAVA_007.java,51,baselines_work/cohorte/java/CODE_IDENT_JAVA_006/CODE_IDENT_JAVA_006.java,0,0,0,0,0
3332,23,baselines_work/cohorte/java/CODE_ESTRU_JAVA_007/CODE_ESTRU_JAVA_007.java,53,baselines_work/cohorte/java/CODE_IDENT_JAVA_006_COPY/CODE_IDENT_JAVA_006.java,0,0,0,0,0
3335,23,baselines_work/cohorte/java/CODE_ESTRU_JAVA_007/CODE_ESTRU_JAVA_007.java,56,baselines_work/cohorte/java/CODE_IDENT_JAVA_008/CODE_IDENT_JAVA_008.java,0,0,0,0,0
3336,23,baselines_work/cohorte/java/CODE_ESTRU_JAVA_007/CODE_ESTRU_JAVA_007.java,60,baselines_work/cohorte/java/CODE_IDENT_JAVA_008_COPY/CODE_IDENT_JAVA_008.java,0,0,0,0,0
3343,23,baselines_work/cohorte/java/CODE_ESTRU_JAVA_007/CODE_ESTRU_JAVA_007.java,66,baselines_work/cohorte/java/CODE_IDENT_JAVA_012/CODE_IDENT_JAVA_012.java,0,0,0,0,0
3344,23,baselines_work/cohorte/java/CODE_ESTRU_JAVA_007/CODE_ESTRU_JAVA_007.java,69,baselines_work/cohorte/java/CODE_IDENT_JAVA_012_COPY/CODE_IDENT_JAVA_012.java,0,0,0,0,0
3345,23,baselines_work/cohorte/java/CODE_ESTRU_JAVA_007/CODE_ESTRU_JAVA_007.java,68,baselines_work/cohorte/java/CODE_IDENT_JAVA_013/CODE_IDENT_JAVA_013.java,0,0,0,0,0
3346,23,baselines_work/cohorte/java/CODE_ESTRU_JAVA_007/CODE_ESTRU_JAVA_007.java,71,baselines_work/cohorte/java/CODE_IDENT_JAVA_013_COPY/CODE_IDENT_JAVA_013.java,0,0,0,0,0
3347,23,baselines_work/cohorte/java/CODE_ESTRU_JAVA_007/CODE_ESTRU_JAVA_007.java,70,baselines_work/cohorte/java/CODE_IDENT_JAVA_014/CODE_IDENT_JAVA_014.java,0,0,0,0,0
3348,23,baselines_work/cohorte/java/CODE_ESTRU_JAVA_007/CODE_ESTRU_JAVA_007.java,73,baselines_work/cohorte/java/CODE_IDENT_JAVA_014_COPY/CODE_IDENT_JAVA_014.java,0,0,0,0,0
3349,23,baselines_work/cohorte/java/CODE_ESTRU_JAVA_007/CODE_ESTRU_JAVA_007.java,72,baselines_work/cohorte/java/CODE_IDENT_JAVA_015/CODE_IDENT_JAVA_015.java,0,0,0,0,0
3350,23,baselines_work/cohorte/java/CODE_ESTRU_JAVA_007/CODE_ESTRU_JAVA_007.java,74,baselines_work/cohorte/java/CODE_IDENT_JAVA_015_COPY/CODE_IDENT_JAVA_015.java,0,0,0,0,0
3351,21,baselines_work/cohorte/java/CODE_ESTRU_JAVA_008/CODE_ESTRU_JAVA_008.java,24,baselines_work/cohorte/java/CODE_ESTRU_JAVA_009/CODE_ESTRU_JAVA_009.java,0,0,0,0,0
3352,21,baselines_work/cohorte/java/CODE_ESTRU_JAVA_008/CODE_ESTRU_JAVA_008.java,25,baselines_work/cohorte/java/CODE_ESTRU_JAVA_010/CODE_ESTRU_JAVA_010.java,0,0,0,0,0
3353,21,baselines_work/cohorte/java/CODE_ESTRU_JAVA_008/CODE_ESTRU_JAVA_008.java,22,baselines_work/cohorte/java/CODE_ESTRU_JAVA_011/CODE_ESTRU_JAVA_011.java,0,0,0,0,0
3354,21,baselines_work/cohorte/java/CODE_ESTRU_JAVA_008/CODE_ESTRU_JAVA_008.java,28,baselines_work/cohorte/java/CODE_ESTRU_JAVA_012/CODE_ESTRU_JAVA_012.java,0,0,0,0,0
3355,21,baselines_work/cohorte/java/CODE_ESTRU_JAVA_008/CODE_ESTRU_JAVA_008.java,27,baselines_work/cohorte/java/CODE_ESTRU_JAVA_013/CODE_ESTRU_JAVA_013.java,0,0,0,0,0
3356,21,baselines_work/cohorte/java/CODE_ESTRU_JAVA_008/CODE_ESTRU_JAVA_008.java,26,baselines_work/cohorte/java/CODE_ESTRU_JAVA_014/CODE_ESTRU_JAVA_014.java,0,0,0,0,0
3357,21,baselines_work/cohorte/java/CODE_ESTRU_JAVA_008/CODE_ESTRU_JAVA_008.java,31,baselines_work/cohorte/java/CODE_ESTRU_JAVA_015/CODE_ESTRU_JAVA_015.java,0,0,0,0,0
3358,21,baselines_work/cohorte/java/CODE_ESTRU_JAVA_008/CODE_ESTRU_JAVA_008.java,30,baselines_work/cohorte/java/CODE_FUN_JAVA_001/CODE_FUN_JAVA_001.java,0,0,0,0,0
3359,21,baselines_work/cohorte/java/CODE_ESTRU_JAVA_008/CODE_ESTRU_JAVA_008.java,34,baselines_work/cohorte/java/CODE_FUN_JAVA_002/CODE_FUN_JAVA_002.java,0,0,0,0,0
3360,21,baselines_work/cohorte/java/CODE_ESTRU_JAVA_008/CODE_ESTRU_JAVA_008.java,29,baselines_work/cohorte/java/CODE_FUN_JAVA_003/CODE_FUN_JAVA_003.java,0,0,0,0,0
3362,21,baselines_work/cohorte/java/CODE_ESTRU_JAVA_008/CODE_ESTRU_JAVA_008.java,35,baselines_work/cohorte/java/CODE_FUN_JAVA_005/CODE_FUN_JAVA_005.java,0,0,0,0,0
3363,21,baselines_work/cohorte/java/CODE_ESTRU_JAVA_008/CODE_ESTRU_JAVA_008.java,38,baselines_work/cohorte/java/CODE_FUN_JAVA_006/CODE_FUN_JAVA_006.java,0,0,0,0,0
3364,21,baselines_work/cohorte/java/CODE_ESTRU_JAVA_008/CODE_ESTRU_JAVA_008.java,33,baselines_work/cohorte/java/CODE_FUN_JAVA_007/CODE_FUN_JAVA_007.java,0,0,0,0,0
3367,21,baselines_work/cohorte/java/CODE_ESTRU_JAVA_008/CODE_ESTRU_JAVA_008.java,36,baselines_work/cohorte/java/CODE_FUN_JAVA_010/CODE_FUN_JAVA_010.java,0,0,0,0,0
3368,21,baselines_work/cohorte/java/CODE_ESTRU_JAVA_008/CODE_ESTRU_JAVA_008.java,40,baselines_work/cohorte/java/CODE_FUN_JAVA_011/CODE_FUN_JAVA_011.java,0,0,0,0,0
3369,21,baselines_work/cohorte/java/CODE_ESTRU_JAVA_008/CODE_ESTRU_JAVA_008.java,37,baselines_work/cohorte/java/CODE_FUN_JAVA_012/CODE_FUN_JAVA_012.java,0,0,0,0,0
3370,21,baselines_work/cohorte/java/CODE_ESTRU_JAVA_008/CODE_ESTRU_JAVA_008.java,41,baselines_work/cohorte/java/CODE_FUN_JAVA_013/CODE_FUN_JAVA_013.java,0,0,0,0,0
3371,21,baselines_work/cohorte/java/CODE_ESTRU_JAVA_008/CODE_ESTRU_JAVA_008.java,44,baselines_work/cohorte/java/CODE_FUN_JAVA_014/CODE_FUN_JAVA_014.java,0,0,0,0,0
3372,21,baselines_work/cohorte/java/CODE_ESTRU_JAVA_008/CODE_ESTRU_JAVA_008.java,42,baselines_work/cohorte/java/CODE_FUN_JAVA_015/CODE_FUN_JAVA_015.java,0,0,0,0,0
3373,21,baselines_work/cohorte/java/CODE_ESTRU_JAVA_008/CODE_ESTRU_JAVA_008.java,43,baselines_work/cohorte/java/CODE_IDENT_JAVA_001/CODE_IDENT_JAVA_001.java,0,0,0,0,0
3374,21,baselines_work/cohorte/java/CODE_ESTRU_JAVA_008/CODE_ESTRU_JAVA_008.java,52,baselines_work/cohorte/java/CODE_IDENT_JAVA_001_COPY/CODE_IDENT_JAVA_001.java,0,0,0,0,0
3375,21,baselines_work/cohorte/java/CODE_ESTRU_JAVA_008/CODE_ESTRU_JAVA_008.java,45,baselines_work/cohorte/java/CODE_IDENT_JAVA_002/CODE_IDENT_JAVA_002.java,0,0,0,0,0
3376,21,baselines_work/cohorte/java/CODE_ESTRU_JAVA_008/CODE_ESTRU_JAVA_008.java,46,baselines_work/cohorte/java/CODE_IDENT_JAVA_002_COPY/CODE_IDENT_JAVA_002.java,0,0,0,0,0
3377,21,baselines_work/cohorte/java/CODE_ESTRU_JAVA_008/CODE_ESTRU_JAVA_008.java,49,baselines_work/cohorte/java/CODE_IDENT_JAVA_003/CODE_IDENT_JAVA_003.java,0,0,0,0,0
3378,21,baselines_work/cohorte/java/CODE_ESTRU_JAVA_008/CODE_ESTRU_JAVA_008.java,48,baselines_work/cohorte/java/CODE_IDENT_JAVA_003_COPY/CODE_IDENT_JAVA_003.java,0,0,0,0,0
3381,21,baselines_work/cohorte/java/CODE_ESTRU_JAVA_008/CODE_ESTRU_JAVA_008.java,59,baselines_work/cohorte/java/CODE_IDENT_JAVA_005/CODE_IDENT_JAVA_005.java,0,0,0,0,0
3382,21,baselines_work/cohorte/java/CODE_ESTRU_JAVA_008/CODE_ESTRU_JAVA_008.java,55,baselines_work/cohorte/java/CODE_IDENT_JAVA_005_COPY/CODE_IDENT_JAVA_005.java,0,0,0,0,0
3383,21,baselines_work/cohorte/java/CODE_ESTRU_JAVA_008/CODE_ESTRU_JAVA_008.java,51,baselines_work/cohorte/java/CODE_IDENT_JAVA_006/CODE_IDENT_JAVA_006.java,0,0,0,0,0
3384,21,baselines_work/cohorte/java/CODE_ESTRU_JAVA_008/CODE_ESTRU_JAVA_008.java,53,baselines_work/cohorte/java/CODE_IDENT_JAVA_006_COPY/CODE_IDENT_JAVA_006.java,0,0,0,0,0
3385,21,baselines_work/cohorte/java/CODE_ESTRU_JAVA_008/CODE_ESTRU_JAVA_008.java,57,baselines_work/cohorte/java/CODE_IDENT_JAVA_007/CODE_IDENT_JAVA_007.java,0,0,0,0,0
3386,21,baselines_work/cohorte/java/CODE_ESTRU_JAVA_008/CODE_ESTRU_JAVA_008.java,58,baselines_work/cohorte/java/CODE_IDENT_JAVA_007_COPY/CODE_IDENT_JAVA_007.java,0,0,0,0,0
3389,21,baselines_work/cohorte/java/CODE_ESTRU_JAVA_008/CODE_ESTRU_JAVA_008.java,62,baselines_work/cohorte/java/CODE_IDENT_JAVA_009/CODE_IDENT_JAVA_009.java,0,0,0,0,0
3390,21,baselines_work/cohorte/java/CODE_ESTRU_JAVA_008/CODE_ESTRU_JAVA_008.java,63,baselines_work/cohorte/java/CODE_IDENT_JAVA_009_COPY/CODE_IDENT_JAVA_009.java,0,0,0,0,0
3391,21,baselines_work/cohorte/java/CODE_ESTRU_JAVA_008/CODE_ESTRU_JAVA_008.java,61,baselines_work/cohorte/java/CODE_IDENT_JAVA_010/CODE_IDENT_JAVA_010.java,0,0,0,0,0
3392,21,baselines_work/cohorte/java/CODE_ESTRU_JAVA_008/CODE_ESTRU_JAVA_008.java,64,baselines_work/cohorte/java/CODE_IDENT_JAVA_010_COPY/CODE_IDENT_JAVA_010.java,0,0,0,0,0
3395,21,baselines_work/cohorte/java/CODE_ESTRU_JAVA_008/CODE_ESTRU_JAVA_008.java,66,baselines_work/cohorte/java/CODE_IDENT_JAVA_012/CODE_IDENT_JAVA_012.java,0,0,0,0,0
3396,21,baselines_work/cohorte/java/CODE_ESTRU_JAVA_008/CODE_ESTRU_JAVA_008.java,69,baselines_work/cohorte/java/CODE_IDENT_JAVA_012_COPY/CODE_IDENT_JAVA_012.java,0,0,0,0,0
3397,21,baselines_work/cohorte/java/CODE_ESTRU_JAVA_008/CODE_ESTRU_JAVA_008.java,68,baselines_work/cohorte/java/CODE_IDENT_JAVA_013/CODE_IDENT_JAVA_013.java,0,0,0,0,0
3398,21,baselines_work/cohorte/java/CODE_ESTRU_JAVA_008/CODE_ESTRU_JAVA_008.java,71,baselines_work/cohorte/java/CODE_IDENT_JAVA_013_COPY/CODE_IDENT_JAVA_013.java,0,0,0,0,0
3399,21,baselines_work/cohorte/java/CODE_ESTRU_JAVA_008/CODE_ESTRU_JAVA_008.java,70,baselines_work/cohorte/java/CODE_IDENT_JAVA_014/CODE_IDENT_JAVA_014.java,0,0,0,0,0
3400,21,baselines_work/cohorte/java/CODE_ESTRU_JAVA_008/CODE_ESTRU_JAVA_008.java,73,baselines_work/cohorte/java/CODE_IDENT_JAVA_014_COPY/CODE_IDENT_JAVA_014.java,0,0,0,0,0
3401,21,baselines_work/cohorte/java/CODE_ESTRU_JAVA_008/CODE_ESTRU_JAVA_008.java,72,baselines_work/cohorte/java/CODE_IDENT_JAVA_015/CODE_IDENT_JAVA_015.java,0,0,0,0,0
3402,21,baselines_work/cohorte/java/CODE_ESTRU_JAVA_008/CODE_ESTRU_JAVA_008.java,74,baselines_work/cohorte/java/CODE_IDENT_JAVA_015_COPY/CODE_IDENT_JAVA_015.java,0,0,0,0,0
3405,24,baselines_work/cohorte/java/CODE_ESTRU_JAVA_009/CODE_ESTRU_JAVA_009.java,28,baselines_work/cohorte/java/CODE_ESTRU_JAVA_012/CODE_ESTRU_JAVA_012.java,0,0,0,0,0
3406,24,baselines_work/cohorte/java/CODE_ESTRU_JAVA_009/CODE_ESTRU_JAVA_009.java,27,baselines_work/cohorte/java/CODE_ESTRU_JAVA_013/CODE_ESTRU_JAVA_013.java,0,0,0,0,0
3408,24,baselines_work/cohorte/java/CODE_ESTRU_JAVA_009/CODE_ESTRU_JAVA_009.java,31,baselines_work/cohorte/java/CODE_ESTRU_JAVA_015/CODE_ESTRU_JAVA_015.java,0,0,0,0,0
3410,24,baselines_work/cohorte/java/CODE_ESTRU_JAVA_009/CODE_ESTRU_JAVA_009.java,34,baselines_work/cohorte/java/CODE_FUN_JAVA_002/CODE_FUN_JAVA_002.java,0,0,0,0,0
3413,24,baselines_work/cohorte/java/CODE_ESTRU_JAVA_009/CODE_ESTRU_JAVA_009.java,35,baselines_work/cohorte/java/CODE_FUN_JAVA_005/CODE_FUN_JAVA_005.java,0,0,0,0,0
3414,24,baselines_work/cohorte/java/CODE_ESTRU_JAVA_009/CODE_ESTRU_JAVA_009.java,38,baselines_work/cohorte/java/CODE_FUN_JAVA_006/CODE_FUN_JAVA_006.java,0,0,0,0,0
3419,24,baselines_work/cohorte/java/CODE_ESTRU_JAVA_009/CODE_ESTRU_JAVA_009.java,40,baselines_work/cohorte/java/CODE_FUN_JAVA_011/CODE_FUN_JAVA_011.java,0,0,0,0,0
3420,24,baselines_work/cohorte/java/CODE_ESTRU_JAVA_009/CODE_ESTRU_JAVA_009.java,37,baselines_work/cohorte/java/CODE_FUN_JAVA_012/CODE_FUN_JAVA_012.java,0,0,0,0,0
3421,24,baselines_work/cohorte/java/CODE_ESTRU_JAVA_009/CODE_ESTRU_JAVA_009.java,41,baselines_work/cohorte/java/CODE_FUN_JAVA_013/CODE_FUN_JAVA_013.java,0,0,0,0,0
3422,24,baselines_work/cohorte/java/CODE_ESTRU_JAVA_009/CODE_ESTRU_JAVA_009.java,44,baselines_work/cohorte/java/CODE_FUN_JAVA_014/CODE_FUN_JAVA_014.java,0,0,0,0,0
3424,24,baselines_work/cohorte/java/CODE_ESTRU_JAVA_009/CODE_ESTRU_JAVA_009.java,43,baselines_work/cohorte/java/CODE_IDENT_JAVA_001/CODE_IDENT_JAVA_001.java,0,0,0,0,0
3425,24,baselines_work/cohorte/java/CODE_ESTRU_JAVA_009/CODE_ESTRU_JAVA_009.java,52,baselines_work/cohorte/java/CODE_IDENT_JAVA_001_COPY/CODE_IDENT_JAVA_001.java,0,0,0,0,0
3428,24,baselines_work/cohorte/java/CODE_ESTRU_JAVA_009/CODE_ESTRU_JAVA_009.java,49,baselines_work/cohorte/java/CODE_IDENT_JAVA_003/CODE_IDENT_JAVA_003.java,0,0,0,0,0
3429,24,baselines_work/cohorte/java/CODE_ESTRU_JAVA_009/CODE_ESTRU_JAVA_009.java,48,baselines_work/cohorte/java/CODE_IDENT_JAVA_003_COPY/CODE_IDENT_JAVA_003.java,0,0,0,0,0
3430,24,baselines_work/cohorte/java/CODE_ESTRU_JAVA_009/CODE_ESTRU_JAVA_009.java,54,baselines_work/cohorte/java/CODE_IDENT_JAVA_004/CODE_IDENT_JAVA_004.java,0,0,0,0,0
3431,24,baselines_work/cohorte/java/CODE_ESTRU_JAVA_009/CODE_ESTRU_JAVA_009.java,50,baselines_work/cohorte/java/CODE_IDENT_JAVA_004_COPY/CODE_IDENT_JAVA_004.java,0,0,0,0,0
3432,24,baselines_work/cohorte/java/CODE_ESTRU_JAVA_009/CODE_ESTRU_JAVA_009.java,59,baselines_work/cohorte/java/CODE_IDENT_JAVA_005/CODE_IDENT_JAVA_005.java,0,0,0,0,0
3433,24,baselines_work/cohorte/java/CODE_ESTRU_JAVA_009/CODE_ESTRU_JAVA_009.java,55,baselines_work/cohorte/java/CODE_IDENT_JAVA_005_COPY/CODE_IDENT_JAVA_005.java,0,0,0,0,0
3434,24,baselines_work/cohorte/java/CODE_ESTRU_JAVA_009/CODE_ESTRU_JAVA_009.java,51,baselines_work/cohorte/java/CODE_IDENT_JAVA_006/CODE_IDENT_JAVA_006.java,0,0,0,0,0
3435,24,baselines_work/cohorte/java/CODE_ESTRU_JAVA_009/CODE_ESTRU_JAVA_009.java,53,baselines_work/cohorte/java/CODE_IDENT_JAVA_006_COPY/CODE_IDENT_JAVA_006.java,0,0,0,0,0
3438,24,baselines_work/cohorte/java/CODE_ESTRU_JAVA_009/CODE_ESTRU_JAVA_009.java,56,baselines_work/cohorte/java/CODE_IDENT_JAVA_008/CODE_IDENT_JAVA_008.java,0,0,0,0,0
3439,24,baselines_work/cohorte/java/CODE_ESTRU_JAVA_009/CODE_ESTRU_JAVA_009.java,60,baselines_work/cohorte/java/CODE_IDENT_JAVA_008_COPY/CODE_IDENT_JAVA_008.java,0,0,0,0,0
3446,24,baselines_work/cohorte/java/CODE_ESTRU_JAVA_009/CODE_ESTRU_JAVA_009.java,66,baselines_work/cohorte/java/CODE_IDENT_JAVA_012/CODE_IDENT_JAVA_012.java,0,0,0,0,0
3447,24,baselines_work/cohorte/java/CODE_ESTRU_JAVA_009/CODE_ESTRU_JAVA_009.java,69,baselines_work/cohorte/java/CODE_IDENT_JAVA_012_COPY/CODE_IDENT_JAVA_012.java,0,0,0,0,0
3448,24,baselines_work/cohorte/java/CODE_ESTRU_JAVA_009/CODE_ESTRU_JAVA_009.java,68,baselines_work/cohorte/java/CODE_IDENT_JAVA_013/CODE_IDENT_JAVA_013.java,0,0,0,0,0
3449,24,baselines_work/cohorte/java/CODE_ESTRU_JAVA_009/CODE_ESTRU_JAVA_009.java,71,baselines_work/cohorte/java/CODE_IDENT_JAVA_013_COPY/CODE_IDENT_JAVA_013.java,0,0,0,0,0
3454,25,baselines_work/cohorte/java/CODE_ESTRU_JAVA_010/CODE_ESTRU_JAVA_010.java,22,baselines_work/cohorte/java/CODE_ESTRU_JAVA_011/CODE_ESTRU_JAVA_011.java,0,0,0,0,0
3455,25,baselines_work/cohorte/java/CODE_ESTRU_JAVA_010/CODE_ESTRU_JAVA_010.java,28,baselines_work/cohorte/java/CODE_ESTRU_JAVA_012/CODE_ESTRU_JAVA_012.java,0,0,0,0,0
3456,25,baselines_work/cohorte/java/CODE_ESTRU_JAVA_010/CODE_ESTRU_JAVA_010.java,27,baselines_work/cohorte/java/CODE_ESTRU_JAVA_013/CODE_ESTRU_JAVA_013.java,0,0,0,0,0
3457,25,baselines_work/cohorte/java/CODE_ESTRU_JAVA_010/CODE_ESTRU_JAVA_010.java,26,baselines_work/cohorte/java/CODE_ESTRU_JAVA_014/CODE_ESTRU_JAVA_014.java,0,0,0,0,0
3459,25,baselines_work/cohorte/java/CODE_ESTRU_JAVA_010/CODE_ESTRU_JAVA_010.java,30,baselines_work/cohorte/java/CODE_FUN_JAVA_001/CODE_FUN_JAVA_001.java,0,0,0,0,0
3460,25,baselines_work/cohorte/java/CODE_ESTRU_JAVA_010/CODE_ESTRU_JAVA_010.java,34,baselines_work/cohorte/java/CODE_FUN_JAVA_002/CODE_FUN_JAVA_002.java,0,0,0,0,0
3461,25,baselines_work/cohorte/java/CODE_ESTRU_JAVA_010/CODE_ESTRU_JAVA_010.java,29,baselines_work/cohorte/java/CODE_FUN_JAVA_003/CODE_FUN_JAVA_003.java,0,0,0,0,0
3462,25,baselines_work/cohorte/java/CODE_ESTRU_JAVA_010/CODE_ESTRU_JAVA_010.java,47,baselines_work/cohorte/java/CODE_FUN_JAVA_004/CODE_FUN_JAVA_004.java,0,0,0,0,0
3463,25,baselines_work/cohorte/java/CODE_ESTRU_JAVA_010/CODE_ESTRU_JAVA_010.java,35,baselines_work/cohorte/java/CODE_FUN_JAVA_005/CODE_FUN_JAVA_005.java,0,0,0,0,0
3464,25,baselines_work/cohorte/java/CODE_ESTRU_JAVA_010/CODE_ESTRU_JAVA_010.java,38,baselines_work/cohorte/java/CODE_FUN_JAVA_006/CODE_FUN_JAVA_006.java,0,0,0,0,0
3465,25,baselines_work/cohorte/java/CODE_ESTRU_JAVA_010/CODE_ESTRU_JAVA_010.java,33,baselines_work/cohorte/java/CODE_FUN_JAVA_007/CODE_FUN_JAVA_007.java,0,0,0,0,0
3466,25,baselines_work/cohorte/java/CODE_ESTRU_JAVA_010/CODE_ESTRU_JAVA_010.java,32,baselines_work/cohorte/java/CODE_FUN_JAVA_008/CODE_FUN_JAVA_008.java,0,0,0,0,0
3467,25,baselines_work/cohorte/java/CODE_ESTRU_JAVA_010/CODE_ESTRU_JAVA_010.java,39,baselines_work/cohorte/java/CODE_FUN_JAVA_009/CODE_FUN_JAVA_009.java,0,0,0,0,0
3469,25,baselines_work/cohorte/java/CODE_ESTRU_JAVA_010/CODE_ESTRU_JAVA_010.java,40,baselines_work/cohorte/java/CODE_FUN_JAVA_011/CODE_FUN_JAVA_011.java,0,0,0,0,0
3470,25,baselines_work/cohorte/java/CODE_ESTRU_JAVA_010/CODE_ESTRU_JAVA_010.java,37,baselines_work/cohorte/java/CODE_FUN_JAVA_012/CODE_FUN_JAVA_012.java,0,0,0,0,0
3472,25,baselines_work/cohorte/java/CODE_ESTRU_JAVA_010/CODE_ESTRU_JAVA_010.java,44,baselines_work/cohorte/java/CODE_FUN_JAVA_014/CODE_FUN_JAVA_014.java,0,0,0,0,0
3473,25,baselines_work/cohorte/java/CODE_ESTRU_JAVA_010/CODE_ESTRU_JAVA_010.java,42,baselines_work/cohorte/java/CODE_FUN_JAVA_015/CODE_FUN_JAVA_015.java,0,0,0,0,0
3474,25,baselines_work/cohorte/java/CODE_ESTRU_JAVA_010/CODE_ESTRU_JAVA_010.java,43,baselines_work/cohorte/java/CODE_IDENT_JAVA_001/CODE_IDENT_JAVA_001.java,0,0,0,0,0
3475,25,baselines_work/cohorte/java/CODE_ESTRU_JAVA_010/CODE_ESTRU_JAVA_010.java,52,baselines_work/cohorte/java/CODE_IDENT_JAVA_001_COPY/CODE_IDENT_JAVA_001.java,0,0,0,0,0
3476,25,baselines_work/cohorte/java/CODE_ESTRU_JAVA_010/CODE_ESTRU_JAVA_010.java,45,baselines_work/cohorte/java/CODE_IDENT_JAVA_002/CODE_IDENT_JAVA_002.java,0,0,0,0,0
3477,25,baselines_work/cohorte/java/CODE_ESTRU_JAVA_010/CODE_ESTRU_JAVA_010.java,46,baselines_work/cohorte/java/CODE_IDENT_JAVA_002_COPY/CODE_IDENT_JAVA_002.java,0,0,0,0,0
3478,25,baselines_work/cohorte/java/CODE_ESTRU_JAVA_010/CODE_ESTRU_JAVA_010.java,49,baselines_work/cohorte/java/CODE_IDENT_JAVA_003/CODE_IDENT_JAVA_003.java,0,0,0,0,0
3479,25,baselines_work/cohorte/java/CODE_ESTRU_JAVA_010/CODE_ESTRU_JAVA_010.java,48,baselines_work/cohorte/java/CODE_IDENT_JAVA_003_COPY/CODE_IDENT_JAVA_003.java,0,0,0,0,0
3480,25,baselines_work/cohorte/java/CODE_ESTRU_JAVA_010/CODE_ESTRU_JAVA_010.java,54,baselines_work/cohorte/java/CODE_IDENT_JAVA_004/CODE_IDENT_JAVA_004.java,0,0,0,0,0
3481,25,baselines_work/cohorte/java/CODE_ESTRU_JAVA_010/CODE_ESTRU_JAVA_010.java,50,baselines_work/cohorte/java/CODE_IDENT_JAVA_004_COPY/CODE_IDENT_JAVA_004.java,0,0,0,0,0
3484,25,baselines_work/cohorte/java/CODE_ESTRU_JAVA_010/CODE_ESTRU_JAVA_010.java,51,baselines_work/cohorte/java/CODE_IDENT_JAVA_006/CODE_IDENT_JAVA_006.java,0,0,0,0,0
3485,25,baselines_work/cohorte/java/CODE_ESTRU_JAVA_010/CODE_ESTRU_JAVA_010.java,53,baselines_work/cohorte/java/CODE_IDENT_JAVA_006_COPY/CODE_IDENT_JAVA_006.java,0,0,0,0,0
3488,25,baselines_work/cohorte/java/CODE_ESTRU_JAVA_010/CODE_ESTRU_JAVA_010.java,56,baselines_work/cohorte/java/CODE_IDENT_JAVA_008/CODE_IDENT_JAVA_008.java,0,0,0,0,0
3489,25,baselines_work/cohorte/java/CODE_ESTRU_JAVA_010/CODE_ESTRU_JAVA_010.java,60,baselines_work/cohorte/java/CODE_IDENT_JAVA_008_COPY/CODE_IDENT_JAVA_008.java,0,0,0,0,0
3494,25,baselines_work/cohorte/java/CODE_ESTRU_JAVA_010/CODE_ESTRU_JAVA_010.java,67,baselines_work/cohorte/java/CODE_IDENT_JAVA_011/CODE_IDENT_JAVA_011.java,0,0,0,0,0
3495,25,baselines_work/cohorte/java/CODE_ESTRU_JAVA_010/CODE_ESTRU_JAVA_010.java,65,baselines_work/cohorte/java/CODE_IDENT_JAVA_011_COPY/CODE_IDENT_JAVA_011.java,0,0,0,0,0
3496,25,baselines_work/cohorte/java/CODE_ESTRU_JAVA_010/CODE_ESTRU_JAVA_010.java,66,baselines_work/cohorte/java/CODE_IDENT_JAVA_012/CODE_IDENT_JAVA_012.java,0,0,0,0,0
3497,25,baselines_work/cohorte/java/CODE_ESTRU_JAVA_010/CODE_ESTRU_JAVA_010.java,69,baselines_work/cohorte/java/CODE_IDENT_JAVA_012_COPY/CODE_IDENT_JAVA_012.java,0,0,0,0,0
3498,25,baselines_work/cohorte/java/CODE_ESTRU_JAVA_010/CODE_ESTRU_JAVA_010.java,68,baselines_work/cohorte/java/CODE_IDENT_JAVA_013/CODE_IDENT_JAVA_013.java,0,0,0,0,0
3499,25,baselines_work/cohorte/java/CODE_ESTRU_JAVA_010/CODE_ESTRU_JAVA_010.java,71,baselines_work/cohorte/java/CODE_IDENT_JAVA_013_COPY/CODE_IDENT_JAVA_013.java,0,0,0,0,0
3500,25,baselines_work/cohorte/java/CODE_ESTRU_JAVA_010/CODE_ESTRU_JAVA_010.java,70,baselines_work/cohorte/java/CODE_IDENT_JAVA_014/CODE_IDENT_JAVA_014.java,0,0,0,0,0
3501,25,baselines_work/cohorte/java/CODE_ESTRU_JAVA_010/CODE_ESTRU_JAVA_010.java,73,baselines_work/cohorte/java/CODE_IDENT_JAVA_014_COPY/CODE_IDENT_JAVA_014.java,0,0,0,0,0
3505,22,baselines_work/cohorte/java/CODE_ESTRU_JAVA_011/CODE_ESTRU_JAVA_011.java,27,baselines_work/cohorte/java/CODE_ESTRU_JAVA_013/CODE_ESTRU_JAVA_013.java,0,0,0,0,0
3509,22,baselines_work/cohorte/java/CODE_ESTRU_JAVA_011/CODE_ESTRU_JAVA_011.java,34,baselines_work/cohorte/java/CODE_FUN_JAVA_002/CODE_FUN_JAVA_002.java,0,0,0,0,0
3510,22,baselines_work/cohorte/java/CODE_ESTRU_JAVA_011/CODE_ESTRU_JAVA_011.java,29,baselines_work/cohorte/java/CODE_FUN_JAVA_003/CODE_FUN_JAVA_003.java,0,0,0,0,0
3511,22,baselines_work/cohorte/java/CODE_ESTRU_JAVA_011/CODE_ESTRU_JAVA_011.java,47,baselines_work/cohorte/java/CODE_FUN_JAVA_004/CODE_FUN_JAVA_004.java,0,0,0,0,0
3512,22,baselines_work/cohorte/java/CODE_ESTRU_JAVA_011/CODE_ESTRU_JAVA_011.java,35,baselines_work/cohorte/java/CODE_FUN_JAVA_005/CODE_FUN_JAVA_005.java,0,0,0,0,0
3513,22,baselines_work/cohorte/java/CODE_ESTRU_JAVA_011/CODE_ESTRU_JAVA_011.java,38,baselines_work/cohorte/java/CODE_FUN_JAVA_006/CODE_FUN_JAVA_006.java,0,0,0,0,0
3514,22,baselines_work/cohorte/java/CODE_ESTRU_JAVA_011/CODE_ESTRU_JAVA_011.java,33,baselines_work/cohorte/java/CODE_FUN_JAVA_007/CODE_FUN_JAVA_007.java,0,0,0,0,0
3515,22,baselines_work/cohorte/java/CODE_ESTRU_JAVA_011/CODE_ESTRU_JAVA_011.java,32,baselines_work/cohorte/java/CODE_FUN_JAVA_008/CODE_FUN_JAVA_008.java,0,0,0,0,0
3517,22,baselines_work/cohorte/java/CODE_ESTRU_JAVA_011/CODE_ESTRU_JAVA_011.java,36,baselines_work/cohorte/java/CODE_FUN_JAVA_010/CODE_FUN_JAVA_010.java,0,0,0,0,0
3519,22,baselines_work/cohorte/java/CODE_ESTRU_JAVA_011/CODE_ESTRU_JAVA_011.java,37,baselines_work/cohorte/java/CODE_FUN_JAVA_012/CODE_FUN_JAVA_012.java,0,0,0,0,0
3520,22,baselines_work/cohorte/java/CODE_ESTRU_JAVA_011/CODE_ESTRU_JAVA_011.java,41,baselines_work/cohorte/java/CODE_FUN_JAVA_013/CODE_FUN_JAVA_013.java,0,0,0,0,0
3522,22,baselines_work/cohorte/java/CODE_ESTRU_JAVA_011/CODE_ESTRU_JAVA_011.java,42,baselines_work/cohorte/java/CODE_FUN_JAVA_015/CODE_FUN_JAVA_015.java,0,0,0,0,0
3525,22,baselines_work/cohorte/java/CODE_ESTRU_JAVA_011/CODE_ESTRU_JAVA_011.java,45,baselines_work/cohorte/java/CODE_IDENT_JAVA_002/CODE_IDENT_JAVA_002.java,0,0,0,0,0
3526,22,baselines_work/cohorte/java/CODE_ESTRU_JAVA_011/CODE_ESTRU_JAVA_011.java,46,baselines_work/cohorte/java/CODE_IDENT_JAVA_002_COPY/CODE_IDENT_JAVA_002.java,0,0,0,0,0
3527,22,baselines_work/cohorte/java/CODE_ESTRU_JAVA_011/CODE_ESTRU_JAVA_011.java,49,baselines_work/cohorte/java/CODE_IDENT_JAVA_003/CODE_IDENT_JAVA_003.java,0,0,0,0,0
3528,22,baselines_work/cohorte/java/CODE_ESTRU_JAVA_011/CODE_ESTRU_JAVA_011.java,48,baselines_work/cohorte/java/CODE_IDENT_JAVA_003_COPY/CODE_IDENT_JAVA_003.java,0,0,0,0,0
3529,22,baselines_work/cohorte/java/CODE_ESTRU_JAVA_011/CODE_ESTRU_JAVA_011.java,54,baselines_work/cohorte/java/CODE_IDENT_JAVA_004/CODE_IDENT_JAVA_004.java,0,0,0,0,0
3530,22,baselines_work/cohorte/java/CODE_ESTRU_JAVA_011/CODE_ESTRU_JAVA_011.java,50,baselines_work/cohorte/java/CODE_IDENT_JAVA_004_COPY/CODE_IDENT_JAVA_004.java,0,0,0,0,0
3531,22,baselines_work/cohorte/java/CODE_ESTRU_JAVA_011/CODE_ESTRU_JAVA_011.java,59,baselines_work/cohorte/java/CODE_IDENT_JAVA_005/CODE_IDENT_JAVA_005.java,0,0,0,0,0
3532,22,baselines_work/cohorte/java/CODE_ESTRU_JAVA_011/CODE_ESTRU_JAVA_011.java,55,baselines_work/cohorte/java/CODE_IDENT_JAVA_005_COPY/CODE_IDENT_JAVA_005.java,0,0,0,0,0
3533,22,baselines_work/cohorte/java/CODE_ESTRU_JAVA_011/CODE_ESTRU_JAVA_011.java,51,baselines_work/cohorte/java/CODE_IDENT_JAVA_006/CODE_IDENT_JAVA_006.java,0,0,0,0,0
3534,22,baselines_work/cohorte/java/CODE_ESTRU_JAVA_011/CODE_ESTRU_JAVA_011.java,53,baselines_work/cohorte/java/CODE_IDENT_JAVA_006_COPY/CODE_IDENT_JAVA_006.java,0,0,0,0,0
3537,22,baselines_work/cohorte/java/CODE_ESTRU_JAVA_011/CODE_ESTRU_JAVA_011.java,56,baselines_work/cohorte/java/CODE_IDENT_JAVA_008/CODE_IDENT_JAVA_008.java,0,0,0,0,0
3538,22,baselines_work/cohorte/java/CODE_ESTRU_JAVA_011/CODE_ESTRU_JAVA_011.java,60,baselines_work/cohorte/java/CODE_IDENT_JAVA_008_COPY/CODE_IDENT_JAVA_008.java,0,0,0,0,0
3541,22,baselines_work/cohorte/java/CODE_ESTRU_JAVA_011/CODE_ESTRU_JAVA_011.java,61,baselines_work/cohorte/java/CODE_IDENT_JAVA_010/CODE_IDENT_JAVA_010.java,0,0,0,0,0
3542,22,baselines_work/cohorte/java/CODE_ESTRU_JAVA_011/CODE_ESTRU_JAVA_011.java,64,baselines_work/cohorte/java/CODE_IDENT_JAVA_010_COPY/CODE_IDENT_JAVA_010.java,0,0,0,0,0
3547,22,baselines_work/cohorte/java/CODE_ESTRU_JAVA_011/CODE_ESTRU_JAVA_011.java,68,baselines_work/cohorte/java/CODE_IDENT_JAVA_013/CODE_IDENT_JAVA_013.java,0,0,0,0,0
3548,22,baselines_work/cohorte/java/CODE_ESTRU_JAVA_011/CODE_ESTRU_JAVA_011.java,71,baselines_work/cohorte/java/CODE_IDENT_JAVA_013_COPY/CODE_IDENT_JAVA_013.java,0,0,0,0,0
3554,28,baselines_work/cohorte/java/CODE_ESTRU_JAVA_012/CODE_ESTRU_JAVA_012.java,26,baselines_work/cohorte/java/CODE_ESTRU_JAVA_014/CODE_ESTRU_JAVA_014.java,0,0,0,0,0
3556,28,baselines_work/cohorte/java/CODE_ESTRU_JAVA_012/CODE_ESTRU_JAVA_012.java,30,baselines_work/cohorte/java/CODE_FUN_JAVA_001/CODE_FUN_JAVA_001.java,0,0,0,0,0
3557,28,baselines_work/cohorte/java/CODE_ESTRU_JAVA_012/CODE_ESTRU_JAVA_012.java,34,baselines_work/cohorte/java/CODE_FUN_JAVA_002/CODE_FUN_JAVA_002.java,0,0,0,0,0
3558,28,baselines_work/cohorte/java/CODE_ESTRU_JAVA_012/CODE_ESTRU_JAVA_012.java,29,baselines_work/cohorte/java/CODE_FUN_JAVA_003/CODE_FUN_JAVA_003.java,0,0,0,0,0
3559,28,baselines_work/cohorte/java/CODE_ESTRU_JAVA_012/CODE_ESTRU_JAVA_012.java,47,baselines_work/cohorte/java/CODE_FUN_JAVA_004/CODE_FUN_JAVA_004.java,0,0,0,0,0
3560,28,baselines_work/cohorte/java/CODE_ESTRU_JAVA_012/CODE_ESTRU_JAVA_012.java,35,baselines_work/cohorte/java/CODE_FUN_JAVA_005/CODE_FUN_JAVA_005.java,0,0,0,0,0
3561,28,baselines_work/cohorte/java/CODE_ESTRU_JAVA_012/CODE_ESTRU_JAVA_012.java,38,baselines_work/cohorte/java/CODE_FUN_JAVA_006/CODE_FUN_JAVA_006.java,0,0,0,0,0
3562,28,baselines_work/cohorte/java/CODE_ESTRU_JAVA_012/CODE_ESTRU_JAVA_012.java,33,baselines_work/cohorte/java/CODE_FUN_JAVA_007/CODE_FUN_JAVA_007.java,0,0,0,0,0
3563,28,baselines_work/cohorte/java/CODE_ESTRU_JAVA_012/CODE_ESTRU_JAVA_012.java,32,baselines_work/cohorte/java/CODE_FUN_JAVA_008/CODE_FUN_JAVA_008.java,0,0,0,0,0
3564,28,baselines_work/cohorte/java/CODE_ESTRU_JAVA_012/CODE_ESTRU_JAVA_012.java,39,baselines_work/cohorte/java/CODE_FUN_JAVA_009/CODE_FUN_JAVA_009.java,0,0,0,0,0
3565,28,baselines_work/cohorte/java/CODE_ESTRU_JAVA_012/CODE_ESTRU_JAVA_012.java,36,baselines_work/cohorte/java/CODE_FUN_JAVA_010/CODE_FUN_JAVA_010.java,0,0,0,0,0
3566,28,baselines_work/cohorte/java/CODE_ESTRU_JAVA_012/CODE_ESTRU_JAVA_012.java,40,baselines_work/cohorte/java/CODE_FUN_JAVA_011/CODE_FUN_JAVA_011.java,0,0,0,0,0
3567,28,baselines_work/cohorte/java/CODE_ESTRU_JAVA_012/CODE_ESTRU_JAVA_012.java,37,baselines_work/cohorte/java/CODE_FUN_JAVA_012/CODE_FUN_JAVA_012.java,0,0,0,0,0
3568,28,baselines_work/cohorte/java/CODE_ESTRU_JAVA_012/CODE_ESTRU_JAVA_012.java,41,baselines_work/cohorte/java/CODE_FUN_JAVA_013/CODE_FUN_JAVA_013.java,0,0,0,0,0
3573,28,baselines_work/cohorte/java/CODE_ESTRU_JAVA_012/CODE_ESTRU_JAVA_012.java,45,baselines_work/cohorte/java/CODE_IDENT_JAVA_002/CODE_IDENT_JAVA_002.java,0,0,0,0,0
3574,28,baselines_work/cohorte/java/CODE_ESTRU_JAVA_012/CODE_ESTRU_JAVA_012.java,46,baselines_work/cohorte/java/CODE_IDENT_JAVA_002_COPY/CODE_IDENT_JAVA_002.java,0,0,0,0,0
3577,28,baselines_work/cohorte/java/CODE_ESTRU_JAVA_012/CODE_ESTRU_JAVA_012.java,54,baselines_work/cohorte/java/CODE_IDENT_JAVA_004/CODE_IDENT_JAVA_004.java,0,0,0,0,0
3578,28,baselines_work/cohorte/java/CODE_ESTRU_JAVA_012/CODE_ESTRU_JAVA_012.java,50,baselines_work/cohorte/java/CODE_IDENT_JAVA_004_COPY/CODE_IDENT_JAVA_004.java,0,0,0,0,0
3579,28,baselines_work/cohorte/java/CODE_ESTRU_JAVA_012/CODE_ESTRU_JAVA_012.java,59,baselines_work/cohorte/java/CODE_IDENT_JAVA_005/CODE_IDENT_JAVA_005.java,0,0,0,0,0
3580,28,baselines_work/cohorte/java/CODE_ESTRU_JAVA_012/CODE_ESTRU_JAVA_012.java,55,baselines_work/cohorte/java/CODE_IDENT_JAVA_005_COPY/CODE_IDENT_JAVA_005.java,0,0,0,0,0
3581,28,baselines_work/cohorte/java/CODE_ESTRU_JAVA_012/CODE_ESTRU_JAVA_012.java,51,baselines_work/cohorte/java/CODE_IDENT_JAVA_006/CODE_IDENT_JAVA_006.java,0,0,0,0,0
3582,28,baselines_work/cohorte/java/CODE_ESTRU_JAVA_012/CODE_ESTRU_JAVA_012.java,53,baselines_work/cohorte/java/CODE_IDENT_JAVA_006_COPY/CODE_IDENT_JAVA_006.java,0,0,0,0,0
3583,28,baselines_work/cohorte/java/CODE_ESTRU_JAVA_012/CODE_ESTRU_JAVA_012.java,57,baselines_work/cohorte/java/CODE_IDENT_JAVA_007/CODE_IDENT_JAVA_007.java,0,0,0,0,0
3584,28,baselines_work/cohorte/java/CODE_ESTRU_JAVA_012/CODE_ESTRU_JAVA_012.java,58,baselines_work/cohorte/java/CODE_IDENT_JAVA_007_COPY/CODE_IDENT_JAVA_007.java,0,0,0,0,0
3585,28,baselines_work/cohorte/java/CODE_ESTRU_JAVA_012/CODE_ESTRU_JAVA_012.java,56,baselines_work/cohorte/java/CODE_IDENT_JAVA_008/CODE_IDENT_JAVA_008.java,0,0,0,0,0
3586,28,baselines_work/cohorte/java/CODE_ESTRU_JAVA_012/CODE_ESTRU_JAVA_012.java,60,baselines_work/cohorte/java/CODE_IDENT_JAVA_008_COPY/CODE_IDENT_JAVA_008.java,0,0,0,0,0
3587,28,baselines_work/cohorte/java/CODE_ESTRU_JAVA_012/CODE_ESTRU_JAVA_012.java,62,baselines_work/cohorte/java/CODE_IDENT_JAVA_009/CODE_IDENT_JAVA_009.java,0,0,0,0,0
3588,28,baselines_work/cohorte/java/CODE_ESTRU_JAVA_012/CODE_ESTRU_JAVA_012.java,63,baselines_work/cohorte/java/CODE_IDENT_JAVA_009_COPY/CODE_IDENT_JAVA_009.java,0,0,0,0,0
3589,28,baselines_work/cohorte/java/CODE_ESTRU_JAVA_012/CODE_ESTRU_JAVA_012.java,61,baselines_work/cohorte/java/CODE_IDENT_JAVA_010/CODE_IDENT_JAVA_010.java,0,0,0,0,0
3590,28,baselines_work/cohorte/java/CODE_ESTRU_JAVA_012/CODE_ESTRU_JAVA_012.java,64,baselines_work/cohorte/java/CODE_IDENT_JAVA_010_COPY/CODE_IDENT_JAVA_010.java,0,0,0,0,0
3601,27,baselines_work/cohorte/java/CODE_ESTRU_JAVA_013/CODE_ESTRU_JAVA_013.java,26,baselines_work/cohorte/java/CODE_ESTRU_JAVA_014/CODE_ESTRU_JAVA_014.java,0,0,0,0,0
3603,27,baselines_work/cohorte/java/CODE_ESTRU_JAVA_013/CODE_ESTRU_JAVA_013.java,30,baselines_work/cohorte/java/CODE_FUN_JAVA_001/CODE_FUN_JAVA_001.java,0,0,0,0,0
3604,27,baselines_work/cohorte/java/CODE_ESTRU_JAVA_013/CODE_ESTRU_JAVA_013.java,34,baselines_work/cohorte/java/CODE_FUN_JAVA_002/CODE_FUN_JAVA_002.java,0,0,0,0,0
3605,27,baselines_work/cohorte/java/CODE_ESTRU_JAVA_013/CODE_ESTRU_JAVA_013.java,29,baselines_work/cohorte/java/CODE_FUN_JAVA_003/CODE_FUN_JAVA_003.java,0,0,0,0,0
3606,27,baselines_work/cohorte/java/CODE_ESTRU_JAVA_013/CODE_ESTRU_JAVA_013.java,47,baselines_work/cohorte/java/CODE_FUN_JAVA_004/CODE_FUN_JAVA_004.java,0,0,0,0,0
3607,27,baselines_work/cohorte/java/CODE_ESTRU_JAVA_013/CODE_ESTRU_JAVA_013.java,35,baselines_work/cohorte/java/CODE_FUN_JAVA_005/CODE_FUN_JAVA_005.java,0,0,0,0,0
3609,27,baselines_work/cohorte/java/CODE_ESTRU_JAVA_013/CODE_ESTRU_JAVA_013.java,33,baselines_work/cohorte/java/CODE_FUN_JAVA_007/CODE_FUN_JAVA_007.java,0,0,0,0,0
3610,27,baselines_work/cohorte/java/CODE_ESTRU_JAVA_013/CODE_ESTRU_JAVA_013.java,32,baselines_work/cohorte/java/CODE_FUN_JAVA_008/CODE_FUN_JAVA_008.java,0,0,0,0,0
3611,27,baselines_work/cohorte/java/CODE_ESTRU_JAVA_013/CODE_ESTRU_JAVA_013.java,39,baselines_work/cohorte/java/CODE_FUN_JAVA_009/CODE_FUN_JAVA_009.java,0,0,0,0,0
3612,27,baselines_work/cohorte/java/CODE_ESTRU_JAVA_013/CODE_ESTRU_JAVA_013.java,36,baselines_work/cohorte/java/CODE_FUN_JAVA_010/CODE_FUN_JAVA_010.java,0,0,0,0,0
3613,27,baselines_work/cohorte/java/CODE_ESTRU_JAVA_013/CODE_ESTRU_JAVA_013.java,40,baselines_work/cohorte/java/CODE_FUN_JAVA_011/CODE_FUN_JAVA_011.java,0,0,0,0,0
3614,27,baselines_work/cohorte/java/CODE_ESTRU_JAVA_013/CODE_ESTRU_JAVA_013.java,37,baselines_work/cohorte/java/CODE_FUN_JAVA_012/CODE_FUN_JAVA_012.java,0,0,0,0,0
3615,27,baselines_work/cohorte/java/CODE_ESTRU_JAVA_013/CODE_ESTRU_JAVA_013.java,41,baselines_work/cohorte/java/CODE_FUN_JAVA_013/CODE_FUN_JAVA_013.java,0,0,0,0,0
3617,27,baselines_work/cohorte/java/CODE_ESTRU_JAVA_013/CODE_ESTRU_JAVA_013.java,42,baselines_work/cohorte/java/CODE_FUN_JAVA_015/CODE_FUN_JAVA_015.java,0,0,0,0,0
3620,27,baselines_work/cohorte/java/CODE_ESTRU_JAVA_013/CODE_ESTRU_JAVA_013.java,45,baselines_work/cohorte/java/CODE_IDENT_JAVA_002/CODE_IDENT_JAVA_002.java,0,0,0,0,0
3621,27,baselines_work/cohorte/java/CODE_ESTRU_JAVA_013/CODE_ESTRU_JAVA_013.java,46,baselines_work/cohorte/java/CODE_IDENT_JAVA_002_COPY/CODE_IDENT_JAVA_002.java,0,0,0,0,0
3622,27,baselines_work/cohorte/java/CODE_ESTRU_JAVA_013/CODE_ESTRU_JAVA_013.java,49,baselines_work/cohorte/java/CODE_IDENT_JAVA_003/CODE_IDENT_JAVA_003.java,0,0,0,0,0
3623,27,baselines_work/cohorte/java/CODE_ESTRU_JAVA_013/CODE_ESTRU_JAVA_013.java,48,baselines_work/cohorte/java/CODE_IDENT_JAVA_003_COPY/CODE_IDENT_JAVA_003.java,0,0,0,0,0
3624,27,baselines_work/cohorte/java/CODE_ESTRU_JAVA_013/CODE_ESTRU_JAVA_013.java,54,baselines_work/cohorte/java/CODE_IDENT_JAVA_004/CODE_IDENT_JAVA_004.java,0,0,0,0,0
3625,27,baselines_work/cohorte/java/CODE_ESTRU_JAVA_013/CODE_ESTRU_JAVA_013.java,50,baselines_work/cohorte/java/CODE_IDENT_JAVA_004_COPY/CODE_IDENT_JAVA_004.java,0,0,0,0,0
3626,27,baselines_work/cohorte/java/CODE_ESTRU_JAVA_013/CODE_ESTRU_JAVA_013.java,59,baselines_work/cohorte/java/CODE_IDENT_JAVA_005/CODE_IDENT_JAVA_005.java,0,0,0,0,0
3627,27,baselines_work/cohorte/java/CODE_ESTRU_JAVA_013/CODE_ESTRU_JAVA_013.java,55,baselines_work/cohorte/java/CODE_IDENT_JAVA_005_COPY/CODE_IDENT_JAVA_005.java,0,0,0,0,0
3630,27,baselines_work/cohorte/java/CODE_ESTRU_JAVA_013/CODE_ESTRU_JAVA_013.java,57,baselines_work/cohorte/java/CODE_IDENT_JAVA_007/CODE_IDENT_JAVA_007.java,0,0,0,0,0
3631,27,baselines_work/cohorte/java/CODE_ESTRU_JAVA_013/CODE_ESTRU_JAVA_013.java,58,baselines_work/cohorte/java/CODE_IDENT_JAVA_007_COPY/CODE_IDENT_JAVA_007.java,0,0,0,0,0
3632,27,baselines_work/cohorte/java/CODE_ESTRU_JAVA_013/CODE_ESTRU_JAVA_013.java,56,baselines_work/cohorte/java/CODE_IDENT_JAVA_008/CODE_IDENT_JAVA_008.java,0,0,0,0,0
3633,27,baselines_work/cohorte/java/CODE_ESTRU_JAVA_013/CODE_ESTRU_JAVA_013.java,60,baselines_work/cohorte/java/CODE_IDENT_JAVA_008_COPY/CODE_IDENT_JAVA_008.java,0,0,0,0,0
3634,27,baselines_work/cohorte/java/CODE_ESTRU_JAVA_013/CODE_ESTRU_JAVA_013.java,62,baselines_work/cohorte/java/CODE_IDENT_JAVA_009/CODE_IDENT_JAVA_009.java,0,0,0,0,0
3635,27,baselines_work/cohorte/java/CODE_ESTRU_JAVA_013/CODE_ESTRU_JAVA_013.java,63,baselines_work/cohorte/java/CODE_IDENT_JAVA_009_COPY/CODE_IDENT_JAVA_009.java,0,0,0,0,0
3636,27,baselines_work/cohorte/java/CODE_ESTRU_JAVA_013/CODE_ESTRU_JAVA_013.java,61,baselines_work/cohorte/java/CODE_IDENT_JAVA_010/CODE_IDENT_JAVA_010.java,0,0,0,0,0
3637,27,baselines_work/cohorte/java/CODE_ESTRU_JAVA_013/CODE_ESTRU_JAVA_013.java,64,baselines_work/cohorte/java/CODE_IDENT_JAVA_010_COPY/CODE_IDENT_JAVA_010.java,0,0,0,0,0
3638,27,baselines_work/cohorte/java/CODE_ESTRU_JAVA_013/CODE_ESTRU_JAVA_013.java,67,baselines_work/cohorte/java/CODE_IDENT_JAVA_011/CODE_IDENT_JAVA_011.java,0,0,0,0,0
3639,27,baselines_work/cohorte/java/CODE_ESTRU_JAVA_013/CODE_ESTRU_JAVA_013.java,65,baselines_work/cohorte/java/CODE_IDENT_JAVA_011_COPY/CODE_IDENT_JAVA_011.java,0,0,0,0,0
3648,26,baselines_work/cohorte/java/CODE_ESTRU_JAVA_014/CODE_ESTRU_JAVA_014.java,31,baselines_work/cohorte/java/CODE_ESTRU_JAVA_015/CODE_ESTRU_JAVA_015.java,0,0,0,0,0
3650,26,baselines_work/cohorte/java/CODE_ESTRU_JAVA_014/CODE_ESTRU_JAVA_014.java,34,baselines_work/cohorte/java/CODE_FUN_JAVA_002/CODE_FUN_JAVA_002.java,0,0,0,0,0
3651,26,baselines_work/cohorte/java/CODE_ESTRU_JAVA_014/CODE_ESTRU_JAVA_014.java,29,baselines_work/cohorte/java/CODE_FUN_JAVA_003/CODE_FUN_JAVA_003.java,0,0,0,0,0
3653,26,baselines_work/cohorte/java/CODE_ESTRU_JAVA_014/CODE_ESTRU_JAVA_014.java,35,baselines_work/cohorte/java/CODE_FUN_JAVA_005/CODE_FUN_JAVA_005.java,0,0,0,0,0
3655,26,baselines_work/cohorte/java/CODE_ESTRU_JAVA_014/CODE_ESTRU_JAVA_014.java,33,baselines_work/cohorte/java/CODE_FUN_JAVA_007/CODE_FUN_JAVA_007.java,0,0,0,0,0
3656,26,baselines_work/cohorte/java/CODE_ESTRU_JAVA_014/CODE_ESTRU_JAVA_014.java,32,baselines_work/cohorte/java/CODE_FUN_JAVA_008/CODE_FUN_JAVA_008.java,0,0,0,0,0
3657,26,baselines_work/cohorte/java/CODE_ESTRU_JAVA_014/CODE_ESTRU_JAVA_014.java,39,baselines_work/cohorte/java/CODE_FUN_JAVA_009/CODE_FUN_JAVA_009.java,0,0,0,0,0
3658,26,baselines_work/cohorte/java/CODE_ESTRU_JAVA_014/CODE_ESTRU_JAVA_014.java,36,baselines_work/cohorte/java/CODE_FUN_JAVA_010/CODE_FUN_JAVA_010.java,0,0,0,0,0
3660,26,baselines_work/cohorte/java/CODE_ESTRU_JAVA_014/CODE_ESTRU_JAVA_014.java,37,baselines_work/cohorte/java/CODE_FUN_JAVA_012/CODE_FUN_JAVA_012.java,0,0,0,0,0
3661,26,baselines_work/cohorte/java/CODE_ESTRU_JAVA_014/CODE_ESTRU_JAVA_014.java,41,baselines_work/cohorte/java/CODE_FUN_JAVA_013/CODE_FUN_JAVA_013.java,0,0,0,0,0
3664,26,baselines_work/cohorte/java/CODE_ESTRU_JAVA_014/CODE_ESTRU_JAVA_014.java,43,baselines_work/cohorte/java/CODE_IDENT_JAVA_001/CODE_IDENT_JAVA_001.java,0,0,0,0,0
3665,26,baselines_work/cohorte/java/CODE_ESTRU_JAVA_014/CODE_ESTRU_JAVA_014.java,52,baselines_work/cohorte/java/CODE_IDENT_JAVA_001_COPY/CODE_IDENT_JAVA_001.java,0,0,0,0,0
3666,26,baselines_work/cohorte/java/CODE_ESTRU_JAVA_014/CODE_ESTRU_JAVA_014.java,45,baselines_work/cohorte/java/CODE_IDENT_JAVA_002/CODE_IDENT_JAVA_002.java,0,0,0,0,0
3667,26,baselines_work/cohorte/java/CODE_ESTRU_JAVA_014/CODE_ESTRU_JAVA_014.java,46,baselines_work/cohorte/java/CODE_IDENT_JAVA_002_COPY/CODE_IDENT_JAVA_002.java,0,0,0,0,0
3668,26,baselines_work/cohorte/java/CODE_ESTRU_JAVA_014/CODE_ESTRU_JAVA_014.java,49,baselines_work/cohorte/java/CODE_IDENT_JAVA_003/CODE_IDENT_JAVA_003.java,0,0,0,0,0
3669,26,baselines_work/cohorte/java/CODE_ESTRU_JAVA_014/CODE_ESTRU_JAVA_014.java,48,baselines_work/cohorte/java/CODE_IDENT_JAVA_003_COPY/CODE_IDENT_JAVA_003.java,0,0,0,0,0
3672,26,baselines_work/cohorte/java/CODE_ESTRU_JAVA_014/CODE_ESTRU_JAVA_014.java,59,baselines_work/cohorte/java/CODE_IDENT_JAVA_005/CODE_IDENT_JAVA_005.java,0,0,0,0,0
3673,26,baselines_work/cohorte/java/CODE_ESTRU_JAVA_014/CODE_ESTRU_JAVA_014.java,55,baselines_work/cohorte/java/CODE_IDENT_JAVA_005_COPY/CODE_IDENT_JAVA_005.java,0,0,0,0,0
3676,26,baselines_work/cohorte/java/CODE_ESTRU_JAVA_014/CODE_ESTRU_JAVA_014.java,57,baselines_work/cohorte/java/CODE_IDENT_JAVA_007/CODE_IDENT_JAVA_007.java,0,0,0,0,0
3677,26,baselines_work/cohorte/java/CODE_ESTRU_JAVA_014/CODE_ESTRU_JAVA_014.java,58,baselines_work/cohorte/java/CODE_IDENT_JAVA_007_COPY/CODE_IDENT_JAVA_007.java,0,0,0,0,0
3678,26,baselines_work/cohorte/java/CODE_ESTRU_JAVA_014/CODE_ESTRU_JAVA_014.java,56,baselines_work/cohorte/java/CODE_IDENT_JAVA_008/CODE_IDENT_JAVA_008.java,0,0,0,0,0
3679,26,baselines_work/cohorte/java/CODE_ESTRU_JAVA_014/CODE_ESTRU_JAVA_014.java,60,baselines_work/cohorte/java/CODE_IDENT_JAVA_008_COPY/CODE_IDENT_JAVA_008.java,0,0,0,0,0
3682,26,baselines_work/cohorte/java/CODE_ESTRU_JAVA_014/CODE_ESTRU_JAVA_014.java,61,baselines_work/cohorte/java/CODE_IDENT_JAVA_010/CODE_IDENT_JAVA_010.java,0,0,0,0,0
3683,26,baselines_work/cohorte/java/CODE_ESTRU_JAVA_014/CODE_ESTRU_JAVA_014.java,64,baselines_work/cohorte/java/CODE_IDENT_JAVA_010_COPY/CODE_IDENT_JAVA_010.java,0,0,0,0,0
3686,26,baselines_work/cohorte/java/CODE_ESTRU_JAVA_014/CODE_ESTRU_JAVA_014.java,66,baselines_work/cohorte/java/CODE_IDENT_JAVA_012/CODE_IDENT_JAVA_012.java,0,0,0,0,0
3687,26,baselines_work/cohorte/java/CODE_ESTRU_JAVA_014/CODE_ESTRU_JAVA_014.java,69,baselines_work/cohorte/java/CODE_IDENT_JAVA_012_COPY/CODE_IDENT_JAVA_012.java,0,0,0,0,0
3688,26,baselines_work/cohorte/java/CODE_ESTRU_JAVA_014/CODE_ESTRU_JAVA_014.java,68,baselines_work/cohorte/java/CODE_IDENT_JAVA_013/CODE_IDENT_JAVA_013.java,0,0,0,0,0
3689,26,baselines_work/cohorte/java/CODE_ESTRU_JAVA_014/CODE_ESTRU_JAVA_014.java,71,baselines_work/cohorte/java/CODE_IDENT_JAVA_013_COPY/CODE_IDENT_JAVA_013.java,0,0,0,0,0
3692,26,baselines_work/cohorte/java/CODE_ESTRU_JAVA_014/CODE_ESTRU_JAVA_014.java,72,baselines_work/cohorte/java/CODE_IDENT_JAVA_015/CODE_IDENT_JAVA_015.java,0,0,0,0,0
3693,26,baselines_work/cohorte/java/CODE_ESTRU_JAVA_014/CODE_ESTRU_JAVA_014.java,74,baselines_work/cohorte/java/CODE_IDENT_JAVA_015_COPY/CODE_IDENT_JAVA_015.java,0,0,0,0,0
3694,31,baselines_work/cohorte/java/CODE_ESTRU_JAVA_015/CODE_ESTRU_JAVA_015.java,30,baselines_work/cohorte/java/CODE_FUN_JAVA_001/CODE_FUN_JAVA_001.java,0,0,0,0,0
3695,31,baselines_work/cohorte/java/CODE_ESTRU_JAVA_015/CODE_ESTRU_JAVA_015.java,34,baselines_work/cohorte/java/CODE_FUN_JAVA_002/CODE_FUN_JAVA_002.java,0,0,0,0,0
3696,31,baselines_work/cohorte/java/CODE_ESTRU_JAVA_015/CODE_ESTRU_JAVA_015.java,29,baselines_work/cohorte/java/CODE_FUN_JAVA_003/CODE_FUN_JAVA_003.java,0,0,0,0,0
3697,31,baselines_work/cohorte/java/CODE_ESTRU_JAVA_015/CODE_ESTRU_JAVA_015.java,47,baselines_work/cohorte/java/CODE_FUN_JAVA_004/CODE_FUN_JAVA_004.java,0,0,0,0,0
3698,31,baselines_work/cohorte/java/CODE_ESTRU_JAVA_015/CODE_ESTRU_JAVA_015.java,35,baselines_work/cohorte/java/CODE_FUN_JAVA_005/CODE_FUN_JAVA_005.java,0,0,0,0,0
3699,31,baselines_work/cohorte/java/CODE_ESTRU_JAVA_015/CODE_ESTRU_JAVA_015.java,38,baselines_work/cohorte/java/CODE_FUN_JAVA_006/CODE_FUN_JAVA_006.java,0,0,0,0,0
3700,31,baselines_work/cohorte/java/CODE_ESTRU_JAVA_015/CODE_ESTRU_JAVA_015.java,33,baselines_work/cohorte/java/CODE_FUN_JAVA_007/CODE_FUN_JAVA_007.java,0,0,0,0,0
3701,31,baselines_work/cohorte/java/CODE_ESTRU_JAVA_015/CODE_ESTRU_JAVA_015.java,32,baselines_work/cohorte/java/CODE_FUN_JAVA_008/CODE_FUN_JAVA_008.java,0,0,0,0,0
3702,31,baselines_work/cohorte/java/CODE_ESTRU_JAVA_015/CODE_ESTRU_JAVA_015.java,39,baselines_work/cohorte/java/CODE_FUN_JAVA_009/CODE_FUN_JAVA_009.java,0,0,0,0,0
3704,31,baselines_work/cohorte/java/CODE_ESTRU_JAVA_015/CODE_ESTRU_JAVA_015.java,40,baselines_work/cohorte/java/CODE_FUN_JAVA_011/CODE_FUN_JAVA_011.java,0,0,0,0,0
3705,31,baselines_work/cohorte/java/CODE_ESTRU_JAVA_015/CODE_ESTRU_JAVA_015.java,37,baselines_work/cohorte/java/CODE_FUN_JAVA_012/CODE_FUN_JAVA_012.java,0,0,0,0,0
3711,31,baselines_work/cohorte/java/CODE_ESTRU_JAVA_015/CODE_ESTRU_JAVA_015.java,45,baselines_work/cohorte/java/CODE_IDENT_JAVA_002/CODE_IDENT_JAVA_002.java,0,0,0,0,0
3712,31,baselines_work/cohorte/java/CODE_ESTRU_JAVA_015/CODE_ESTRU_JAVA_015.java,46,baselines_work/cohorte/java/CODE_IDENT_JAVA_002_COPY/CODE_IDENT_JAVA_002.java,0,0,0,0,0
3713,31,baselines_work/cohorte/java/CODE_ESTRU_JAVA_015/CODE_ESTRU_JAVA_015.java,49,baselines_work/cohorte/java/CODE_IDENT_JAVA_003/CODE_IDENT_JAVA_003.java,0,0,0,0,0
3714,31,baselines_work/cohorte/java/CODE_ESTRU_JAVA_015/CODE_ESTRU_JAVA_015.java,48,baselines_work/cohorte/java/CODE_IDENT_JAVA_003_COPY/CODE_IDENT_JAVA_003.java,0,0,0,0,0
3715,31,baselines_work/cohorte/java/CODE_ESTRU_JAVA_015/CODE_ESTRU_JAVA_015.java,54,baselines_work/cohorte/java/CODE_IDENT_JAVA_004/CODE_IDENT_JAVA_004.java,0,0,0,0,0
3716,31,baselines_work/cohorte/java/CODE_ESTRU_JAVA_015/CODE_ESTRU_JAVA_015.java,50,baselines_work/cohorte/java/CODE_IDENT_JAVA_004_COPY/CODE_IDENT_JAVA_004.java,0,0,0,0,0
3717,31,baselines_work/cohorte/java/CODE_ESTRU_JAVA_015/CODE_ESTRU_JAVA_015.java,59,baselines_work/cohorte/java/CODE_IDENT_JAVA_005/CODE_IDENT_JAVA_005.java,0,0,0,0,0
3718,31,baselines_work/cohorte/java/CODE_ESTRU_JAVA_015/CODE_ESTRU_JAVA_015.java,55,baselines_work/cohorte/java/CODE_IDENT_JAVA_005_COPY/CODE_IDENT_JAVA_005.java,0,0,0,0,0
3719,31,baselines_work/cohorte/java/CODE_ESTRU_JAVA_015/CODE_ESTRU_JAVA_015.java,51,baselines_work/cohorte/java/CODE_IDENT_JAVA_006/CODE_IDENT_JAVA_006.java,0,0,0,0,0
3720,31,baselines_work/cohorte/java/CODE_ESTRU_JAVA_015/CODE_ESTRU_JAVA_015.java,53,baselines_work/cohorte/java/CODE_IDENT_JAVA_006_COPY/CODE_IDENT_JAVA_006.java,0,0,0,0,0
3721,31,baselines_work/cohorte/java/CODE_ESTRU_JAVA_015/CODE_ESTRU_JAVA_015.java,57,baselines_work/cohorte/java/CODE_IDENT_JAVA_007/CODE_IDENT_JAVA_007.java,0,0,0,0,0
3722,31,baselines_work/cohorte/java/CODE_ESTRU_JAVA_015/CODE_ESTRU_JAVA_015.java,58,baselines_work/cohorte/java/CODE_IDENT_JAVA_007_COPY/CODE_IDENT_JAVA_007.java,0,0,0,0,0
3723,31,baselines_work/cohorte/java/CODE_ESTRU_JAVA_015/CODE_ESTRU_JAVA_015.java,56,baselines_work/cohorte/java/CODE_IDENT_JAVA_008/CODE_IDENT_JAVA_008.java,0,0,0,0,0
3724,31,baselines_work/cohorte/java/CODE_ESTRU_JAVA_015/CODE_ESTRU_JAVA_015.java,60,baselines_work/cohorte/java/CODE_IDENT_JAVA_008_COPY/CODE_IDENT_JAVA_008.java,0,0,0,0,0
3725,31,baselines_work/cohorte/java/CODE_ESTRU_JAVA_015/CODE_ESTRU_JAVA_015.java,62,baselines_work/cohorte/java/CODE_IDENT_JAVA_009/CODE_IDENT_JAVA_009.java,0,0,0,0,0
3726,31,baselines_work/cohorte/java/CODE_ESTRU_JAVA_015/CODE_ESTRU_JAVA_015.java,63,baselines_work/cohorte/java/CODE_IDENT_JAVA_009_COPY/CODE_IDENT_JAVA_009.java,0,0,0,0,0
3729,31,baselines_work/cohorte/java/CODE_ESTRU_JAVA_015/CODE_ESTRU_JAVA_015.java,67,baselines_work/cohorte/java/CODE_IDENT_JAVA_011/CODE_IDENT_JAVA_011.java,0,0,0,0,0
3730,31,baselines_work/cohorte/java/CODE_ESTRU_JAVA_015/CODE_ESTRU_JAVA_015.java,65,baselines_work/cohorte/java/CODE_IDENT_JAVA_011_COPY/CODE_IDENT_JAVA_011.java,0,0,0,0,0
3731,31,baselines_work/cohorte/java/CODE_ESTRU_JAVA_015/CODE_ESTRU_JAVA_015.java,66,baselines_work/cohorte/java/CODE_IDENT_JAVA_012/CODE_IDENT_JAVA_012.java,0,0,0,0,0
3732,31,baselines_work/cohorte/java/CODE_ESTRU_JAVA_015/CODE_ESTRU_JAVA_015.java,69,baselines_work/cohorte/java/CODE_IDENT_JAVA_012_COPY/CODE_IDENT_JAVA_012.java,0,0,0,0,0
3733,31,baselines_work/cohorte/java/CODE_ESTRU_JAVA_015/CODE_ESTRU_JAVA_015.java,68,baselines_work/cohorte/java/CODE_IDENT_JAVA_013/CODE_IDENT_JAVA_013.java,0,0,0,0,0
3734,31,baselines_work/cohorte/java/CODE_ESTRU_JAVA_015/CODE_ESTRU_JAVA_015.java,71,baselines_work/cohorte/java/CODE_IDENT_JAVA_013_COPY/CODE_IDENT_JAVA_013.java,0,0,0,0,0
3735,31,baselines_work/cohorte/java/CODE_ESTRU_JAVA_015/CODE_ESTRU_JAVA_015.java,70,baselines_work/cohorte/java/CODE_IDENT_JAVA_014/CODE_IDENT_JAVA_014.java,0,0,0,0,0
3736,31,baselines_work/cohorte/java/CODE_ESTRU_JAVA_015/CODE_ESTRU_JAVA_015.java,73,baselines_work/cohorte/java/CODE_IDENT_JAVA_014_COPY/CODE_IDENT_JAVA_014.java,0,0,0,0,0
3739,30,baselines_work/cohorte/java/CODE_FUN_JAVA_001/CODE_FUN_JAVA_001.java,34,baselines_work/cohorte/java/CODE_FUN_JAVA_002/CODE_FUN_JAVA_002.java,0,0,0,0,0
3742,30,baselines_work/cohorte/java/CODE_FUN_JAVA_001/CODE_FUN_JAVA_001.java,35,baselines_work/cohorte/java/CODE_FUN_JAVA_005/CODE_FUN_JAVA_005.java,0,0,0,0,0
3743,30,baselines_work/cohorte/java/CODE_FUN_JAVA_001/CODE_FUN_JAVA_001.java,38,baselines_work/cohorte/java/CODE_FUN_JAVA_006/CODE_FUN_JAVA_006.java,0,0,0,0,0
3745,30,baselines_work/cohorte/java/CODE_FUN_JAVA_001/CODE_FUN_JAVA_001.java,32,baselines_work/cohorte/java/CODE_FUN_JAVA_008/CODE_FUN_JAVA_008.java,0,0,0,0,0
3747,30,baselines_work/cohorte/java/CODE_FUN_JAVA_001/CODE_FUN_JAVA_001.java,36,baselines_work/cohorte/java/CODE_FUN_JAVA_010/CODE_FUN_JAVA_010.java,0,0,0,0,0
3752,30,baselines_work/cohorte/java/CODE_FUN_JAVA_001/CODE_FUN_JAVA_001.java,42,baselines_work/cohorte/java/CODE_FUN_JAVA_015/CODE_FUN_JAVA_015.java,0,0,0,0,0
3753,30,baselines_work/cohorte/java/CODE_FUN_JAVA_001/CODE_FUN_JAVA_001.java,43,baselines_work/cohorte/java/CODE_IDENT_JAVA_001/CODE_IDENT_JAVA_001.java,0,0,0,0,0
3754,30,baselines_work/cohorte/java/CODE_FUN_JAVA_001/CODE_FUN_JAVA_001.java,52,baselines_work/cohorte/java/CODE_IDENT_JAVA_001_COPY/CODE_IDENT_JAVA_001.java,0,0,0,0,0
3755,30,baselines_work/cohorte/java/CODE_FUN_JAVA_001/CODE_FUN_JAVA_001.java,45,baselines_work/cohorte/java/CODE_IDENT_JAVA_002/CODE_IDENT_JAVA_002.java,0,0,0,0,0
3756,30,baselines_work/cohorte/java/CODE_FUN_JAVA_001/CODE_FUN_JAVA_001.java,46,baselines_work/cohorte/java/CODE_IDENT_JAVA_002_COPY/CODE_IDENT_JAVA_002.java,0,0,0,0,0
3757,30,baselines_work/cohorte/java/CODE_FUN_JAVA_001/CODE_FUN_JAVA_001.java,49,baselines_work/cohorte/java/CODE_IDENT_JAVA_003/CODE_IDENT_JAVA_003.java,0,0,0,0,0
3758,30,baselines_work/cohorte/java/CODE_FUN_JAVA_001/CODE_FUN_JAVA_001.java,48,baselines_work/cohorte/java/CODE_IDENT_JAVA_003_COPY/CODE_IDENT_JAVA_003.java,0,0,0,0,0
3759,30,baselines_work/cohorte/java/CODE_FUN_JAVA_001/CODE_FUN_JAVA_001.java,54,baselines_work/cohorte/java/CODE_IDENT_JAVA_004/CODE_IDENT_JAVA_004.java,0,0,0,0,0
3760,30,baselines_work/cohorte/java/CODE_FUN_JAVA_001/CODE_FUN_JAVA_001.java,50,baselines_work/cohorte/java/CODE_IDENT_JAVA_004_COPY/CODE_IDENT_JAVA_004.java,0,0,0,0,0
3761,30,baselines_work/cohorte/java/CODE_FUN_JAVA_001/CODE_FUN_JAVA_001.java,59,baselines_work/cohorte/java/CODE_IDENT_JAVA_005/CODE_IDENT_JAVA_005.java,0,0,0,0,0
3762,30,baselines_work/cohorte/java/CODE_FUN_JAVA_001/CODE_FUN_JAVA_001.java,55,baselines_work/cohorte/java/CODE_IDENT_JAVA_005_COPY/CODE_IDENT_JAVA_005.java,0,0,0,0,0
3763,30,baselines_work/cohorte/java/CODE_FUN_JAVA_001/CODE_FUN_JAVA_001.java,51,baselines_work/cohorte/java/CODE_IDENT_JAVA_006/CODE_IDENT_JAVA_006.java,0,0,0,0,0
3764,30,baselines_work/cohorte/java/CODE_FUN_JAVA_001/CODE_FUN_JAVA_001.java,53,baselines_work/cohorte/java/CODE_IDENT_JAVA_006_COPY/CODE_IDENT_JAVA_006.java,0,0,0,0,0
3765,30,baselines_work/cohorte/java/CODE_FUN_JAVA_001/CODE_FUN_JAVA_001.java,57,baselines_work/cohorte/java/CODE_IDENT_JAVA_007/CODE_IDENT_JAVA_007.java,0,0,0,0,0
3766,30,baselines_work/cohorte/java/CODE_FUN_JAVA_001/CODE_FUN_JAVA_001.java,58,baselines_work/cohorte/java/CODE_IDENT_JAVA_007_COPY/CODE_IDENT_JAVA_007.java,0,0,0,0,0
3767,30,baselines_work/cohorte/java/CODE_FUN_JAVA_001/CODE_FUN_JAVA_001.java,56,baselines_work/cohorte/java/CODE_IDENT_JAVA_008/CODE_IDENT_JAVA_008.java,0,0,0,0,0
3768,30,baselines_work/cohorte/java/CODE_FUN_JAVA_001/CODE_FUN_JAVA_001.java,60,baselines_work/cohorte/java/CODE_IDENT_JAVA_008_COPY/CODE_IDENT_JAVA_008.java,0,0,0,0,0
3771,30,baselines_work/cohorte/java/CODE_FUN_JAVA_001/CODE_FUN_JAVA_001.java,61,baselines_work/cohorte/java/CODE_IDENT_JAVA_010/CODE_IDENT_JAVA_010.java,0,0,0,0,0
3772,30,baselines_work/cohorte/java/CODE_FUN_JAVA_001/CODE_FUN_JAVA_001.java,64,baselines_work/cohorte/java/CODE_IDENT_JAVA_010_COPY/CODE_IDENT_JAVA_010.java,0,0,0,0,0
3775,30,baselines_work/cohorte/java/CODE_FUN_JAVA_001/CODE_FUN_JAVA_001.java,66,baselines_work/cohorte/java/CODE_IDENT_JAVA_012/CODE_IDENT_JAVA_012.java,0,0,0,0,0
3776,30,baselines_work/cohorte/java/CODE_FUN_JAVA_001/CODE_FUN_JAVA_001.java,69,baselines_work/cohorte/java/CODE_IDENT_JAVA_012_COPY/CODE_IDENT_JAVA_012.java,0,0,0,0,0
3777,30,baselines_work/cohorte/java/CODE_FUN_JAVA_001/CODE_FUN_JAVA_001.java,68,baselines_work/cohorte/java/CODE_IDENT_JAVA_013/CODE_IDENT_JAVA_013.java,0,0,0,0,0
3778,30,baselines_work/cohorte/java/CODE_FUN_JAVA_001/CODE_FUN_JAVA_001.java,71,baselines_work/cohorte/java/CODE_IDENT_JAVA_013_COPY/CODE_IDENT_JAVA_013.java,0,0,0,0,0
3781,30,baselines_work/cohorte/java/CODE_FUN_JAVA_001/CODE_FUN_JAVA_001.java,72,baselines_work/cohorte/java/CODE_IDENT_JAVA_015/CODE_IDENT_JAVA_015.java,0,0,0,0,0
3782,30,baselines_work/cohorte/java/CODE_FUN_JAVA_001/CODE_FUN_JAVA_001.java,74,baselines_work/cohorte/java/CODE_IDENT_JAVA_015_COPY/CODE_IDENT_JAVA_015.java,0,0,0,0,0
3783,34,baselines_work/cohorte/java/CODE_FUN_JAVA_002/CODE_FUN_JAVA_002.java,29,baselines_work/cohorte/java/CODE_FUN_JAVA_003/CODE_FUN_JAVA_003.java,0,0,0,0,0
3786,34,baselines_work/cohorte/java/CODE_FUN_JAVA_002/CODE_FUN_JAVA_002.java,38,baselines_work/cohorte/java/CODE_FUN_JAVA_006/CODE_FUN_JAVA_006.java,0,0,0,0,0
3787,34,baselines_work/cohorte/java/CODE_FUN_JAVA_002/CODE_FUN_JAVA_002.java,33,baselines_work/cohorte/java/CODE_FUN_JAVA_007/CODE_FUN_JAVA_007.java,0,0,0,0,0
3788,34,baselines_work/cohorte/java/CODE_FUN_JAVA_002/CODE_FUN_JAVA_002.java,32,baselines_work/cohorte/java/CODE_FUN_JAVA_008/CODE_FUN_JAVA_008.java,0,0,0,0,0
3789,34,baselines_work/cohorte/java/CODE_FUN_JAVA_002/CODE_FUN_JAVA_002.java,39,baselines_work/cohorte/java/CODE_FUN_JAVA_009/CODE_FUN_JAVA_009.java,0,0,0,0,0
3790,34,baselines_work/cohorte/java/CODE_FUN_JAVA_002/CODE_FUN_JAVA_002.java,36,baselines_work/cohorte/java/CODE_FUN_JAVA_010/CODE_FUN_JAVA_010.java,0,0,0,0,0
3791,34,baselines_work/cohorte/java/CODE_FUN_JAVA_002/CODE_FUN_JAVA_002.java,40,baselines_work/cohorte/java/CODE_FUN_JAVA_011/CODE_FUN_JAVA_011.java,0,0,0,0,0
3792,34,baselines_work/cohorte/java/CODE_FUN_JAVA_002/CODE_FUN_JAVA_002.java,37,baselines_work/cohorte/java/CODE_FUN_JAVA_012/CODE_FUN_JAVA_012.java,0,0,0,0,0
3793,34,baselines_work/cohorte/java/CODE_FUN_JAVA_002/CODE_FUN_JAVA_002.java,41,baselines_work/cohorte/java/CODE_FUN_JAVA_013/CODE_FUN_JAVA_013.java,0,0,0,0,0
3794,34,baselines_work/cohorte/java/CODE_FUN_JAVA_002/CODE_FUN_JAVA_002.java,44,baselines_work/cohorte/java/CODE_FUN_JAVA_014/CODE_FUN_JAVA_014.java,0,0,0,0,0
3796,34,baselines_work/cohorte/java/CODE_FUN_JAVA_002/CODE_FUN_JAVA_002.java,43,baselines_work/cohorte/java/CODE_IDENT_JAVA_001/CODE_IDENT_JAVA_001.java,0,0,0,0,0
3797,34,baselines_work/cohorte/java/CODE_FUN_JAVA_002/CODE_FUN_JAVA_002.java,52,baselines_work/cohorte/java/CODE_IDENT_JAVA_001_COPY/CODE_IDENT_JAVA_001.java,0,0,0,0,0
3798,34,baselines_work/cohorte/java/CODE_FUN_JAVA_002/CODE_FUN_JAVA_002.java,45,baselines_work/cohorte/java/CODE_IDENT_JAVA_002/CODE_IDENT_JAVA_002.java,0,0,0,0,0
3799,34,baselines_work/cohorte/java/CODE_FUN_JAVA_002/CODE_FUN_JAVA_002.java,46,baselines_work/cohorte/java/CODE_IDENT_JAVA_002_COPY/CODE_IDENT_JAVA_002.java,0,0,0,0,0
3800,34,baselines_work/cohorte/java/CODE_FUN_JAVA_002/CODE_FUN_JAVA_002.java,49,baselines_work/cohorte/java/CODE_IDENT_JAVA_003/CODE_IDENT_JAVA_003.java,0,0,0,0,0
3801,34,baselines_work/cohorte/java/CODE_FUN_JAVA_002/CODE_FUN_JAVA_002.java,48,baselines_work/cohorte/java/CODE_IDENT_JAVA_003_COPY/CODE_IDENT_JAVA_003.java,0,0,0,0,0
3802,34,baselines_work/cohorte/java/CODE_FUN_JAVA_002/CODE_FUN_JAVA_002.java,54,baselines_work/cohorte/java/CODE_IDENT_JAVA_004/CODE_IDENT_JAVA_004.java,0,0,0,0,0
3803,34,baselines_work/cohorte/java/CODE_FUN_JAVA_002/CODE_FUN_JAVA_002.java,50,baselines_work/cohorte/java/CODE_IDENT_JAVA_004_COPY/CODE_IDENT_JAVA_004.java,0,0,0,0,0
3804,34,baselines_work/cohorte/java/CODE_FUN_JAVA_002/CODE_FUN_JAVA_002.java,59,baselines_work/cohorte/java/CODE_IDENT_JAVA_005/CODE_IDENT_JAVA_005.java,0,0,0,0,0
3805,34,baselines_work/cohorte/java/CODE_FUN_JAVA_002/CODE_FUN_JAVA_002.java,55,baselines_work/cohorte/java/CODE_IDENT_JAVA_005_COPY/CODE_IDENT_JAVA_005.java,0,0,0,0,0
3806,34,baselines_work/cohorte/java/CODE_FUN_JAVA_002/CODE_FUN_JAVA_002.java,51,baselines_work/cohorte/java/CODE_IDENT_JAVA_006/CODE_IDENT_JAVA_006.java,0,0,0,0,0
3807,34,baselines_work/cohorte/java/CODE_FUN_JAVA_002/CODE_FUN_JAVA_002.java,53,baselines_work/cohorte/java/CODE_IDENT_JAVA_006_COPY/CODE_IDENT_JAVA_006.java,0,0,0,0,0
3808,34,baselines_work/cohorte/java/CODE_FUN_JAVA_002/CODE_FUN_JAVA_002.java,57,baselines_work/cohorte/java/CODE_IDENT_JAVA_007/CODE_IDENT_JAVA_007.java,0,0,0,0,0
3809,34,baselines_work/cohorte/java/CODE_FUN_JAVA_002/CODE_FUN_JAVA_002.java,58,baselines_work/cohorte/java/CODE_IDENT_JAVA_007_COPY/CODE_IDENT_JAVA_007.java,0,0,0,0,0
3810,34,baselines_work/cohorte/java/CODE_FUN_JAVA_002/CODE_FUN_JAVA_002.java,56,baselines_work/cohorte/java/CODE_IDENT_JAVA_008/CODE_IDENT_JAVA_008.java,0,0,0,0,0
3811,34,baselines_work/cohorte/java/CODE_FUN_JAVA_002/CODE_FUN_JAVA_002.java,60,baselines_work/cohorte/java/CODE_IDENT_JAVA_008_COPY/CODE_IDENT_JAVA_008.java,0,0,0,0,0
3812,34,baselines_work/cohorte/java/CODE_FUN_JAVA_002/CODE_FUN_JAVA_002.java,62,baselines_work/cohorte/java/CODE_IDENT_JAVA_009/CODE_IDENT_JAVA_009.java,0,0,0,0,0
3813,34,baselines_work/cohorte/java/CODE_FUN_JAVA_002/CODE_FUN_JAVA_002.java,63,baselines_work/cohorte/java/CODE_IDENT_JAVA_009_COPY/CODE_IDENT_JAVA_009.java,0,0,0,0,0
3814,34,baselines_work/cohorte/java/CODE_FUN_JAVA_002/CODE_FUN_JAVA_002.java,61,baselines_work/cohorte/java/CODE_IDENT_JAVA_010/CODE_IDENT_JAVA_010.java,0,0,0,0,0
3815,34,baselines_work/cohorte/java/CODE_FUN_JAVA_002/CODE_FUN_JAVA_002.java,64,baselines_work/cohorte/java/CODE_IDENT_JAVA_010_COPY/CODE_IDENT_JAVA_010.java,0,0,0,0,0
3816,34,baselines_work/cohorte/java/CODE_FUN_JAVA_002/CODE_FUN_JAVA_002.java,67,baselines_work/cohorte/java/CODE_IDENT_JAVA_011/CODE_IDENT_JAVA_011.java,0,0,0,0,0
3817,34,baselines_work/cohorte/java/CODE_FUN_JAVA_002/CODE_FUN_JAVA_002.java,65,baselines_work/cohorte/java/CODE_IDENT_JAVA_011_COPY/CODE_IDENT_JAVA_011.java,0,0,0,0,0
3818,34,baselines_work/cohorte/java/CODE_FUN_JAVA_002/CODE_FUN_JAVA_002.java,66,baselines_work/cohorte/java/CODE_IDENT_JAVA_012/CODE_IDENT_JAVA_012.java,0,0,0,0,0
3819,34,baselines_work/cohorte/java/CODE_FUN_JAVA_002/CODE_FUN_JAVA_002.java,69,baselines_work/cohorte/java/CODE_IDENT_JAVA_012_COPY/CODE_IDENT_JAVA_012.java,0,0,0,0,0
3820,34,baselines_work/cohorte/java/CODE_FUN_JAVA_002/CODE_FUN_JAVA_002.java,68,baselines_work/cohorte/java/CODE_IDENT_JAVA_013/CODE_IDENT_JAVA_013.java,0,0,0,0,0
3821,34,baselines_work/cohorte/java/CODE_FUN_JAVA_002/CODE_FUN_JAVA_002.java,71,baselines_work/cohorte/java/CODE_IDENT_JAVA_013_COPY/CODE_IDENT_JAVA_013.java,0,0,0,0,0
3822,34,baselines_work/cohorte/java/CODE_FUN_JAVA_002/CODE_FUN_JAVA_002.java,70,baselines_work/cohorte/java/CODE_IDENT_JAVA_014/CODE_IDENT_JAVA_014.java,0,0,0,0,0
3823,34,baselines_work/cohorte/java/CODE_FUN_JAVA_002/CODE_FUN_JAVA_002.java,73,baselines_work/cohorte/java/CODE_IDENT_JAVA_014_COPY/CODE_IDENT_JAVA_014.java,0,0,0,0,0
3824,34,baselines_work/cohorte/java/CODE_FUN_JAVA_002/CODE_FUN_JAVA_002.java,72,baselines_work/cohorte/java/CODE_IDENT_JAVA_015/CODE_IDENT_JAVA_015.java,0,0,0,0,0
3825,34,baselines_work/cohorte/java/CODE_FUN_JAVA_002/CODE_FUN_JAVA_002.java,74,baselines_work/cohorte/java/CODE_IDENT_JAVA_015_COPY/CODE_IDENT_JAVA_015.java,0,0,0,0,0
3830,29,baselines_work/cohorte/java/CODE_FUN_JAVA_003/CODE_FUN_JAVA_003.java,32,baselines_work/cohorte/java/CODE_FUN_JAVA_008/CODE_FUN_JAVA_008.java,0,0,0,0,0
3836,29,baselines_work/cohorte/java/CODE_FUN_JAVA_003/CODE_FUN_JAVA_003.java,44,baselines_work/cohorte/java/CODE_FUN_JAVA_014/CODE_FUN_JAVA_014.java,0,0,0,0,0
3838,29,baselines_work/cohorte/java/CODE_FUN_JAVA_003/CODE_FUN_JAVA_003.java,43,baselines_work/cohorte/java/CODE_IDENT_JAVA_001/CODE_IDENT_JAVA_001.java,0,0,0,0,0
3839,29,baselines_work/cohorte/java/CODE_FUN_JAVA_003/CODE_FUN_JAVA_003.java,52,baselines_work/cohorte/java/CODE_IDENT_JAVA_001_COPY/CODE_IDENT_JAVA_001.java,0,0,0,0,0
3840,29,baselines_work/cohorte/java/CODE_FUN_JAVA_003/CODE_FUN_JAVA_003.java,45,baselines_work/cohorte/java/CODE_IDENT_JAVA_002/CODE_IDENT_JAVA_002.java,0,0,0,0,0
3841,29,baselines_work/cohorte/java/CODE_FUN_JAVA_003/CODE_FUN_JAVA_003.java,46,baselines_work/cohorte/java/CODE_IDENT_JAVA_002_COPY/CODE_IDENT_JAVA_002.java,0,0,0,0,0
3844,29,baselines_work/cohorte/java/CODE_FUN_JAVA_003/CODE_FUN_JAVA_003.java,54,baselines_work/cohorte/java/CODE_IDENT_JAVA_004/CODE_IDENT_JAVA_004.java,0,0,0,0,0
3845,29,baselines_work/cohorte/java/CODE_FUN_JAVA_003/CODE_FUN_JAVA_003.java,50,baselines_work/cohorte/java/CODE_IDENT_JAVA_004_COPY/CODE_IDENT_JAVA_004.java,0,0,0,0,0
3846,29,baselines_work/cohorte/java/CODE_FUN_JAVA_003/CODE_FUN_JAVA_003.java,59,baselines_work/cohorte/java/CODE_IDENT_JAVA_005/CODE_IDENT_JAVA_005.java,0,0,0,0,0
3847,29,baselines_work/cohorte/java/CODE_FUN_JAVA_003/CODE_FUN_JAVA_003.java,55,baselines_work/cohorte/java/CODE_IDENT_JAVA_005_COPY/CODE_IDENT_JAVA_005.java,0,0,0,0,0
3848,29,baselines_work/cohorte/java/CODE_FUN_JAVA_003/CODE_FUN_JAVA_003.java,51,baselines_work/cohorte/java/CODE_IDENT_JAVA_006/CODE_IDENT_JAVA_006.java,0,0,0,0,0
3849,29,baselines_work/cohorte/java/CODE_FUN_JAVA_003/CODE_FUN_JAVA_003.java,53,baselines_work/cohorte/java/CODE_IDENT_JAVA_006_COPY/CODE_IDENT_JAVA_006.java,0,0,0,0,0
3850,29,baselines_work/cohorte/java/CODE_FUN_JAVA_003/CODE_FUN_JAVA_003.java,57,baselines_work/cohorte/java/CODE_IDENT_JAVA_007/CODE_IDENT_JAVA_007.java,0,0,0,0,0
3851,29,baselines_work/cohorte/java/CODE_FUN_JAVA_003/CODE_FUN_JAVA_003.java,58,baselines_work/cohorte/java/CODE_IDENT_JAVA_007_COPY/CODE_IDENT_JAVA_007.java,0,0,0,0,0
3852,29,baselines_work/cohorte/java/CODE_FUN_JAVA_003/CODE_FUN_JAVA_003.java,56,baselines_work/cohorte/java/CODE_IDENT_JAVA_008/CODE_IDENT_JAVA_008.java,0,0,0,0,0
3853,29,baselines_work/cohorte/java/CODE_FUN_JAVA_003/CODE_FUN_JAVA_003.java,60,baselines_work/cohorte/java/CODE_IDENT_JAVA_008_COPY/CODE_IDENT_JAVA_008.java,0,0,0,0,0
3856,29,baselines_work/cohorte/java/CODE_FUN_JAVA_003/CODE_FUN_JAVA_003.java,61,baselines_work/cohorte/java/CODE_IDENT_JAVA_010/CODE_IDENT_JAVA_010.java,0,0,0,0,0
3857,29,baselines_work/cohorte/java/CODE_FUN_JAVA_003/CODE_FUN_JAVA_003.java,64,baselines_work/cohorte/java/CODE_IDENT_JAVA_010_COPY/CODE_IDENT_JAVA_010.java,0,0,0,0,0
3858,29,baselines_work/cohorte/java/CODE_FUN_JAVA_003/CODE_FUN_JAVA_003.java,67,baselines_work/cohorte/java/CODE_IDENT_JAVA_011/CODE_IDENT_JAVA_011.java,0,0,0,0,0
3859,29,baselines_work/cohorte/java/CODE_FUN_JAVA_003/CODE_FUN_JAVA_003.java,65,baselines_work/cohorte/java/CODE_IDENT_JAVA_011_COPY/CODE_IDENT_JAVA_011.java,0,0,0,0,0
3860,29,baselines_work/cohorte/java/CODE_FUN_JAVA_003/CODE_FUN_JAVA_003.java,66,baselines_work/cohorte/java/CODE_IDENT_JAVA_012/CODE_IDENT_JAVA_012.java,0,0,0,0,0
3861,29,baselines_work/cohorte/java/CODE_FUN_JAVA_003/CODE_FUN_JAVA_003.java,69,baselines_work/cohorte/java/CODE_IDENT_JAVA_012_COPY/CODE_IDENT_JAVA_012.java,0,0,0,0,0
3862,29,baselines_work/cohorte/java/CODE_FUN_JAVA_003/CODE_FUN_JAVA_003.java,68,baselines_work/cohorte/java/CODE_IDENT_JAVA_013/CODE_IDENT_JAVA_013.java,0,0,0,0,0
3863,29,baselines_work/cohorte/java/CODE_FUN_JAVA_003/CODE_FUN_JAVA_003.java,71,baselines_work/cohorte/java/CODE_IDENT_JAVA_013_COPY/CODE_IDENT_JAVA_013.java,0,0,0,0,0
3864,29,baselines_work/cohorte/java/CODE_FUN_JAVA_003/CODE_FUN_JAVA_003.java,70,baselines_work/cohorte/java/CODE_IDENT_JAVA_014/CODE_IDENT_JAVA_014.java,0,0,0,0,0
3865,29,baselines_work/cohorte/java/CODE_FUN_JAVA_003/CODE_FUN_JAVA_003.java,73,baselines_work/cohorte/java/CODE_IDENT_JAVA_014_COPY/CODE_IDENT_JAVA_014.java,0,0,0,0,0
3866,29,baselines_work/cohorte/java/CODE_FUN_JAVA_003/CODE_FUN_JAVA_003.java,72,baselines_work/cohorte/java/CODE_IDENT_JAVA_015/CODE_IDENT_JAVA_015.java,0,0,0,0,0
3867,29,baselines_work/cohorte/java/CODE_FUN_JAVA_003/CODE_FUN_JAVA_003.java,74,baselines_work/cohorte/java/CODE_IDENT_JAVA_015_COPY/CODE_IDENT_JAVA_015.java,0,0,0,0,0
3874,47,baselines_work/cohorte/java/CODE_FUN_JAVA_004/CODE_FUN_JAVA_004.java,40,baselines_work/cohorte/java/CODE_FUN_JAVA_011/CODE_FUN_JAVA_011.java,0,0,0,0,0
3875,47,baselines_work/cohorte/java/CODE_FUN_JAVA_004/CODE_FUN_JAVA_004.java,37,baselines_work/cohorte/java/CODE_FUN_JAVA_012/CODE_FUN_JAVA_012.java,0,0,0,0,0
3876,47,baselines_work/cohorte/java/CODE_FUN_JAVA_004/CODE_FUN_JAVA_004.java,41,baselines_work/cohorte/java/CODE_FUN_JAVA_013/CODE_FUN_JAVA_013.java,0,0,0,0,0
3879,47,baselines_work/cohorte/java/CODE_FUN_JAVA_004/CODE_FUN_JAVA_004.java,43,baselines_work/cohorte/java/CODE_IDENT_JAVA_001/CODE_IDENT_JAVA_001.java,0,0,0,0,0
3880,47,baselines_work/cohorte/java/CODE_FUN_JAVA_004/CODE_FUN_JAVA_004.java,52,baselines_work/cohorte/java/CODE_IDENT_JAVA_001_COPY/CODE_IDENT_JAVA_001.java,0,0,0,0,0
3881,47,baselines_work/cohorte/java/CODE_FUN_JAVA_004/CODE_FUN_JAVA_004.java,45,baselines_work/cohorte/java/CODE_IDENT_JAVA_002/CODE_IDENT_JAVA_002.java,0,0,0,0,0
3882,47,baselines_work/cohorte/java/CODE_FUN_JAVA_004/CODE_FUN_JAVA_004.java,46,baselines_work/cohorte/java/CODE_IDENT_JAVA_002_COPY/CODE_IDENT_JAVA_002.java,0,0,0,0,0
3883,47,baselines_work/cohorte/java/CODE_FUN_JAVA_004/CODE_FUN_JAVA_004.java,49,baselines_work/cohorte/java/CODE_IDENT_JAVA_003/CODE_IDENT_JAVA_003.java,0,0,0,0,0
3884,47,baselines_work/cohorte/java/CODE_FUN_JAVA_004/CODE_FUN_JAVA_004.java,48,baselines_work/cohorte/java/CODE_IDENT_JAVA_003_COPY/CODE_IDENT_JAVA_003.java,0,0,0,0,0
3887,47,baselines_work/cohorte/java/CODE_FUN_JAVA_004/CODE_FUN_JAVA_004.java,59,baselines_work/cohorte/java/CODE_IDENT_JAVA_005/CODE_IDENT_JAVA_005.java,0,0,0,0,0
3888,47,baselines_work/cohorte/java/CODE_FUN_JAVA_004/CODE_FUN_JAVA_004.java,55,baselines_work/cohorte/java/CODE_IDENT_JAVA_005_COPY/CODE_IDENT_JAVA_005.java,0,0,0,0,0
3889,47,baselines_work/cohorte/java/CODE_FUN_JAVA_004/CODE_FUN_JAVA_004.java,51,baselines_work/cohorte/java/CODE_IDENT_JAVA_006/CODE_IDENT_JAVA_006.java,0,0,0,0,0
3890,47,baselines_work/cohorte/java/CODE_FUN_JAVA_004/CODE_FUN_JAVA_004.java,53,baselines_work/cohorte/java/CODE_IDENT_JAVA_006_COPY/CODE_IDENT_JAVA_006.java,0,0,0,0,0
3897,47,baselines_work/cohorte/java/CODE_FUN_JAVA_004/CODE_FUN_JAVA_004.java,61,baselines_work/cohorte/java/CODE_IDENT_JAVA_010/CODE_IDENT_JAVA_010.java,0,0,0,0,0
3898,47,baselines_work/cohorte/java/CODE_FUN_JAVA_004/CODE_FUN_JAVA_004.java,64,baselines_work/cohorte/java/CODE_IDENT_JAVA_010_COPY/CODE_IDENT_JAVA_010.java,0,0,0,0,0
3899,47,baselines_work/cohorte/java/CODE_FUN_JAVA_004/CODE_FUN_JAVA_004.java,67,baselines_work/cohorte/java/CODE_IDENT_JAVA_011/CODE_IDENT_JAVA_011.java,0,0,0,0,0
3900,47,baselines_work/cohorte/java/CODE_FUN_JAVA_004/CODE_FUN_JAVA_004.java,65,baselines_work/cohorte/java/CODE_IDENT_JAVA_011_COPY/CODE_IDENT_JAVA_011.java,0,0,0,0,0
3901,47,baselines_work/cohorte/java/CODE_FUN_JAVA_004/CODE_FUN_JAVA_004.java,66,baselines_work/cohorte/java/CODE_IDENT_JAVA_012/CODE_IDENT_JAVA_012.java,0,0,0,0,0
3902,47,baselines_work/cohorte/java/CODE_FUN_JAVA_004/CODE_FUN_JAVA_004.java,69,baselines_work/cohorte/java/CODE_IDENT_JAVA_012_COPY/CODE_IDENT_JAVA_012.java,0,0,0,0,0
3903,47,baselines_work/cohorte/java/CODE_FUN_JAVA_004/CODE_FUN_JAVA_004.java,68,baselines_work/cohorte/java/CODE_IDENT_JAVA_013/CODE_IDENT_JAVA_013.java,0,0,0,0,0
3904,47,baselines_work/cohorte/java/CODE_FUN_JAVA_004/CODE_FUN_JAVA_004.java,71,baselines_work/cohorte/java/CODE_IDENT_JAVA_013_COPY/CODE_IDENT_JAVA_013.java,0,0,0,0,0
3907,47,baselines_work/cohorte/java/CODE_FUN_JAVA_004/CODE_FUN_JAVA_004.java,72,baselines_work/cohorte/java/CODE_IDENT_JAVA_015/CODE_IDENT_JAVA_015.java,0,0,0,0,0
3908,47,baselines_work/cohorte/java/CODE_FUN_JAVA_004/CODE_FUN_JAVA_004.java,74,baselines_work/cohorte/java/CODE_IDENT_JAVA_015_COPY/CODE_IDENT_JAVA_015.java,0,0,0,0,0
3914,35,baselines_work/cohorte/java/CODE_FUN_JAVA_005/CODE_FUN_JAVA_005.java,40,baselines_work/cohorte/java/CODE_FUN_JAVA_011/CODE_FUN_JAVA_011.java,0,0,0,0,0
3917,35,baselines_work/cohorte/java/CODE_FUN_JAVA_005/CODE_FUN_JAVA_005.java,44,baselines_work/cohorte/java/CODE_FUN_JAVA_014/CODE_FUN_JAVA_014.java,0,0,0,0,0
3919,35,baselines_work/cohorte/java/CODE_FUN_JAVA_005/CODE_FUN_JAVA_005.java,43,baselines_work/cohorte/java/CODE_IDENT_JAVA_001/CODE_IDENT_JAVA_001.java,0,0,0,0,0
3920,35,baselines_work/cohorte/java/CODE_FUN_JAVA_005/CODE_FUN_JAVA_005.java,52,baselines_work/cohorte/java/CODE_IDENT_JAVA_001_COPY/CODE_IDENT_JAVA_001.java,0,0,0,0,0
3921,35,baselines_work/cohorte/java/CODE_FUN_JAVA_005/CODE_FUN_JAVA_005.java,45,baselines_work/cohorte/java/CODE_IDENT_JAVA_002/CODE_IDENT_JAVA_002.java,0,0,0,0,0
3922,35,baselines_work/cohorte/java/CODE_FUN_JAVA_005/CODE_FUN_JAVA_005.java,46,baselines_work/cohorte/java/CODE_IDENT_JAVA_002_COPY/CODE_IDENT_JAVA_002.java,0,0,0,0,0
3923,35,baselines_work/cohorte/java/CODE_FUN_JAVA_005/CODE_FUN_JAVA_005.java,49,baselines_work/cohorte/java/CODE_IDENT_JAVA_003/CODE_IDENT_JAVA_003.java,0,0,0,0,0
3924,35,baselines_work/cohorte/java/CODE_FUN_JAVA_005/CODE_FUN_JAVA_005.java,48,baselines_work/cohorte/java/CODE_IDENT_JAVA_003_COPY/CODE_IDENT_JAVA_003.java,0,0,0,0,0
3925,35,baselines_work/cohorte/java/CODE_FUN_JAVA_005/CODE_FUN_JAVA_005.java,54,baselines_work/cohorte/java/CODE_IDENT_JAVA_004/CODE_IDENT_JAVA_004.java,0,0,0,0,0
3926,35,baselines_work/cohorte/java/CODE_FUN_JAVA_005/CODE_FUN_JAVA_005.java,50,baselines_work/cohorte/java/CODE_IDENT_JAVA_004_COPY/CODE_IDENT_JAVA_004.java,0,0,0,0,0
3927,35,baselines_work/cohorte/java/CODE_FUN_JAVA_005/CODE_FUN_JAVA_005.java,59,baselines_work/cohorte/java/CODE_IDENT_JAVA_005/CODE_IDENT_JAVA_005.java,0,0,0,0,0
3928,35,baselines_work/cohorte/java/CODE_FUN_JAVA_005/CODE_FUN_JAVA_005.java,55,baselines_work/cohorte/java/CODE_IDENT_JAVA_005_COPY/CODE_IDENT_JAVA_005.java,0,0,0,0,0
3929,35,baselines_work/cohorte/java/CODE_FUN_JAVA_005/CODE_FUN_JAVA_005.java,51,baselines_work/cohorte/java/CODE_IDENT_JAVA_006/CODE_IDENT_JAVA_006.java,0,0,0,0,0
3930,35,baselines_work/cohorte/java/CODE_FUN_JAVA_005/CODE_FUN_JAVA_005.java,53,baselines_work/cohorte/java/CODE_IDENT_JAVA_006_COPY/CODE_IDENT_JAVA_006.java,0,0,0,0,0
3931,35,baselines_work/cohorte/java/CODE_FUN_JAVA_005/CODE_FUN_JAVA_005.java,57,baselines_work/cohorte/java/CODE_IDENT_JAVA_007/CODE_IDENT_JAVA_007.java,0,0,0,0,0
3932,35,baselines_work/cohorte/java/CODE_FUN_JAVA_005/CODE_FUN_JAVA_005.java,58,baselines_work/cohorte/java/CODE_IDENT_JAVA_007_COPY/CODE_IDENT_JAVA_007.java,0,0,0,0,0
3933,35,baselines_work/cohorte/java/CODE_FUN_JAVA_005/CODE_FUN_JAVA_005.java,56,baselines_work/cohorte/java/CODE_IDENT_JAVA_008/CODE_IDENT_JAVA_008.java,0,0,0,0,0
3934,35,baselines_work/cohorte/java/CODE_FUN_JAVA_005/CODE_FUN_JAVA_005.java,60,baselines_work/cohorte/java/CODE_IDENT_JAVA_008_COPY/CODE_IDENT_JAVA_008.java,0,0,0,0,0
3935,35,baselines_work/cohorte/java/CODE_FUN_JAVA_005/CODE_FUN_JAVA_005.java,62,baselines_work/cohorte/java/CODE_IDENT_JAVA_009/CODE_IDENT_JAVA_009.java,0,0,0,0,0
3936,35,baselines_work/cohorte/java/CODE_FUN_JAVA_005/CODE_FUN_JAVA_005.java,63,baselines_work/cohorte/java/CODE_IDENT_JAVA_009_COPY/CODE_IDENT_JAVA_009.java,0,0,0,0,0
3937,35,baselines_work/cohorte/java/CODE_FUN_JAVA_005/CODE_FUN_JAVA_005.java,61,baselines_work/cohorte/java/CODE_IDENT_JAVA_010/CODE_IDENT_JAVA_010.java,0,0,0,0,0
3938,35,baselines_work/cohorte/java/CODE_FUN_JAVA_005/CODE_FUN_JAVA_005.java,64,baselines_work/cohorte/java/CODE_IDENT_JAVA_010_COPY/CODE_IDENT_JAVA_010.java,0,0,0,0,0
3939,35,baselines_work/cohorte/java/CODE_FUN_JAVA_005/CODE_FUN_JAVA_005.java,67,baselines_work/cohorte/java/CODE_IDENT_JAVA_011/CODE_IDENT_JAVA_011.java,0,0,0,0,0
3940,35,baselines_work/cohorte/java/CODE_FUN_JAVA_005/CODE_FUN_JAVA_005.java,65,baselines_work/cohorte/java/CODE_IDENT_JAVA_011_COPY/CODE_IDENT_JAVA_011.java,0,0,0,0,0
3941,35,baselines_work/cohorte/java/CODE_FUN_JAVA_005/CODE_FUN_JAVA_005.java,66,baselines_work/cohorte/java/CODE_IDENT_JAVA_012/CODE_IDENT_JAVA_012.java,0,0,0,0,0
3942,35,baselines_work/cohorte/java/CODE_FUN_JAVA_005/CODE_FUN_JAVA_005.java,69,baselines_work/cohorte/java/CODE_IDENT_JAVA_012_COPY/CODE_IDENT_JAVA_012.java,0,0,0,0,0
3943,35,baselines_work/cohorte/java/CODE_FUN_JAVA_005/CODE_FUN_JAVA_005.java,68,baselines_work/cohorte/java/CODE_IDENT_JAVA_013/CODE_IDENT_JAVA_013.java,0,0,0,0,0
3944,35,baselines_work/cohorte/java/CODE_FUN_JAVA_005/CODE_FUN_JAVA_005.java,71,baselines_work/cohorte/java/CODE_IDENT_JAVA_013_COPY/CODE_IDENT_JAVA_013.java,0,0,0,0,0
3945,35,baselines_work/cohorte/java/CODE_FUN_JAVA_005/CODE_FUN_JAVA_005.java,70,baselines_work/cohorte/java/CODE_IDENT_JAVA_014/CODE_IDENT_JAVA_014.java,0,0,0,0,0
3946,35,baselines_work/cohorte/java/CODE_FUN_JAVA_005/CODE_FUN_JAVA_005.java,73,baselines_work/cohorte/java/CODE_IDENT_JAVA_014_COPY/CODE_IDENT_JAVA_014.java,0,0,0,0,0
3947,35,baselines_work/cohorte/java/CODE_FUN_JAVA_005/CODE_FUN_JAVA_005.java,72,baselines_work/cohorte/java/CODE_IDENT_JAVA_015/CODE_IDENT_JAVA_015.java,0,0,0,0,0
3948,35,baselines_work/cohorte/java/CODE_FUN_JAVA_005/CODE_FUN_JAVA_005.java,74,baselines_work/cohorte/java/CODE_IDENT_JAVA_015_COPY/CODE_IDENT_JAVA_015.java,0,0,0,0,0
3950,38,baselines_work/cohorte/java/CODE_FUN_JAVA_006/CODE_FUN_JAVA_006.java,32,baselines_work/cohorte/java/CODE_FUN_JAVA_008/CODE_FUN_JAVA_008.java,0,0,0,0,0
3953,38,baselines_work/cohorte/java/CODE_FUN_JAVA_006/CODE_FUN_JAVA_006.java,40,baselines_work/cohorte/java/CODE_FUN_JAVA_011/CODE_FUN_JAVA_011.java,0,0,0,0,0
3960,38,baselines_work/cohorte/java/CODE_FUN_JAVA_006/CODE_FUN_JAVA_006.java,45,baselines_work/cohorte/java/CODE_IDENT_JAVA_002/CODE_IDENT_JAVA_002.java,0,0,0,0,0
3961,38,baselines_work/cohorte/java/CODE_FUN_JAVA_006/CODE_FUN_JAVA_006.java,46,baselines_work/cohorte/java/CODE_IDENT_JAVA_002_COPY/CODE_IDENT_JAVA_002.java,0,0,0,0,0
3964,38,baselines_work/cohorte/java/CODE_FUN_JAVA_006/CODE_FUN_JAVA_006.java,54,baselines_work/cohorte/java/CODE_IDENT_JAVA_004/CODE_IDENT_JAVA_004.java,0,0,0,0,0
3965,38,baselines_work/cohorte/java/CODE_FUN_JAVA_006/CODE_FUN_JAVA_006.java,50,baselines_work/cohorte/java/CODE_IDENT_JAVA_004_COPY/CODE_IDENT_JAVA_004.java,0,0,0,0,0
3966,38,baselines_work/cohorte/java/CODE_FUN_JAVA_006/CODE_FUN_JAVA_006.java,59,baselines_work/cohorte/java/CODE_IDENT_JAVA_005/CODE_IDENT_JAVA_005.java,0,0,0,0,0
3967,38,baselines_work/cohorte/java/CODE_FUN_JAVA_006/CODE_FUN_JAVA_006.java,55,baselines_work/cohorte/java/CODE_IDENT_JAVA_005_COPY/CODE_IDENT_JAVA_005.java,0,0,0,0,0
3970,38,baselines_work/cohorte/java/CODE_FUN_JAVA_006/CODE_FUN_JAVA_006.java,57,baselines_work/cohorte/java/CODE_IDENT_JAVA_007/CODE_IDENT_JAVA_007.java,0,0,0,0,0
3971,38,baselines_work/cohorte/java/CODE_FUN_JAVA_006/CODE_FUN_JAVA_006.java,58,baselines_work/cohorte/java/CODE_IDENT_JAVA_007_COPY/CODE_IDENT_JAVA_007.java,0,0,0,0,0
3972,38,baselines_work/cohorte/java/CODE_FUN_JAVA_006/CODE_FUN_JAVA_006.java,56,baselines_work/cohorte/java/CODE_IDENT_JAVA_008/CODE_IDENT_JAVA_008.java,0,0,0,0,0
3973,38,baselines_work/cohorte/java/CODE_FUN_JAVA_006/CODE_FUN_JAVA_006.java,60,baselines_work/cohorte/java/CODE_IDENT_JAVA_008_COPY/CODE_IDENT_JAVA_008.java,0,0,0,0,0
3974,38,baselines_work/cohorte/java/CODE_FUN_JAVA_006/CODE_FUN_JAVA_006.java,62,baselines_work/cohorte/java/CODE_IDENT_JAVA_009/CODE_IDENT_JAVA_009.java,0,0,0,0,0
3975,38,baselines_work/cohorte/java/CODE_FUN_JAVA_006/CODE_FUN_JAVA_006.java,63,baselines_work/cohorte/java/CODE_IDENT_JAVA_009_COPY/CODE_IDENT_JAVA_009.java,0,0,0,0,0
3976,38,baselines_work/cohorte/java/CODE_FUN_JAVA_006/CODE_FUN_JAVA_006.java,61,baselines_work/cohorte/java/CODE_IDENT_JAVA_010/CODE_IDENT_JAVA_010.java,0,0,0,0,0
3977,38,baselines_work/cohorte/java/CODE_FUN_JAVA_006/CODE_FUN_JAVA_006.java,64,baselines_work/cohorte/java/CODE_IDENT_JAVA_010_COPY/CODE_IDENT_JAVA_010.java,0,0,0,0,0
3978,38,baselines_work/cohorte/java/CODE_FUN_JAVA_006/CODE_FUN_JAVA_006.java,67,baselines_work/cohorte/java/CODE_IDENT_JAVA_011/CODE_IDENT_JAVA_011.java,0,0,0,0,0
3979,38,baselines_work/cohorte/java/CODE_FUN_JAVA_006/CODE_FUN_JAVA_006.java,65,baselines_work/cohorte/java/CODE_IDENT_JAVA_011_COPY/CODE_IDENT_JAVA_011.java,0,0,0,0,0
3980,38,baselines_work/cohorte/java/CODE_FUN_JAVA_006/CODE_FUN_JAVA_006.java,66,baselines_work/cohorte/java/CODE_IDENT_JAVA_012/CODE_IDENT_JAVA_012.java,0,0,0,0,0
3981,38,baselines_work/cohorte/java/CODE_FUN_JAVA_006/CODE_FUN_JAVA_006.java,69,baselines_work/cohorte/java/CODE_IDENT_JAVA_012_COPY/CODE_IDENT_JAVA_012.java,0,0,0,0,0
3984,38,baselines_work/cohorte/java/CODE_FUN_JAVA_006/CODE_FUN_JAVA_006.java,70,baselines_work/cohorte/java/CODE_IDENT_JAVA_014/CODE_IDENT_JAVA_014.java,0,0,0,0,0
3985,38,baselines_work/cohorte/java/CODE_FUN_JAVA_006/CODE_FUN_JAVA_006.java,73,baselines_work/cohorte/java/CODE_IDENT_JAVA_014_COPY/CODE_IDENT_JAVA_014.java,0,0,0,0,0
3986,38,baselines_work/cohorte/java/CODE_FUN_JAVA_006/CODE_FUN_JAVA_006.java,72,baselines_work/cohorte/java/CODE_IDENT_JAVA_015/CODE_IDENT_JAVA_015.java,0,0,0,0,0
3987,38,baselines_work/cohorte/java/CODE_FUN_JAVA_006/CODE_FUN_JAVA_006.java,74,baselines_work/cohorte/java/CODE_IDENT_JAVA_015_COPY/CODE_IDENT_JAVA_015.java,0,0,0,0,0
3988,33,baselines_work/cohorte/java/CODE_FUN_JAVA_007/CODE_FUN_JAVA_007.java,32,baselines_work/cohorte/java/CODE_FUN_JAVA_008/CODE_FUN_JAVA_008.java,0,0,0,0,0
3996,33,baselines_work/cohorte/java/CODE_FUN_JAVA_007/CODE_FUN_JAVA_007.java,43,baselines_work/cohorte/java/CODE_IDENT_JAVA_001/CODE_IDENT_JAVA_001.java,0,0,0,0,0
3997,33,baselines_work/cohorte/java/CODE_FUN_JAVA_007/CODE_FUN_JAVA_007.java,52,baselines_work/cohorte/java/CODE_IDENT_JAVA_001_COPY/CODE_IDENT_JAVA_001.java,0,0,0,0,0
3998,33,baselines_work/cohorte/java/CODE_FUN_JAVA_007/CODE_FUN_JAVA_007.java,45,baselines_work/cohorte/java/CODE_IDENT_JAVA_002/CODE_IDENT_JAVA_002.java,0,0,0,0,0
3999,33,baselines_work/cohorte/java/CODE_FUN_JAVA_007/CODE_FUN_JAVA_007.java,46,baselines_work/cohorte/java/CODE_IDENT_JAVA_002_COPY/CODE_IDENT_JAVA_002.java,0,0,0,0,0
4002,33,baselines_work/cohorte/java/CODE_FUN_JAVA_007/CODE_FUN_JAVA_007.java,54,baselines_work/cohorte/java/CODE_IDENT_JAVA_004/CODE_IDENT_JAVA_004.java,0,0,0,0,0
4003,33,baselines_work/cohorte/java/CODE_FUN_JAVA_007/CODE_FUN_JAVA_007.java,50,baselines_work/cohorte/java/CODE_IDENT_JAVA_004_COPY/CODE_IDENT_JAVA_004.java,0,0,0,0,0
4004,33,baselines_work/cohorte/java/CODE_FUN_JAVA_007/CODE_FUN_JAVA_007.java,59,baselines_work/cohorte/java/CODE_IDENT_JAVA_005/CODE_IDENT_JAVA_005.java,0,0,0,0,0
4005,33,baselines_work/cohorte/java/CODE_FUN_JAVA_007/CODE_FUN_JAVA_007.java,55,baselines_work/cohorte/java/CODE_IDENT_JAVA_005_COPY/CODE_IDENT_JAVA_005.java,0,0,0,0,0
4006,33,baselines_work/cohorte/java/CODE_FUN_JAVA_007/CODE_FUN_JAVA_007.java,51,baselines_work/cohorte/java/CODE_IDENT_JAVA_006/CODE_IDENT_JAVA_006.java,0,0,0,0,0
4007,33,baselines_work/cohorte/java/CODE_FUN_JAVA_007/CODE_FUN_JAVA_007.java,53,baselines_work/cohorte/java/CODE_IDENT_JAVA_006_COPY/CODE_IDENT_JAVA_006.java,0,0,0,0,0
4010,33,baselines_work/cohorte/java/CODE_FUN_JAVA_007/CODE_FUN_JAVA_007.java,56,baselines_work/cohorte/java/CODE_IDENT_JAVA_008/CODE_IDENT_JAVA_008.java,0,0,0,0,0
4011,33,baselines_work/cohorte/java/CODE_FUN_JAVA_007/CODE_FUN_JAVA_007.java,60,baselines_work/cohorte/java/CODE_IDENT_JAVA_008_COPY/CODE_IDENT_JAVA_008.java,0,0,0,0,0
4014,33,baselines_work/cohorte/java/CODE_FUN_JAVA_007/CODE_FUN_JAVA_007.java,61,baselines_work/cohorte/java/CODE_IDENT_JAVA_010/CODE_IDENT_JAVA_010.java,0,0,0,0,0
4015,33,baselines_work/cohorte/java/CODE_FUN_JAVA_007/CODE_FUN_JAVA_007.java,64,baselines_work/cohorte/java/CODE_IDENT_JAVA_010_COPY/CODE_IDENT_JAVA_010.java,0,0,0,0,0
4016,33,baselines_work/cohorte/java/CODE_FUN_JAVA_007/CODE_FUN_JAVA_007.java,67,baselines_work/cohorte/java/CODE_IDENT_JAVA_011/CODE_IDENT_JAVA_011.java,0,0,0,0,0
4017,33,baselines_work/cohorte/java/CODE_FUN_JAVA_007/CODE_FUN_JAVA_007.java,65,baselines_work/cohorte/java/CODE_IDENT_JAVA_011_COPY/CODE_IDENT_JAVA_011.java,0,0,0,0,0
4018,33,baselines_work/cohorte/java/CODE_FUN_JAVA_007/CODE_FUN_JAVA_007.java,66,baselines_work/cohorte/java/CODE_IDENT_JAVA_012/CODE_IDENT_JAVA_012.java,0,0,0,0,0
4019,33,baselines_work/cohorte/java/CODE_FUN_JAVA_007/CODE_FUN_JAVA_007.java,69,baselines_work/cohorte/java/CODE_IDENT_JAVA_012_COPY/CODE_IDENT_JAVA_012.java,0,0,0,0,0
4020,33,baselines_work/cohorte/java/CODE_FUN_JAVA_007/CODE_FUN_JAVA_007.java,68,baselines_work/cohorte/java/CODE_IDENT_JAVA_013/CODE_IDENT_JAVA_013.java,0,0,0,0,0
4021,33,baselines_work/cohorte/java/CODE_FUN_JAVA_007/CODE_FUN_JAVA_007.java,71,baselines_work/cohorte/java/CODE_IDENT_JAVA_013_COPY/CODE_IDENT_JAVA_013.java,0,0,0,0,0
4022,33,baselines_work/cohorte/java/CODE_FUN_JAVA_007/CODE_FUN_JAVA_007.java,70,baselines_work/cohorte/java/CODE_IDENT_JAVA_014/CODE_IDENT_JAVA_014.java,0,0,0,0,0
4023,33,baselines_work/cohorte/java/CODE_FUN_JAVA_007/CODE_FUN_JAVA_007.java,73,baselines_work/cohorte/java/CODE_IDENT_JAVA_014_COPY/CODE_IDENT_JAVA_014.java,0,0,0,0,0
4024,33,baselines_work/cohorte/java/CODE_FUN_JAVA_007/CODE_FUN_JAVA_007.java,72,baselines_work/cohorte/java/CODE_IDENT_JAVA_015/CODE_IDENT_JAVA_015.java,0,0,0,0,0
4025,33,baselines_work/cohorte/java/CODE_FUN_JAVA_007/CODE_FUN_JAVA_007.java,74,baselines_work/cohorte/java/CODE_IDENT_JAVA_015_COPY/CODE_IDENT_JAVA_015.java,0,0,0,0,0
4027,32,baselines_work/cohorte/java/CODE_FUN_JAVA_008/CODE_FUN_JAVA_008.java,36,baselines_work/cohorte/java/CODE_FUN_JAVA_010/CODE_FUN_JAVA_010.java,0,0,0,0,0
4028,32,baselines_work/cohorte/java/CODE_FUN_JAVA_008/CODE_FUN_JAVA_008.java,40,baselines_work/cohorte/java/CODE_FUN_JAVA_011/CODE_FUN_JAVA_011.java,0,0,0,0,0
4029,32,baselines_work/cohorte/java/CODE_FUN_JAVA_008/CODE_FUN_JAVA_008.java,37,baselines_work/cohorte/java/CODE_FUN_JAVA_012/CODE_FUN_JAVA_012.java,0,0,0,0,0
4031,32,baselines_work/cohorte/java/CODE_FUN_JAVA_008/CODE_FUN_JAVA_008.java,44,baselines_work/cohorte/java/CODE_FUN_JAVA_014/CODE_FUN_JAVA_014.java,0,0,0,0,0
4032,32,baselines_work/cohorte/java/CODE_FUN_JAVA_008/CODE_FUN_JAVA_008.java,42,baselines_work/cohorte/java/CODE_FUN_JAVA_015/CODE_FUN_JAVA_015.java,0,0,0,0,0
4033,32,baselines_work/cohorte/java/CODE_FUN_JAVA_008/CODE_FUN_JAVA_008.java,43,baselines_work/cohorte/java/CODE_IDENT_JAVA_001/CODE_IDENT_JAVA_001.java,0,0,0,0,0
4034,32,baselines_work/cohorte/java/CODE_FUN_JAVA_008/CODE_FUN_JAVA_008.java,52,baselines_work/cohorte/java/CODE_IDENT_JAVA_001_COPY/CODE_IDENT_JAVA_001.java,0,0,0,0,0
4035,32,baselines_work/cohorte/java/CODE_FUN_JAVA_008/CODE_FUN_JAVA_008.java,45,baselines_work/cohorte/java/CODE_IDENT_JAVA_002/CODE_IDENT_JAVA_002.java,0,0,0,0,0
4036,32,baselines_work/cohorte/java/CODE_FUN_JAVA_008/CODE_FUN_JAVA_008.java,46,baselines_work/cohorte/java/CODE_IDENT_JAVA_002_COPY/CODE_IDENT_JAVA_002.java,0,0,0,0,0
4037,32,baselines_work/cohorte/java/CODE_FUN_JAVA_008/CODE_FUN_JAVA_008.java,49,baselines_work/cohorte/java/CODE_IDENT_JAVA_003/CODE_IDENT_JAVA_003.java,0,0,0,0,0
4038,32,baselines_work/cohorte/java/CODE_FUN_JAVA_008/CODE_FUN_JAVA_008.java,48,baselines_work/cohorte/java/CODE_IDENT_JAVA_003_COPY/CODE_IDENT_JAVA_003.java,0,0,0,0,0
4041,32,baselines_work/cohorte/java/CODE_FUN_JAVA_008/CODE_FUN_JAVA_008.java,59,baselines_work/cohorte/java/CODE_IDENT_JAVA_005/CODE_IDENT_JAVA_005.java,0,0,0,0,0
4042,32,baselines_work/cohorte/java/CODE_FUN_JAVA_008/CODE_FUN_JAVA_008.java,55,baselines_work/cohorte/java/CODE_IDENT_JAVA_005_COPY/CODE_IDENT_JAVA_005.java,0,0,0,0,0
4043,32,baselines_work/cohorte/java/CODE_FUN_JAVA_008/CODE_FUN_JAVA_008.java,51,baselines_work/cohorte/java/CODE_IDENT_JAVA_006/CODE_IDENT_JAVA_006.java,0,0,0,0,0
4044,32,baselines_work/cohorte/java/CODE_FUN_JAVA_008/CODE_FUN_JAVA_008.java,53,baselines_work/cohorte/java/CODE_IDENT_JAVA_006_COPY/CODE_IDENT_JAVA_006.java,0,0,0,0,0
4045,32,baselines_work/cohorte/java/CODE_FUN_JAVA_008/CODE_FUN_JAVA_008.java,57,baselines_work/cohorte/java/CODE_IDENT_JAVA_007/CODE_IDENT_JAVA_007.java,0,0,0,0,0
4046,32,baselines_work/cohorte/java/CODE_FUN_JAVA_008/CODE_FUN_JAVA_008.java,58,baselines_work/cohorte/java/CODE_IDENT_JAVA_007_COPY/CODE_IDENT_JAVA_007.java,0,0,0,0,0
4051,32,baselines_work/cohorte/java/CODE_FUN_JAVA_008/CODE_FUN_JAVA_008.java,61,baselines_work/cohorte/java/CODE_IDENT_JAVA_010/CODE_IDENT_JAVA_010.java,0,0,0,0,0
4052,32,baselines_work/cohorte/java/CODE_FUN_JAVA_008/CODE_FUN_JAVA_008.java,64,baselines_work/cohorte/java/CODE_IDENT_JAVA_010_COPY/CODE_IDENT_JAVA_010.java,0,0,0,0,0
4053,32,baselines_work/cohorte/java/CODE_FUN_JAVA_008/CODE_FUN_JAVA_008.java,67,baselines_work/cohorte/java/CODE_IDENT_JAVA_011/CODE_IDENT_JAVA_011.java,0,0,0,0,0
4054,32,baselines_work/cohorte/java/CODE_FUN_JAVA_008/CODE_FUN_JAVA_008.java,65,baselines_work/cohorte/java/CODE_IDENT_JAVA_011_COPY/CODE_IDENT_JAVA_011.java,0,0,0,0,0
4055,32,baselines_work/cohorte/java/CODE_FUN_JAVA_008/CODE_FUN_JAVA_008.java,66,baselines_work/cohorte/java/CODE_IDENT_JAVA_012/CODE_IDENT_JAVA_012.java,0,0,0,0,0
4056,32,baselines_work/cohorte/java/CODE_FUN_JAVA_008/CODE_FUN_JAVA_008.java,69,baselines_work/cohorte/java/CODE_IDENT_JAVA_012_COPY/CODE_IDENT_JAVA_012.java,0,0,0,0,0
4057,32,baselines_work/cohorte/java/CODE_FUN_JAVA_008/CODE_FUN_JAVA_008.java,68,baselines_work/cohorte/java/CODE_IDENT_JAVA_013/CODE_IDENT_JAVA_013.java,0,0,0,0,0
4058,32,baselines_work/cohorte/java/CODE_FUN_JAVA_008/CODE_FUN_JAVA_008.java,71,baselines_work/cohorte/java/CODE_IDENT_JAVA_013_COPY/CODE_IDENT_JAVA_013.java,0,0,0,0,0
4059,32,baselines_work/cohorte/java/CODE_FUN_JAVA_008/CODE_FUN_JAVA_008.java,70,baselines_work/cohorte/java/CODE_IDENT_JAVA_014/CODE_IDENT_JAVA_014.java,0,0,0,0,0
4060,32,baselines_work/cohorte/java/CODE_FUN_JAVA_008/CODE_FUN_JAVA_008.java,73,baselines_work/cohorte/java/CODE_IDENT_JAVA_014_COPY/CODE_IDENT_JAVA_014.java,0,0,0,0,0
4061,32,baselines_work/cohorte/java/CODE_FUN_JAVA_008/CODE_FUN_JAVA_008.java,72,baselines_work/cohorte/java/CODE_IDENT_JAVA_015/CODE_IDENT_JAVA_015.java,0,0,0,0,0
4062,32,baselines_work/cohorte/java/CODE_FUN_JAVA_008/CODE_FUN_JAVA_008.java,74,baselines_work/cohorte/java/CODE_IDENT_JAVA_015_COPY/CODE_IDENT_JAVA_015.java,0,0,0,0,0
4067,39,baselines_work/cohorte/java/CODE_FUN_JAVA_009/CODE_FUN_JAVA_009.java,44,baselines_work/cohorte/java/CODE_FUN_JAVA_014/CODE_FUN_JAVA_014.java,0,0,0,0,0
4069,39,baselines_work/cohorte/java/CODE_FUN_JAVA_009/CODE_FUN_JAVA_009.java,43,baselines_work/cohorte/java/CODE_IDENT_JAVA_001/CODE_IDENT_JAVA_001.java,0,0,0,0,0
4070,39,baselines_work/cohorte/java/CODE_FUN_JAVA_009/CODE_FUN_JAVA_009.java,52,baselines_work/cohorte/java/CODE_IDENT_JAVA_001_COPY/CODE_IDENT_JAVA_001.java,0,0,0,0,0
4071,39,baselines_work/cohorte/java/CODE_FUN_JAVA_009/CODE_FUN_JAVA_009.java,45,baselines_work/cohorte/java/CODE_IDENT_JAVA_002/CODE_IDENT_JAVA_002.java,0,0,0,0,0
4072,39,baselines_work/cohorte/java/CODE_FUN_JAVA_009/CODE_FUN_JAVA_009.java,46,baselines_work/cohorte/java/CODE_IDENT_JAVA_002_COPY/CODE_IDENT_JAVA_002.java,0,0,0,0,0
4073,39,baselines_work/cohorte/java/CODE_FUN_JAVA_009/CODE_FUN_JAVA_009.java,49,baselines_work/cohorte/java/CODE_IDENT_JAVA_003/CODE_IDENT_JAVA_003.java,0,0,0,0,0
4074,39,baselines_work/cohorte/java/CODE_FUN_JAVA_009/CODE_FUN_JAVA_009.java,48,baselines_work/cohorte/java/CODE_IDENT_JAVA_003_COPY/CODE_IDENT_JAVA_003.java,0,0,0,0,0
4077,39,baselines_work/cohorte/java/CODE_FUN_JAVA_009/CODE_FUN_JAVA_009.java,59,baselines_work/cohorte/java/CODE_IDENT_JAVA_005/CODE_IDENT_JAVA_005.java,0,0,0,0,0
4078,39,baselines_work/cohorte/java/CODE_FUN_JAVA_009/CODE_FUN_JAVA_009.java,55,baselines_work/cohorte/java/CODE_IDENT_JAVA_005_COPY/CODE_IDENT_JAVA_005.java,0,0,0,0,0
4079,39,baselines_work/cohorte/java/CODE_FUN_JAVA_009/CODE_FUN_JAVA_009.java,51,baselines_work/cohorte/java/CODE_IDENT_JAVA_006/CODE_IDENT_JAVA_006.java,0,0,0,0,0
4080,39,baselines_work/cohorte/java/CODE_FUN_JAVA_009/CODE_FUN_JAVA_009.java,53,baselines_work/cohorte/java/CODE_IDENT_JAVA_006_COPY/CODE_IDENT_JAVA_006.java,0,0,0,0,0
4081,39,baselines_work/cohorte/java/CODE_FUN_JAVA_009/CODE_FUN_JAVA_009.java,57,baselines_work/cohorte/java/CODE_IDENT_JAVA_007/CODE_IDENT_JAVA_007.java,0,0,0,0,0
4082,39,baselines_work/cohorte/java/CODE_FUN_JAVA_009/CODE_FUN_JAVA_009.java,58,baselines_work/cohorte/java/CODE_IDENT_JAVA_007_COPY/CODE_IDENT_JAVA_007.java,0,0,0,0,0
4087,39,baselines_work/cohorte/java/CODE_FUN_JAVA_009/CODE_FUN_JAVA_009.java,61,baselines_work/cohorte/java/CODE_IDENT_JAVA_010/CODE_IDENT_JAVA_010.java,0,0,0,0,0
4088,39,baselines_work/cohorte/java/CODE_FUN_JAVA_009/CODE_FUN_JAVA_009.java,64,baselines_work/cohorte/java/CODE_IDENT_JAVA_010_COPY/CODE_IDENT_JAVA_010.java,0,0,0,0,0
4091,39,baselines_work/cohorte/java/CODE_FUN_JAVA_009/CODE_FUN_JAVA_009.java,66,baselines_work/cohorte/java/CODE_IDENT_JAVA_012/CODE_IDENT_JAVA_012.java,0,0,0,0,0
4092,39,baselines_work/cohorte/java/CODE_FUN_JAVA_009/CODE_FUN_JAVA_009.java,69,baselines_work/cohorte/java/CODE_IDENT_JAVA_012_COPY/CODE_IDENT_JAVA_012.java,0,0,0,0,0
4093,39,baselines_work/cohorte/java/CODE_FUN_JAVA_009/CODE_FUN_JAVA_009.java,68,baselines_work/cohorte/java/CODE_IDENT_JAVA_013/CODE_IDENT_JAVA_013.java,0,0,0,0,0
4094,39,baselines_work/cohorte/java/CODE_FUN_JAVA_009/CODE_FUN_JAVA_009.java,71,baselines_work/cohorte/java/CODE_IDENT_JAVA_013_COPY/CODE_IDENT_JAVA_013.java,0,0,0,0,0
4095,39,baselines_work/cohorte/java/CODE_FUN_JAVA_009/CODE_FUN_JAVA_009.java,70,baselines_work/cohorte/java/CODE_IDENT_JAVA_014/CODE_IDENT_JAVA_014.java,0,0,0,0,0
4096,39,baselines_work/cohorte/java/CODE_FUN_JAVA_009/CODE_FUN_JAVA_009.java,73,baselines_work/cohorte/java/CODE_IDENT_JAVA_014_COPY/CODE_IDENT_JAVA_014.java,0,0,0,0,0
4097,39,baselines_work/cohorte/java/CODE_FUN_JAVA_009/CODE_FUN_JAVA_009.java,72,baselines_work/cohorte/java/CODE_IDENT_JAVA_015/CODE_IDENT_JAVA_015.java,0,0,0,0,0
4098,39,baselines_work/cohorte/java/CODE_FUN_JAVA_009/CODE_FUN_JAVA_009.java,74,baselines_work/cohorte/java/CODE_IDENT_JAVA_015_COPY/CODE_IDENT_JAVA_015.java,0,0,0,0,0
4099,36,baselines_work/cohorte/java/CODE_FUN_JAVA_010/CODE_FUN_JAVA_010.java,40,baselines_work/cohorte/java/CODE_FUN_JAVA_011/CODE_FUN_JAVA_011.java,0,0,0,0,0
4102,36,baselines_work/cohorte/java/CODE_FUN_JAVA_010/CODE_FUN_JAVA_010.java,44,baselines_work/cohorte/java/CODE_FUN_JAVA_014/CODE_FUN_JAVA_014.java,0,0,0,0,0
4104,36,baselines_work/cohorte/java/CODE_FUN_JAVA_010/CODE_FUN_JAVA_010.java,43,baselines_work/cohorte/java/CODE_IDENT_JAVA_001/CODE_IDENT_JAVA_001.java,0,0,0,0,0
4105,36,baselines_work/cohorte/java/CODE_FUN_JAVA_010/CODE_FUN_JAVA_010.java,52,baselines_work/cohorte/java/CODE_IDENT_JAVA_001_COPY/CODE_IDENT_JAVA_001.java,0,0,0,0,0
4106,36,baselines_work/cohorte/java/CODE_FUN_JAVA_010/CODE_FUN_JAVA_010.java,45,baselines_work/cohorte/java/CODE_IDENT_JAVA_002/CODE_IDENT_JAVA_002.java,0,0,0,0,0
4107,36,baselines_work/cohorte/java/CODE_FUN_JAVA_010/CODE_FUN_JAVA_010.java,46,baselines_work/cohorte/java/CODE_IDENT_JAVA_002_COPY/CODE_IDENT_JAVA_002.java,0,0,0,0,0
4108,36,baselines_work/cohorte/java/CODE_FUN_JAVA_010/CODE_FUN_JAVA_010.java,49,baselines_work/cohorte/java/CODE_IDENT_JAVA_003/CODE_IDENT_JAVA_003.java,0,0,0,0,0
4109,36,baselines_work/cohorte/java/CODE_FUN_JAVA_010/CODE_FUN_JAVA_010.java,48,baselines_work/cohorte/java/CODE_IDENT_JAVA_003_COPY/CODE_IDENT_JAVA_003.java,0,0,0,0,0
4110,36,baselines_work/cohorte/java/CODE_FUN_JAVA_010/CODE_FUN_JAVA_010.java,54,baselines_work/cohorte/java/CODE_IDENT_JAVA_004/CODE_IDENT_JAVA_004.java,0,0,0,0,0
4111,36,baselines_work/cohorte/java/CODE_FUN_JAVA_010/CODE_FUN_JAVA_010.java,50,baselines_work/cohorte/java/CODE_IDENT_JAVA_004_COPY/CODE_IDENT_JAVA_004.java,0,0,0,0,0
4112,36,baselines_work/cohorte/java/CODE_FUN_JAVA_010/CODE_FUN_JAVA_010.java,59,baselines_work/cohorte/java/CODE_IDENT_JAVA_005/CODE_IDENT_JAVA_005.java,0,0,0,0,0
4113,36,baselines_work/cohorte/java/CODE_FUN_JAVA_010/CODE_FUN_JAVA_010.java,55,baselines_work/cohorte/java/CODE_IDENT_JAVA_005_COPY/CODE_IDENT_JAVA_005.java,0,0,0,0,0
4114,36,baselines_work/cohorte/java/CODE_FUN_JAVA_010/CODE_FUN_JAVA_010.java,51,baselines_work/cohorte/java/CODE_IDENT_JAVA_006/CODE_IDENT_JAVA_006.java,0,0,0,0,0
4115,36,baselines_work/cohorte/java/CODE_FUN_JAVA_010/CODE_FUN_JAVA_010.java,53,baselines_work/cohorte/java/CODE_IDENT_JAVA_006_COPY/CODE_IDENT_JAVA_006.java,0,0,0,0,0
4116,36,baselines_work/cohorte/java/CODE_FUN_JAVA_010/CODE_FUN_JAVA_010.java,57,baselines_work/cohorte/java/CODE_IDENT_JAVA_007/CODE_IDENT_JAVA_007.java,0,0,0,0,0
4117,36,baselines_work/cohorte/java/CODE_FUN_JAVA_010/CODE_FUN_JAVA_010.java,58,baselines_work/cohorte/java/CODE_IDENT_JAVA_007_COPY/CODE_IDENT_JAVA_007.java,0,0,0,0,0
4118,36,baselines_work/cohorte/java/CODE_FUN_JAVA_010/CODE_FUN_JAVA_010.java,56,baselines_work/cohorte/java/CODE_IDENT_JAVA_008/CODE_IDENT_JAVA_008.java,0,0,0,0,0
4119,36,baselines_work/cohorte/java/CODE_FUN_JAVA_010/CODE_FUN_JAVA_010.java,60,baselines_work/cohorte/java/CODE_IDENT_JAVA_008_COPY/CODE_IDENT_JAVA_008.java,0,0,0,0,0
4124,36,baselines_work/cohorte/java/CODE_FUN_JAVA_010/CODE_FUN_JAVA_010.java,67,baselines_work/cohorte/java/CODE_IDENT_JAVA_011/CODE_IDENT_JAVA_011.java,0,0,0,0,0
4125,36,baselines_work/cohorte/java/CODE_FUN_JAVA_010/CODE_FUN_JAVA_010.java,65,baselines_work/cohorte/java/CODE_IDENT_JAVA_011_COPY/CODE_IDENT_JAVA_011.java,0,0,0,0,0
4126,36,baselines_work/cohorte/java/CODE_FUN_JAVA_010/CODE_FUN_JAVA_010.java,66,baselines_work/cohorte/java/CODE_IDENT_JAVA_012/CODE_IDENT_JAVA_012.java,0,0,0,0,0
4127,36,baselines_work/cohorte/java/CODE_FUN_JAVA_010/CODE_FUN_JAVA_010.java,69,baselines_work/cohorte/java/CODE_IDENT_JAVA_012_COPY/CODE_IDENT_JAVA_012.java,0,0,0,0,0
4128,36,baselines_work/cohorte/java/CODE_FUN_JAVA_010/CODE_FUN_JAVA_010.java,68,baselines_work/cohorte/java/CODE_IDENT_JAVA_013/CODE_IDENT_JAVA_013.java,0,0,0,0,0
4129,36,baselines_work/cohorte/java/CODE_FUN_JAVA_010/CODE_FUN_JAVA_010.java,71,baselines_work/cohorte/java/CODE_IDENT_JAVA_013_COPY/CODE_IDENT_JAVA_013.java,0,0,0,0,0
4130,36,baselines_work/cohorte/java/CODE_FUN_JAVA_010/CODE_FUN_JAVA_010.java,70,baselines_work/cohorte/java/CODE_IDENT_JAVA_014/CODE_IDENT_JAVA_014.java,0,0,0,0,0
4131,36,baselines_work/cohorte/java/CODE_FUN_JAVA_010/CODE_FUN_JAVA_010.java,73,baselines_work/cohorte/java/CODE_IDENT_JAVA_014_COPY/CODE_IDENT_JAVA_014.java,0,0,0,0,0
4138,40,baselines_work/cohorte/java/CODE_FUN_JAVA_011/CODE_FUN_JAVA_011.java,43,baselines_work/cohorte/java/CODE_IDENT_JAVA_001/CODE_IDENT_JAVA_001.java,0,0,0,0,0
4139,40,baselines_work/cohorte/java/CODE_FUN_JAVA_011/CODE_FUN_JAVA_011.java,52,baselines_work/cohorte/java/CODE_IDENT_JAVA_001_COPY/CODE_IDENT_JAVA_001.java,0,0,0,0,0
4140,40,baselines_work/cohorte/java/CODE_FUN_JAVA_011/CODE_FUN_JAVA_011.java,45,baselines_work/cohorte/java/CODE_IDENT_JAVA_002/CODE_IDENT_JAVA_002.java,0,0,0,0,0
4141,40,baselines_work/cohorte/java/CODE_FUN_JAVA_011/CODE_FUN_JAVA_011.java,46,baselines_work/cohorte/java/CODE_IDENT_JAVA_002_COPY/CODE_IDENT_JAVA_002.java,0,0,0,0,0
4142,40,baselines_work/cohorte/java/CODE_FUN_JAVA_011/CODE_FUN_JAVA_011.java,49,baselines_work/cohorte/java/CODE_IDENT_JAVA_003/CODE_IDENT_JAVA_003.java,0,0,0,0,0
4143,40,baselines_work/cohorte/java/CODE_FUN_JAVA_011/CODE_FUN_JAVA_011.java,48,baselines_work/cohorte/java/CODE_IDENT_JAVA_003_COPY/CODE_IDENT_JAVA_003.java,0,0,0,0,0
4144,40,baselines_work/cohorte/java/CODE_FUN_JAVA_011/CODE_FUN_JAVA_011.java,54,baselines_work/cohorte/java/CODE_IDENT_JAVA_004/CODE_IDENT_JAVA_004.java,0,0,0,0,0
4145,40,baselines_work/cohorte/java/CODE_FUN_JAVA_011/CODE_FUN_JAVA_011.java,50,baselines_work/cohorte/java/CODE_IDENT_JAVA_004_COPY/CODE_IDENT_JAVA_004.java,0,0,0,0,0
4146,40,baselines_work/cohorte/java/CODE_FUN_JAVA_011/CODE_FUN_JAVA_011.java,59,baselines_work/cohorte/java/CODE_IDENT_JAVA_005/CODE_IDENT_JAVA_005.java,0,0,0,0,0
4147,40,baselines_work/cohorte/java/CODE_FUN_JAVA_011/CODE_FUN_JAVA_011.java,55,baselines_work/cohorte/java/CODE_IDENT_JAVA_005_COPY/CODE_IDENT_JAVA_005.java,0,0,0,0,0
4148,40,baselines_work/cohorte/java/CODE_FUN_JAVA_011/CODE_FUN_JAVA_011.java,51,baselines_work/cohorte/java/CODE_IDENT_JAVA_006/CODE_IDENT_JAVA_006.java,0,0,0,0,0
4149,40,baselines_work/cohorte/java/CODE_FUN_JAVA_011/CODE_FUN_JAVA_011.java,53,baselines_work/cohorte/java/CODE_IDENT_JAVA_006_COPY/CODE_IDENT_JAVA_006.java,0,0,0,0,0
4150,40,baselines_work/cohorte/java/CODE_FUN_JAVA_011/CODE_FUN_JAVA_011.java,57,baselines_work/cohorte/java/CODE_IDENT_JAVA_007/CODE_IDENT_JAVA_007.java,0,0,0,0,0
4151,40,baselines_work/cohorte/java/CODE_FUN_JAVA_011/CODE_FUN_JAVA_011.java,58,baselines_work/cohorte/java/CODE_IDENT_JAVA_007_COPY/CODE_IDENT_JAVA_007.java,0,0,0,0,0
4152,40,baselines_work/cohorte/java/CODE_FUN_JAVA_011/CODE_FUN_JAVA_011.java,56,baselines_work/cohorte/java/CODE_IDENT_JAVA_008/CODE_IDENT_JAVA_008.java,0,0,0,0,0
4153,40,baselines_work/cohorte/java/CODE_FUN_JAVA_011/CODE_FUN_JAVA_011.java,60,baselines_work/cohorte/java/CODE_IDENT_JAVA_008_COPY/CODE_IDENT_JAVA_008.java,0,0,0,0,0
4154,40,baselines_work/cohorte/java/CODE_FUN_JAVA_011/CODE_FUN_JAVA_011.java,62,baselines_work/cohorte/java/CODE_IDENT_JAVA_009/CODE_IDENT_JAVA_009.java,0,0,0,0,0
4155,40,baselines_work/cohorte/java/CODE_FUN_JAVA_011/CODE_FUN_JAVA_011.java,63,baselines_work/cohorte/java/CODE_IDENT_JAVA_009_COPY/CODE_IDENT_JAVA_009.java,0,0,0,0,0
4156,40,baselines_work/cohorte/java/CODE_FUN_JAVA_011/CODE_FUN_JAVA_011.java,61,baselines_work/cohorte/java/CODE_IDENT_JAVA_010/CODE_IDENT_JAVA_010.java,0,0,0,0,0
4157,40,baselines_work/cohorte/java/CODE_FUN_JAVA_011/CODE_FUN_JAVA_011.java,64,baselines_work/cohorte/java/CODE_IDENT_JAVA_010_COPY/CODE_IDENT_JAVA_010.java,0,0,0,0,0
4166,40,baselines_work/cohorte/java/CODE_FUN_JAVA_011/CODE_FUN_JAVA_011.java,72,baselines_work/cohorte/java/CODE_IDENT_JAVA_015/CODE_IDENT_JAVA_015.java,0,0,0,0,0
4167,40,baselines_work/cohorte/java/CODE_FUN_JAVA_011/CODE_FUN_JAVA_011.java,74,baselines_work/cohorte/java/CODE_IDENT_JAVA_015_COPY/CODE_IDENT_JAVA_015.java,0,0,0,0,0
4171,37,baselines_work/cohorte/java/CODE_FUN_JAVA_012/CODE_FUN_JAVA_012.java,43,baselines_work/cohorte/java/CODE_IDENT_JAVA_001/CODE_IDENT_JAVA_001.java,0,0,0,0,0
4172,37,baselines_work/cohorte/java/CODE_FUN_JAVA_012/CODE_FUN_JAVA_012.java,52,baselines_work/cohorte/java/CODE_IDENT_JAVA_001_COPY/CODE_IDENT_JAVA_001.java,0,0,0,0,0
4173,37,baselines_work/cohorte/java/CODE_FUN_JAVA_012/CODE_FUN_JAVA_012.java,45,baselines_work/cohorte/java/CODE_IDENT_JAVA_002/CODE_IDENT_JAVA_002.java,0,0,0,0,0
4174,37,baselines_work/cohorte/java/CODE_FUN_JAVA_012/CODE_FUN_JAVA_012.java,46,baselines_work/cohorte/java/CODE_IDENT_JAVA_002_COPY/CODE_IDENT_JAVA_002.java,0,0,0,0,0
4175,37,baselines_work/cohorte/java/CODE_FUN_JAVA_012/CODE_FUN_JAVA_012.java,49,baselines_work/cohorte/java/CODE_IDENT_JAVA_003/CODE_IDENT_JAVA_003.java,0,0,0,0,0
4176,37,baselines_work/cohorte/java/CODE_FUN_JAVA_012/CODE_FUN_JAVA_012.java,48,baselines_work/cohorte/java/CODE_IDENT_JAVA_003_COPY/CODE_IDENT_JAVA_003.java,0,0,0,0,0
4177,37,baselines_work/cohorte/java/CODE_FUN_JAVA_012/CODE_FUN_JAVA_012.java,54,baselines_work/cohorte/java/CODE_IDENT_JAVA_004/CODE_IDENT_JAVA_004.java,0,0,0,0,0
4178,37,baselines_work/cohorte/java/CODE_FUN_JAVA_012/CODE_FUN_JAVA_012.java,50,baselines_work/cohorte/java/CODE_IDENT_JAVA_004_COPY/CODE_IDENT_JAVA_004.java,0,0,0,0,0
4179,37,baselines_work/cohorte/java/CODE_FUN_JAVA_012/CODE_FUN_JAVA_012.java,59,baselines_work/cohorte/java/CODE_IDENT_JAVA_005/CODE_IDENT_JAVA_005.java,0,0,0,0,0
4180,37,baselines_work/cohorte/java/CODE_FUN_JAVA_012/CODE_FUN_JAVA_012.java,55,baselines_work/cohorte/java/CODE_IDENT_JAVA_005_COPY/CODE_IDENT_JAVA_005.java,0,0,0,0,0
4181,37,baselines_work/cohorte/java/CODE_FUN_JAVA_012/CODE_FUN_JAVA_012.java,51,baselines_work/cohorte/java/CODE_IDENT_JAVA_006/CODE_IDENT_JAVA_006.java,0,0,0,0,0
4182,37,baselines_work/cohorte/java/CODE_FUN_JAVA_012/CODE_FUN_JAVA_012.java,53,baselines_work/cohorte/java/CODE_IDENT_JAVA_006_COPY/CODE_IDENT_JAVA_006.java,0,0,0,0,0
4183,37,baselines_work/cohorte/java/CODE_FUN_JAVA_012/CODE_FUN_JAVA_012.java,57,baselines_work/cohorte/java/CODE_IDENT_JAVA_007/CODE_IDENT_JAVA_007.java,0,0,0,0,0
4184,37,baselines_work/cohorte/java/CODE_FUN_JAVA_012/CODE_FUN_JAVA_012.java,58,baselines_work/cohorte/java/CODE_IDENT_JAVA_007_COPY/CODE_IDENT_JAVA_007.java,0,0,0,0,0
4185,37,baselines_work/cohorte/java/CODE_FUN_JAVA_012/CODE_FUN_JAVA_012.java,56,baselines_work/cohorte/java/CODE_IDENT_JAVA_008/CODE_IDENT_JAVA_008.java,0,0,0,0,0
4186,37,baselines_work/cohorte/java/CODE_FUN_JAVA_012/CODE_FUN_JAVA_012.java,60,baselines_work/cohorte/java/CODE_IDENT_JAVA_008_COPY/CODE_IDENT_JAVA_008.java,0,0,0,0,0
4187,37,baselines_work/cohorte/java/CODE_FUN_JAVA_012/CODE_FUN_JAVA_012.java,62,baselines_work/cohorte/java/CODE_IDENT_JAVA_009/CODE_IDENT_JAVA_009.java,0,0,0,0,0
4188,37,baselines_work/cohorte/java/CODE_FUN_JAVA_012/CODE_FUN_JAVA_012.java,63,baselines_work/cohorte/java/CODE_IDENT_JAVA_009_COPY/CODE_IDENT_JAVA_009.java,0,0,0,0,0
4189,37,baselines_work/cohorte/java/CODE_FUN_JAVA_012/CODE_FUN_JAVA_012.java,61,baselines_work/cohorte/java/CODE_IDENT_JAVA_010/CODE_IDENT_JAVA_010.java,0,0,0,0,0
4190,37,baselines_work/cohorte/java/CODE_FUN_JAVA_012/CODE_FUN_JAVA_012.java,64,baselines_work/cohorte/java/CODE_IDENT_JAVA_010_COPY/CODE_IDENT_JAVA_010.java,0,0,0,0,0
4191,37,baselines_work/cohorte/java/CODE_FUN_JAVA_012/CODE_FUN_JAVA_012.java,67,baselines_work/cohorte/java/CODE_IDENT_JAVA_011/CODE_IDENT_JAVA_011.java,0,0,0,0,0
4192,37,baselines_work/cohorte/java/CODE_FUN_JAVA_012/CODE_FUN_JAVA_012.java,65,baselines_work/cohorte/java/CODE_IDENT_JAVA_011_COPY/CODE_IDENT_JAVA_011.java,0,0,0,0,0
4197,37,baselines_work/cohorte/java/CODE_FUN_JAVA_012/CODE_FUN_JAVA_012.java,70,baselines_work/cohorte/java/CODE_IDENT_JAVA_014/CODE_IDENT_JAVA_014.java,0,0,0,0,0
4198,37,baselines_work/cohorte/java/CODE_FUN_JAVA_012/CODE_FUN_JAVA_012.java,73,baselines_work/cohorte/java/CODE_IDENT_JAVA_014_COPY/CODE_IDENT_JAVA_014.java,0,0,0,0,0
4199,37,baselines_work/cohorte/java/CODE_FUN_JAVA_012/CODE_FUN_JAVA_012.java,72,baselines_work/cohorte/java/CODE_IDENT_JAVA_015/CODE_IDENT_JAVA_015.java,0,0,0,0,0
4200,37,baselines_work/cohorte/java/CODE_FUN_JAVA_012/CODE_FUN_JAVA_012.java,74,baselines_work/cohorte/java/CODE_IDENT_JAVA_015_COPY/CODE_IDENT_JAVA_015.java,0,0,0,0,0
4202,41,baselines_work/cohorte/java/CODE_FUN_JAVA_013/CODE_FUN_JAVA_013.java,42,baselines_work/cohorte/java/CODE_FUN_JAVA_015/CODE_FUN_JAVA_015.java,0,0,0,0,0
4203,41,baselines_work/cohorte/java/CODE_FUN_JAVA_013/CODE_FUN_JAVA_013.java,43,baselines_work/cohorte/java/CODE_IDENT_JAVA_001/CODE_IDENT_JAVA_001.java,0,0,0,0,0
4204,41,baselines_work/cohorte/java/CODE_FUN_JAVA_013/CODE_FUN_JAVA_013.java,52,baselines_work/cohorte/java/CODE_IDENT_JAVA_001_COPY/CODE_IDENT_JAVA_001.java,0,0,0,0,0
4205,41,baselines_work/cohorte/java/CODE_FUN_JAVA_013/CODE_FUN_JAVA_013.java,45,baselines_work/cohorte/java/CODE_IDENT_JAVA_002/CODE_IDENT_JAVA_002.java,0,0,0,0,0
4206,41,baselines_work/cohorte/java/CODE_FUN_JAVA_013/CODE_FUN_JAVA_013.java,46,baselines_work/cohorte/java/CODE_IDENT_JAVA_002_COPY/CODE_IDENT_JAVA_002.java,0,0,0,0,0
4207,41,baselines_work/cohorte/java/CODE_FUN_JAVA_013/CODE_FUN_JAVA_013.java,49,baselines_work/cohorte/java/CODE_IDENT_JAVA_003/CODE_IDENT_JAVA_003.java,0,0,0,0,0
4208,41,baselines_work/cohorte/java/CODE_FUN_JAVA_013/CODE_FUN_JAVA_013.java,48,baselines_work/cohorte/java/CODE_IDENT_JAVA_003_COPY/CODE_IDENT_JAVA_003.java,0,0,0,0,0
4209,41,baselines_work/cohorte/java/CODE_FUN_JAVA_013/CODE_FUN_JAVA_013.java,54,baselines_work/cohorte/java/CODE_IDENT_JAVA_004/CODE_IDENT_JAVA_004.java,0,0,0,0,0
4210,41,baselines_work/cohorte/java/CODE_FUN_JAVA_013/CODE_FUN_JAVA_013.java,50,baselines_work/cohorte/java/CODE_IDENT_JAVA_004_COPY/CODE_IDENT_JAVA_004.java,0,0,0,0,0
4211,41,baselines_work/cohorte/java/CODE_FUN_JAVA_013/CODE_FUN_JAVA_013.java,59,baselines_work/cohorte/java/CODE_IDENT_JAVA_005/CODE_IDENT_JAVA_005.java,0,0,0,0,0
4212,41,baselines_work/cohorte/java/CODE_FUN_JAVA_013/CODE_FUN_JAVA_013.java,55,baselines_work/cohorte/java/CODE_IDENT_JAVA_005_COPY/CODE_IDENT_JAVA_005.java,0,0,0,0,0
4213,41,baselines_work/cohorte/java/CODE_FUN_JAVA_013/CODE_FUN_JAVA_013.java,51,baselines_work/cohorte/java/CODE_IDENT_JAVA_006/CODE_IDENT_JAVA_006.java,0,0,0,0,0
4214,41,baselines_work/cohorte/java/CODE_FUN_JAVA_013/CODE_FUN_JAVA_013.java,53,baselines_work/cohorte/java/CODE_IDENT_JAVA_006_COPY/CODE_IDENT_JAVA_006.java,0,0,0,0,0
4215,41,baselines_work/cohorte/java/CODE_FUN_JAVA_013/CODE_FUN_JAVA_013.java,57,baselines_work/cohorte/java/CODE_IDENT_JAVA_007/CODE_IDENT_JAVA_007.java,0,0,0,0,0
4216,41,baselines_work/cohorte/java/CODE_FUN_JAVA_013/CODE_FUN_JAVA_013.java,58,baselines_work/cohorte/java/CODE_IDENT_JAVA_007_COPY/CODE_IDENT_JAVA_007.java,0,0,0,0,0
4217,41,baselines_work/cohorte/java/CODE_FUN_JAVA_013/CODE_FUN_JAVA_013.java,56,baselines_work/cohorte/java/CODE_IDENT_JAVA_008/CODE_IDENT_JAVA_008.java,0,0,0,0,0
4218,41,baselines_work/cohorte/java/CODE_FUN_JAVA_013/CODE_FUN_JAVA_013.java,60,baselines_work/cohorte/java/CODE_IDENT_JAVA_008_COPY/CODE_IDENT_JAVA_008.java,0,0,0,0,0
4219,41,baselines_work/cohorte/java/CODE_FUN_JAVA_013/CODE_FUN_JAVA_013.java,62,baselines_work/cohorte/java/CODE_IDENT_JAVA_009/CODE_IDENT_JAVA_009.java,0,0,0,0,0
4220,41,baselines_work/cohorte/java/CODE_FUN_JAVA_013/CODE_FUN_JAVA_013.java,63,baselines_work/cohorte/java/CODE_IDENT_JAVA_009_COPY/CODE_IDENT_JAVA_009.java,0,0,0,0,0
4223,41,baselines_work/cohorte/java/CODE_FUN_JAVA_013/CODE_FUN_JAVA_013.java,67,baselines_work/cohorte/java/CODE_IDENT_JAVA_011/CODE_IDENT_JAVA_011.java,0,0,0,0,0
4224,41,baselines_work/cohorte/java/CODE_FUN_JAVA_013/CODE_FUN_JAVA_013.java,65,baselines_work/cohorte/java/CODE_IDENT_JAVA_011_COPY/CODE_IDENT_JAVA_011.java,0,0,0,0,0
4227,41,baselines_work/cohorte/java/CODE_FUN_JAVA_013/CODE_FUN_JAVA_013.java,68,baselines_work/cohorte/java/CODE_IDENT_JAVA_013/CODE_IDENT_JAVA_013.java,0,0,0,0,0
4228,41,baselines_work/cohorte/java/CODE_FUN_JAVA_013/CODE_FUN_JAVA_013.java,71,baselines_work/cohorte/java/CODE_IDENT_JAVA_013_COPY/CODE_IDENT_JAVA_013.java,0,0,0,0,0
4229,41,baselines_work/cohorte/java/CODE_FUN_JAVA_013/CODE_FUN_JAVA_013.java,70,baselines_work/cohorte/java/CODE_IDENT_JAVA_014/CODE_IDENT_JAVA_014.java,0,0,0,0,0
4230,41,baselines_work/cohorte/java/CODE_FUN_JAVA_013/CODE_FUN_JAVA_013.java,73,baselines_work/cohorte/java/CODE_IDENT_JAVA_014_COPY/CODE_IDENT_JAVA_014.java,0,0,0,0,0
4233,44,baselines_work/cohorte/java/CODE_FUN_JAVA_014/CODE_FUN_JAVA_014.java,42,baselines_work/cohorte/java/CODE_FUN_JAVA_015/CODE_FUN_JAVA_015.java,0,0,0,0,0
4234,44,baselines_work/cohorte/java/CODE_FUN_JAVA_014/CODE_FUN_JAVA_014.java,43,baselines_work/cohorte/java/CODE_IDENT_JAVA_001/CODE_IDENT_JAVA_001.java,0,0,0,0,0
4235,44,baselines_work/cohorte/java/CODE_FUN_JAVA_014/CODE_FUN_JAVA_014.java,52,baselines_work/cohorte/java/CODE_IDENT_JAVA_001_COPY/CODE_IDENT_JAVA_001.java,0,0,0,0,0
4236,44,baselines_work/cohorte/java/CODE_FUN_JAVA_014/CODE_FUN_JAVA_014.java,45,baselines_work/cohorte/java/CODE_IDENT_JAVA_002/CODE_IDENT_JAVA_002.java,0,0,0,0,0
4237,44,baselines_work/cohorte/java/CODE_FUN_JAVA_014/CODE_FUN_JAVA_014.java,46,baselines_work/cohorte/java/CODE_IDENT_JAVA_002_COPY/CODE_IDENT_JAVA_002.java,0,0,0,0,0
4238,44,baselines_work/cohorte/java/CODE_FUN_JAVA_014/CODE_FUN_JAVA_014.java,49,baselines_work/cohorte/java/CODE_IDENT_JAVA_003/CODE_IDENT_JAVA_003.java,0,0,0,0,0
4239,44,baselines_work/cohorte/java/CODE_FUN_JAVA_014/CODE_FUN_JAVA_014.java,48,baselines_work/cohorte/java/CODE_IDENT_JAVA_003_COPY/CODE_IDENT_JAVA_003.java,0,0,0,0,0
4240,44,baselines_work/cohorte/java/CODE_FUN_JAVA_014/CODE_FUN_JAVA_014.java,54,baselines_work/cohorte/java/CODE_IDENT_JAVA_004/CODE_IDENT_JAVA_004.java,0,0,0,0,0
4241,44,baselines_work/cohorte/java/CODE_FUN_JAVA_014/CODE_FUN_JAVA_014.java,50,baselines_work/cohorte/java/CODE_IDENT_JAVA_004_COPY/CODE_IDENT_JAVA_004.java,0,0,0,0,0
4242,44,baselines_work/cohorte/java/CODE_FUN_JAVA_014/CODE_FUN_JAVA_014.java,59,baselines_work/cohorte/java/CODE_IDENT_JAVA_005/CODE_IDENT_JAVA_005.java,0,0,0,0,0
4243,44,baselines_work/cohorte/java/CODE_FUN_JAVA_014/CODE_FUN_JAVA_014.java,55,baselines_work/cohorte/java/CODE_IDENT_JAVA_005_COPY/CODE_IDENT_JAVA_005.java,0,0,0,0,0
4244,44,baselines_work/cohorte/java/CODE_FUN_JAVA_014/CODE_FUN_JAVA_014.java,51,baselines_work/cohorte/java/CODE_IDENT_JAVA_006/CODE_IDENT_JAVA_006.java,0,0,0,0,0
4245,44,baselines_work/cohorte/java/CODE_FUN_JAVA_014/CODE_FUN_JAVA_014.java,53,baselines_work/cohorte/java/CODE_IDENT_JAVA_006_COPY/CODE_IDENT_JAVA_006.java,0,0,0,0,0
4246,44,baselines_work/cohorte/java/CODE_FUN_JAVA_014/CODE_FUN_JAVA_014.java,57,baselines_work/cohorte/java/CODE_IDENT_JAVA_007/CODE_IDENT_JAVA_007.java,0,0,0,0,0
4247,44,baselines_work/cohorte/java/CODE_FUN_JAVA_014/CODE_FUN_JAVA_014.java,58,baselines_work/cohorte/java/CODE_IDENT_JAVA_007_COPY/CODE_IDENT_JAVA_007.java,0,0,0,0,0
4248,44,baselines_work/cohorte/java/CODE_FUN_JAVA_014/CODE_FUN_JAVA_014.java,56,baselines_work/cohorte/java/CODE_IDENT_JAVA_008/CODE_IDENT_JAVA_008.java,0,0,0,0,0
4249,44,baselines_work/cohorte/java/CODE_FUN_JAVA_014/CODE_FUN_JAVA_014.java,60,baselines_work/cohorte/java/CODE_IDENT_JAVA_008_COPY/CODE_IDENT_JAVA_008.java,0,0,0,0,0
4250,44,baselines_work/cohorte/java/CODE_FUN_JAVA_014/CODE_FUN_JAVA_014.java,62,baselines_work/cohorte/java/CODE_IDENT_JAVA_009/CODE_IDENT_JAVA_009.java,0,0,0,0,0
4251,44,baselines_work/cohorte/java/CODE_FUN_JAVA_014/CODE_FUN_JAVA_014.java,63,baselines_work/cohorte/java/CODE_IDENT_JAVA_009_COPY/CODE_IDENT_JAVA_009.java,0,0,0,0,0
4252,44,baselines_work/cohorte/java/CODE_FUN_JAVA_014/CODE_FUN_JAVA_014.java,61,baselines_work/cohorte/java/CODE_IDENT_JAVA_010/CODE_IDENT_JAVA_010.java,0,0,0,0,0
4253,44,baselines_work/cohorte/java/CODE_FUN_JAVA_014/CODE_FUN_JAVA_014.java,64,baselines_work/cohorte/java/CODE_IDENT_JAVA_010_COPY/CODE_IDENT_JAVA_010.java,0,0,0,0,0
4256,44,baselines_work/cohorte/java/CODE_FUN_JAVA_014/CODE_FUN_JAVA_014.java,66,baselines_work/cohorte/java/CODE_IDENT_JAVA_012/CODE_IDENT_JAVA_012.java,0,0,0,0,0
4257,44,baselines_work/cohorte/java/CODE_FUN_JAVA_014/CODE_FUN_JAVA_014.java,69,baselines_work/cohorte/java/CODE_IDENT_JAVA_012_COPY/CODE_IDENT_JAVA_012.java,0,0,0,0,0
4258,44,baselines_work/cohorte/java/CODE_FUN_JAVA_014/CODE_FUN_JAVA_014.java,68,baselines_work/cohorte/java/CODE_IDENT_JAVA_013/CODE_IDENT_JAVA_013.java,0,0,0,0,0
4259,44,baselines_work/cohorte/java/CODE_FUN_JAVA_014/CODE_FUN_JAVA_014.java,71,baselines_work/cohorte/java/CODE_IDENT_JAVA_013_COPY/CODE_IDENT_JAVA_013.java,0,0,0,0,0
4264,42,baselines_work/cohorte/java/CODE_FUN_JAVA_015/CODE_FUN_JAVA_015.java,43,baselines_work/cohorte/java/CODE_IDENT_JAVA_001/CODE_IDENT_JAVA_001.java,0,0,0,0,0
4265,42,baselines_work/cohorte/java/CODE_FUN_JAVA_015/CODE_FUN_JAVA_015.java,52,baselines_work/cohorte/java/CODE_IDENT_JAVA_001_COPY/CODE_IDENT_JAVA_001.java,0,0,0,0,0
4268,42,baselines_work/cohorte/java/CODE_FUN_JAVA_015/CODE_FUN_JAVA_015.java,49,baselines_work/cohorte/java/CODE_IDENT_JAVA_003/CODE_IDENT_JAVA_003.java,0,0,0,0,0
4269,42,baselines_work/cohorte/java/CODE_FUN_JAVA_015/CODE_FUN_JAVA_015.java,48,baselines_work/cohorte/java/CODE_IDENT_JAVA_003_COPY/CODE_IDENT_JAVA_003.java,0,0,0,0,0
4270,42,baselines_work/cohorte/java/CODE_FUN_JAVA_015/CODE_FUN_JAVA_015.java,54,baselines_work/cohorte/java/CODE_IDENT_JAVA_004/CODE_IDENT_JAVA_004.java,0,0,0,0,0
4271,42,baselines_work/cohorte/java/CODE_FUN_JAVA_015/CODE_FUN_JAVA_015.java,50,baselines_work/cohorte/java/CODE_IDENT_JAVA_004_COPY/CODE_IDENT_JAVA_004.java,0,0,0,0,0
4272,42,baselines_work/cohorte/java/CODE_FUN_JAVA_015/CODE_FUN_JAVA_015.java,59,baselines_work/cohorte/java/CODE_IDENT_JAVA_005/CODE_IDENT_JAVA_005.java,0,0,0,0,0
4273,42,baselines_work/cohorte/java/CODE_FUN_JAVA_015/CODE_FUN_JAVA_015.java,55,baselines_work/cohorte/java/CODE_IDENT_JAVA_005_COPY/CODE_IDENT_JAVA_005.java,0,0,0,0,0
4274,42,baselines_work/cohorte/java/CODE_FUN_JAVA_015/CODE_FUN_JAVA_015.java,51,baselines_work/cohorte/java/CODE_IDENT_JAVA_006/CODE_IDENT_JAVA_006.java,0,0,0,0,0
4275,42,baselines_work/cohorte/java/CODE_FUN_JAVA_015/CODE_FUN_JAVA_015.java,53,baselines_work/cohorte/java/CODE_IDENT_JAVA_006_COPY/CODE_IDENT_JAVA_006.java,0,0,0,0,0
4276,42,baselines_work/cohorte/java/CODE_FUN_JAVA_015/CODE_FUN_JAVA_015.java,57,baselines_work/cohorte/java/CODE_IDENT_JAVA_007/CODE_IDENT_JAVA_007.java,0,0,0,0,0
4277,42,baselines_work/cohorte/java/CODE_FUN_JAVA_015/CODE_FUN_JAVA_015.java,58,baselines_work/cohorte/java/CODE_IDENT_JAVA_007_COPY/CODE_IDENT_JAVA_007.java,0,0,0,0,0
4278,42,baselines_work/cohorte/java/CODE_FUN_JAVA_015/CODE_FUN_JAVA_015.java,56,baselines_work/cohorte/java/CODE_IDENT_JAVA_008/CODE_IDENT_JAVA_008.java,0,0,0,0,0
4279,42,baselines_work/cohorte/java/CODE_FUN_JAVA_015/CODE_FUN_JAVA_015.java,60,baselines_work/cohorte/java/CODE_IDENT_JAVA_008_COPY/CODE_IDENT_JAVA_008.java,0,0,0,0,0
4282,42,baselines_work/cohorte/java/CODE_FUN_JAVA_015/CODE_FUN_JAVA_015.java,61,baselines_work/cohorte/java/CODE_IDENT_JAVA_010/CODE_IDENT_JAVA_010.java,0,0,0,0,0
4283,42,baselines_work/cohorte/java/CODE_FUN_JAVA_015/CODE_FUN_JAVA_015.java,64,baselines_work/cohorte/java/CODE_IDENT_JAVA_010_COPY/CODE_IDENT_JAVA_010.java,0,0,0,0,0
4284,42,baselines_work/cohorte/java/CODE_FUN_JAVA_015/CODE_FUN_JAVA_015.java,67,baselines_work/cohorte/java/CODE_IDENT_JAVA_011/CODE_IDENT_JAVA_011.java,0,0,0,0,0
4285,42,baselines_work/cohorte/java/CODE_FUN_JAVA_015/CODE_FUN_JAVA_015.java,65,baselines_work/cohorte/java/CODE_IDENT_JAVA_011_COPY/CODE_IDENT_JAVA_011.java,0,0,0,0,0
4286,42,baselines_work/cohorte/java/CODE_FUN_JAVA_015/CODE_FUN_JAVA_015.java,66,baselines_work/cohorte/java/CODE_IDENT_JAVA_012/CODE_IDENT_JAVA_012.java,0,0,0,0,0
4287,42,baselines_work/cohorte/java/CODE_FUN_JAVA_015/CODE_FUN_JAVA_015.java,69,baselines_work/cohorte/java/CODE_IDENT_JAVA_012_COPY/CODE_IDENT_JAVA_012.java,0,0,0,0,0
4288,42,baselines_work/cohorte/java/CODE_FUN_JAVA_015/CODE_FUN_JAVA_015.java,68,baselines_work/cohorte/java/CODE_IDENT_JAVA_013/CODE_IDENT_JAVA_013.java,0,0,0,0,0
4289,42,baselines_work/cohorte/java/CODE_FUN_JAVA_015/CODE_FUN_JAVA_015.java,71,baselines_work/cohorte/java/CODE_IDENT_JAVA_013_COPY/CODE_IDENT_JAVA_013.java,0,0,0,0,0
4290,42,baselines_work/cohorte/java/CODE_FUN_JAVA_015/CODE_FUN_JAVA_015.java,70,baselines_work/cohorte/java/CODE_IDENT_JAVA_014/CODE_IDENT_JAVA_014.java,0,0,0,0,0
4291,42,baselines_work/cohorte/java/CODE_FUN_JAVA_015/CODE_FUN_JAVA_015.java,73,baselines_work/cohorte/java/CODE_IDENT_JAVA_014_COPY/CODE_IDENT_JAVA_014.java,0,0,0,0,0
4295,43,baselines_work/cohorte/java/CODE_IDENT_JAVA_001/CODE_IDENT_JAVA_001.java,45,baselines_work/cohorte/java/CODE_IDENT_JAVA_002/CODE_IDENT_JAVA_002.java,0,0,0,0,0
4296,43,baselines_work/cohorte/java/CODE_IDENT_JAVA_001/CODE_IDENT_JAVA_001.java,46,baselines_work/cohorte/java/CODE_IDENT_JAVA_002_COPY/CODE_IDENT_JAVA_002.java,0,0,0,0,0
4299,43,baselines_work/cohorte/java/CODE_IDENT_JAVA_001/CODE_IDENT_JAVA_001.java,54,baselines_work/cohorte/java/CODE_IDENT_JAVA_004/CODE_IDENT_JAVA_004.java,0,0,0,0,0
4300,43,baselines_work/cohorte/java/CODE_IDENT_JAVA_001/CODE_IDENT_JAVA_001.java,50,baselines_work/cohorte/java/CODE_IDENT_JAVA_004_COPY/CODE_IDENT_JAVA_004.java,0,0,0,0,0
4301,43,baselines_work/cohorte/java/CODE_IDENT_JAVA_001/CODE_IDENT_JAVA_001.java,59,baselines_work/cohorte/java/CODE_IDENT_JAVA_005/CODE_IDENT_JAVA_005.java,0,0,0,0,0
4302,43,baselines_work/cohorte/java/CODE_IDENT_JAVA_001/CODE_IDENT_JAVA_001.java,55,baselines_work/cohorte/java/CODE_IDENT_JAVA_005_COPY/CODE_IDENT_JAVA_005.java,0,0,0,0,0
4305,43,baselines_work/cohorte/java/CODE_IDENT_JAVA_001/CODE_IDENT_JAVA_001.java,57,baselines_work/cohorte/java/CODE_IDENT_JAVA_007/CODE_IDENT_JAVA_007.java,0,0,0,0,0
4306,43,baselines_work/cohorte/java/CODE_IDENT_JAVA_001/CODE_IDENT_JAVA_001.java,58,baselines_work/cohorte/java/CODE_IDENT_JAVA_007_COPY/CODE_IDENT_JAVA_007.java,0,0,0,0,0
4307,43,baselines_work/cohorte/java/CODE_IDENT_JAVA_001/CODE_IDENT_JAVA_001.java,56,baselines_work/cohorte/java/CODE_IDENT_JAVA_008/CODE_IDENT_JAVA_008.java,0,0,0,0,0
4308,43,baselines_work/cohorte/java/CODE_IDENT_JAVA_001/CODE_IDENT_JAVA_001.java,60,baselines_work/cohorte/java/CODE_IDENT_JAVA_008_COPY/CODE_IDENT_JAVA_008.java,0,0,0,0,0
4309,43,baselines_work/cohorte/java/CODE_IDENT_JAVA_001/CODE_IDENT_JAVA_001.java,62,baselines_work/cohorte/java/CODE_IDENT_JAVA_009/CODE_IDENT_JAVA_009.java,0,0,0,0,0
4310,43,baselines_work/cohorte/java/CODE_IDENT_JAVA_001/CODE_IDENT_JAVA_001.java,63,baselines_work/cohorte/java/CODE_IDENT_JAVA_009_COPY/CODE_IDENT_JAVA_009.java,0,0,0,0,0
4311,43,baselines_work/cohorte/java/CODE_IDENT_JAVA_001/CODE_IDENT_JAVA_001.java,61,baselines_work/cohorte/java/CODE_IDENT_JAVA_010/CODE_IDENT_JAVA_010.java,0,0,0,0,0
4312,43,baselines_work/cohorte/java/CODE_IDENT_JAVA_001/CODE_IDENT_JAVA_001.java,64,baselines_work/cohorte/java/CODE_IDENT_JAVA_010_COPY/CODE_IDENT_JAVA_010.java,0,0,0,0,0
4319,43,baselines_work/cohorte/java/CODE_IDENT_JAVA_001/CODE_IDENT_JAVA_001.java,70,baselines_work/cohorte/java/CODE_IDENT_JAVA_014/CODE_IDENT_JAVA_014.java,0,0,0,0,0
4320,43,baselines_work/cohorte/java/CODE_IDENT_JAVA_001/CODE_IDENT_JAVA_001.java,73,baselines_work/cohorte/java/CODE_IDENT_JAVA_014_COPY/CODE_IDENT_JAVA_014.java,0,0,0,0,0
4323,52,baselines_work/cohorte/java/CODE_IDENT_JAVA_001_COPY/CODE_IDENT_JAVA_001.java,45,baselines_work/cohorte/java/CODE_IDENT_JAVA_002/CODE_IDENT_JAVA_002.java,0,0,0,0,0
4324,52,baselines_work/cohorte/java/CODE_IDENT_JAVA_001_COPY/CODE_IDENT_JAVA_001.java,46,baselines_work/cohorte/java/CODE_IDENT_JAVA_002_COPY/CODE_IDENT_JAVA_002.java,0,0,0,0,0
4327,52,baselines_work/cohorte/java/CODE_IDENT_JAVA_001_COPY/CODE_IDENT_JAVA_001.java,54,baselines_work/cohorte/java/CODE_IDENT_JAVA_004/CODE_IDENT_JAVA_004.java,0,0,0,0,0
4328,52,baselines_work/cohorte/java/CODE_IDENT_JAVA_001_COPY/CODE_IDENT_JAVA_001.java,50,baselines_work/cohorte/java/CODE_IDENT_JAVA_004_COPY/CODE_IDENT_JAVA_004.java,0,0,0,0,0
4329,52,baselines_work/cohorte/java/CODE_IDENT_JAVA_001_COPY/CODE_IDENT_JAVA_001.java,59,baselines_work/cohorte/java/CODE_IDENT_JAVA_005/CODE_IDENT_JAVA_005.java,0,0,0,0,0
4330,52,baselines_work/cohorte/java/CODE_IDENT_JAVA_001_COPY/CODE_IDENT_JAVA_001.java,55,baselines_work/cohorte/java/CODE_IDENT_JAVA_005_COPY/CODE_IDENT_JAVA_005.java,0,0,0,0,0
4333,52,baselines_work/cohorte/java/CODE_IDENT_JAVA_001_COPY/CODE_IDENT_JAVA_001.java,57,baselines_work/cohorte/java/CODE_IDENT_JAVA_007/CODE_IDENT_JAVA_007.java,0,0,0,0,0
4334,52,baselines_work/cohorte/java/CODE_IDENT_JAVA_001_COPY/CODE_IDENT_JAVA_001.java,58,baselines_work/cohorte/java/CODE_IDENT_JAVA_007_COPY/CODE_IDENT_JAVA_007.java,0,0,0,0,0
4335,52,baselines_work/cohorte/java/CODE_IDENT_JAVA_001_COPY/CODE_IDENT_JAVA_001.java,56,baselines_work/cohorte/java/CODE_IDENT_JAVA_008/CODE_IDENT_JAVA_008.java,0,0,0,0,0
4336,52,baselines_work/cohorte/java/CODE_IDENT_JAVA_001_COPY/CODE_IDENT_JAVA_001.java,60,baselines_work/cohorte/java/CODE_IDENT_JAVA_008_COPY/CODE_IDENT_JAVA_008.java,0,0,0,0,0
4337,52,baselines_work/cohorte/java/CODE_IDENT_JAVA_001_COPY/CODE_IDENT_JAVA_001.java,62,baselines_work/cohorte/java/CODE_IDENT_JAVA_009/CODE_IDENT_JAVA_009.java,0,0,0,0,0
4338,52,baselines_work/cohorte/java/CODE_IDENT_JAVA_001_COPY/CODE_IDENT_JAVA_001.java,63,baselines_work/cohorte/java/CODE_IDENT_JAVA_009_COPY/CODE_IDENT_JAVA_009.java,0,0,0,0,0
4339,52,baselines_work/cohorte/java/CODE_IDENT_JAVA_001_COPY/CODE_IDENT_JAVA_001.java,61,baselines_work/cohorte/java/CODE_IDENT_JAVA_010/CODE_IDENT_JAVA_010.java,0,0,0,0,0
4340,52,baselines_work/cohorte/java/CODE_IDENT_JAVA_001_COPY/CODE_IDENT_JAVA_001.java,64,baselines_work/cohorte/java/CODE_IDENT_JAVA_010_COPY/CODE_IDENT_JAVA_010.java,0,0,0,0,0
4347,52,baselines_work/cohorte/java/CODE_IDENT_JAVA_001_COPY/CODE_IDENT_JAVA_001.java,70,baselines_work/cohorte/java/CODE_IDENT_JAVA_014/CODE_IDENT_JAVA_014.java,0,0,0,0,0
4348,52,baselines_work/cohorte/java/CODE_IDENT_JAVA_001_COPY/CODE_IDENT_JAVA_001.java,73,baselines_work/cohorte/java/CODE_IDENT_JAVA_014_COPY/CODE_IDENT_JAVA_014.java,0,0,0,0,0
4352,45,baselines_work/cohorte/java/CODE_IDENT_JAVA_002/CODE_IDENT_JAVA_002.java,49,baselines_work/cohorte/java/CODE_IDENT_JAVA_003/CODE_IDENT_JAVA_003.java,0,0,0,0,0
4353,45,baselines_work/cohorte/java/CODE_IDENT_JAVA_002/CODE_IDENT_JAVA_002.java,48,baselines_work/cohorte/java/CODE_IDENT_JAVA_003_COPY/CODE_IDENT_JAVA_003.java,0,0,0,0,0
4354,45,baselines_work/cohorte/java/CODE_IDENT_JAVA_002/CODE_IDENT_JAVA_002.java,54,baselines_work/cohorte/java/CODE_IDENT_JAVA_004/CODE_IDENT_JAVA_004.java,0,0,0,0,0
4355,45,baselines_work/cohorte/java/CODE_IDENT_JAVA_002/CODE_IDENT_JAVA_002.java,50,baselines_work/cohorte/java/CODE_IDENT_JAVA_004_COPY/CODE_IDENT_JAVA_004.java,0,0,0,0,0
4358,45,baselines_work/cohorte/java/CODE_IDENT_JAVA_002/CODE_IDENT_JAVA_002.java,51,baselines_work/cohorte/java/CODE_IDENT_JAVA_006/CODE_IDENT_JAVA_006.java,0,0,0,0,0
4359,45,baselines_work/cohorte/java/CODE_IDENT_JAVA_002/CODE_IDENT_JAVA_002.java,53,baselines_work/cohorte/java/CODE_IDENT_JAVA_006_COPY/CODE_IDENT_JAVA_006.java,0,0,0,0,0
4360,45,baselines_work/cohorte/java/CODE_IDENT_JAVA_002/CODE_IDENT_JAVA_002.java,57,baselines_work/cohorte/java/CODE_IDENT_JAVA_007/CODE_IDENT_JAVA_007.java,0,0,0,0,0
4361,45,baselines_work/cohorte/java/CODE_IDENT_JAVA_002/CODE_IDENT_JAVA_002.java,58,baselines_work/cohorte/java/CODE_IDENT_JAVA_007_COPY/CODE_IDENT_JAVA_007.java,0,0,0,0,0
4362,45,baselines_work/cohorte/java/CODE_IDENT_JAVA_002/CODE_IDENT_JAVA_002.java,56,baselines_work/cohorte/java/CODE_IDENT_JAVA_008/CODE_IDENT_JAVA_008.java,0,0,0,0,0
4363,45,baselines_work/cohorte/java/CODE_IDENT_JAVA_002/CODE_IDENT_JAVA_002.java,60,baselines_work/cohorte/java/CODE_IDENT_JAVA_008_COPY/CODE_IDENT_JAVA_008.java,0,0,0,0,0
4366,45,baselines_work/cohorte/java/CODE_IDENT_JAVA_002/CODE_IDENT_JAVA_002.java,61,baselines_work/cohorte/java/CODE_IDENT_JAVA_010/CODE_IDENT_JAVA_010.java,0,0,0,0,0
4367,45,baselines_work/cohorte/java/CODE_IDENT_JAVA_002/CODE_IDENT_JAVA_002.java,64,baselines_work/cohorte/java/CODE_IDENT_JAVA_010_COPY/CODE_IDENT_JAVA_010.java,0,0,0,0,0
4368,45,baselines_work/cohorte/java/CODE_IDENT_JAVA_002/CODE_IDENT_JAVA_002.java,67,baselines_work/cohorte/java/CODE_IDENT_JAVA_011/CODE_IDENT_JAVA_011.java,0,0,0,0,0
4369,45,baselines_work/cohorte/java/CODE_IDENT_JAVA_002/CODE_IDENT_JAVA_002.java,65,baselines_work/cohorte/java/CODE_IDENT_JAVA_011_COPY/CODE_IDENT_JAVA_011.java,0,0,0,0,0
4370,45,baselines_work/cohorte/java/CODE_IDENT_JAVA_002/CODE_IDENT_JAVA_002.java,66,baselines_work/cohorte/java/CODE_IDENT_JAVA_012/CODE_IDENT_JAVA_012.java,0,0,0,0,0
4371,45,baselines_work/cohorte/java/CODE_IDENT_JAVA_002/CODE_IDENT_JAVA_002.java,69,baselines_work/cohorte/java/CODE_IDENT_JAVA_012_COPY/CODE_IDENT_JAVA_012.java,0,0,0,0,0
4372,45,baselines_work/cohorte/java/CODE_IDENT_JAVA_002/CODE_IDENT_JAVA_002.java,68,baselines_work/cohorte/java/CODE_IDENT_JAVA_013/CODE_IDENT_JAVA_013.java,0,0,0,0,0
4373,45,baselines_work/cohorte/java/CODE_IDENT_JAVA_002/CODE_IDENT_JAVA_002.java,71,baselines_work/cohorte/java/CODE_IDENT_JAVA_013_COPY/CODE_IDENT_JAVA_013.java,0,0,0,0,0
4374,45,baselines_work/cohorte/java/CODE_IDENT_JAVA_002/CODE_IDENT_JAVA_002.java,70,baselines_work/cohorte/java/CODE_IDENT_JAVA_014/CODE_IDENT_JAVA_014.java,0,0,0,0,0
4375,45,baselines_work/cohorte/java/CODE_IDENT_JAVA_002/CODE_IDENT_JAVA_002.java,73,baselines_work/cohorte/java/CODE_IDENT_JAVA_014_COPY/CODE_IDENT_JAVA_014.java,0,0,0,0,0
4376,45,baselines_work/cohorte/java/CODE_IDENT_JAVA_002/CODE_IDENT_JAVA_002.java,72,baselines_work/cohorte/java/CODE_IDENT_JAVA_015/CODE_IDENT_JAVA_015.java,0,0,0,0,0
4377,45,baselines_work/cohorte/java/CODE_IDENT_JAVA_002/CODE_IDENT_JAVA_002.java,74,baselines_work/cohorte/java/CODE_IDENT_JAVA_015_COPY/CODE_IDENT_JAVA_015.java,0,0,0,0,0
4378,46,baselines_work/cohorte/java/CODE_IDENT_JAVA_002_COPY/CODE_IDENT_JAVA_002.java,49,baselines_work/cohorte/java/CODE_IDENT_JAVA_003/CODE_IDENT_JAVA_003.java,0,0,0,0,0
4379,46,baselines_work/cohorte/java/CODE_IDENT_JAVA_002_COPY/CODE_IDENT_JAVA_002.java,48,baselines_work/cohorte/java/CODE_IDENT_JAVA_003_COPY/CODE_IDENT_JAVA_003.java,0,0,0,0,0
4380,46,baselines_work/cohorte/java/CODE_IDENT_JAVA_002_COPY/CODE_IDENT_JAVA_002.java,54,baselines_work/cohorte/java/CODE_IDENT_JAVA_004/CODE_IDENT_JAVA_004.java,0,0,0,0,0
4381,46,baselines_work/cohorte/java/CODE_IDENT_JAVA_002_COPY/CODE_IDENT_JAVA_002.java,50,baselines_work/cohorte/java/CODE_IDENT_JAVA_004_COPY/CODE_IDENT_JAVA_004.java,0,0,0,0,0
4384,46,baselines_work/cohorte/java/CODE_IDENT_JAVA_002_COPY/CODE_IDENT_JAVA_002.java,51,baselines_work/cohorte/java/CODE_IDENT_JAVA_006/CODE_IDENT_JAVA_006.java,0,0,0,0,0
4385,46,baselines_work/cohorte/java/CODE_IDENT_JAVA_002_COPY/CODE_IDENT_JAVA_002.java,53,baselines_work/cohorte/java/CODE_IDENT_JAVA_006_COPY/CODE_IDENT_JAVA_006.java,0,0,0,0,0
4386,46,baselines_work/cohorte/java/CODE_IDENT_JAVA_002_COPY/CODE_IDENT_JAVA_002.java,57,baselines_work/cohorte/java/CODE_IDENT_JAVA_007/CODE_IDENT_JAVA_007.java,0,0,0,0,0
4387,46,baselines_work/cohorte/java/CODE_IDENT_JAVA_002_COPY/CODE_IDENT_JAVA_002.java,58,baselines_work/cohorte/java/CODE_IDENT_JAVA_007_COPY/CODE_IDENT_JAVA_007.java,0,0,0,0,0
4388,46,baselines_work/cohorte/java/CODE_IDENT_JAVA_002_COPY/CODE_IDENT_JAVA_002.java,56,baselines_work/cohorte/java/CODE_IDENT_JAVA_008/CODE_IDENT_JAVA_008.java,0,0,0,0,0
4389,46,baselines_work/cohorte/java/CODE_IDENT_JAVA_002_COPY/CODE_IDENT_JAVA_002.java,60,baselines_work/cohorte/java/CODE_IDENT_JAVA_008_COPY/CODE_IDENT_JAVA_008.java,0,0,0,0,0
4392,46,baselines_work/cohorte/java/CODE_IDENT_JAVA_002_COPY/CODE_IDENT_JAVA_002.java,61,baselines_work/cohorte/java/CODE_IDENT_JAVA_010/CODE_IDENT_JAVA_010.java,0,0,0,0,0
4393,46,baselines_work/cohorte/java/CODE_IDENT_JAVA_002_COPY/CODE_IDENT_JAVA_002.java,64,baselines_work/cohorte/java/CODE_IDENT_JAVA_010_COPY/CODE_IDENT_JAVA_010.java,0,0,0,0,0
4394,46,baselines_work/cohorte/java/CODE_IDENT_JAVA_002_COPY/CODE_IDENT_JAVA_002.java,67,baselines_work/cohorte/java/CODE_IDENT_JAVA_011/CODE_IDENT_JAVA_011.java,0,0,0,0,0
4395,46,baselines_work/cohorte/java/CODE_IDENT_JAVA_002_COPY/CODE_IDENT_JAVA_002.java,65,baselines_work/cohorte/java/CODE_IDENT_JAVA_011_COPY/CODE_IDENT_JAVA_011.java,0,0,0,0,0
4396,46,baselines_work/cohorte/java/CODE_IDENT_JAVA_002_COPY/CODE_IDENT_JAVA_002.java,66,baselines_work/cohorte/java/CODE_IDENT_JAVA_012/CODE_IDENT_JAVA_012.java,0,0,0,0,0
4397,46,baselines_work/cohorte/java/CODE_IDENT_JAVA_002_COPY/CODE_IDENT_JAVA_002.java,69,baselines_work/cohorte/java/CODE_IDENT_JAVA_012_COPY/CODE_IDENT_JAVA_012.java,0,0,0,0,0
4398,46,baselines_work/cohorte/java/CODE_IDENT_JAVA_002_COPY/CODE_IDENT_JAVA_002.java,68,baselines_work/cohorte/java/CODE_IDENT_JAVA_013/CODE_IDENT_JAVA_013.java,0,0,0,0,0
4399,46,baselines_work/cohorte/java/CODE_IDENT_JAVA_002_COPY/CODE_IDENT_JAVA_002.java,71,baselines_work/cohorte/java/CODE_IDENT_JAVA_013_COPY/CODE_IDENT_JAVA_013.java,0,0,0,0,0
4400,46,baselines_work/cohorte/java/CODE_IDENT_JAVA_002_COPY/CODE_IDENT_JAVA_002.java,70,baselines_work/cohorte/java/CODE_IDENT_JAVA_014/CODE_IDENT_JAVA_014.java,0,0,0,0,0
4401,46,baselines_work/cohorte/java/CODE_IDENT_JAVA_002_COPY/CODE_IDENT_JAVA_002.java,73,baselines_work/cohorte/java/CODE_IDENT_JAVA_014_COPY/CODE_IDENT_JAVA_014.java,0,0,0,0,0
4402,46,baselines_work/cohorte/java/CODE_IDENT_JAVA_002_COPY/CODE_IDENT_JAVA_002.java,72,baselines_work/cohorte/java/CODE_IDENT_JAVA_015/CODE_IDENT_JAVA_015.java,0,0,0,0,0
4403,46,baselines_work/cohorte/java/CODE_IDENT_JAVA_002_COPY/CODE_IDENT_JAVA_002.java,74,baselines_work/cohorte/java/CODE_IDENT_JAVA_015_COPY/CODE_IDENT_JAVA_015.java,0,0,0,0,0
4405,49,baselines_work/cohorte/java/CODE_IDENT_JAVA_003/CODE_IDENT_JAVA_003.java,54,baselines_work/cohorte/java/CODE_IDENT_JAVA_004/CODE_IDENT_JAVA_004.java,0,0,0,0,0
4406,49,baselines_work/cohorte/java/CODE_IDENT_JAVA_003/CODE_IDENT_JAVA_003.java,50,baselines_work/cohorte/java/CODE_IDENT_JAVA_004_COPY/CODE_IDENT_JAVA_004.java,0,0,0,0,0
4407,49,baselines_work/cohorte/java/CODE_IDENT_JAVA_003/CODE_IDENT_JAVA_003.java,59,baselines_work/cohorte/java/CODE_IDENT_JAVA_005/CODE_IDENT_JAVA_005.java,0,0,0,0,0
4408,49,baselines_work/cohorte/java/CODE_IDENT_JAVA_003/CODE_IDENT_JAVA_003.java,55,baselines_work/cohorte/java/CODE_IDENT_JAVA_005_COPY/CODE_IDENT_JAVA_005.java,0,0,0,0,0
4411,49,baselines_work/cohorte/java/CODE_IDENT_JAVA_003/CODE_IDENT_JAVA_003.java,57,baselines_work/cohorte/java/CODE_IDENT_JAVA_007/CODE_IDENT_JAVA_007.java,0,0,0,0,0
4412,49,baselines_work/cohorte/java/CODE_IDENT_JAVA_003/CODE_IDENT_JAVA_003.java,58,baselines_work/cohorte/java/CODE_IDENT_JAVA_007_COPY/CODE_IDENT_JAVA_007.java,0,0,0,0,0
4413,49,baselines_work/cohorte/java/CODE_IDENT_JAVA_003/CODE_IDENT_JAVA_003.java,56,baselines_work/cohorte/java/CODE_IDENT_JAVA_008/CODE_IDENT_JAVA_008.java,0,0,0,0,0
4414,49,baselines_work/cohorte/java/CODE_IDENT_JAVA_003/CODE_IDENT_JAVA_003.java,60,baselines_work/cohorte/java/CODE_IDENT_JAVA_008_COPY/CODE_IDENT_JAVA_008.java,0,0,0,0,0
4415,49,baselines_work/cohorte/java/CODE_IDENT_JAVA_003/CODE_IDENT_JAVA_003.java,62,baselines_work/cohorte/java/CODE_IDENT_JAVA_009/CODE_IDENT_JAVA_009.java,0,0,0,0,0
4416,49,baselines_work/cohorte/java/CODE_IDENT_JAVA_003/CODE_IDENT_JAVA_003.java,63,baselines_work/cohorte/java/CODE_IDENT_JAVA_009_COPY/CODE_IDENT_JAVA_009.java,0,0,0,0,0
4417,49,baselines_work/cohorte/java/CODE_IDENT_JAVA_003/CODE_IDENT_JAVA_003.java,61,baselines_work/cohorte/java/CODE_IDENT_JAVA_010/CODE_IDENT_JAVA_010.java,0,0,0,0,0
4418,49,baselines_work/cohorte/java/CODE_IDENT_JAVA_003/CODE_IDENT_JAVA_003.java,64,baselines_work/cohorte/java/CODE_IDENT_JAVA_010_COPY/CODE_IDENT_JAVA_010.java,0,0,0,0,0
4419,49,baselines_work/cohorte/java/CODE_IDENT_JAVA_003/CODE_IDENT_JAVA_003.java,67,baselines_work/cohorte/java/CODE_IDENT_JAVA_011/CODE_IDENT_JAVA_011.java,0,0,0,0,0
4420,49,baselines_work/cohorte/java/CODE_IDENT_JAVA_003/CODE_IDENT_JAVA_003.java,65,baselines_work/cohorte/java/CODE_IDENT_JAVA_011_COPY/CODE_IDENT_JAVA_011.java,0,0,0,0,0
4421,49,baselines_work/cohorte/java/CODE_IDENT_JAVA_003/CODE_IDENT_JAVA_003.java,66,baselines_work/cohorte/java/CODE_IDENT_JAVA_012/CODE_IDENT_JAVA_012.java,0,0,0,0,0
4422,49,baselines_work/cohorte/java/CODE_IDENT_JAVA_003/CODE_IDENT_JAVA_003.java,69,baselines_work/cohorte/java/CODE_IDENT_JAVA_012_COPY/CODE_IDENT_JAVA_012.java,0,0,0,0,0
4423,49,baselines_work/cohorte/java/CODE_IDENT_JAVA_003/CODE_IDENT_JAVA_003.java,68,baselines_work/cohorte/java/CODE_IDENT_JAVA_013/CODE_IDENT_JAVA_013.java,0,0,0,0,0
4424,49,baselines_work/cohorte/java/CODE_IDENT_JAVA_003/CODE_IDENT_JAVA_003.java,71,baselines_work/cohorte/java/CODE_IDENT_JAVA_013_COPY/CODE_IDENT_JAVA_013.java,0,0,0,0,0
4425,49,baselines_work/cohorte/java/CODE_IDENT_JAVA_003/CODE_IDENT_JAVA_003.java,70,baselines_work/cohorte/java/CODE_IDENT_JAVA_014/CODE_IDENT_JAVA_014.java,0,0,0,0,0
4426,49,baselines_work/cohorte/java/CODE_IDENT_JAVA_003/CODE_IDENT_JAVA_003.java,73,baselines_work/cohorte/java/CODE_IDENT_JAVA_014_COPY/CODE_IDENT_JAVA_014.java,0,0,0,0,0
4427,49,baselines_work/cohorte/java/CODE_IDENT_JAVA_003/CODE_IDENT_JAVA_003.java,72,baselines_work/cohorte/java/CODE_IDENT_JAVA_015/CODE_IDENT_JAVA_015.java,0,0,0,0,0
4428,49,baselines_work/cohorte/java/CODE_IDENT_JAVA_003/CODE_IDENT_JAVA_003.java,74,baselines_work/cohorte/java/CODE_IDENT_JAVA_015_COPY/CODE_IDENT_JAVA_015.java,0,0,0,0,0
4429,48,baselines_work/cohorte/java/CODE_IDENT_JAVA_003_COPY/CODE_IDENT_JAVA_003.java,54,baselines_work/cohorte/java/CODE_IDENT_JAVA_004/CODE_IDENT_JAVA_004.java,0,0,0,0,0
4430,48,baselines_work/cohorte/java/CODE_IDENT_JAVA_003_COPY/CODE_IDENT_JAVA_003.java,50,baselines_work/cohorte/java/CODE_IDENT_JAVA_004_COPY/CODE_IDENT_JAVA_004.java,0,0,0,0,0
4431,48,baselines_work/cohorte/java/CODE_IDENT_JAVA_003_COPY/CODE_IDENT_JAVA_003.java,59,baselines_work/cohorte/java/CODE_IDENT_JAVA_005/CODE_IDENT_JAVA_005.java,0,0,0,0,0
4432,48,baselines_work/cohorte/java/CODE_IDENT_JAVA_003_COPY/CODE_IDENT_JAVA_003.java,55,baselines_work/cohorte/java/CODE_IDENT_JAVA_005_COPY/CODE_IDENT_JAVA_005.java,0,0,0,0,0
4435,48,baselines_work/cohorte/java/CODE_IDENT_JAVA_003_COPY/CODE_IDENT_JAVA_003.java,57,baselines_work/cohorte/java/CODE_IDENT_JAVA_007/CODE_IDENT_JAVA_007.java,0,0,0,0,0
4436,48,baselines_work/cohorte/java/CODE_IDENT_JAVA_003_COPY/CODE_IDENT_JAVA_003.java,58,baselines_work/cohorte/java/CODE_IDENT_JAVA_007_COPY/CODE_IDENT_JAVA_007.java,0,0,0,0,0
4437,48,baselines_work/cohorte/java/CODE_IDENT_JAVA_003_COPY/CODE_IDENT_JAVA_003.java,56,baselines_work/cohorte/java/CODE_IDENT_JAVA_008/CODE_IDENT_JAVA_008.java,0,0,0,0,0
4438,48,baselines_work/cohorte/java/CODE_IDENT_JAVA_003_COPY/CODE_IDENT_JAVA_003.java,60,baselines_work/cohorte/java/CODE_IDENT_JAVA_008_COPY/CODE_IDENT_JAVA_008.java,0,0,0,0,0
4439,48,baselines_work/cohorte/java/CODE_IDENT_JAVA_003_COPY/CODE_IDENT_JAVA_003.java,62,baselines_work/cohorte/java/CODE_IDENT_JAVA_009/CODE_IDENT_JAVA_009.java,0,0,0,0,0
4440,48,baselines_work/cohorte/java/CODE_IDENT_JAVA_003_COPY/CODE_IDENT_JAVA_003.java,63,baselines_work/cohorte/java/CODE_IDENT_JAVA_009_COPY/CODE_IDENT_JAVA_009.java,0,0,0,0,0
4441,48,baselines_work/cohorte/java/CODE_IDENT_JAVA_003_COPY/CODE_IDENT_JAVA_003.java,61,baselines_work/cohorte/java/CODE_IDENT_JAVA_010/CODE_IDENT_JAVA_010.java,0,0,0,0,0
4442,48,baselines_work/cohorte/java/CODE_IDENT_JAVA_003_COPY/CODE_IDENT_JAVA_003.java,64,baselines_work/cohorte/java/CODE_IDENT_JAVA_010_COPY/CODE_IDENT_JAVA_010.java,0,0,0,0,0
4443,48,baselines_work/cohorte/java/CODE_IDENT_JAVA_003_COPY/CODE_IDENT_JAVA_003.java,67,baselines_work/cohorte/java/CODE_IDENT_JAVA_011/CODE_IDENT_JAVA_011.java,0,0,0,0,0
4444,48,baselines_work/cohorte/java/CODE_IDENT_JAVA_003_COPY/CODE_IDENT_JAVA_003.java,65,baselines_work/cohorte/java/CODE_IDENT_JAVA_011_COPY/CODE_IDENT_JAVA_011.java,0,0,0,0,0
4445,48,baselines_work/cohorte/java/CODE_IDENT_JAVA_003_COPY/CODE_IDENT_JAVA_003.java,66,baselines_work/cohorte/java/CODE_IDENT_JAVA_012/CODE_IDENT_JAVA_012.java,0,0,0,0,0
4446,48,baselines_work/cohorte/java/CODE_IDENT_JAVA_003_COPY/CODE_IDENT_JAVA_003.java,69,baselines_work/cohorte/java/CODE_IDENT_JAVA_012_COPY/CODE_IDENT_JAVA_012.java,0,0,0,0,0
4447,48,baselines_work/cohorte/java/CODE_IDENT_JAVA_003_COPY/CODE_IDENT_JAVA_003.java,68,baselines_work/cohorte/java/CODE_IDENT_JAVA_013/CODE_IDENT_JAVA_013.java,0,0,0,0,0
4448,48,baselines_work/cohorte/java/CODE_IDENT_JAVA_003_COPY/CODE_IDENT_JAVA_003.java,71,baselines_work/cohorte/java/CODE_IDENT_JAVA_013_COPY/CODE_IDENT_JAVA_013.java,0,0,0,0,0
4449,48,baselines_work/cohorte/java/CODE_IDENT_JAVA_003_COPY/CODE_IDENT_JAVA_003.java,70,baselines_work/cohorte/java/CODE_IDENT_JAVA_014/CODE_IDENT_JAVA_014.java,0,0,0,0,0
4450,48,baselines_work/cohorte/java/CODE_IDENT_JAVA_003_COPY/CODE_IDENT_JAVA_003.java,73,baselines_work/cohorte/java/CODE_IDENT_JAVA_014_COPY/CODE_IDENT_JAVA_014.java,0,0,0,0,0
4451,48,baselines_work/cohorte/java/CODE_IDENT_JAVA_003_COPY/CODE_IDENT_JAVA_003.java,72,baselines_work/cohorte/java/CODE_IDENT_JAVA_015/CODE_IDENT_JAVA_015.java,0,0,0,0,0
4452,48,baselines_work/cohorte/java/CODE_IDENT_JAVA_003_COPY/CODE_IDENT_JAVA_003.java,74,baselines_work/cohorte/java/CODE_IDENT_JAVA_015_COPY/CODE_IDENT_JAVA_015.java,0,0,0,0,0
4454,54,baselines_work/cohorte/java/CODE_IDENT_JAVA_004/CODE_IDENT_JAVA_004.java,59,baselines_work/cohorte/java/CODE_IDENT_JAVA_005/CODE_IDENT_JAVA_005.java,0,0,0,0,0
4455,54,baselines_work/cohorte/java/CODE_IDENT_JAVA_004/CODE_IDENT_JAVA_004.java,55,baselines_work/cohorte/java/CODE_IDENT_JAVA_005_COPY/CODE_IDENT_JAVA_005.java,0,0,0,0,0
4456,54,baselines_work/cohorte/java/CODE_IDENT_JAVA_004/CODE_IDENT_JAVA_004.java,51,baselines_work/cohorte/java/CODE_IDENT_JAVA_006/CODE_IDENT_JAVA_006.java,0,0,0,0,0
4457,54,baselines_work/cohorte/java/CODE_IDENT_JAVA_004/CODE_IDENT_JAVA_004.java,53,baselines_work/cohorte/java/CODE_IDENT_JAVA_006_COPY/CODE_IDENT_JAVA_006.java,0,0,0,0,0
4462,54,baselines_work/cohorte/java/CODE_IDENT_JAVA_004/CODE_IDENT_JAVA_004.java,62,baselines_work/cohorte/java/CODE_IDENT_JAVA_009/CODE_IDENT_JAVA_009.java,0,0,0,0,0
4463,54,baselines_work/cohorte/java/CODE_IDENT_JAVA_004/CODE_IDENT_JAVA_004.java,63,baselines_work/cohorte/java/CODE_IDENT_JAVA_009_COPY/CODE_IDENT_JAVA_009.java,0,0,0,0,0
4464,54,baselines_work/cohorte/java/CODE_IDENT_JAVA_004/CODE_IDENT_JAVA_004.java,61,baselines_work/cohorte/java/CODE_IDENT_JAVA_010/CODE_IDENT_JAVA_010.java,0,0,0,0,0
4465,54,baselines_work/cohorte/java/CODE_IDENT_JAVA_004/CODE_IDENT_JAVA_004.java,64,baselines_work/cohorte/java/CODE_IDENT_JAVA_010_COPY/CODE_IDENT_JAVA_010.java,0,0,0,0,0
4466,54,baselines_work/cohorte/java/CODE_IDENT_JAVA_004/CODE_IDENT_JAVA_004.java,67,baselines_work/cohorte/java/CODE_IDENT_JAVA_011/CODE_IDENT_JAVA_011.java,0,0,0,0,0
4467,54,baselines_work/cohorte/java/CODE_IDENT_JAVA_004/CODE_IDENT_JAVA_004.java,65,baselines_work/cohorte/java/CODE_IDENT_JAVA_011_COPY/CODE_IDENT_JAVA_011.java,0,0,0,0,0
4468,54,baselines_work/cohorte/java/CODE_IDENT_JAVA_004/CODE_IDENT_JAVA_004.java,66,baselines_work/cohorte/java/CODE_IDENT_JAVA_012/CODE_IDENT_JAVA_012.java,0,0,0,0,0
4469,54,baselines_work/cohorte/java/CODE_IDENT_JAVA_004/CODE_IDENT_JAVA_004.java,69,baselines_work/cohorte/java/CODE_IDENT_JAVA_012_COPY/CODE_IDENT_JAVA_012.java,0,0,0,0,0
4470,54,baselines_work/cohorte/java/CODE_IDENT_JAVA_004/CODE_IDENT_JAVA_004.java,68,baselines_work/cohorte/java/CODE_IDENT_JAVA_013/CODE_IDENT_JAVA_013.java,0,0,0,0,0
4471,54,baselines_work/cohorte/java/CODE_IDENT_JAVA_004/CODE_IDENT_JAVA_004.java,71,baselines_work/cohorte/java/CODE_IDENT_JAVA_013_COPY/CODE_IDENT_JAVA_013.java,0,0,0,0,0
4474,54,baselines_work/cohorte/java/CODE_IDENT_JAVA_004/CODE_IDENT_JAVA_004.java,72,baselines_work/cohorte/java/CODE_IDENT_JAVA_015/CODE_IDENT_JAVA_015.java,0,0,0,0,0
4475,54,baselines_work/cohorte/java/CODE_IDENT_JAVA_004/CODE_IDENT_JAVA_004.java,74,baselines_work/cohorte/java/CODE_IDENT_JAVA_015_COPY/CODE_IDENT_JAVA_015.java,0,0,0,0,0
4476,50,baselines_work/cohorte/java/CODE_IDENT_JAVA_004_COPY/CODE_IDENT_JAVA_004.java,59,baselines_work/cohorte/java/CODE_IDENT_JAVA_005/CODE_IDENT_JAVA_005.java,0,0,0,0,0
4477,50,baselines_work/cohorte/java/CODE_IDENT_JAVA_004_COPY/CODE_IDENT_JAVA_004.java,55,baselines_work/cohorte/java/CODE_IDENT_JAVA_005_COPY/CODE_IDENT_JAVA_005.java,0,0,0,0,0
4478,50,baselines_work/cohorte/java/CODE_IDENT_JAVA_004_COPY/CODE_IDENT_JAVA_004.java,51,baselines_work/cohorte/java/CODE_IDENT_JAVA_006/CODE_IDENT_JAVA_006.java,0,0,0,0,0
4479,50,baselines_work/cohorte/java/CODE_IDENT_JAVA_004_COPY/CODE_IDENT_JAVA_004.java,53,baselines_work/cohorte/java/CODE_IDENT_JAVA_006_COPY/CODE_IDENT_JAVA_006.java,0,0,0,0,0
4484,50,baselines_work/cohorte/java/CODE_IDENT_JAVA_004_COPY/CODE_IDENT_JAVA_004.java,62,baselines_work/cohorte/java/CODE_IDENT_JAVA_009/CODE_IDENT_JAVA_009.java,0,0,0,0,0
4485,50,baselines_work/cohorte/java/CODE_IDENT_JAVA_004_COPY/CODE_IDENT_JAVA_004.java,63,baselines_work/cohorte/java/CODE_IDENT_JAVA_009_COPY/CODE_IDENT_JAVA_009.java,0,0,0,0,0
4486,50,baselines_work/cohorte/java/CODE_IDENT_JAVA_004_COPY/CODE_IDENT_JAVA_004.java,61,baselines_work/cohorte/java/CODE_IDENT_JAVA_010/CODE_IDENT_JAVA_010.java,0,0,0,0,0
4487,50,baselines_work/cohorte/java/CODE_IDENT_JAVA_004_COPY/CODE_IDENT_JAVA_004.java,64,baselines_work/cohorte/java/CODE_IDENT_JAVA_010_COPY/CODE_IDENT_JAVA_010.java,0,0,0,0,0
4488,50,baselines_work/cohorte/java/CODE_IDENT_JAVA_004_COPY/CODE_IDENT_JAVA_004.java,67,baselines_work/cohorte/java/CODE_IDENT_JAVA_011/CODE_IDENT_JAVA_011.java,0,0,0,0,0
4489,50,baselines_work/cohorte/java/CODE_IDENT_JAVA_004_COPY/CODE_IDENT_JAVA_004.java,65,baselines_work/cohorte/java/CODE_IDENT_JAVA_011_COPY/CODE_IDENT_JAVA_011.java,0,0,0,0,0
4490,50,baselines_work/cohorte/java/CODE_IDENT_JAVA_004_COPY/CODE_IDENT_JAVA_004.java,66,baselines_work/cohorte/java/CODE_IDENT_JAVA_012/CODE_IDENT_JAVA_012.java,0,0,0,0,0
4491,50,baselines_work/cohorte/java/CODE_IDENT_JAVA_004_COPY/CODE_IDENT_JAVA_004.java,69,baselines_work/cohorte/java/CODE_IDENT_JAVA_012_COPY/CODE_IDENT_JAVA_012.java,0,0,0,0,0
4492,50,baselines_work/cohorte/java/CODE_IDENT_JAVA_004_COPY/CODE_IDENT_JAVA_004.java,68,baselines_work/cohorte/java/CODE_IDENT_JAVA_013/CODE_IDENT_JAVA_013.java,0,0,0,0,0
4493,50,baselines_work/cohorte/java/CODE_IDENT_JAVA_004_COPY/CODE_IDENT_JAVA_004.java,71,baselines_work/cohorte/java/CODE_IDENT_JAVA_013_COPY/CODE_IDENT_JAVA_013.java,0,0,0,0,0
4496,50,baselines_work/cohorte/java/CODE_IDENT_JAVA_004_COPY/CODE_IDENT_JAVA_004.java,72,baselines_work/cohorte/java/CODE_IDENT_JAVA_015/CODE_IDENT_JAVA_015.java,0,0,0,0,0
4497,50,baselines_work/cohorte/java/CODE_IDENT_JAVA_004_COPY/CODE_IDENT_JAVA_004.java,74,baselines_work/cohorte/java/CODE_IDENT_JAVA_015_COPY/CODE_IDENT_JAVA_015.java,0,0,0,0,0
4499,59,baselines_work/cohorte/java/CODE_IDENT_JAVA_005/CODE_IDENT_JAVA_005.java,51,baselines_work/cohorte/java/CODE_IDENT_JAVA_006/CODE_IDENT_JAVA_006.java,0,0,0,0,0
4500,59,baselines_work/cohorte/java/CODE_IDENT_JAVA_005/CODE_IDENT_JAVA_005.java,53,baselines_work/cohorte/java/CODE_IDENT_JAVA_006_COPY/CODE_IDENT_JAVA_006.java,0,0,0,0,0
4501,59,baselines_work/cohorte/java/CODE_IDENT_JAVA_005/CODE_IDENT_JAVA_005.java,57,baselines_work/cohorte/java/CODE_IDENT_JAVA_007/CODE_IDENT_JAVA_007.java,0,0,0,0,0
4502,59,baselines_work/cohorte/java/CODE_IDENT_JAVA_005/CODE_IDENT_JAVA_005.java,58,baselines_work/cohorte/java/CODE_IDENT_JAVA_007_COPY/CODE_IDENT_JAVA_007.java,0,0,0,0,0
4503,59,baselines_work/cohorte/java/CODE_IDENT_JAVA_005/CODE_IDENT_JAVA_005.java,56,baselines_work/cohorte/java/CODE_IDENT_JAVA_008/CODE_IDENT_JAVA_008.java,0,0,0,0,0
4504,59,baselines_work/cohorte/java/CODE_IDENT_JAVA_005/CODE_IDENT_JAVA_005.java,60,baselines_work/cohorte/java/CODE_IDENT_JAVA_008_COPY/CODE_IDENT_JAVA_008.java,0,0,0,0,0
4505,59,baselines_work/cohorte/java/CODE_IDENT_JAVA_005/CODE_IDENT_JAVA_005.java,62,baselines_work/cohorte/java/CODE_IDENT_JAVA_009/CODE_IDENT_JAVA_009.java,0,0,0,0,0
4506,59,baselines_work/cohorte/java/CODE_IDENT_JAVA_005/CODE_IDENT_JAVA_005.java,63,baselines_work/cohorte/java/CODE_IDENT_JAVA_009_COPY/CODE_IDENT_JAVA_009.java,0,0,0,0,0
4509,59,baselines_work/cohorte/java/CODE_IDENT_JAVA_005/CODE_IDENT_JAVA_005.java,67,baselines_work/cohorte/java/CODE_IDENT_JAVA_011/CODE_IDENT_JAVA_011.java,0,0,0,0,0
4510,59,baselines_work/cohorte/java/CODE_IDENT_JAVA_005/CODE_IDENT_JAVA_005.java,65,baselines_work/cohorte/java/CODE_IDENT_JAVA_011_COPY/CODE_IDENT_JAVA_011.java,0,0,0,0,0
4513,59,baselines_work/cohorte/java/CODE_IDENT_JAVA_005/CODE_IDENT_JAVA_005.java,68,baselines_work/cohorte/java/CODE_IDENT_JAVA_013/CODE_IDENT_JAVA_013.java,0,0,0,0,0
4514,59,baselines_work/cohorte/java/CODE_IDENT_JAVA_005/CODE_IDENT_JAVA_005.java,71,baselines_work/cohorte/java/CODE_IDENT_JAVA_013_COPY/CODE_IDENT_JAVA_013.java,0,0,0,0,0
4517,59,baselines_work/cohorte/java/CODE_IDENT_JAVA_005/CODE_IDENT_JAVA_005.java,72,baselines_work/cohorte/java/CODE_IDENT_JAVA_015/CODE_IDENT_JAVA_015.java,0,0,0,0,0
4518,59,baselines_work/cohorte/java/CODE_IDENT_JAVA_005/CODE_IDENT_JAVA_005.java,74,baselines_work/cohorte/java/CODE_IDENT_JAVA_015_COPY/CODE_IDENT_JAVA_015.java,0,0,0,0,0
4519,55,baselines_work/cohorte/java/CODE_IDENT_JAVA_005_COPY/CODE_IDENT_JAVA_005.java,51,baselines_work/cohorte/java/CODE_IDENT_JAVA_006/CODE_IDENT_JAVA_006.java,0,0,0,0,0
4520,55,baselines_work/cohorte/java/CODE_IDENT_JAVA_005_COPY/CODE_IDENT_JAVA_005.java,53,baselines_work/cohorte/java/CODE_IDENT_JAVA_006_COPY/CODE_IDENT_JAVA_006.java,0,0,0,0,0
4521,55,baselines_work/cohorte/java/CODE_IDENT_JAVA_005_COPY/CODE_IDENT_JAVA_005.java,57,baselines_work/cohorte/java/CODE_IDENT_JAVA_007/CODE_IDENT_JAVA_007.java,0,0,0,0,0
4522,55,baselines_work/cohorte/java/CODE_IDENT_JAVA_005_COPY/CODE_IDENT_JAVA_005.java,58,baselines_work/cohorte/java/CODE_IDENT_JAVA_007_COPY/CODE_IDENT_JAVA_007.java,0,0,0,0,0
4523,55,baselines_work/cohorte/java/CODE_IDENT_JAVA_005_COPY/CODE_IDENT_JAVA_005.java,56,baselines_work/cohorte/java/CODE_IDENT_JAVA_008/CODE_IDENT_JAVA_008.java,0,0,0,0,0
4524,55,baselines_work/cohorte/java/CODE_IDENT_JAVA_005_COPY/CODE_IDENT_JAVA_005.java,60,baselines_work/cohorte/java/CODE_IDENT_JAVA_008_COPY/CODE_IDENT_JAVA_008.java,0,0,0,0,0
4525,55,baselines_work/cohorte/java/CODE_IDENT_JAVA_005_COPY/CODE_IDENT_JAVA_005.java,62,baselines_work/cohorte/java/CODE_IDENT_JAVA_009/CODE_IDENT_JAVA_009.java,0,0,0,0,0
4526,55,baselines_work/cohorte/java/CODE_IDENT_JAVA_005_COPY/CODE_IDENT_JAVA_005.java,63,baselines_work/cohorte/java/CODE_IDENT_JAVA_009_COPY/CODE_IDENT_JAVA_009.java,0,0,0,0,0
4529,55,baselines_work/cohorte/java/CODE_IDENT_JAVA_005_COPY/CODE_IDENT_JAVA_005.java,67,baselines_work/cohorte/java/CODE_IDENT_JAVA_011/CODE_IDENT_JAVA_011.java,0,0,0,0,0
4530,55,baselines_work/cohorte/java/CODE_IDENT_JAVA_005_COPY/CODE_IDENT_JAVA_005.java,65,baselines_work/cohorte/java/CODE_IDENT_JAVA_011_COPY/CODE_IDENT_JAVA_011.java,0,0,0,0,0
4533,55,baselines_work/cohorte/java/CODE_IDENT_JAVA_005_COPY/CODE_IDENT_JAVA_005.java,68,baselines_work/cohorte/java/CODE_IDENT_JAVA_013/CODE_IDENT_JAVA_013.java,0,0,0,0,0
4534,55,baselines_work/cohorte/java/CODE_IDENT_JAVA_005_COPY/CODE_IDENT_JAVA_005.java,71,baselines_work/cohorte/java/CODE_IDENT_JAVA_013_COPY/CODE_IDENT_JAVA_013.java,0,0,0,0,0
4537,55,baselines_work/cohorte/java/CODE_IDENT_JAVA_005_COPY/CODE_IDENT_JAVA_005.java,72,baselines_work/cohorte/java/CODE_IDENT_JAVA_015/CODE_IDENT_JAVA_015.java,0,0,0,0,0
4538,55,baselines_work/cohorte/java/CODE_IDENT_JAVA_005_COPY/CODE_IDENT_JAVA_005.java,74,baselines_work/cohorte/java/CODE_IDENT_JAVA_015_COPY/CODE_IDENT_JAVA_015.java,0,0,0,0,0
4540,51,baselines_work/cohorte/java/CODE_IDENT_JAVA_006/CODE_IDENT_JAVA_006.java,57,baselines_work/cohorte/java/CODE_IDENT_JAVA_007/CODE_IDENT_JAVA_007.java,0,0,0,0,0
4541,51,baselines_work/cohorte/java/CODE_IDENT_JAVA_006/CODE_IDENT_JAVA_006.java,58,baselines_work/cohorte/java/CODE_IDENT_JAVA_007_COPY/CODE_IDENT_JAVA_007.java,0,0,0,0,0
4542,51,baselines_work/cohorte/java/CODE_IDENT_JAVA_006/CODE_IDENT_JAVA_006.java,56,baselines_work/cohorte/java/CODE_IDENT_JAVA_008/CODE_IDENT_JAVA_008.java,0,0,0,0,0
4543,51,baselines_work/cohorte/java/CODE_IDENT_JAVA_006/CODE_IDENT_JAVA_006.java,60,baselines_work/cohorte/java/CODE_IDENT_JAVA_008_COPY/CODE_IDENT_JAVA_008.java,0,0,0,0,0
4544,51,baselines_work/cohorte/java/CODE_IDENT_JAVA_006/CODE_IDENT_JAVA_006.java,62,baselines_work/cohorte/java/CODE_IDENT_JAVA_009/CODE_IDENT_JAVA_009.java,0,0,0,0,0
4545,51,baselines_work/cohorte/java/CODE_IDENT_JAVA_006/CODE_IDENT_JAVA_006.java,63,baselines_work/cohorte/java/CODE_IDENT_JAVA_009_COPY/CODE_IDENT_JAVA_009.java,0,0,0,0,0
4546,51,baselines_work/cohorte/java/CODE_IDENT_JAVA_006/CODE_IDENT_JAVA_006.java,61,baselines_work/cohorte/java/CODE_IDENT_JAVA_010/CODE_IDENT_JAVA_010.java,0,0,0,0,0
4547,51,baselines_work/cohorte/java/CODE_IDENT_JAVA_006/CODE_IDENT_JAVA_006.java,64,baselines_work/cohorte/java/CODE_IDENT_JAVA_010_COPY/CODE_IDENT_JAVA_010.java,0,0,0,0,0
4548,51,baselines_work/cohorte/java/CODE_IDENT_JAVA_006/CODE_IDENT_JAVA_006.java,67,baselines_work/cohorte/java/CODE_IDENT_JAVA_011/CODE_IDENT_JAVA_011.java,0,0,0,0,0
4549,51,baselines_work/cohorte/java/CODE_IDENT_JAVA_006/CODE_IDENT_JAVA_006.java,65,baselines_work/cohorte/java/CODE_IDENT_JAVA_011_COPY/CODE_IDENT_JAVA_011.java,0,0,0,0,0
4550,51,baselines_work/cohorte/java/CODE_IDENT_JAVA_006/CODE_IDENT_JAVA_006.java,66,baselines_work/cohorte/java/CODE_IDENT_JAVA_012/CODE_IDENT_JAVA_012.java,0,0,0,0,0
4551,51,baselines_work/cohorte/java/CODE_IDENT_JAVA_006/CODE_IDENT_JAVA_006.java,69,baselines_work/cohorte/java/CODE_IDENT_JAVA_012_COPY/CODE_IDENT_JAVA_012.java,0,0,0,0,0
4554,51,baselines_work/cohorte/java/CODE_IDENT_JAVA_006/CODE_IDENT_JAVA_006.java,70,baselines_work/cohorte/java/CODE_IDENT_JAVA_014/CODE_IDENT_JAVA_014.java,0,0,0,0,0
4555,51,baselines_work/cohorte/java/CODE_IDENT_JAVA_006/CODE_IDENT_JAVA_006.java,73,baselines_work/cohorte/java/CODE_IDENT_JAVA_014_COPY/CODE_IDENT_JAVA_014.java,0,0,0,0,0
4556,51,baselines_work/cohorte/java/CODE_IDENT_JAVA_006/CODE_IDENT_JAVA_006.java,72,baselines_work/cohorte/java/CODE_IDENT_JAVA_015/CODE_IDENT_JAVA_015.java,0,0,0,0,0
4557,51,baselines_work/cohorte/java/CODE_IDENT_JAVA_006/CODE_IDENT_JAVA_006.java,74,baselines_work/cohorte/java/CODE_IDENT_JAVA_015_COPY/CODE_IDENT_JAVA_015.java,0,0,0,0,0
4558,53,baselines_work/cohorte/java/CODE_IDENT_JAVA_006_COPY/CODE_IDENT_JAVA_006.java,57,baselines_work/cohorte/java/CODE_IDENT_JAVA_007/CODE_IDENT_JAVA_007.java,0,0,0,0,0
4559,53,baselines_work/cohorte/java/CODE_IDENT_JAVA_006_COPY/CODE_IDENT_JAVA_006.java,58,baselines_work/cohorte/java/CODE_IDENT_JAVA_007_COPY/CODE_IDENT_JAVA_007.java,0,0,0,0,0
4560,53,baselines_work/cohorte/java/CODE_IDENT_JAVA_006_COPY/CODE_IDENT_JAVA_006.java,56,baselines_work/cohorte/java/CODE_IDENT_JAVA_008/CODE_IDENT_JAVA_008.java,0,0,0,0,0
4561,53,baselines_work/cohorte/java/CODE_IDENT_JAVA_006_COPY/CODE_IDENT_JAVA_006.java,60,baselines_work/cohorte/java/CODE_IDENT_JAVA_008_COPY/CODE_IDENT_JAVA_008.java,0,0,0,0,0
4562,53,baselines_work/cohorte/java/CODE_IDENT_JAVA_006_COPY/CODE_IDENT_JAVA_006.java,62,baselines_work/cohorte/java/CODE_IDENT_JAVA_009/CODE_IDENT_JAVA_009.java,0,0,0,0,0
4563,53,baselines_work/cohorte/java/CODE_IDENT_JAVA_006_COPY/CODE_IDENT_JAVA_006.java,63,baselines_work/cohorte/java/CODE_IDENT_JAVA_009_COPY/CODE_IDENT_JAVA_009.java,0,0,0,0,0
4564,53,baselines_work/cohorte/java/CODE_IDENT_JAVA_006_COPY/CODE_IDENT_JAVA_006.java,61,baselines_work/cohorte/java/CODE_IDENT_JAVA_010/CODE_IDENT_JAVA_010.java,0,0,0,0,0
4565,53,baselines_work/cohorte/java/CODE_IDENT_JAVA_006_COPY/CODE_IDENT_JAVA_006.java,64,baselines_work/cohorte/java/CODE_IDENT_JAVA_010_COPY/CODE_IDENT_JAVA_010.java,0,0,0,0,0
4566,53,baselines_work/cohorte/java/CODE_IDENT_JAVA_006_COPY/CODE_IDENT_JAVA_006.java,67,baselines_work/cohorte/java/CODE_IDENT_JAVA_011/CODE_IDENT_JAVA_011.java,0,0,0,0,0
4567,53,baselines_work/cohorte/java/CODE_IDENT_JAVA_006_COPY/CODE_IDENT_JAVA_006.java,65,baselines_work/cohorte/java/CODE_IDENT_JAVA_011_COPY/CODE_IDENT_JAVA_011.java,0,0,0,0,0
4568,53,baselines_work/cohorte/java/CODE_IDENT_JAVA_006_COPY/CODE_IDENT_JAVA_006.java,66,baselines_work/cohorte/java/CODE_IDENT_JAVA_012/CODE_IDENT_JAVA_012.java,0,0,0,0,0
4569,53,baselines_work/cohorte/java/CODE_IDENT_JAVA_006_COPY/CODE_IDENT_JAVA_006.java,69,baselines_work/cohorte/java/CODE_IDENT_JAVA_012_COPY/CODE_IDENT_JAVA_012.java,0,0,0,0,0
4572,53,baselines_work/cohorte/java/CODE_IDENT_JAVA_006_COPY/CODE_IDENT_JAVA_006.java,70,baselines_work/cohorte/java/CODE_IDENT_JAVA_014/CODE_IDENT_JAVA_014.java,0,0,0,0,0
4573,53,baselines_work/cohorte/java/CODE_IDENT_JAVA_006_COPY/CODE_IDENT_JAVA_006.java,73,baselines_work/cohorte/java/CODE_IDENT_JAVA_014_COPY/CODE_IDENT_JAVA_014.java,0,0,0,0,0
4574,53,baselines_work/cohorte/java/CODE_IDENT_JAVA_006_COPY/CODE_IDENT_JAVA_006.java,72,baselines_work/cohorte/java/CODE_IDENT_JAVA_015/CODE_IDENT_JAVA_015.java,0,0,0,0,0
4575,53,baselines_work/cohorte/java/CODE_IDENT_JAVA_006_COPY/CODE_IDENT_JAVA_006.java,74,baselines_work/cohorte/java/CODE_IDENT_JAVA_015_COPY/CODE_IDENT_JAVA_015.java,0,0,0,0,0
4577,57,baselines_work/cohorte/java/CODE_IDENT_JAVA_007/CODE_IDENT_JAVA_007.java,56,baselines_work/cohorte/java/CODE_IDENT_JAVA_008/CODE_IDENT_JAVA_008.java,0,0,0,0,0
4578,57,baselines_work/cohorte/java/CODE_IDENT_JAVA_007/CODE_IDENT_JAVA_007.java,60,baselines_work/cohorte/java/CODE_IDENT_JAVA_008_COPY/CODE_IDENT_JAVA_008.java,0,0,0,0,0
4585,57,baselines_work/cohorte/java/CODE_IDENT_JAVA_007/CODE_IDENT_JAVA_007.java,66,baselines_work/cohorte/java/CODE_IDENT_JAVA_012/CODE_IDENT_JAVA_012.java,0,0,0,0,0
4586,57,baselines_work/cohorte/java/CODE_IDENT_JAVA_007/CODE_IDENT_JAVA_007.java,69,baselines_work/cohorte/java/CODE_IDENT_JAVA_012_COPY/CODE_IDENT_JAVA_012.java,0,0,0,0,0
4587,57,baselines_work/cohorte/java/CODE_IDENT_JAVA_007/CODE_IDENT_JAVA_007.java,68,baselines_work/cohorte/java/CODE_IDENT_JAVA_013/CODE_IDENT_JAVA_013.java,0,0,0,0,0
4588,57,baselines_work/cohorte/java/CODE_IDENT_JAVA_007/CODE_IDENT_JAVA_007.java,71,baselines_work/cohorte/java/CODE_IDENT_JAVA_013_COPY/CODE_IDENT_JAVA_013.java,0,0,0,0,0
4589,57,baselines_work/cohorte/java/CODE_IDENT_JAVA_007/CODE_IDENT_JAVA_007.java,70,baselines_work/cohorte/java/CODE_IDENT_JAVA_014/CODE_IDENT_JAVA_014.java,0,0,0,0,0
4590,57,baselines_work/cohorte/java/CODE_IDENT_JAVA_007/CODE_IDENT_JAVA_007.java,73,baselines_work/cohorte/java/CODE_IDENT_JAVA_014_COPY/CODE_IDENT_JAVA_014.java,0,0,0,0,0
4591,57,baselines_work/cohorte/java/CODE_IDENT_JAVA_007/CODE_IDENT_JAVA_007.java,72,baselines_work/cohorte/java/CODE_IDENT_JAVA_015/CODE_IDENT_JAVA_015.java,0,0,0,0,0
4592,57,baselines_work/cohorte/java/CODE_IDENT_JAVA_007/CODE_IDENT_JAVA_007.java,74,baselines_work/cohorte/java/CODE_IDENT_JAVA_015_COPY/CODE_IDENT_JAVA_015.java,0,0,0,0,0
4593,58,baselines_work/cohorte/java/CODE_IDENT_JAVA_007_COPY/CODE_IDENT_JAVA_007.java,56,baselines_work/cohorte/java/CODE_IDENT_JAVA_008/CODE_IDENT_JAVA_008.java,0,0,0,0,0
4594,58,baselines_work/cohorte/java/CODE_IDENT_JAVA_007_COPY/CODE_IDENT_JAVA_007.java,60,baselines_work/cohorte/java/CODE_IDENT_JAVA_008_COPY/CODE_IDENT_JAVA_008.java,0,0,0,0,0
4601,58,baselines_work/cohorte/java/CODE_IDENT_JAVA_007_COPY/CODE_IDENT_JAVA_007.java,66,baselines_work/cohorte/java/CODE_IDENT_JAVA_012/CODE_IDENT_JAVA_012.java,0,0,0,0,0
4602,58,baselines_work/cohorte/java/CODE_IDENT_JAVA_007_COPY/CODE_IDENT_JAVA_007.java,69,baselines_work/cohorte/java/CODE_IDENT_JAVA_012_COPY/CODE_IDENT_JAVA_012.java,0,0,0,0,0
4603,58,baselines_work/cohorte/java/CODE_IDENT_JAVA_007_COPY/CODE_IDENT_JAVA_007.java,68,baselines_work/cohorte/java/CODE_IDENT_JAVA_013/CODE_IDENT_JAVA_013.java,0,0,0,0,0
4604,58,baselines_work/cohorte/java/CODE_IDENT_JAVA_007_COPY/CODE_IDENT_JAVA_007.java,71,baselines_work/cohorte/java/CODE_IDENT_JAVA_013_COPY/CODE_IDENT_JAVA_013.java,0,0,0,0,0
4605,58,baselines_work/cohorte/java/CODE_IDENT_JAVA_007_COPY/CODE_IDENT_JAVA_007.java,70,baselines_work/cohorte/java/CODE_IDENT_JAVA_014/CODE_IDENT_JAVA_014.java,0,0,0,0,0
4606,58,baselines_work/cohorte/java/CODE_IDENT_JAVA_007_COPY/CODE_IDENT_JAVA_007.java,73,baselines_work/cohorte/java/CODE_IDENT_JAVA_014_COPY/CODE_IDENT_JAVA_014.java,0,0,0,0,0
4607,58,baselines_work/cohorte/java/CODE_IDENT_JAVA_007_COPY/CODE_IDENT_JAVA_007.java,72,baselines_work/cohorte/java/CODE_IDENT_JAVA_015/CODE_IDENT_JAVA_015.java,0,0,0,0,0
4608,58,baselines_work/cohorte/java/CODE_IDENT_JAVA_007_COPY/CODE_IDENT_JAVA_007.java,74,baselines_work/cohorte/java/CODE_IDENT_JAVA_015_COPY/CODE_IDENT_JAVA_015.java,0,0,0,0,0
4610,56,baselines_work/cohorte/java/CODE_IDENT_JAVA_008/CODE_IDENT_JAVA_008.java,62,baselines_work/cohorte/java/CODE_IDENT_JAVA_009/CODE_IDENT_JAVA_009.java,0,0,0,0,0
4611,56,baselines_work/cohorte/java/CODE_IDENT_JAVA_008/CODE_IDENT_JAVA_008.java,63,baselines_work/cohorte/java/CODE_IDENT_JAVA_009_COPY/CODE_IDENT_JAVA_009.java,0,0,0,0,0
4612,56,baselines_work/cohorte/java/CODE_IDENT_JAVA_008/CODE_IDENT_JAVA_008.java,61,baselines_work/cohorte/java/CODE_IDENT_JAVA_010/CODE_IDENT_JAVA_010.java,0,0,0,0,0
4613,56,baselines_work/cohorte/java/CODE_IDENT_JAVA_008/CODE_IDENT_JAVA_008.java,64,baselines_work/cohorte/java/CODE_IDENT_JAVA_010_COPY/CODE_IDENT_JAVA_010.java,0,0,0,0,0
4616,56,baselines_work/cohorte/java/CODE_IDENT_JAVA_008/CODE_IDENT_JAVA_008.java,66,baselines_work/cohorte/java/CODE_IDENT_JAVA_012/CODE_IDENT_JAVA_012.java,0,0,0,0,0
4617,56,baselines_work/cohorte/java/CODE_IDENT_JAVA_008/CODE_IDENT_JAVA_008.java,69,baselines_work/cohorte/java/CODE_IDENT_JAVA_012_COPY/CODE_IDENT_JAVA_012.java,0,0,0,0,0
4618,56,baselines_work/cohorte/java/CODE_IDENT_JAVA_008/CODE_IDENT_JAVA_008.java,68,baselines_work/cohorte/java/CODE_IDENT_JAVA_013/CODE_IDENT_JAVA_013.java,0,0,0,0,0
4619,56,baselines_work/cohorte/java/CODE_IDENT_JAVA_008/CODE_IDENT_JAVA_008.java,71,baselines_work/cohorte/java/CODE_IDENT_JAVA_013_COPY/CODE_IDENT_JAVA_013.java,0,0,0,0,0
4620,56,baselines_work/cohorte/java/CODE_IDENT_JAVA_008/CODE_IDENT_JAVA_008.java,70,baselines_work/cohorte/java/CODE_IDENT_JAVA_014/CODE_IDENT_JAVA_014.java,0,0,0,0,0
4621,56,baselines_work/cohorte/java/CODE_IDENT_JAVA_008/CODE_IDENT_JAVA_008.java,73,baselines_work/cohorte/java/CODE_IDENT_JAVA_014_COPY/CODE_IDENT_JAVA_014.java,0,0,0,0,0
4622,56,baselines_work/cohorte/java/CODE_IDENT_JAVA_008/CODE_IDENT_JAVA_008.java,72,baselines_work/cohorte/java/CODE_IDENT_JAVA_015/CODE_IDENT_JAVA_015.java,0,0,0,0,0
4623,56,baselines_work/cohorte/java/CODE_IDENT_JAVA_008/CODE_IDENT_JAVA_008.java,74,baselines_work/cohorte/java/CODE_IDENT_JAVA_015_COPY/CODE_IDENT_JAVA_015.java,0,0,0,0,0
4624,60,baselines_work/cohorte/java/CODE_IDENT_JAVA_008_COPY/CODE_IDENT_JAVA_008.java,62,baselines_work/cohorte/java/CODE_IDENT_JAVA_009/CODE_IDENT_JAVA_009.java,0,0,0,0,0
4625,60,baselines_work/cohorte/java/CODE_IDENT_JAVA_008_COPY/CODE_IDENT_JAVA_008.java,63,baselines_work/cohorte/java/CODE_IDENT_JAVA_009_COPY/CODE_IDENT_JAVA_009.java,0,0,0,0,0
4626,60,baselines_work/cohorte/java/CODE_IDENT_JAVA_008_COPY/CODE_IDENT_JAVA_008.java,61,baselines_work/cohorte/java/CODE_IDENT_JAVA_010/CODE_IDENT_JAVA_010.java,0,0,0,0,0
4627,60,baselines_work/cohorte/java/CODE_IDENT_JAVA_008_COPY/CODE_IDENT_JAVA_008.java,64,baselines_work/cohorte/java/CODE_IDENT_JAVA_010_COPY/CODE_IDENT_JAVA_010.java,0,0,0,0,0
4630,60,baselines_work/cohorte/java/CODE_IDENT_JAVA_008_COPY/CODE_IDENT_JAVA_008.java,66,baselines_work/cohorte/java/CODE_IDENT_JAVA_012/CODE_IDENT_JAVA_012.java,0,0,0,0,0
4631,60,baselines_work/cohorte/java/CODE_IDENT_JAVA_008_COPY/CODE_IDENT_JAVA_008.java,69,baselines_work/cohorte/java/CODE_IDENT_JAVA_012_COPY/CODE_IDENT_JAVA_012.java,0,0,0,0,0
4632,60,baselines_work/cohorte/java/CODE_IDENT_JAVA_008_COPY/CODE_IDENT_JAVA_008.java,68,baselines_work/cohorte/java/CODE_IDENT_JAVA_013/CODE_IDENT_JAVA_013.java,0,0,0,0,0
4633,60,baselines_work/cohorte/java/CODE_IDENT_JAVA_008_COPY/CODE_IDENT_JAVA_008.java,71,baselines_work/cohorte/java/CODE_IDENT_JAVA_013_COPY/CODE_IDENT_JAVA_013.java,0,0,0,0,0
4634,60,baselines_work/cohorte/java/CODE_IDENT_JAVA_008_COPY/CODE_IDENT_JAVA_008.java,70,baselines_work/cohorte/java/CODE_IDENT_JAVA_014/CODE_IDENT_JAVA_014.java,0,0,0,0,0
4635,60,baselines_work/cohorte/java/CODE_IDENT_JAVA_008_COPY/CODE_IDENT_JAVA_008.java,73,baselines_work/cohorte/java/CODE_IDENT_JAVA_014_COPY/CODE_IDENT_JAVA_014.java,0,0,0,0,0
4636,60,baselines_work/cohorte/java/CODE_IDENT_JAVA_008_COPY/CODE_IDENT_JAVA_008.java,72,baselines_work/cohorte/java/CODE_IDENT_JAVA_015/CODE_IDENT_JAVA_015.java,0,0,0,0,0
4637,60,baselines_work/cohorte/java/CODE_IDENT_JAVA_008_COPY/CODE_IDENT_JAVA_008.java,74,baselines_work/cohorte/java/CODE_IDENT_JAVA_015_COPY/CODE_IDENT_JAVA_015.java,0,0,0,0,0
4643,62,baselines_work/cohorte/java/CODE_IDENT_JAVA_009/CODE_IDENT_JAVA_009.java,66,baselines_work/cohorte/java/CODE_IDENT_JAVA_012/CODE_IDENT_JAVA_012.java,0,0,0,0,0
4644,62,baselines_work/cohorte/java/CODE_IDENT_JAVA_009/CODE_IDENT_JAVA_009.java,69,baselines_work/cohorte/java/CODE_IDENT_JAVA_012_COPY/CODE_IDENT_JAVA_012.java,0,0,0,0,0
4645,62,baselines_work/cohorte/java/CODE_IDENT_JAVA_009/CODE_IDENT_JAVA_009.java,68,baselines_work/cohorte/java/CODE_IDENT_JAVA_013/CODE_IDENT_JAVA_013.java,0,0,0,0,0
4646,62,baselines_work/cohorte/java/CODE_IDENT_JAVA_009/CODE_IDENT_JAVA_009.java,71,baselines_work/cohorte/java/CODE_IDENT_JAVA_013_COPY/CODE_IDENT_JAVA_013.java,0,0,0,0,0
4655,63,baselines_work/cohorte/java/CODE_IDENT_JAVA_009_COPY/CODE_IDENT_JAVA_009.java,66,baselines_work/cohorte/java/CODE_IDENT_JAVA_012/CODE_IDENT_JAVA_012.java,0,0,0,0,0
4656,63,baselines_work/cohorte/java/CODE_IDENT_JAVA_009_COPY/CODE_IDENT_JAVA_009.java,69,baselines_work/cohorte/java/CODE_IDENT_JAVA_012_COPY/CODE_IDENT_JAVA_012.java,0,0,0,0,0
4657,63,baselines_work/cohorte/java/CODE_IDENT_JAVA_009_COPY/CODE_IDENT_JAVA_009.java,68,baselines_work/cohorte/java/CODE_IDENT_JAVA_013/CODE_IDENT_JAVA_013.java,0,0,0,0,0
4658,63,baselines_work/cohorte/java/CODE_IDENT_JAVA_009_COPY/CODE_IDENT_JAVA_009.java,71,baselines_work/cohorte/java/CODE_IDENT_JAVA_013_COPY/CODE_IDENT_JAVA_013.java,0,0,0,0,0
4664,61,baselines_work/cohorte/java/CODE_IDENT_JAVA_010/CODE_IDENT_JAVA_010.java,67,baselines_work/cohorte/java/CODE_IDENT_JAVA_011/CODE_IDENT_JAVA_011.java,0,0,0,0,0
4665,61,baselines_work/cohorte/java/CODE_IDENT_JAVA_010/CODE_IDENT_JAVA_010.java,65,baselines_work/cohorte/java/CODE_IDENT_JAVA_011_COPY/CODE_IDENT_JAVA_011.java,0,0,0,0,0
4666,61,baselines_work/cohorte/java/CODE_IDENT_JAVA_010/CODE_IDENT_JAVA_010.java,66,baselines_work/cohorte/java/CODE_IDENT_JAVA_012/CODE_IDENT_JAVA_012.java,0,0,0,0,0
4667,61,baselines_work/cohorte/java/CODE_IDENT_JAVA_010/CODE_IDENT_JAVA_010.java,69,baselines_work/cohorte/java/CODE_IDENT_JAVA_012_COPY/CODE_IDENT_JAVA_012.java,0,0,0,0,0
4668,61,baselines_work/cohorte/java/CODE_IDENT_JAVA_010/CODE_IDENT_JAVA_010.java,68,baselines_work/cohorte/java/CODE_IDENT_JAVA_013/CODE_IDENT_JAVA_013.java,0,0,0,0,0
4669,61,baselines_work/cohorte/java/CODE_IDENT_JAVA_010/CODE_IDENT_JAVA_010.java,71,baselines_work/cohorte/java/CODE_IDENT_JAVA_013_COPY/CODE_IDENT_JAVA_013.java,0,0,0,0,0
4670,61,baselines_work/cohorte/java/CODE_IDENT_JAVA_010/CODE_IDENT_JAVA_010.java,70,baselines_work/cohorte/java/CODE_IDENT_JAVA_014/CODE_IDENT_JAVA_014.java,0,0,0,0,0
4671,61,baselines_work/cohorte/java/CODE_IDENT_JAVA_010/CODE_IDENT_JAVA_010.java,73,baselines_work/cohorte/java/CODE_IDENT_JAVA_014_COPY/CODE_IDENT_JAVA_014.java,0,0,0,0,0
4674,64,baselines_work/cohorte/java/CODE_IDENT_JAVA_010_COPY/CODE_IDENT_JAVA_010.java,67,baselines_work/cohorte/java/CODE_IDENT_JAVA_011/CODE_IDENT_JAVA_011.java,0,0,0,0,0
4675,64,baselines_work/cohorte/java/CODE_IDENT_JAVA_010_COPY/CODE_IDENT_JAVA_010.java,65,baselines_work/cohorte/java/CODE_IDENT_JAVA_011_COPY/CODE_IDENT_JAVA_011.java,0,0,0,0,0
4676,64,baselines_work/cohorte/java/CODE_IDENT_JAVA_010_COPY/CODE_IDENT_JAVA_010.java,66,baselines_work/cohorte/java/CODE_IDENT_JAVA_012/CODE_IDENT_JAVA_012.java,0,0,0,0,0
4677,64,baselines_work/cohorte/java/CODE_IDENT_JAVA_010_COPY/CODE_IDENT_JAVA_010.java,69,baselines_work/cohorte/java/CODE_IDENT_JAVA_012_COPY/CODE_IDENT_JAVA_012.java,0,0,0,0,0
4678,64,baselines_work/cohorte/java/CODE_IDENT_JAVA_010_COPY/CODE_IDENT_JAVA_010.java,68,baselines_work/cohorte/java/CODE_IDENT_JAVA_013/CODE_IDENT_JAVA_013.java,0,0,0,0,0
4679,64,baselines_work/cohorte/java/CODE_IDENT_JAVA_010_COPY/CODE_IDENT_JAVA_010.java,71,baselines_work/cohorte/java/CODE_IDENT_JAVA_013_COPY/CODE_IDENT_JAVA_013.java,0,0,0,0,0
4680,64,baselines_work/cohorte/java/CODE_IDENT_JAVA_010_COPY/CODE_IDENT_JAVA_010.java,70,baselines_work/cohorte/java/CODE_IDENT_JAVA_014/CODE_IDENT_JAVA_014.java,0,0,0,0,0
4681,64,baselines_work/cohorte/java/CODE_IDENT_JAVA_010_COPY/CODE_IDENT_JAVA_010.java,73,baselines_work/cohorte/java/CODE_IDENT_JAVA_014_COPY/CODE_IDENT_JAVA_014.java,0,0,0,0,0
4687,67,baselines_work/cohorte/java/CODE_IDENT_JAVA_011/CODE_IDENT_JAVA_011.java,68,baselines_work/cohorte/java/CODE_IDENT_JAVA_013/CODE_IDENT_JAVA_013.java,0,0,0,0,0
4688,67,baselines_work/cohorte/java/CODE_IDENT_JAVA_011/CODE_IDENT_JAVA_011.java,71,baselines_work/cohorte/java/CODE_IDENT_JAVA_013_COPY/CODE_IDENT_JAVA_013.java,0,0,0,0,0
4691,67,baselines_work/cohorte/java/CODE_IDENT_JAVA_011/CODE_IDENT_JAVA_011.java,72,baselines_work/cohorte/java/CODE_IDENT_JAVA_015/CODE_IDENT_JAVA_015.java,0,0,0,0,0
4692,67,baselines_work/cohorte/java/CODE_IDENT_JAVA_011/CODE_IDENT_JAVA_011.java,74,baselines_work/cohorte/java/CODE_IDENT_JAVA_015_COPY/CODE_IDENT_JAVA_015.java,0,0,0,0,0
4695,65,baselines_work/cohorte/java/CODE_IDENT_JAVA_011_COPY/CODE_IDENT_JAVA_011.java,68,baselines_work/cohorte/java/CODE_IDENT_JAVA_013/CODE_IDENT_JAVA_013.java,0,0,0,0,0
4696,65,baselines_work/cohorte/java/CODE_IDENT_JAVA_011_COPY/CODE_IDENT_JAVA_011.java,71,baselines_work/cohorte/java/CODE_IDENT_JAVA_013_COPY/CODE_IDENT_JAVA_013.java,0,0,0,0,0
4699,65,baselines_work/cohorte/java/CODE_IDENT_JAVA_011_COPY/CODE_IDENT_JAVA_011.java,72,baselines_work/cohorte/java/CODE_IDENT_JAVA_015/CODE_IDENT_JAVA_015.java,0,0,0,0,0
4700,65,baselines_work/cohorte/java/CODE_IDENT_JAVA_011_COPY/CODE_IDENT_JAVA_011.java,74,baselines_work/cohorte/java/CODE_IDENT_JAVA_015_COPY/CODE_IDENT_JAVA_015.java,0,0,0,0,0
4706,66,baselines_work/cohorte/java/CODE_IDENT_JAVA_012/CODE_IDENT_JAVA_012.java,72,baselines_work/cohorte/java/CODE_IDENT_JAVA_015/CODE_IDENT_JAVA_015.java,0,0,0,0,0
4707,66,baselines_work/cohorte/java/CODE_IDENT_JAVA_012/CODE_IDENT_JAVA_012.java,74,baselines_work/cohorte/java/CODE_IDENT_JAVA_015_COPY/CODE_IDENT_JAVA_015.java,0,0,0,0,0
4712,69,baselines_work/cohorte/java/CODE_IDENT_JAVA_012_COPY/CODE_IDENT_JAVA_012.java,72,baselines_work/cohorte/java/CODE_IDENT_JAVA_015/CODE_IDENT_JAVA_015.java,0,0,0,0,0
4713,69,baselines_work/cohorte/java/CODE_IDENT_JAVA_012_COPY/CODE_IDENT_JAVA_012.java,74,baselines_work/cohorte/java/CODE_IDENT_JAVA_015_COPY/CODE_IDENT_JAVA_015.java,0,0,0,0,0
4717,68,baselines_work/cohorte/java/CODE_IDENT_JAVA_013/CODE_IDENT_JAVA_013.java,72,baselines_work/cohorte/java/CODE_IDENT_JAVA_015/CODE_IDENT_JAVA_015.java,0,0,0,0,0
4718,68,baselines_work/cohorte/java/CODE_IDENT_JAVA_013/CODE_IDENT_JAVA_013.java,74,baselines_work/cohorte/java/CODE_IDENT_JAVA_015_COPY/CODE_IDENT_JAVA_015.java,0,0,0,0,0
4721,71,baselines_work/cohorte/java/CODE_IDENT_JAVA_013_COPY/CODE_IDENT_JAVA_013.java,72,baselines_work/cohorte/java/CODE_IDENT_JAVA_015/CODE_IDENT_JAVA_015.java,0,0,0,0,0
4722,71,baselines_work/cohorte/java/CODE_IDENT_JAVA_013_COPY/CODE_IDENT_JAVA_013.java,74,baselines_work/cohorte/java/CODE_IDENT_JAVA_015_COPY/CODE_IDENT_JAVA_015.java,0,0,0,0,0
4724,70,baselines_work/cohorte/java/CODE_IDENT_JAVA_014/CODE_IDENT_JAVA_014.java,72,baselines_work/cohorte/java/CODE_IDENT_JAVA_015/CODE_IDENT_JAVA_015.java,0,0,0,0,0
4725,70,baselines_work/cohorte/java/CODE_IDENT_JAVA_014/CODE_IDENT_JAVA_014.java,74,baselines_work/cohorte/java/CODE_IDENT_JAVA_015_COPY/CODE_IDENT_JAVA_015.java,0,0,0,0,0
4726,73,baselines_work/cohorte/java/CODE_IDENT_JAVA_014_COPY/CODE_IDENT_JAVA_014.java,72,baselines_work/cohorte/java/CODE_IDENT_JAVA_015/CODE_IDENT_JAVA_015.java,0,0,0,0,0
4727,73,baselines_work/cohorte/java/CODE_IDENT_JAVA_014_COPY/CODE_IDENT_JAVA_014.java,74,baselines_work/cohorte/java/CODE_IDENT_JAVA_015_COPY/CODE_IDENT_JAVA_015.java,0,0,0,0,0
