submissionName1,submissionName2,averageSimilarity,maxSimilarity
CODE_IDENT_CS_004,CODE_IDENT_CS_004_COPY,1.0,1.0
CODE_ESTRU_CS_010,CODE_IDENT_CS_010,1.0,1.0
CODE_IDENT_CS_010,CODE_IDENT_CS_010_COPY,1.0,1.0
CODE_IDENT_CS_003,CODE_IDENT_CS_003_COPY,1.0,1.0
CODE_IDENT_CS_002,CODE_IDENT_CS_002_COPY,1.0,1.0
CODE_IDENT_CS_001,CODE_IDENT_CS_001_COPY,1.0,1.0
CODE_IDENT_CS_007,CODE_IDENT_CS_007_COPY,1.0,1.0
CODE_ESTRU_CS_007,CODE_IDENT_CS_007,1.0,1.0
CODE_IDENT_CS_006,CODE_IDENT_CS_006_COPY,1.0,1.0
CODE_IDENT_CS_005,CODE_IDENT_CS_005_COPY,1.0,1.0
CODE_IDENT_CS_009,CODE_IDENT_CS_009_COPY,1.0,1.0
CODE_ESTRU_CS_009,CODE_IDENT_CS_009,1.0,1.0
CODE_IDENT_CS_008,CODE_IDENT_CS_008_COPY,1.0,1.0
CODE_ESTRU_CS_008,CODE_IDENT_CS_008,1.0,1.0
CODE_IDENT_CS_012,CODE_IDENT_CS_012_COPY,1.0,1.0
CODE_ESTRU_CS_012,CODE_IDENT_CS_012_COPY,1.0,1.0
CODE_IDENT_CS_011,CODE_IDENT_CS_011_COPY,1.0,1.0
CODE_ESTRU_CS_011,CODE_IDENT_CS_011_COPY,1.0,1.0
CODE_IDENT_CS_014,CODE_IDENT_CS_014_COPY,1.0,1.0
CODE_ESTRU_CS_014,CODE_IDENT_CS_014_COPY,1.0,1.0
CODE_ESTRU_CS_009,CODE_IDENT_CS_009_COPY,1.0,1.0
CODE_ESTRU_CS_014,CODE_IDENT_CS_014,1.0,1.0
CODE_ESTRU_CS_013,CODE_IDENT_CS_013,1.0,1.0
CODE_IDENT_CS_013,CODE_IDENT_CS_013_COPY,1.0,1.0
CODE_ESTRU_CS_012,CODE_IDENT_CS_012,1.0,1.0
CODE_ESTRU_CS_011,CODE_IDENT_CS_011,1.0,1.0
CODE_ESTRU_CS_015,CODE_IDENT_CS_015,1.0,1.0
CODE_IDENT_CS_015,CODE_IDENT_CS_015_COPY,1.0,1.0
CODE_ESTRU_CS_007,CODE_IDENT_CS_007_COPY,1.0,1.0
CODE_ESTRU_CS_010,CODE_IDENT_CS_010_COPY,1.0,1.0
CODE_ESTRU_CS_015,CODE_IDENT_CS_015_COPY,1.0,1.0
CODE_ESTRU_CS_013,CODE_IDENT_CS_013_COPY,1.0,1.0
CODE_ESTRU_CS_008,CODE_IDENT_CS_008_COPY,1.0,1.0
CODE_IDENT_CS_006,CODE_ESTRU_CS_006,0.9743589743589743,1.0
CODE_IDENT_CS_006_COPY,CODE_ESTRU_CS_006,0.9743589743589743,1.0
CODE_ESTRU_CS_002,CODE_ESTRU_CS_003,0.9655172413793104,1.0
CODE_IDENT_CS_003,CODE_IDENT_CS_002,0.8823529411764706,0.9090909090909091
CODE_IDENT_CS_003,CODE_IDENT_CS_002_COPY,0.8823529411764706,0.9090909090909091
CODE_IDENT_CS_003_COPY,CODE_IDENT_CS_002,0.8823529411764706,0.9090909090909091
CODE_IDENT_CS_003_COPY,CODE_IDENT_CS_002_COPY,0.8823529411764706,0.9090909090909091
CODE_FUN_CS_003,CODE_FUN_CS_002,0.875,0.9032258064516129
CODE_IDENT_CS_005,CODE_IDENT_CS_007,0.84,0.9130434782608695
CODE_IDENT_CS_005_COPY,CODE_IDENT_CS_007,0.84,0.9130434782608695
CODE_IDENT_CS_005,CODE_IDENT_CS_007_COPY,0.84,0.9130434782608695
CODE_IDENT_CS_005,CODE_ESTRU_CS_007,0.84,0.9130434782608695
CODE_IDENT_CS_005_COPY,CODE_IDENT_CS_007_COPY,0.84,0.9130434782608695
CODE_IDENT_CS_005_COPY,CODE_ESTRU_CS_007,0.84,0.9130434782608695
CODE_FUN_CS_013,CODE_FUN_CS_011,0.8295454545454546,0.8690476190476191
CODE_IDENT_CS_013,CODE_IDENT_CS_011_COPY,0.828125,0.8833333333333333
CODE_ESTRU_CS_013,CODE_IDENT_CS_011_COPY,0.828125,0.8833333333333333
CODE_IDENT_CS_013_COPY,CODE_IDENT_CS_011_COPY,0.828125,0.8833333333333333
CODE_IDENT_CS_013,CODE_IDENT_CS_011,0.828125,0.8833333333333333
CODE_IDENT_CS_013,CODE_ESTRU_CS_011,0.828125,0.8833333333333333
CODE_ESTRU_CS_013,CODE_IDENT_CS_011,0.828125,0.8833333333333333
CODE_IDENT_CS_013_COPY,CODE_IDENT_CS_011,0.828125,0.8833333333333333
CODE_ESTRU_CS_013,CODE_ESTRU_CS_011,0.828125,0.8833333333333333
CODE_IDENT_CS_013_COPY,CODE_ESTRU_CS_011,0.828125,0.8833333333333333
CODE_IDENT_CS_001,CODE_ESTRU_CS_001,0.8248587570621468,0.9012345679012346
CODE_IDENT_CS_001_COPY,CODE_ESTRU_CS_001,0.8248587570621468,0.9012345679012346
CODE_FUN_CS_009,CODE_FUN_CS_012,0.8244274809160306,0.8709677419354839
CODE_IDENT_CS_005,CODE_ESTRU_CS_005,0.8125,0.8478260869565217
CODE_IDENT_CS_005_COPY,CODE_ESTRU_CS_005,0.8125,0.8478260869565217
CODE_IDENT_CS_015,CODE_IDENT_CS_010,0.773109243697479,0.8070175438596491
CODE_ESTRU_CS_015,CODE_IDENT_CS_010,0.773109243697479,0.8070175438596491
CODE_IDENT_CS_015_COPY,CODE_IDENT_CS_010,0.773109243697479,0.8070175438596491
CODE_IDENT_CS_015,CODE_ESTRU_CS_010,0.773109243697479,0.8070175438596491
CODE_IDENT_CS_015,CODE_IDENT_CS_010_COPY,0.773109243697479,0.8070175438596491
CODE_ESTRU_CS_015,CODE_ESTRU_CS_010,0.773109243697479,0.8070175438596491
CODE_IDENT_CS_015_COPY,CODE_ESTRU_CS_010,0.773109243697479,0.8070175438596491
CODE_ESTRU_CS_015,CODE_IDENT_CS_010_COPY,0.773109243697479,0.8070175438596491
CODE_IDENT_CS_015_COPY,CODE_IDENT_CS_010_COPY,0.773109243697479,0.8070175438596491
CODE_IDENT_CS_002,CODE_ESTRU_CS_002,0.7532467532467533,0.8285714285714286
CODE_IDENT_CS_002_COPY,CODE_ESTRU_CS_002,0.7532467532467533,0.8285714285714286
CODE_IDENT_CS_002,CODE_ESTRU_CS_003,0.75,0.8571428571428571
CODE_IDENT_CS_002_COPY,CODE_ESTRU_CS_003,0.75,0.8571428571428571
CODE_IDENT_CS_014_COPY,CODE_IDENT_CS_010,0.7256637168141593,0.803921568627451
CODE_IDENT_CS_014,CODE_IDENT_CS_010,0.7256637168141593,0.803921568627451
CODE_ESTRU_CS_014,CODE_IDENT_CS_010,0.7256637168141593,0.803921568627451
CODE_IDENT_CS_014_COPY,CODE_ESTRU_CS_010,0.7256637168141593,0.803921568627451
CODE_IDENT_CS_014_COPY,CODE_IDENT_CS_010_COPY,0.7256637168141593,0.803921568627451
CODE_IDENT_CS_014,CODE_ESTRU_CS_010,0.7256637168141593,0.803921568627451
CODE_IDENT_CS_014,CODE_IDENT_CS_010_COPY,0.7256637168141593,0.803921568627451
CODE_ESTRU_CS_014,CODE_ESTRU_CS_010,0.7256637168141593,0.803921568627451
CODE_ESTRU_CS_014,CODE_IDENT_CS_010_COPY,0.7256637168141593,0.803921568627451
CODE_IDENT_CS_009,CODE_IDENT_CS_012_COPY,0.7155963302752294,0.8297872340425532
CODE_IDENT_CS_009,CODE_IDENT_CS_012,0.7155963302752294,0.8297872340425532
CODE_IDENT_CS_009,CODE_ESTRU_CS_012,0.7155963302752294,0.8297872340425532
CODE_IDENT_CS_009_COPY,CODE_IDENT_CS_012_COPY,0.7155963302752294,0.8297872340425532
CODE_ESTRU_CS_009,CODE_IDENT_CS_012_COPY,0.7155963302752294,0.8297872340425532
CODE_IDENT_CS_009_COPY,CODE_IDENT_CS_012,0.7155963302752294,0.8297872340425532
CODE_IDENT_CS_009_COPY,CODE_ESTRU_CS_012,0.7155963302752294,0.8297872340425532
CODE_ESTRU_CS_009,CODE_IDENT_CS_012,0.7155963302752294,0.8297872340425532
CODE_ESTRU_CS_009,CODE_ESTRU_CS_012,0.7155963302752294,0.8297872340425532
CODE_FUN_CS_005,CODE_FUN_CS_007,0.6808510638297872,0.7111111111111111
CODE_ESTRU_CS_005,CODE_IDENT_CS_007,0.6730769230769231,0.7
CODE_ESTRU_CS_005,CODE_IDENT_CS_007_COPY,0.6730769230769231,0.7
CODE_ESTRU_CS_005,CODE_ESTRU_CS_007,0.6730769230769231,0.7
CODE_IDENT_CS_003,CODE_ESTRU_CS_002,0.6666666666666666,0.7575757575757576
CODE_IDENT_CS_003_COPY,CODE_ESTRU_CS_002,0.6666666666666666,0.7575757575757576
CODE_FUN_CS_007,CODE_FUN_CS_006,0.66,0.673469387755102
CODE_IDENT_CS_003,CODE_ESTRU_CS_003,0.6410256410256411,0.7575757575757576
CODE_IDENT_CS_003_COPY,CODE_ESTRU_CS_003,0.6410256410256411,0.7575757575757576
CODE_FUN_CS_004,CODE_IDENT_CS_004_COPY,0.6228373702422145,0.6293706293706294
CODE_FUN_CS_004,CODE_IDENT_CS_004,0.6228373702422145,0.6293706293706294
CODE_IDENT_CS_014_COPY,CODE_IDENT_CS_015,0.6111111111111112,0.6470588235294118
CODE_IDENT_CS_014_COPY,CODE_ESTRU_CS_015,0.6111111111111112,0.6470588235294118
CODE_IDENT_CS_014_COPY,CODE_IDENT_CS_015_COPY,0.6111111111111112,0.6470588235294118
CODE_IDENT_CS_014,CODE_IDENT_CS_015,0.6111111111111112,0.6470588235294118
CODE_IDENT_CS_014,CODE_ESTRU_CS_015,0.6111111111111112,0.6470588235294118
CODE_IDENT_CS_014,CODE_IDENT_CS_015_COPY,0.6111111111111112,0.6470588235294118
CODE_ESTRU_CS_014,CODE_IDENT_CS_015,0.6111111111111112,0.6470588235294118
CODE_ESTRU_CS_014,CODE_ESTRU_CS_015,0.6111111111111112,0.6470588235294118
CODE_ESTRU_CS_014,CODE_IDENT_CS_015_COPY,0.6111111111111112,0.6470588235294118
CODE_IDENT_CS_014_COPY,CODE_IDENT_CS_012_COPY,0.6017699115044248,0.6666666666666666
CODE_IDENT_CS_014,CODE_IDENT_CS_012_COPY,0.6017699115044248,0.6666666666666666
CODE_ESTRU_CS_014,CODE_IDENT_CS_012_COPY,0.6017699115044248,0.6666666666666666
CODE_IDENT_CS_014_COPY,CODE_IDENT_CS_012,0.6017699115044248,0.6666666666666666
CODE_IDENT_CS_014_COPY,CODE_ESTRU_CS_012,0.6017699115044248,0.6666666666666666
CODE_IDENT_CS_014,CODE_IDENT_CS_012,0.6017699115044248,0.6666666666666666
CODE_IDENT_CS_014,CODE_ESTRU_CS_012,0.6017699115044248,0.6666666666666666
CODE_ESTRU_CS_014,CODE_IDENT_CS_012,0.6017699115044248,0.6666666666666666
CODE_ESTRU_CS_014,CODE_ESTRU_CS_012,0.6017699115044248,0.6666666666666666
CODE_IDENT_CS_009,CODE_IDENT_CS_015,0.5961538461538461,0.6595744680851063
CODE_IDENT_CS_009,CODE_ESTRU_CS_015,0.5961538461538461,0.6595744680851063
CODE_IDENT_CS_009,CODE_IDENT_CS_015_COPY,0.5961538461538461,0.6595744680851063
CODE_IDENT_CS_009_COPY,CODE_IDENT_CS_015,0.5961538461538461,0.6595744680851063
CODE_IDENT_CS_009_COPY,CODE_ESTRU_CS_015,0.5961538461538461,0.6595744680851063
CODE_IDENT_CS_009_COPY,CODE_IDENT_CS_015_COPY,0.5961538461538461,0.6595744680851063
CODE_ESTRU_CS_009,CODE_IDENT_CS_015,0.5961538461538461,0.6595744680851063
CODE_ESTRU_CS_009,CODE_ESTRU_CS_015,0.5961538461538461,0.6595744680851063
CODE_ESTRU_CS_009,CODE_IDENT_CS_015_COPY,0.5961538461538461,0.6595744680851063
CODE_FUN_CS_015,CODE_FUN_CS_014,0.5714285714285714,0.6027397260273972
CODE_ESTRU_CS_002,CODE_IDENT_CS_006,0.5656565656565656,0.6666666666666666
CODE_ESTRU_CS_002,CODE_IDENT_CS_006_COPY,0.5656565656565656,0.6666666666666666
CODE_IDENT_CS_010,CODE_IDENT_CS_012_COPY,0.5645161290322581,0.5645161290322581
CODE_IDENT_CS_010,CODE_IDENT_CS_012,0.5645161290322581,0.5645161290322581
CODE_ESTRU_CS_012,CODE_IDENT_CS_010,0.5645161290322581,0.5645161290322581
CODE_ESTRU_CS_010,CODE_IDENT_CS_012_COPY,0.5645161290322581,0.5645161290322581
CODE_IDENT_CS_010_COPY,CODE_IDENT_CS_012_COPY,0.5645161290322581,0.5645161290322581
CODE_ESTRU_CS_010,CODE_IDENT_CS_012,0.5645161290322581,0.5645161290322581
CODE_IDENT_CS_010_COPY,CODE_IDENT_CS_012,0.5645161290322581,0.5645161290322581
CODE_ESTRU_CS_010,CODE_ESTRU_CS_012,0.5645161290322581,0.5645161290322581
CODE_ESTRU_CS_012,CODE_IDENT_CS_010_COPY,0.5645161290322581,0.5645161290322581
CODE_FUN_CS_005,CODE_FUN_CS_006,0.5625,0.6
CODE_IDENT_CS_009,CODE_IDENT_CS_014_COPY,0.5510204081632653,0.574468085106383
CODE_IDENT_CS_009,CODE_IDENT_CS_014,0.5510204081632653,0.574468085106383
CODE_IDENT_CS_009,CODE_ESTRU_CS_014,0.5510204081632653,0.574468085106383
CODE_IDENT_CS_009_COPY,CODE_IDENT_CS_014_COPY,0.5510204081632653,0.574468085106383
CODE_ESTRU_CS_009,CODE_IDENT_CS_014_COPY,0.5510204081632653,0.574468085106383
CODE_IDENT_CS_009_COPY,CODE_IDENT_CS_014,0.5510204081632653,0.574468085106383
CODE_IDENT_CS_009_COPY,CODE_ESTRU_CS_014,0.5510204081632653,0.574468085106383
CODE_ESTRU_CS_009,CODE_IDENT_CS_014,0.5510204081632653,0.574468085106383
CODE_ESTRU_CS_009,CODE_ESTRU_CS_014,0.5510204081632653,0.574468085106383
CODE_ESTRU_CS_003,CODE_IDENT_CS_006,0.5490196078431373,0.6222222222222222
CODE_ESTRU_CS_003,CODE_IDENT_CS_006_COPY,0.5490196078431373,0.6222222222222222
CODE_ESTRU_CS_002,CODE_ESTRU_CS_006,0.5490196078431373,0.6666666666666666
CODE_ESTRU_CS_003,CODE_ESTRU_CS_006,0.5333333333333333,0.6222222222222222
CODE_IDENT_CS_006,CODE_IDENT_CS_008,0.5314685314685315,0.6666666666666666
CODE_IDENT_CS_006,CODE_IDENT_CS_008_COPY,0.5314685314685315,0.6666666666666666
CODE_IDENT_CS_006,CODE_ESTRU_CS_008,0.5314685314685315,0.6666666666666666
CODE_IDENT_CS_006_COPY,CODE_IDENT_CS_008,0.5314685314685315,0.6666666666666666
CODE_IDENT_CS_006_COPY,CODE_IDENT_CS_008_COPY,0.5314685314685315,0.6666666666666666
CODE_IDENT_CS_006_COPY,CODE_ESTRU_CS_008,0.5314685314685315,0.6666666666666666
CODE_IDENT_CS_015,CODE_IDENT_CS_012_COPY,0.5210084033613446,0.543859649122807
CODE_ESTRU_CS_015,CODE_IDENT_CS_012_COPY,0.5210084033613446,0.543859649122807
CODE_IDENT_CS_015_COPY,CODE_IDENT_CS_012_COPY,0.5210084033613446,0.543859649122807
CODE_IDENT_CS_015,CODE_IDENT_CS_012,0.5210084033613446,0.543859649122807
CODE_ESTRU_CS_015,CODE_IDENT_CS_012,0.5210084033613446,0.543859649122807
CODE_IDENT_CS_015_COPY,CODE_IDENT_CS_012,0.5210084033613446,0.543859649122807
CODE_IDENT_CS_015,CODE_ESTRU_CS_012,0.5210084033613446,0.543859649122807
CODE_ESTRU_CS_015,CODE_ESTRU_CS_012,0.5210084033613446,0.543859649122807
CODE_IDENT_CS_015_COPY,CODE_ESTRU_CS_012,0.5210084033613446,0.543859649122807
CODE_ESTRU_CS_006,CODE_IDENT_CS_008,0.5205479452054794,0.6333333333333333
CODE_ESTRU_CS_006,CODE_IDENT_CS_008_COPY,0.5205479452054794,0.6333333333333333
CODE_ESTRU_CS_006,CODE_ESTRU_CS_008,0.5205479452054794,0.6333333333333333
CODE_DIF_CS_012,CODE_DIF_CS_013,0.5172413793103449,0.5263157894736842
CODE_IDENT_CS_009,CODE_IDENT_CS_010,0.4954128440366973,0.574468085106383
CODE_IDENT_CS_009_COPY,CODE_IDENT_CS_010,0.4954128440366973,0.574468085106383
CODE_ESTRU_CS_009,CODE_IDENT_CS_010,0.4954128440366973,0.574468085106383
CODE_IDENT_CS_009,CODE_ESTRU_CS_010,0.4954128440366973,0.574468085106383
CODE_IDENT_CS_009,CODE_IDENT_CS_010_COPY,0.4954128440366973,0.574468085106383
CODE_IDENT_CS_009_COPY,CODE_ESTRU_CS_010,0.4954128440366973,0.574468085106383
CODE_IDENT_CS_009_COPY,CODE_IDENT_CS_010_COPY,0.4954128440366973,0.574468085106383
CODE_ESTRU_CS_009,CODE_ESTRU_CS_010,0.4954128440366973,0.574468085106383
CODE_ESTRU_CS_009,CODE_IDENT_CS_010_COPY,0.4954128440366973,0.574468085106383
CODE_IDENT_CS_003,CODE_IDENT_CS_007,0.4827586206896552,0.6363636363636364
CODE_IDENT_CS_003,CODE_IDENT_CS_007_COPY,0.4827586206896552,0.6363636363636364
CODE_IDENT_CS_003,CODE_ESTRU_CS_007,0.4827586206896552,0.6363636363636364
CODE_IDENT_CS_003_COPY,CODE_IDENT_CS_007,0.4827586206896552,0.6363636363636364
CODE_IDENT_CS_003_COPY,CODE_IDENT_CS_007_COPY,0.4827586206896552,0.6363636363636364
CODE_IDENT_CS_003_COPY,CODE_ESTRU_CS_007,0.4827586206896552,0.6363636363636364
CODE_DIF_CS_009,CODE_DIF_CS_011,0.475,0.5277777777777778
CODE_DIF_CS_005,CODE_DIF_CS_003,0.4742268041237113,0.6216216216216216
CODE_IDENT_CS_002,CODE_IDENT_CS_007,0.47191011235955055,0.6
CODE_IDENT_CS_002,CODE_IDENT_CS_007_COPY,0.47191011235955055,0.6
CODE_IDENT_CS_002,CODE_ESTRU_CS_007,0.47191011235955055,0.6
CODE_IDENT_CS_002_COPY,CODE_IDENT_CS_007,0.47191011235955055,0.6
CODE_IDENT_CS_002_COPY,CODE_IDENT_CS_007_COPY,0.47191011235955055,0.6
CODE_IDENT_CS_002_COPY,CODE_ESTRU_CS_007,0.47191011235955055,0.6
CODE_IDENT_CS_007,CODE_IDENT_CS_006,0.46846846846846846,0.48148148148148145
CODE_IDENT_CS_007,CODE_IDENT_CS_006_COPY,0.46846846846846846,0.48148148148148145
CODE_IDENT_CS_007_COPY,CODE_IDENT_CS_006,0.46846846846846846,0.48148148148148145
CODE_ESTRU_CS_007,CODE_IDENT_CS_006,0.46846846846846846,0.48148148148148145
CODE_IDENT_CS_007_COPY,CODE_IDENT_CS_006_COPY,0.46846846846846846,0.48148148148148145
CODE_ESTRU_CS_007,CODE_IDENT_CS_006_COPY,0.46846846846846846,0.48148148148148145
CODE_IDENT_CS_012_COPY,CODE_DIF_CS_002,0.4583333333333333,0.532258064516129
CODE_IDENT_CS_012,CODE_DIF_CS_002,0.4583333333333333,0.532258064516129
CODE_ESTRU_CS_012,CODE_DIF_CS_002,0.4583333333333333,0.532258064516129
CODE_DIF_CS_012,CODE_ESTRU_CS_001,0.4444444444444444,0.5964912280701754
CODE_IDENT_CS_007,CODE_ESTRU_CS_006,0.43859649122807015,0.46296296296296297
CODE_IDENT_CS_007_COPY,CODE_ESTRU_CS_006,0.43859649122807015,0.46296296296296297
CODE_ESTRU_CS_007,CODE_ESTRU_CS_006,0.43859649122807015,0.46296296296296297
CODE_DIF_CS_014,CODE_DIF_CS_007,0.43333333333333335,0.4789473684210526
CODE_DIF_CS_012,CODE_FUN_CS_004,0.42,0.7368421052631579
CODE_FUN_CS_004,CODE_DIF_CS_009,0.4181184668989547,0.4195804195804196
CODE_DIF_CS_012,CODE_IDENT_CS_004_COPY,0.41379310344827586,0.7368421052631579
CODE_DIF_CS_012,CODE_IDENT_CS_004,0.41379310344827586,0.7368421052631579
CODE_ESTRU_CS_001,CODE_IDENT_CS_004_COPY,0.4132231404958678,0.5208333333333334
CODE_ESTRU_CS_001,CODE_IDENT_CS_004,0.4132231404958678,0.5208333333333334
CODE_DIF_CS_012,CODE_IDENT_CS_001,0.391304347826087,0.47368421052631576
CODE_DIF_CS_012,CODE_IDENT_CS_001_COPY,0.391304347826087,0.47368421052631576
CODE_IDENT_CS_001,CODE_DIF_CS_009,0.39111111111111113,0.5432098765432098
CODE_IDENT_CS_001_COPY,CODE_DIF_CS_009,0.39111111111111113,0.5432098765432098
CODE_DIF_CS_007,CODE_DIF_CS_008,0.3902439024390244,0.45217391304347826
CODE_DIF_CS_013,CODE_ESTRU_CS_001,0.3870967741935484,0.5084745762711864
CODE_IDENT_CS_006,CODE_IDENT_CS_012_COPY,0.3865546218487395,0.40350877192982454
CODE_IDENT_CS_006,CODE_IDENT_CS_012,0.3865546218487395,0.40350877192982454
CODE_IDENT_CS_006,CODE_ESTRU_CS_012,0.3865546218487395,0.40350877192982454
CODE_IDENT_CS_006_COPY,CODE_IDENT_CS_012_COPY,0.3865546218487395,0.40350877192982454
CODE_IDENT_CS_006_COPY,CODE_IDENT_CS_012,0.3865546218487395,0.40350877192982454
CODE_IDENT_CS_006_COPY,CODE_ESTRU_CS_012,0.3865546218487395,0.40350877192982454
CODE_ESTRU_CS_001,CODE_FUN_CS_004,0.38493723849372385,0.4791666666666667
CODE_IDENT_CS_001,CODE_FUN_CS_004,0.38392857142857145,0.5308641975308642
CODE_IDENT_CS_001_COPY,CODE_FUN_CS_004,0.38392857142857145,0.5308641975308642
CODE_IDENT_CS_001,CODE_IDENT_CS_004_COPY,0.3788546255506608,0.5308641975308642
CODE_IDENT_CS_001_COPY,CODE_IDENT_CS_004_COPY,0.3788546255506608,0.5308641975308642
CODE_IDENT_CS_001,CODE_IDENT_CS_004,0.3788546255506608,0.5308641975308642
CODE_IDENT_CS_001_COPY,CODE_IDENT_CS_004,0.3788546255506608,0.5308641975308642
CODE_ESTRU_CS_006,CODE_IDENT_CS_012_COPY,0.3770491803278688,0.38333333333333336
CODE_ESTRU_CS_006,CODE_IDENT_CS_012,0.3770491803278688,0.38333333333333336
CODE_ESTRU_CS_006,CODE_ESTRU_CS_012,0.3770491803278688,0.38333333333333336
CODE_ESTRU_CS_002,CODE_IDENT_CS_008,0.375,0.5714285714285714
CODE_ESTRU_CS_001,CODE_DIF_CS_009,0.375,0.46875
CODE_ESTRU_CS_002,CODE_IDENT_CS_008_COPY,0.375,0.5714285714285714
CODE_ESTRU_CS_002,CODE_ESTRU_CS_008,0.375,0.5714285714285714
CODE_DIF_CS_013,CODE_DIF_CS_011,0.37446808510638296,0.7457627118644068
CODE_DIF_CS_005,CODE_DIF_CS_007,0.36950146627565983,0.5675675675675675
CODE_ESTRU_CS_003,CODE_IDENT_CS_008,0.366412213740458,0.5333333333333333
CODE_ESTRU_CS_003,CODE_IDENT_CS_008_COPY,0.366412213740458,0.5333333333333333
CODE_ESTRU_CS_003,CODE_ESTRU_CS_008,0.366412213740458,0.5333333333333333
CODE_IDENT_CS_003,CODE_IDENT_CS_006,0.35555555555555557,0.48484848484848486
CODE_IDENT_CS_003,CODE_IDENT_CS_006_COPY,0.35555555555555557,0.48484848484848486
CODE_IDENT_CS_003_COPY,CODE_IDENT_CS_006,0.35555555555555557,0.48484848484848486
CODE_IDENT_CS_003_COPY,CODE_IDENT_CS_006_COPY,0.35555555555555557,0.48484848484848486
CODE_FUN_CS_005,CODE_IDENT_CS_005,0.3516483516483517,0.35555555555555557
CODE_FUN_CS_005,CODE_IDENT_CS_005_COPY,0.3516483516483517,0.35555555555555557
CODE_DIF_CS_011,CODE_DIF_CS_004,0.3487394957983193,0.4715909090909091
CODE_IDENT_CS_002,CODE_IDENT_CS_006,0.34782608695652173,0.45714285714285713
CODE_IDENT_CS_002,CODE_IDENT_CS_006_COPY,0.34782608695652173,0.45714285714285713
CODE_IDENT_CS_002_COPY,CODE_IDENT_CS_006,0.34782608695652173,0.45714285714285713
CODE_IDENT_CS_002_COPY,CODE_IDENT_CS_006_COPY,0.34782608695652173,0.45714285714285713
CODE_IDENT_CS_003,CODE_IDENT_CS_013,0.34408602150537637,0.48484848484848486
CODE_IDENT_CS_003,CODE_ESTRU_CS_013,0.34408602150537637,0.48484848484848486
CODE_IDENT_CS_003,CODE_IDENT_CS_013_COPY,0.34408602150537637,0.48484848484848486
CODE_IDENT_CS_003,CODE_ESTRU_CS_006,0.34408602150537637,0.48484848484848486
CODE_ESTRU_CS_002,CODE_IDENT_CS_014_COPY,0.34408602150537637,0.38095238095238093
CODE_IDENT_CS_003_COPY,CODE_IDENT_CS_013,0.34408602150537637,0.48484848484848486
CODE_IDENT_CS_003_COPY,CODE_ESTRU_CS_013,0.34408602150537637,0.48484848484848486
CODE_IDENT_CS_003_COPY,CODE_IDENT_CS_013_COPY,0.34408602150537637,0.48484848484848486
CODE_IDENT_CS_003_COPY,CODE_ESTRU_CS_006,0.34408602150537637,0.48484848484848486
CODE_ESTRU_CS_002,CODE_IDENT_CS_014,0.34408602150537637,0.38095238095238093
CODE_ESTRU_CS_002,CODE_ESTRU_CS_014,0.34408602150537637,0.38095238095238093
CODE_IDENT_CS_002,CODE_IDENT_CS_013,0.3368421052631579,0.45714285714285713
CODE_IDENT_CS_002,CODE_ESTRU_CS_013,0.3368421052631579,0.45714285714285713
CODE_IDENT_CS_002,CODE_IDENT_CS_013_COPY,0.3368421052631579,0.45714285714285713
CODE_IDENT_CS_002,CODE_ESTRU_CS_006,0.3368421052631579,0.45714285714285713
CODE_IDENT_CS_005,CODE_FUN_CS_007,0.3368421052631579,0.34782608695652173
CODE_IDENT_CS_005_COPY,CODE_FUN_CS_007,0.3368421052631579,0.34782608695652173
CODE_FUN_CS_005,CODE_ESTRU_CS_005,0.3368421052631579,0.35555555555555557
CODE_IDENT_CS_002_COPY,CODE_IDENT_CS_013,0.3368421052631579,0.45714285714285713
CODE_IDENT_CS_002_COPY,CODE_ESTRU_CS_013,0.3368421052631579,0.45714285714285713
CODE_IDENT_CS_002_COPY,CODE_IDENT_CS_013_COPY,0.3368421052631579,0.45714285714285713
CODE_IDENT_CS_002_COPY,CODE_ESTRU_CS_006,0.3368421052631579,0.45714285714285713
CODE_IDENT_CS_009,CODE_IDENT_CS_007,0.33663366336633666,0.3617021276595745
CODE_IDENT_CS_009_COPY,CODE_IDENT_CS_007,0.33663366336633666,0.3617021276595745
CODE_ESTRU_CS_009,CODE_IDENT_CS_007,0.33663366336633666,0.3617021276595745
CODE_IDENT_CS_009,CODE_IDENT_CS_007_COPY,0.33663366336633666,0.3617021276595745
CODE_IDENT_CS_009,CODE_ESTRU_CS_007,0.33663366336633666,0.3617021276595745
CODE_IDENT_CS_009_COPY,CODE_IDENT_CS_007_COPY,0.33663366336633666,0.3617021276595745
CODE_IDENT_CS_009_COPY,CODE_ESTRU_CS_007,0.33663366336633666,0.3617021276595745
CODE_ESTRU_CS_009,CODE_IDENT_CS_007_COPY,0.33663366336633666,0.3617021276595745
CODE_ESTRU_CS_009,CODE_ESTRU_CS_007,0.33663366336633666,0.3617021276595745
CODE_ESTRU_CS_001,CODE_DIF_CS_014,0.3356643356643357,0.5
CODE_IDENT_CS_004_COPY,CODE_DIF_CS_014,0.3333333333333333,0.3835616438356164
CODE_ESTRU_CS_002,CODE_IDENT_CS_007,0.3333333333333333,0.38095238095238093
CODE_IDENT_CS_004,CODE_DIF_CS_014,0.3333333333333333,0.3835616438356164
CODE_ESTRU_CS_003,CODE_IDENT_CS_014_COPY,0.3333333333333333,0.35555555555555557
CODE_ESTRU_CS_003,CODE_IDENT_CS_014,0.3333333333333333,0.35555555555555557
CODE_ESTRU_CS_002,CODE_IDENT_CS_007_COPY,0.3333333333333333,0.38095238095238093
CODE_ESTRU_CS_003,CODE_ESTRU_CS_014,0.3333333333333333,0.35555555555555557
CODE_ESTRU_CS_002,CODE_ESTRU_CS_007,0.3333333333333333,0.38095238095238093
CODE_IDENT_CS_014_COPY,CODE_DIF_CS_002,0.3308270676691729,0.43137254901960786
CODE_IDENT_CS_014,CODE_DIF_CS_002,0.3308270676691729,0.43137254901960786
CODE_ESTRU_CS_014,CODE_DIF_CS_002,0.3308270676691729,0.43137254901960786
CODE_IDENT_CS_009,CODE_IDENT_CS_011_COPY,0.33043478260869563,0.40425531914893614
CODE_IDENT_CS_009,CODE_IDENT_CS_011,0.33043478260869563,0.40425531914893614
CODE_IDENT_CS_009,CODE_ESTRU_CS_011,0.33043478260869563,0.40425531914893614
CODE_IDENT_CS_009_COPY,CODE_IDENT_CS_011_COPY,0.33043478260869563,0.40425531914893614
CODE_ESTRU_CS_009,CODE_IDENT_CS_011_COPY,0.33043478260869563,0.40425531914893614
CODE_IDENT_CS_009_COPY,CODE_IDENT_CS_011,0.33043478260869563,0.40425531914893614
CODE_IDENT_CS_009_COPY,CODE_ESTRU_CS_011,0.33043478260869563,0.40425531914893614
CODE_ESTRU_CS_009,CODE_IDENT_CS_011,0.33043478260869563,0.40425531914893614
CODE_ESTRU_CS_009,CODE_ESTRU_CS_011,0.33043478260869563,0.40425531914893614
CODE_FUN_CS_004,CODE_DIF_CS_014,0.3303303303303303,0.38461538461538464
CODE_IDENT_CS_005,CODE_IDENT_CS_006,0.3300970873786408,0.3695652173913043
CODE_IDENT_CS_005_COPY,CODE_IDENT_CS_006,0.3300970873786408,0.3695652173913043
CODE_IDENT_CS_005,CODE_IDENT_CS_006_COPY,0.3300970873786408,0.3695652173913043
CODE_IDENT_CS_005_COPY,CODE_IDENT_CS_006_COPY,0.3300970873786408,0.3695652173913043
CODE_ESTRU_CS_004,CODE_DIF_CS_004,0.32945736434108525,0.39351851851851855
CODE_DIF_CS_013,CODE_IDENT_CS_001,0.32857142857142857,0.3898305084745763
CODE_DIF_CS_013,CODE_IDENT_CS_001_COPY,0.32857142857142857,0.3898305084745763
CODE_IDENT_CS_009,CODE_DIF_CS_002,0.32558139534883723,0.44680851063829785
CODE_IDENT_CS_009_COPY,CODE_DIF_CS_002,0.32558139534883723,0.44680851063829785
CODE_ESTRU_CS_009,CODE_DIF_CS_002,0.32558139534883723,0.44680851063829785
CODE_FUN_CS_005,CODE_IDENT_CS_007,0.32323232323232326,0.35555555555555557
CODE_ESTRU_CS_003,CODE_IDENT_CS_007,0.32323232323232326,0.35555555555555557
CODE_FUN_CS_007,CODE_ESTRU_CS_005,0.32323232323232326,0.32653061224489793
CODE_FUN_CS_005,CODE_IDENT_CS_007_COPY,0.32323232323232326,0.35555555555555557
CODE_FUN_CS_005,CODE_ESTRU_CS_007,0.32323232323232326,0.35555555555555557
CODE_ESTRU_CS_003,CODE_IDENT_CS_007_COPY,0.32323232323232326,0.35555555555555557
CODE_ESTRU_CS_003,CODE_ESTRU_CS_007,0.32323232323232326,0.35555555555555557
CODE_IDENT_CS_005,CODE_ESTRU_CS_006,0.32075471698113206,0.3695652173913043
CODE_IDENT_CS_005_COPY,CODE_ESTRU_CS_006,0.32075471698113206,0.3695652173913043
CODE_DIF_CS_012,CODE_DIF_CS_011,0.31759656652360513,0.6491228070175439
CODE_DIF_CS_003,CODE_DIF_CS_007,0.3170731707317073,0.3611111111111111
CODE_IDENT_CS_003,CODE_IDENT_CS_011_COPY,0.31683168316831684,0.48484848484848486
CODE_IDENT_CS_003,CODE_IDENT_CS_011,0.31683168316831684,0.48484848484848486
CODE_IDENT_CS_003,CODE_ESTRU_CS_011,0.31683168316831684,0.48484848484848486
CODE_IDENT_CS_003_COPY,CODE_IDENT_CS_011_COPY,0.31683168316831684,0.48484848484848486
CODE_IDENT_CS_003_COPY,CODE_IDENT_CS_011,0.31683168316831684,0.48484848484848486
CODE_IDENT_CS_003_COPY,CODE_ESTRU_CS_011,0.31683168316831684,0.48484848484848486
CODE_DIF_CS_014,CODE_DIF_CS_008,0.31643002028397565,0.4105263157894737
CODE_FUN_CS_005,CODE_IDENT_CS_006,0.3137254901960784,0.35555555555555557
CODE_FUN_CS_005,CODE_IDENT_CS_006_COPY,0.3137254901960784,0.35555555555555557
CODE_ESTRU_CS_002,CODE_IDENT_CS_013,0.3137254901960784,0.38095238095238093
CODE_ESTRU_CS_002,CODE_ESTRU_CS_013,0.3137254901960784,0.38095238095238093
CODE_ESTRU_CS_002,CODE_IDENT_CS_013_COPY,0.3137254901960784,0.38095238095238093
CODE_DIF_CS_014,CODE_DIF_CS_015,0.3117505995203837,0.34210526315789475
CODE_IDENT_CS_002,CODE_IDENT_CS_011_COPY,0.3106796116504854,0.45714285714285713
CODE_IDENT_CS_002,CODE_IDENT_CS_011,0.3106796116504854,0.45714285714285713
CODE_IDENT_CS_002,CODE_ESTRU_CS_011,0.3106796116504854,0.45714285714285713
CODE_FUN_CS_007,CODE_IDENT_CS_007,0.3106796116504854,0.32653061224489793
CODE_IDENT_CS_002_COPY,CODE_IDENT_CS_011_COPY,0.3106796116504854,0.45714285714285713
CODE_FUN_CS_007,CODE_IDENT_CS_007_COPY,0.3106796116504854,0.32653061224489793
CODE_FUN_CS_007,CODE_ESTRU_CS_007,0.3106796116504854,0.32653061224489793
CODE_IDENT_CS_002_COPY,CODE_IDENT_CS_011,0.3106796116504854,0.45714285714285713
CODE_IDENT_CS_002_COPY,CODE_ESTRU_CS_011,0.3106796116504854,0.45714285714285713
CODE_ESTRU_CS_002,CODE_IDENT_CS_010,0.3076923076923077,0.38095238095238093
CODE_IDENT_CS_009,CODE_IDENT_CS_006,0.3076923076923077,0.3404255319148936
CODE_IDENT_CS_009_COPY,CODE_IDENT_CS_006,0.3076923076923077,0.3404255319148936
CODE_ESTRU_CS_009,CODE_IDENT_CS_006,0.3076923076923077,0.3404255319148936
CODE_IDENT_CS_009,CODE_IDENT_CS_006_COPY,0.3076923076923077,0.3404255319148936
CODE_IDENT_CS_009_COPY,CODE_IDENT_CS_006_COPY,0.3076923076923077,0.3404255319148936
CODE_ESTRU_CS_009,CODE_IDENT_CS_006_COPY,0.3076923076923077,0.3404255319148936
CODE_ESTRU_CS_002,CODE_ESTRU_CS_010,0.3076923076923077,0.38095238095238093
CODE_ESTRU_CS_002,CODE_IDENT_CS_010_COPY,0.3076923076923077,0.38095238095238093
CODE_ESTRU_CS_001,CODE_ESTRU_CS_004,0.3076923076923077,0.5
CODE_IDENT_CS_007,CODE_IDENT_CS_015,0.3063063063063063,0.3148148148148148
CODE_IDENT_CS_007,CODE_ESTRU_CS_015,0.3063063063063063,0.3148148148148148
CODE_IDENT_CS_007,CODE_IDENT_CS_015_COPY,0.3063063063063063,0.3148148148148148
CODE_IDENT_CS_014_COPY,CODE_ESTRU_CS_006,0.3063063063063063,0.3333333333333333
CODE_IDENT_CS_014,CODE_ESTRU_CS_006,0.3063063063063063,0.3333333333333333
CODE_IDENT_CS_007_COPY,CODE_IDENT_CS_015,0.3063063063063063,0.3148148148148148
CODE_ESTRU_CS_007,CODE_IDENT_CS_015,0.3063063063063063,0.3148148148148148
CODE_IDENT_CS_007_COPY,CODE_ESTRU_CS_015,0.3063063063063063,0.3148148148148148
CODE_IDENT_CS_007_COPY,CODE_IDENT_CS_015_COPY,0.3063063063063063,0.3148148148148148
CODE_ESTRU_CS_007,CODE_ESTRU_CS_015,0.3063063063063063,0.3148148148148148
CODE_ESTRU_CS_007,CODE_IDENT_CS_015_COPY,0.3063063063063063,0.3148148148148148
CODE_ESTRU_CS_014,CODE_ESTRU_CS_006,0.3063063063063063,0.3333333333333333
CODE_IDENT_CS_010,CODE_DIF_CS_002,0.3055555555555556,0.3548387096774194
CODE_ESTRU_CS_010,CODE_DIF_CS_002,0.3055555555555556,0.3548387096774194
CODE_IDENT_CS_010_COPY,CODE_DIF_CS_002,0.3055555555555556,0.3548387096774194
CODE_FUN_CS_005,CODE_ESTRU_CS_006,0.3047619047619048,0.35555555555555557
CODE_ESTRU_CS_003,CODE_IDENT_CS_013,0.3047619047619048,0.35555555555555557
CODE_ESTRU_CS_003,CODE_ESTRU_CS_013,0.3047619047619048,0.35555555555555557
CODE_ESTRU_CS_003,CODE_IDENT_CS_013_COPY,0.3047619047619048,0.35555555555555557
CODE_FUN_CS_007,CODE_IDENT_CS_006,0.3018867924528302,0.32653061224489793
CODE_FUN_CS_007,CODE_IDENT_CS_006_COPY,0.3018867924528302,0.32653061224489793
CODE_DIF_CS_014,CODE_ESTRU_CS_004,0.30049261083743845,0.32105263157894737
CODE_ESTRU_CS_003,CODE_IDENT_CS_010,0.29906542056074764,0.35555555555555557
CODE_ESTRU_CS_005,CODE_IDENT_CS_006,0.29906542056074764,0.32
CODE_IDENT_CS_009,CODE_ESTRU_CS_006,0.29906542056074764,0.3404255319148936
CODE_IDENT_CS_009_COPY,CODE_ESTRU_CS_006,0.29906542056074764,0.3404255319148936
CODE_ESTRU_CS_005,CODE_IDENT_CS_006_COPY,0.29906542056074764,0.32
CODE_ESTRU_CS_003,CODE_ESTRU_CS_010,0.29906542056074764,0.35555555555555557
CODE_ESTRU_CS_009,CODE_ESTRU_CS_006,0.29906542056074764,0.3404255319148936
CODE_ESTRU_CS_003,CODE_IDENT_CS_010_COPY,0.29906542056074764,0.35555555555555557
CODE_IDENT_CS_007,CODE_IDENT_CS_013,0.2982456140350877,0.3148148148148148
CODE_IDENT_CS_007,CODE_ESTRU_CS_013,0.2982456140350877,0.3148148148148148
CODE_IDENT_CS_007,CODE_IDENT_CS_013_COPY,0.2982456140350877,0.3148148148148148
CODE_IDENT_CS_007_COPY,CODE_IDENT_CS_013,0.2982456140350877,0.3148148148148148
CODE_ESTRU_CS_007,CODE_IDENT_CS_013,0.2982456140350877,0.3148148148148148
CODE_IDENT_CS_007_COPY,CODE_ESTRU_CS_013,0.2982456140350877,0.3148148148148148
CODE_IDENT_CS_007_COPY,CODE_IDENT_CS_013_COPY,0.2982456140350877,0.3148148148148148
CODE_ESTRU_CS_007,CODE_ESTRU_CS_013,0.2982456140350877,0.3148148148148148
CODE_ESTRU_CS_007,CODE_IDENT_CS_013_COPY,0.2982456140350877,0.3148148148148148
CODE_DIF_CS_003,CODE_DIF_CS_008,0.2981366459627329,0.4
CODE_IDENT_CS_014_COPY,CODE_IDENT_CS_006,0.2962962962962963,0.3137254901960784
CODE_IDENT_CS_014,CODE_IDENT_CS_006,0.2962962962962963,0.3137254901960784
CODE_ESTRU_CS_014,CODE_IDENT_CS_006,0.2962962962962963,0.3137254901960784
CODE_IDENT_CS_014_COPY,CODE_IDENT_CS_006_COPY,0.2962962962962963,0.3137254901960784
CODE_IDENT_CS_014,CODE_IDENT_CS_006_COPY,0.2962962962962963,0.3137254901960784
CODE_ESTRU_CS_014,CODE_IDENT_CS_006_COPY,0.2962962962962963,0.3137254901960784
CODE_FUN_CS_007,CODE_ESTRU_CS_006,0.29357798165137616,0.32653061224489793
CODE_IDENT_CS_007,CODE_IDENT_CS_012_COPY,0.29310344827586204,0.3148148148148148
CODE_IDENT_CS_007,CODE_IDENT_CS_012,0.29310344827586204,0.3148148148148148
CODE_IDENT_CS_007,CODE_ESTRU_CS_012,0.29310344827586204,0.3148148148148148
CODE_IDENT_CS_007_COPY,CODE_IDENT_CS_012_COPY,0.29310344827586204,0.3148148148148148
CODE_ESTRU_CS_007,CODE_IDENT_CS_012_COPY,0.29310344827586204,0.3148148148148148
CODE_IDENT_CS_007_COPY,CODE_IDENT_CS_012,0.29310344827586204,0.3148148148148148
CODE_ESTRU_CS_007,CODE_IDENT_CS_012,0.29310344827586204,0.3148148148148148
CODE_IDENT_CS_007_COPY,CODE_ESTRU_CS_012,0.29310344827586204,0.3148148148148148
CODE_ESTRU_CS_007,CODE_ESTRU_CS_012,0.29310344827586204,0.3148148148148148
CODE_DIF_CS_013,CODE_IDENT_CS_004_COPY,0.2926829268292683,0.5084745762711864
CODE_DIF_CS_013,CODE_IDENT_CS_004,0.2926829268292683,0.5084745762711864
CODE_IDENT_CS_012_COPY,CODE_IDENT_CS_011_COPY,0.2923076923076923,0.3064516129032258
CODE_IDENT_CS_012_COPY,CODE_IDENT_CS_011,0.2923076923076923,0.3064516129032258
CODE_IDENT_CS_012_COPY,CODE_ESTRU_CS_011,0.2923076923076923,0.3064516129032258
CODE_IDENT_CS_012,CODE_IDENT_CS_011_COPY,0.2923076923076923,0.3064516129032258
CODE_ESTRU_CS_012,CODE_IDENT_CS_011_COPY,0.2923076923076923,0.3064516129032258
CODE_IDENT_CS_012,CODE_IDENT_CS_011,0.2923076923076923,0.3064516129032258
CODE_IDENT_CS_012,CODE_ESTRU_CS_011,0.2923076923076923,0.3064516129032258
CODE_ESTRU_CS_012,CODE_IDENT_CS_011,0.2923076923076923,0.3064516129032258
CODE_ESTRU_CS_012,CODE_ESTRU_CS_011,0.2923076923076923,0.3064516129032258
CODE_ESTRU_CS_002,CODE_IDENT_CS_011_COPY,0.2909090909090909,0.38095238095238093
CODE_ESTRU_CS_002,CODE_IDENT_CS_011,0.2909090909090909,0.38095238095238093
CODE_ESTRU_CS_002,CODE_ESTRU_CS_011,0.2909090909090909,0.38095238095238093
CODE_ESTRU_CS_005,CODE_ESTRU_CS_006,0.2909090909090909,0.32
CODE_IDENT_CS_006,CODE_IDENT_CS_013,0.2905982905982906,0.2982456140350877
CODE_IDENT_CS_006,CODE_ESTRU_CS_013,0.2905982905982906,0.2982456140350877
CODE_IDENT_CS_006,CODE_IDENT_CS_013_COPY,0.2905982905982906,0.2982456140350877
CODE_IDENT_CS_006_COPY,CODE_IDENT_CS_013,0.2905982905982906,0.2982456140350877
CODE_IDENT_CS_006_COPY,CODE_ESTRU_CS_013,0.2905982905982906,0.2982456140350877
CODE_IDENT_CS_006_COPY,CODE_IDENT_CS_013_COPY,0.2905982905982906,0.2982456140350877
CODE_ESTRU_CS_002,CODE_IDENT_CS_012_COPY,0.28846153846153844,0.35714285714285715
CODE_ESTRU_CS_002,CODE_IDENT_CS_012,0.28846153846153844,0.35714285714285715
CODE_ESTRU_CS_002,CODE_ESTRU_CS_012,0.28846153846153844,0.35714285714285715
CODE_ESTRU_CS_005,CODE_IDENT_CS_011_COPY,0.288135593220339,0.34
CODE_ESTRU_CS_005,CODE_IDENT_CS_011,0.288135593220339,0.34
CODE_ESTRU_CS_005,CODE_ESTRU_CS_011,0.288135593220339,0.34
CODE_DIF_CS_011,CODE_DIF_CS_007,0.2857142857142857,0.32954545454545453
CODE_DIF_CS_011,CODE_ESTRU_CS_004,0.2857142857142857,0.3181818181818182
CODE_IDENT_CS_006,CODE_IDENT_CS_010,0.2857142857142857,0.2982456140350877
CODE_IDENT_CS_006_COPY,CODE_IDENT_CS_010,0.2857142857142857,0.2982456140350877
CODE_IDENT_CS_003,CODE_IDENT_CS_008,0.2857142857142857,0.5151515151515151
CODE_IDENT_CS_003,CODE_IDENT_CS_008_COPY,0.2857142857142857,0.5151515151515151
CODE_IDENT_CS_003,CODE_ESTRU_CS_008,0.2857142857142857,0.5151515151515151
CODE_IDENT_CS_006,CODE_ESTRU_CS_010,0.2857142857142857,0.2982456140350877
CODE_IDENT_CS_006,CODE_IDENT_CS_010_COPY,0.2857142857142857,0.2982456140350877
CODE_IDENT_CS_003_COPY,CODE_IDENT_CS_008,0.2857142857142857,0.5151515151515151
CODE_IDENT_CS_003_COPY,CODE_IDENT_CS_008_COPY,0.2857142857142857,0.5151515151515151
CODE_IDENT_CS_003_COPY,CODE_ESTRU_CS_008,0.2857142857142857,0.5151515151515151
CODE_IDENT_CS_006_COPY,CODE_ESTRU_CS_010,0.2857142857142857,0.2982456140350877
CODE_IDENT_CS_006_COPY,CODE_IDENT_CS_010_COPY,0.2857142857142857,0.2982456140350877
CODE_FUN_CS_004,CODE_ESTRU_CS_004,0.2841225626740947,0.35664335664335667
CODE_DIF_CS_012,CODE_DIF_CS_014,0.2834008097165992,0.6140350877192983
CODE_ESTRU_CS_006,CODE_IDENT_CS_013,0.2833333333333333,0.2833333333333333
CODE_ESTRU_CS_006,CODE_ESTRU_CS_013,0.2833333333333333,0.2833333333333333
CODE_ESTRU_CS_006,CODE_IDENT_CS_013_COPY,0.2833333333333333,0.2833333333333333
CODE_FUN_CS_005,CODE_IDENT_CS_011_COPY,0.2831858407079646,0.35555555555555557
CODE_ESTRU_CS_003,CODE_IDENT_CS_011_COPY,0.2831858407079646,0.35555555555555557
CODE_FUN_CS_005,CODE_IDENT_CS_011,0.2831858407079646,0.35555555555555557
CODE_FUN_CS_005,CODE_ESTRU_CS_011,0.2831858407079646,0.35555555555555557
CODE_ESTRU_CS_003,CODE_IDENT_CS_011,0.2831858407079646,0.35555555555555557
CODE_ESTRU_CS_003,CODE_ESTRU_CS_011,0.2831858407079646,0.35555555555555557
CODE_DIF_CS_004,CODE_DIF_CS_008,0.28192371475953565,0.2833333333333333
CODE_IDENT_CS_004_COPY,CODE_ESTRU_CS_004,0.281767955801105,0.3493150684931507
CODE_IDENT_CS_004,CODE_ESTRU_CS_004,0.281767955801105,0.3493150684931507
CODE_FUN_CS_003,CODE_IDENT_CS_003,0.28125,0.2903225806451613
CODE_FUN_CS_003,CODE_IDENT_CS_003_COPY,0.28125,0.2903225806451613
CODE_IDENT_CS_002,CODE_IDENT_CS_008,0.2809917355371901,0.4857142857142857
CODE_IDENT_CS_002,CODE_IDENT_CS_008_COPY,0.2809917355371901,0.4857142857142857
CODE_IDENT_CS_002,CODE_ESTRU_CS_008,0.2809917355371901,0.4857142857142857
CODE_IDENT_CS_002_COPY,CODE_IDENT_CS_008,0.2809917355371901,0.4857142857142857
CODE_IDENT_CS_002_COPY,CODE_IDENT_CS_008_COPY,0.2809917355371901,0.4857142857142857
CODE_IDENT_CS_002_COPY,CODE_ESTRU_CS_008,0.2809917355371901,0.4857142857142857
CODE_ESTRU_CS_003,CODE_IDENT_CS_012_COPY,0.2803738317757009,0.3333333333333333
CODE_ESTRU_CS_003,CODE_IDENT_CS_012,0.2803738317757009,0.3333333333333333
CODE_ESTRU_CS_003,CODE_ESTRU_CS_012,0.2803738317757009,0.3333333333333333
CODE_DIF_CS_005,CODE_DIF_CS_008,0.28019323671497587,0.5225225225225225
CODE_FUN_CS_004,CODE_DIF_CS_004,0.2799097065462754,0.43356643356643354
CODE_IDENT_CS_004_COPY,CODE_DIF_CS_015,0.27882037533512066,0.3561643835616438
CODE_IDENT_CS_004,CODE_DIF_CS_015,0.27882037533512066,0.3561643835616438
CODE_IDENT_CS_007,CODE_IDENT_CS_011_COPY,0.2786885245901639,0.3148148148148148
CODE_IDENT_CS_007,CODE_IDENT_CS_011,0.2786885245901639,0.3148148148148148
CODE_IDENT_CS_007,CODE_ESTRU_CS_011,0.2786885245901639,0.3148148148148148
CODE_IDENT_CS_007_COPY,CODE_IDENT_CS_011_COPY,0.2786885245901639,0.3148148148148148
CODE_ESTRU_CS_007,CODE_IDENT_CS_011_COPY,0.2786885245901639,0.3148148148148148
CODE_IDENT_CS_007_COPY,CODE_IDENT_CS_011,0.2786885245901639,0.3148148148148148
CODE_ESTRU_CS_007,CODE_IDENT_CS_011,0.2786885245901639,0.3148148148148148
CODE_IDENT_CS_007_COPY,CODE_ESTRU_CS_011,0.2786885245901639,0.3148148148148148
CODE_ESTRU_CS_007,CODE_ESTRU_CS_011,0.2786885245901639,0.3148148148148148
CODE_DIF_CS_012,CODE_DIF_CS_009,0.27860696517412936,0.49122807017543857
CODE_IDENT_CS_007,CODE_IDENT_CS_010,0.27586206896551724,0.2962962962962963
CODE_IDENT_CS_007_COPY,CODE_IDENT_CS_010,0.27586206896551724,0.2962962962962963
CODE_ESTRU_CS_007,CODE_IDENT_CS_010,0.27586206896551724,0.2962962962962963
CODE_IDENT_CS_007,CODE_ESTRU_CS_010,0.27586206896551724,0.2962962962962963
CODE_IDENT_CS_007,CODE_IDENT_CS_010_COPY,0.27586206896551724,0.2962962962962963
CODE_IDENT_CS_007_COPY,CODE_ESTRU_CS_010,0.27586206896551724,0.2962962962962963
CODE_IDENT_CS_007_COPY,CODE_IDENT_CS_010_COPY,0.27586206896551724,0.2962962962962963
CODE_ESTRU_CS_007,CODE_ESTRU_CS_010,0.27586206896551724,0.2962962962962963
CODE_ESTRU_CS_007,CODE_IDENT_CS_010_COPY,0.27586206896551724,0.2962962962962963
CODE_DIF_CS_009,CODE_DIF_CS_014,0.2754491017964072,0.3194444444444444
CODE_FUN_CS_007,CODE_IDENT_CS_011_COPY,0.27350427350427353,0.32653061224489793
CODE_FUN_CS_007,CODE_IDENT_CS_011,0.27350427350427353,0.32653061224489793
CODE_FUN_CS_007,CODE_ESTRU_CS_011,0.27350427350427353,0.32653061224489793
CODE_IDENT_CS_015,CODE_DIF_CS_002,0.2733812949640288,0.3333333333333333
CODE_ESTRU_CS_015,CODE_DIF_CS_002,0.2733812949640288,0.3333333333333333
CODE_IDENT_CS_015_COPY,CODE_DIF_CS_002,0.2733812949640288,0.3333333333333333
CODE_FUN_CS_002,CODE_IDENT_CS_003,0.2727272727272727,0.2727272727272727
CODE_FUN_CS_003,CODE_IDENT_CS_002,0.2727272727272727,0.2903225806451613
CODE_FUN_CS_002,CODE_IDENT_CS_003_COPY,0.2727272727272727,0.2727272727272727
CODE_FUN_CS_003,CODE_IDENT_CS_002_COPY,0.2727272727272727,0.2903225806451613
CODE_IDENT_CS_006,CODE_IDENT_CS_011_COPY,0.272,0.2982456140350877
CODE_IDENT_CS_006,CODE_IDENT_CS_011,0.272,0.2982456140350877
CODE_IDENT_CS_006,CODE_ESTRU_CS_011,0.272,0.2982456140350877
CODE_IDENT_CS_006_COPY,CODE_IDENT_CS_011_COPY,0.272,0.2982456140350877
CODE_IDENT_CS_006_COPY,CODE_IDENT_CS_011,0.272,0.2982456140350877
CODE_IDENT_CS_006_COPY,CODE_ESTRU_CS_011,0.272,0.2982456140350877
CODE_DIF_CS_012,CODE_ESTRU_CS_004,0.27106227106227104,0.6491228070175439
CODE_IDENT_CS_001,CODE_ESTRU_CS_004,0.26936026936026936,0.49382716049382713
CODE_IDENT_CS_001_COPY,CODE_ESTRU_CS_004,0.26936026936026936,0.49382716049382713
CODE_FUN_CS_006,CODE_FUN_CS_013,0.26666666666666666,0.35294117647058826
CODE_DIF_CS_010,CODE_DIF_CS_011,0.26666666666666666,0.3829787234042553
CODE_FUN_CS_009,CODE_FUN_CS_015,0.26666666666666666,0.2903225806451613
CODE_ESTRU_CS_001,CODE_DIF_CS_015,0.26625386996904027,0.4479166666666667
CODE_IDENT_CS_001,CODE_DIF_CS_014,0.2656826568265683,0.4444444444444444
CODE_IDENT_CS_001_COPY,CODE_DIF_CS_014,0.2656826568265683,0.4444444444444444
CODE_ESTRU_CS_006,CODE_IDENT_CS_011_COPY,0.265625,0.2833333333333333
CODE_ESTRU_CS_006,CODE_IDENT_CS_011,0.265625,0.2833333333333333
CODE_ESTRU_CS_006,CODE_ESTRU_CS_011,0.265625,0.2833333333333333
CODE_FUN_CS_002,CODE_IDENT_CS_002,0.2647058823529412,0.2727272727272727
CODE_FUN_CS_002,CODE_IDENT_CS_002_COPY,0.2647058823529412,0.2727272727272727
CODE_DIF_CS_011,CODE_DIF_CS_008,0.2630480167014614,0.35795454545454547
CODE_ESTRU_CS_006,CODE_IDENT_CS_010,0.26229508196721313,0.26666666666666666
CODE_ESTRU_CS_006,CODE_ESTRU_CS_010,0.26229508196721313,0.26666666666666666
CODE_ESTRU_CS_006,CODE_IDENT_CS_010_COPY,0.26229508196721313,0.26666666666666666
CODE_FUN_CS_004,CODE_DIF_CS_011,0.25705329153605017,0.2867132867132867
CODE_IDENT_CS_003,CODE_FUN_CS_005,0.2564102564102564,0.30303030303030304
CODE_IDENT_CS_003_COPY,CODE_FUN_CS_005,0.2564102564102564,0.30303030303030304
CODE_DIF_CS_009,CODE_IDENT_CS_004_COPY,0.25517241379310346,0.2569444444444444
CODE_DIF_CS_009,CODE_IDENT_CS_004,0.25517241379310346,0.2569444444444444
CODE_FUN_CS_012,CODE_FUN_CS_015,0.2535211267605634,0.2608695652173913
CODE_DIF_CS_012,CODE_DIF_CS_015,0.2535211267605634,0.631578947368421
CODE_DIF_CS_010,CODE_DIF_CS_009,0.25210084033613445,0.3191489361702128
CODE_FUN_CS_006,CODE_FUN_CS_011,0.2517482517482518,0.35294117647058826
CODE_IDENT_CS_002,CODE_FUN_CS_005,0.25,0.2857142857142857
CODE_IDENT_CS_002_COPY,CODE_FUN_CS_005,0.25,0.2857142857142857
CODE_ESTRU_CS_004,CODE_DIF_CS_008,0.2466281310211946,0.2962962962962963
CODE_FUN_CS_003,CODE_ESTRU_CS_002,0.2465753424657534,0.2903225806451613
CODE_IDENT_CS_003,CODE_FUN_CS_007,0.24390243902439024,0.30303030303030304
CODE_IDENT_CS_002,CODE_IDENT_CS_009,0.24390243902439024,0.2857142857142857
CODE_IDENT_CS_002,CODE_IDENT_CS_009_COPY,0.24390243902439024,0.2857142857142857
CODE_IDENT_CS_002,CODE_ESTRU_CS_009,0.24390243902439024,0.2857142857142857
CODE_IDENT_CS_002_COPY,CODE_IDENT_CS_009,0.24390243902439024,0.2857142857142857
CODE_IDENT_CS_003_COPY,CODE_FUN_CS_007,0.24390243902439024,0.30303030303030304
CODE_IDENT_CS_002_COPY,CODE_IDENT_CS_009_COPY,0.24390243902439024,0.2857142857142857
CODE_IDENT_CS_002_COPY,CODE_ESTRU_CS_009,0.24390243902439024,0.2857142857142857
CODE_ESTRU_CS_004,CODE_DIF_CS_015,0.24379232505643342,0.25
CODE_DIF_CS_013,CODE_DIF_CS_008,0.2430939226519337,0.7457627118644068
CODE_DIF_CS_013,CODE_DIF_CS_014,0.24096385542168675,0.5084745762711864
CODE_DIF_CS_011,CODE_DIF_CS_014,0.24043715846994534,0.25
CODE_IDENT_CS_001,CODE_DIF_CS_015,0.24025974025974026,0.4567901234567901
CODE_IDENT_CS_001_COPY,CODE_DIF_CS_015,0.24025974025974026,0.4567901234567901
CODE_FUN_CS_002,CODE_ESTRU_CS_002,0.24,0.2727272727272727
CODE_IDENT_CS_003,CODE_IDENT_CS_014_COPY,0.23809523809523808,0.30303030303030304
CODE_IDENT_CS_003,CODE_FUN_CS_006,0.23809523809523808,0.30303030303030304
CODE_IDENT_CS_003,CODE_IDENT_CS_014,0.23809523809523808,0.30303030303030304
CODE_IDENT_CS_003,CODE_ESTRU_CS_014,0.23809523809523808,0.30303030303030304
CODE_IDENT_CS_002,CODE_FUN_CS_007,0.23809523809523808,0.2857142857142857
CODE_IDENT_CS_002_COPY,CODE_FUN_CS_007,0.23809523809523808,0.2857142857142857
CODE_IDENT_CS_003_COPY,CODE_IDENT_CS_014_COPY,0.23809523809523808,0.30303030303030304
CODE_IDENT_CS_003_COPY,CODE_FUN_CS_006,0.23809523809523808,0.30303030303030304
CODE_IDENT_CS_003_COPY,CODE_IDENT_CS_014,0.23809523809523808,0.30303030303030304
CODE_IDENT_CS_003_COPY,CODE_ESTRU_CS_014,0.23809523809523808,0.30303030303030304
CODE_DIF_CS_003,CODE_DIF_CS_014,0.23783783783783785,0.24444444444444444
CODE_FUN_CS_004,CODE_DIF_CS_015,0.23783783783783785,0.3076923076923077
CODE_ESTRU_CS_006,CODE_FUN_CS_008,0.23684210526315788,0.3
CODE_FUN_CS_003,CODE_FUN_CS_005,0.23684210526315788,0.2903225806451613
CODE_FUN_CS_003,CODE_ESTRU_CS_003,0.23684210526315788,0.2903225806451613
CODE_DIF_CS_013,CODE_DIF_CS_004,0.233983286908078,0.711864406779661
CODE_DIF_CS_009,CODE_ESTRU_CS_004,0.23333333333333334,0.2916666666666667
CODE_ESTRU_CS_001,CODE_DIF_CS_007,0.2331288343558282,0.3958333333333333
CODE_IDENT_CS_007,CODE_FUN_CS_008,0.2328767123287671,0.3148148148148148
CODE_IDENT_CS_007_COPY,CODE_FUN_CS_008,0.2328767123287671,0.3148148148148148
CODE_ESTRU_CS_007,CODE_FUN_CS_008,0.2328767123287671,0.3148148148148148
CODE_DIF_CS_014,CODE_DIF_CS_004,0.23265306122448978,0.3
CODE_IDENT_CS_002,CODE_FUN_CS_006,0.23255813953488372,0.2857142857142857
CODE_IDENT_CS_002_COPY,CODE_FUN_CS_006,0.23255813953488372,0.2857142857142857
CODE_FUN_CS_002,CODE_FUN_CS_005,0.23076923076923078,0.2727272727272727
CODE_FUN_CS_002,CODE_ESTRU_CS_003,0.23076923076923078,0.2727272727272727
CODE_FUN_CS_003,CODE_FUN_CS_010,0.22988505747126436,0.3225806451612903
CODE_ESTRU_CS_002,CODE_FUN_CS_005,0.22988505747126436,0.23809523809523808
CODE_IDENT_CS_004_COPY,CODE_DIF_CS_011,0.22981366459627328,0.2534246575342466
CODE_IDENT_CS_004,CODE_DIF_CS_011,0.22981366459627328,0.2534246575342466
CODE_IDENT_CS_007,CODE_IDENT_CS_008,0.22857142857142856,0.2962962962962963
CODE_IDENT_CS_007,CODE_IDENT_CS_008_COPY,0.22857142857142856,0.2962962962962963
CODE_IDENT_CS_007,CODE_ESTRU_CS_008,0.22857142857142856,0.2962962962962963
CODE_IDENT_CS_007_COPY,CODE_IDENT_CS_008,0.22857142857142856,0.2962962962962963
CODE_ESTRU_CS_007,CODE_IDENT_CS_008,0.22857142857142856,0.2962962962962963
CODE_IDENT_CS_007_COPY,CODE_IDENT_CS_008_COPY,0.22857142857142856,0.2962962962962963
CODE_IDENT_CS_007_COPY,CODE_ESTRU_CS_008,0.22857142857142856,0.2962962962962963
CODE_ESTRU_CS_007,CODE_IDENT_CS_008_COPY,0.22857142857142856,0.2962962962962963
CODE_ESTRU_CS_007,CODE_ESTRU_CS_008,0.22857142857142856,0.2962962962962963
CODE_FUN_CS_001,CODE_FUN_CS_009,0.22784810126582278,0.5294117647058824
CODE_DIF_CS_013,CODE_FUN_CS_004,0.22772277227722773,0.3898305084745763
CODE_DIF_CS_013,CODE_DIF_CS_009,0.22660098522167488,0.3898305084745763
CODE_IDENT_CS_003,CODE_IDENT_CS_009,0.225,0.2727272727272727
CODE_IDENT_CS_003,CODE_IDENT_CS_009_COPY,0.225,0.2727272727272727
CODE_IDENT_CS_003,CODE_ESTRU_CS_009,0.225,0.2727272727272727
CODE_IDENT_CS_003_COPY,CODE_IDENT_CS_009,0.225,0.2727272727272727
CODE_FUN_CS_003,CODE_FUN_CS_007,0.225,0.2903225806451613
CODE_IDENT_CS_003_COPY,CODE_IDENT_CS_009_COPY,0.225,0.2727272727272727
CODE_IDENT_CS_003_COPY,CODE_ESTRU_CS_009,0.225,0.2727272727272727
CODE_IDENT_CS_003,CODE_IDENT_CS_015,0.2222222222222222,0.30303030303030304
CODE_IDENT_CS_003,CODE_ESTRU_CS_015,0.2222222222222222,0.30303030303030304
CODE_IDENT_CS_003,CODE_IDENT_CS_015_COPY,0.2222222222222222,0.30303030303030304
CODE_IDENT_CS_003_COPY,CODE_IDENT_CS_015,0.2222222222222222,0.30303030303030304
CODE_IDENT_CS_003_COPY,CODE_ESTRU_CS_015,0.2222222222222222,0.30303030303030304
CODE_IDENT_CS_003_COPY,CODE_IDENT_CS_015_COPY,0.2222222222222222,0.30303030303030304
CODE_ESTRU_CS_003,CODE_FUN_CS_005,0.2222222222222222,0.2222222222222222
CODE_DIF_CS_013,CODE_DIF_CS_007,0.22145328719723184,0.5423728813559322
CODE_ESTRU_CS_001,CODE_DIF_CS_011,0.22058823529411764,0.3125
CODE_ESTRU_CS_002,CODE_FUN_CS_007,0.21978021978021978,0.23809523809523808
CODE_FUN_CS_004,CODE_DIF_CS_008,0.21973094170403587,0.34265734265734266
CODE_FUN_CS_002,CODE_FUN_CS_007,0.21951219512195122,0.2727272727272727
CODE_FUN_CS_003,CODE_FUN_CS_006,0.21951219512195122,0.2903225806451613
CODE_IDENT_CS_013,CODE_IDENT_CS_008,0.2191780821917808,0.26666666666666666
CODE_ESTRU_CS_013,CODE_IDENT_CS_008,0.2191780821917808,0.26666666666666666
CODE_IDENT_CS_013_COPY,CODE_IDENT_CS_008,0.2191780821917808,0.26666666666666666
CODE_IDENT_CS_013,CODE_IDENT_CS_008_COPY,0.2191780821917808,0.26666666666666666
CODE_IDENT_CS_013,CODE_ESTRU_CS_008,0.2191780821917808,0.26666666666666666
CODE_ESTRU_CS_013,CODE_IDENT_CS_008_COPY,0.2191780821917808,0.26666666666666666
CODE_ESTRU_CS_013,CODE_ESTRU_CS_008,0.2191780821917808,0.26666666666666666
CODE_IDENT_CS_013_COPY,CODE_IDENT_CS_008_COPY,0.2191780821917808,0.26666666666666666
CODE_IDENT_CS_013_COPY,CODE_ESTRU_CS_008,0.2191780821917808,0.26666666666666666
CODE_IDENT_CS_014_COPY,CODE_IDENT_CS_008,0.21897810218978103,0.29411764705882354
CODE_IDENT_CS_014,CODE_IDENT_CS_008,0.21897810218978103,0.29411764705882354
CODE_ESTRU_CS_014,CODE_IDENT_CS_008,0.21897810218978103,0.29411764705882354
CODE_IDENT_CS_014_COPY,CODE_IDENT_CS_008_COPY,0.21897810218978103,0.29411764705882354
CODE_IDENT_CS_014_COPY,CODE_ESTRU_CS_008,0.21897810218978103,0.29411764705882354
CODE_IDENT_CS_014,CODE_IDENT_CS_008_COPY,0.21897810218978103,0.29411764705882354
CODE_IDENT_CS_014,CODE_ESTRU_CS_008,0.21897810218978103,0.29411764705882354
CODE_ESTRU_CS_014,CODE_IDENT_CS_008_COPY,0.21897810218978103,0.29411764705882354
CODE_ESTRU_CS_014,CODE_ESTRU_CS_008,0.21897810218978103,0.29411764705882354
CODE_FUN_CS_014,CODE_DIF_CS_005,0.21875,0.25925925925925924
CODE_FUN_CS_014,CODE_DIF_CS_001,0.21818181818181817,0.2222222222222222
CODE_DIF_CS_013,CODE_ESTRU_CS_004,0.21818181818181817,0.5084745762711864
CODE_DIF_CS_013,CODE_DIF_CS_015,0.21678321678321677,0.5254237288135594
CODE_FUN_CS_015,CODE_DIF_CS_001,0.21656050955414013,0.2328767123287671
CODE_ESTRU_CS_004,CODE_DIF_CS_007,0.21524663677130046,0.2222222222222222
CODE_DIF_CS_007,CODE_DIF_CS_004,0.21509433962264152,0.24782608695652175
CODE_ESTRU_CS_002,CODE_FUN_CS_006,0.21505376344086022,0.23809523809523808
CODE_FUN_CS_002,CODE_IDENT_CS_014_COPY,0.21428571428571427,0.2727272727272727
CODE_FUN_CS_002,CODE_FUN_CS_006,0.21428571428571427,0.2727272727272727
CODE_FUN_CS_002,CODE_IDENT_CS_014,0.21428571428571427,0.2727272727272727
CODE_FUN_CS_002,CODE_ESTRU_CS_014,0.21428571428571427,0.2727272727272727
CODE_ESTRU_CS_003,CODE_FUN_CS_007,0.2127659574468085,0.2222222222222222
CODE_IDENT_CS_004_COPY,CODE_DIF_CS_008,0.20935412026726058,0.3219178082191781
CODE_IDENT_CS_004,CODE_DIF_CS_008,0.20935412026726058,0.3219178082191781
CODE_ESTRU_CS_003,CODE_FUN_CS_006,0.20833333333333334,0.2222222222222222
CODE_FUN_CS_003,CODE_IDENT_CS_005,0.2077922077922078,0.25806451612903225
CODE_IDENT_CS_011_COPY,CODE_IDENT_CS_008,0.2077922077922078,0.23529411764705882
CODE_IDENT_CS_011,CODE_IDENT_CS_008,0.2077922077922078,0.23529411764705882
CODE_ESTRU_CS_011,CODE_IDENT_CS_008,0.2077922077922078,0.23529411764705882
CODE_IDENT_CS_011_COPY,CODE_IDENT_CS_008_COPY,0.2077922077922078,0.23529411764705882
CODE_IDENT_CS_011_COPY,CODE_ESTRU_CS_008,0.2077922077922078,0.23529411764705882
CODE_FUN_CS_003,CODE_IDENT_CS_005_COPY,0.2077922077922078,0.25806451612903225
CODE_IDENT_CS_011,CODE_IDENT_CS_008_COPY,0.2077922077922078,0.23529411764705882
CODE_IDENT_CS_011,CODE_ESTRU_CS_008,0.2077922077922078,0.23529411764705882
CODE_ESTRU_CS_011,CODE_IDENT_CS_008_COPY,0.2077922077922078,0.23529411764705882
CODE_ESTRU_CS_011,CODE_ESTRU_CS_008,0.2077922077922078,0.23529411764705882
CODE_DIF_CS_005,CODE_DIF_CS_014,0.2059800664451827,0.27927927927927926
CODE_IDENT_CS_001,CODE_DIF_CS_007,0.2057877813504823,0.3950617283950617
CODE_IDENT_CS_001_COPY,CODE_DIF_CS_007,0.2057877813504823,0.3950617283950617
CODE_IDENT_CS_009,CODE_IDENT_CS_013,0.205607476635514,0.23404255319148937
CODE_IDENT_CS_009,CODE_ESTRU_CS_013,0.205607476635514,0.23404255319148937
CODE_IDENT_CS_009,CODE_IDENT_CS_013_COPY,0.205607476635514,0.23404255319148937
CODE_IDENT_CS_009_COPY,CODE_IDENT_CS_013,0.205607476635514,0.23404255319148937
CODE_IDENT_CS_009_COPY,CODE_ESTRU_CS_013,0.205607476635514,0.23404255319148937
CODE_IDENT_CS_009_COPY,CODE_IDENT_CS_013_COPY,0.205607476635514,0.23404255319148937
CODE_ESTRU_CS_009,CODE_IDENT_CS_013,0.205607476635514,0.23404255319148937
CODE_ESTRU_CS_009,CODE_ESTRU_CS_013,0.205607476635514,0.23404255319148937
CODE_ESTRU_CS_009,CODE_IDENT_CS_013_COPY,0.205607476635514,0.23404255319148937
CODE_DIF_CS_012,CODE_DIF_CS_008,0.20555555555555555,0.6491228070175439
CODE_DIF_CS_015,CODE_DIF_CS_004,0.2049335863377609,0.23788546255506607
CODE_FUN_CS_013,CODE_FUN_CS_008,0.20454545454545456,0.21428571428571427
CODE_DIF_CS_015,CODE_DIF_CS_008,0.2037735849056604,0.23788546255506607
CODE_IDENT_CS_010,CODE_IDENT_CS_008,0.20270270270270271,0.24193548387096775
CODE_IDENT_CS_010,CODE_IDENT_CS_008_COPY,0.20270270270270271,0.24193548387096775
CODE_IDENT_CS_010,CODE_ESTRU_CS_008,0.20270270270270271,0.24193548387096775
CODE_IDENT_CS_012_COPY,CODE_IDENT_CS_008,0.20270270270270271,0.24193548387096775
CODE_IDENT_CS_012,CODE_IDENT_CS_008,0.20270270270270271,0.24193548387096775
CODE_ESTRU_CS_010,CODE_IDENT_CS_008,0.20270270270270271,0.24193548387096775
CODE_ESTRU_CS_012,CODE_IDENT_CS_008,0.20270270270270271,0.24193548387096775
CODE_IDENT_CS_010_COPY,CODE_IDENT_CS_008,0.20270270270270271,0.24193548387096775
CODE_IDENT_CS_012_COPY,CODE_IDENT_CS_008_COPY,0.20270270270270271,0.24193548387096775
CODE_IDENT_CS_012_COPY,CODE_ESTRU_CS_008,0.20270270270270271,0.24193548387096775
CODE_IDENT_CS_012,CODE_IDENT_CS_008_COPY,0.20270270270270271,0.24193548387096775
CODE_IDENT_CS_012,CODE_ESTRU_CS_008,0.20270270270270271,0.24193548387096775
CODE_ESTRU_CS_010,CODE_IDENT_CS_008_COPY,0.20270270270270271,0.24193548387096775
CODE_ESTRU_CS_010,CODE_ESTRU_CS_008,0.20270270270270271,0.24193548387096775
CODE_ESTRU_CS_012,CODE_IDENT_CS_008_COPY,0.20270270270270271,0.24193548387096775
CODE_ESTRU_CS_012,CODE_ESTRU_CS_008,0.20270270270270271,0.24193548387096775
CODE_IDENT_CS_010_COPY,CODE_IDENT_CS_008_COPY,0.20270270270270271,0.24193548387096775
CODE_IDENT_CS_010_COPY,CODE_ESTRU_CS_008,0.20270270270270271,0.24193548387096775
CODE_IDENT_CS_003,CODE_IDENT_CS_005,0.20253164556962025,0.24242424242424243
CODE_IDENT_CS_003,CODE_IDENT_CS_005_COPY,0.20253164556962025,0.24242424242424243
CODE_FUN_CS_002,CODE_IDENT_CS_005,0.20253164556962025,0.24242424242424243
CODE_IDENT_CS_003_COPY,CODE_IDENT_CS_005,0.20253164556962025,0.24242424242424243
CODE_FUN_CS_002,CODE_IDENT_CS_005_COPY,0.20253164556962025,0.24242424242424243
CODE_IDENT_CS_003_COPY,CODE_IDENT_CS_005_COPY,0.20253164556962025,0.24242424242424243
CODE_FUN_CS_002,CODE_FUN_CS_010,0.20224719101123595,0.2727272727272727
CODE_IDENT_CS_004_COPY,CODE_DIF_CS_004,0.20179372197309417,0.3082191780821918
CODE_IDENT_CS_004,CODE_DIF_CS_004,0.20179372197309417,0.3082191780821918
CODE_IDENT_CS_011_COPY,CODE_FUN_CS_011,0.2,0.23529411764705882
CODE_IDENT_CS_011,CODE_FUN_CS_011,0.2,0.23529411764705882
CODE_ESTRU_CS_011,CODE_FUN_CS_011,0.2,0.23529411764705882
CODE_IDENT_CS_002,CODE_IDENT_CS_005,0.19753086419753085,0.22857142857142856
CODE_IDENT_CS_002,CODE_IDENT_CS_005_COPY,0.19753086419753085,0.22857142857142856
CODE_IDENT_CS_002_COPY,CODE_IDENT_CS_005,0.19753086419753085,0.22857142857142856
CODE_FUN_CS_003,CODE_ESTRU_CS_005,0.19753086419753085,0.25806451612903225
CODE_IDENT_CS_002_COPY,CODE_IDENT_CS_005_COPY,0.19753086419753085,0.22857142857142856
CODE_DIF_CS_001,CODE_DIF_CS_014,0.19708029197080293,0.32142857142857145
CODE_IDENT_CS_004_COPY,CODE_DIF_CS_007,0.19680851063829788,0.2534246575342466
CODE_IDENT_CS_004,CODE_DIF_CS_007,0.19680851063829788,0.2534246575342466
CODE_FUN_CS_009,CODE_DIF_CS_005,0.19653179190751446,0.27419354838709675
CODE_DIF_CS_012,CODE_DIF_CS_004,0.19607843137254902,0.6140350877192983
CODE_FUN_CS_008,CODE_FUN_CS_011,0.1956521739130435,0.1956521739130435
CODE_IDENT_CS_002,CODE_IDENT_CS_015,0.1956521739130435,0.2571428571428571
CODE_IDENT_CS_002,CODE_ESTRU_CS_015,0.1956521739130435,0.2571428571428571
CODE_IDENT_CS_002,CODE_IDENT_CS_015_COPY,0.1956521739130435,0.2571428571428571
CODE_IDENT_CS_002_COPY,CODE_IDENT_CS_015,0.1956521739130435,0.2571428571428571
CODE_IDENT_CS_002_COPY,CODE_ESTRU_CS_015,0.1956521739130435,0.2571428571428571
CODE_IDENT_CS_002_COPY,CODE_IDENT_CS_015_COPY,0.1956521739130435,0.2571428571428571
CODE_DIF_CS_002,CODE_FUN_CS_008,0.19540229885057472,0.2073170731707317
CODE_DIF_CS_009,CODE_DIF_CS_015,0.1940700808625337,0.25
CODE_DIF_CS_009,CODE_DIF_CS_004,0.19369369369369369,0.2986111111111111
CODE_ESTRU_CS_002,CODE_DIF_CS_002,0.1935483870967742,0.2857142857142857
CODE_IDENT_CS_003,CODE_ESTRU_CS_005,0.1927710843373494,0.24242424242424243
CODE_FUN_CS_002,CODE_ESTRU_CS_005,0.1927710843373494,0.24242424242424243
CODE_IDENT_CS_003_COPY,CODE_ESTRU_CS_005,0.1927710843373494,0.24242424242424243
CODE_IDENT_CS_003,CODE_IDENT_CS_012_COPY,0.18947368421052632,0.2727272727272727
CODE_IDENT_CS_003,CODE_IDENT_CS_012,0.18947368421052632,0.2727272727272727
CODE_IDENT_CS_003,CODE_ESTRU_CS_012,0.18947368421052632,0.2727272727272727
CODE_IDENT_CS_003_COPY,CODE_IDENT_CS_012_COPY,0.18947368421052632,0.2727272727272727
CODE_IDENT_CS_003_COPY,CODE_IDENT_CS_012,0.18947368421052632,0.2727272727272727
CODE_IDENT_CS_003_COPY,CODE_ESTRU_CS_012,0.18947368421052632,0.2727272727272727
CODE_ESTRU_CS_003,CODE_DIF_CS_002,0.1889763779527559,0.26666666666666666
CODE_IDENT_CS_002,CODE_ESTRU_CS_005,0.18823529411764706,0.22857142857142856
CODE_FUN_CS_003,CODE_IDENT_CS_007,0.18823529411764706,0.25806451612903225
CODE_FUN_CS_003,CODE_IDENT_CS_007_COPY,0.18823529411764706,0.25806451612903225
CODE_FUN_CS_003,CODE_ESTRU_CS_007,0.18823529411764706,0.25806451612903225
CODE_IDENT_CS_002_COPY,CODE_ESTRU_CS_005,0.18823529411764706,0.22857142857142856
CODE_IDENT_CS_015,CODE_IDENT_CS_013,0.18803418803418803,0.19298245614035087
CODE_ESTRU_CS_015,CODE_IDENT_CS_013,0.18803418803418803,0.19298245614035087
CODE_IDENT_CS_015_COPY,CODE_IDENT_CS_013,0.18803418803418803,0.19298245614035087
CODE_IDENT_CS_015,CODE_ESTRU_CS_013,0.18803418803418803,0.19298245614035087
CODE_IDENT_CS_015,CODE_IDENT_CS_013_COPY,0.18803418803418803,0.19298245614035087
CODE_ESTRU_CS_015,CODE_ESTRU_CS_013,0.18803418803418803,0.19298245614035087
CODE_ESTRU_CS_015,CODE_IDENT_CS_013_COPY,0.18803418803418803,0.19298245614035087
CODE_IDENT_CS_015_COPY,CODE_ESTRU_CS_013,0.18803418803418803,0.19298245614035087
CODE_IDENT_CS_015_COPY,CODE_IDENT_CS_013_COPY,0.18803418803418803,0.19298245614035087
CODE_IDENT_CS_015,CODE_FUN_CS_008,0.18791946308724833,0.24561403508771928
CODE_ESTRU_CS_015,CODE_FUN_CS_008,0.18791946308724833,0.24561403508771928
CODE_IDENT_CS_015_COPY,CODE_FUN_CS_008,0.18791946308724833,0.24561403508771928
CODE_FUN_CS_001,CODE_FUN_CS_012,0.18604651162790697,0.47058823529411764
CODE_FUN_CS_013,CODE_DIF_CS_008,0.18604651162790697,0.42857142857142855
CODE_IDENT_CS_002,CODE_IDENT_CS_014_COPY,0.18604651162790697,0.22857142857142856
CODE_IDENT_CS_002,CODE_IDENT_CS_014,0.18604651162790697,0.22857142857142856
CODE_IDENT_CS_002,CODE_ESTRU_CS_014,0.18604651162790697,0.22857142857142856
CODE_IDENT_CS_002_COPY,CODE_IDENT_CS_014_COPY,0.18604651162790697,0.22857142857142856
CODE_IDENT_CS_002_COPY,CODE_IDENT_CS_014,0.18604651162790697,0.22857142857142856
CODE_IDENT_CS_002_COPY,CODE_ESTRU_CS_014,0.18604651162790697,0.22857142857142856
CODE_IDENT_CS_002,CODE_IDENT_CS_012_COPY,0.18556701030927836,0.2571428571428571
CODE_IDENT_CS_002,CODE_IDENT_CS_012,0.18556701030927836,0.2571428571428571
CODE_IDENT_CS_002,CODE_ESTRU_CS_012,0.18556701030927836,0.2571428571428571
CODE_IDENT_CS_009,CODE_ESTRU_CS_005,0.18556701030927836,0.19148936170212766
CODE_IDENT_CS_002_COPY,CODE_IDENT_CS_012_COPY,0.18556701030927836,0.2571428571428571
CODE_IDENT_CS_009_COPY,CODE_ESTRU_CS_005,0.18556701030927836,0.19148936170212766
CODE_IDENT_CS_002_COPY,CODE_IDENT_CS_012,0.18556701030927836,0.2571428571428571
CODE_IDENT_CS_002_COPY,CODE_ESTRU_CS_012,0.18556701030927836,0.2571428571428571
CODE_ESTRU_CS_009,CODE_ESTRU_CS_005,0.18556701030927836,0.19148936170212766
CODE_FUN_CS_015,CODE_DIF_CS_005,0.18478260869565216,0.2328767123287671
CODE_FUN_CS_014,CODE_DIF_CS_014,0.18450184501845018,0.30864197530864196
CODE_FUN_CS_002,CODE_IDENT_CS_007,0.1839080459770115,0.24242424242424243
CODE_FUN_CS_002,CODE_IDENT_CS_007_COPY,0.1839080459770115,0.24242424242424243
CODE_FUN_CS_002,CODE_ESTRU_CS_007,0.1839080459770115,0.24242424242424243
CODE_FUN_CS_003,CODE_IDENT_CS_006,0.18181818181818182,0.25806451612903225
CODE_ESTRU_CS_002,CODE_IDENT_CS_005,0.18181818181818182,0.19047619047619047
CODE_FUN_CS_003,CODE_IDENT_CS_006_COPY,0.18181818181818182,0.25806451612903225
CODE_ESTRU_CS_001,CODE_DIF_CS_004,0.18181818181818182,0.375
CODE_ESTRU_CS_002,CODE_IDENT_CS_005_COPY,0.18181818181818182,0.19047619047619047
CODE_FUN_CS_007,CODE_FUN_CS_015,0.18032786885245902,0.22448979591836735
CODE_IDENT_CS_013,CODE_IDENT_CS_012_COPY,0.18032786885245902,0.18333333333333332
CODE_ESTRU_CS_013,CODE_IDENT_CS_012_COPY,0.18032786885245902,0.18333333333333332
CODE_IDENT_CS_013_COPY,CODE_IDENT_CS_012_COPY,0.18032786885245902,0.18333333333333332
CODE_IDENT_CS_013,CODE_IDENT_CS_012,0.18032786885245902,0.18333333333333332
CODE_IDENT_CS_013,CODE_ESTRU_CS_012,0.18032786885245902,0.18333333333333332
CODE_ESTRU_CS_013,CODE_IDENT_CS_012,0.18032786885245902,0.18333333333333332
CODE_IDENT_CS_013_COPY,CODE_IDENT_CS_012,0.18032786885245902,0.18333333333333332
CODE_ESTRU_CS_013,CODE_ESTRU_CS_012,0.18032786885245902,0.18333333333333332
CODE_IDENT_CS_013_COPY,CODE_ESTRU_CS_012,0.18032786885245902,0.18333333333333332
CODE_ESTRU_CS_002,CODE_IDENT_CS_009,0.1797752808988764,0.19047619047619047
CODE_ESTRU_CS_002,CODE_IDENT_CS_009_COPY,0.1797752808988764,0.19047619047619047
CODE_ESTRU_CS_002,CODE_ESTRU_CS_009,0.1797752808988764,0.19047619047619047
CODE_IDENT_CS_001,CODE_DIF_CS_011,0.17898832684824903,0.2839506172839506
CODE_IDENT_CS_001_COPY,CODE_DIF_CS_011,0.17898832684824903,0.2839506172839506
CODE_FUN_CS_012,CODE_DIF_CS_005,0.17777777777777778,0.2318840579710145
CODE_FUN_CS_001,CODE_FUN_CS_015,0.17777777777777778,0.47058823529411764
CODE_FUN_CS_002,CODE_IDENT_CS_006,0.17777777777777778,0.24242424242424243
CODE_FUN_CS_002,CODE_IDENT_CS_006_COPY,0.17777777777777778,0.24242424242424243
CODE_FUN_CS_004,CODE_DIF_CS_007,0.1769436997319035,0.23076923076923078
CODE_IDENT_CS_015,CODE_IDENT_CS_011_COPY,0.176,0.19298245614035087
CODE_ESTRU_CS_015,CODE_IDENT_CS_011_COPY,0.176,0.19298245614035087
CODE_IDENT_CS_015_COPY,CODE_IDENT_CS_011_COPY,0.176,0.19298245614035087
CODE_IDENT_CS_015,CODE_IDENT_CS_011,0.176,0.19298245614035087
CODE_ESTRU_CS_015,CODE_IDENT_CS_011,0.176,0.19298245614035087
CODE_IDENT_CS_015_COPY,CODE_IDENT_CS_011,0.176,0.19298245614035087
CODE_IDENT_CS_015,CODE_ESTRU_CS_011,0.176,0.19298245614035087
CODE_ESTRU_CS_015,CODE_ESTRU_CS_011,0.176,0.19298245614035087
CODE_IDENT_CS_015_COPY,CODE_ESTRU_CS_011,0.176,0.19298245614035087
CODE_ESTRU_CS_003,CODE_IDENT_CS_005,0.17582417582417584,0.17777777777777778
CODE_FUN_CS_003,CODE_IDENT_CS_013,0.17582417582417584,0.25806451612903225
CODE_FUN_CS_003,CODE_ESTRU_CS_013,0.17582417582417584,0.25806451612903225
CODE_FUN_CS_003,CODE_IDENT_CS_013_COPY,0.17582417582417584,0.25806451612903225
CODE_FUN_CS_003,CODE_ESTRU_CS_006,0.17582417582417584,0.25806451612903225
CODE_ESTRU_CS_003,CODE_IDENT_CS_005_COPY,0.17582417582417584,0.17777777777777778
CODE_FUN_CS_005,CODE_IDENT_CS_009,0.17391304347826086,0.17777777777777778
CODE_ESTRU_CS_003,CODE_IDENT_CS_009,0.17391304347826086,0.17777777777777778
CODE_FUN_CS_005,CODE_IDENT_CS_009_COPY,0.17391304347826086,0.17777777777777778
CODE_FUN_CS_005,CODE_ESTRU_CS_009,0.17391304347826086,0.17777777777777778
CODE_ESTRU_CS_003,CODE_IDENT_CS_009_COPY,0.17391304347826086,0.17777777777777778
CODE_ESTRU_CS_003,CODE_ESTRU_CS_009,0.17391304347826086,0.17777777777777778
CODE_ESTRU_CS_002,CODE_ESTRU_CS_005,0.17391304347826086,0.19047619047619047
CODE_IDENT_CS_006,CODE_DIF_CS_002,0.17266187050359713,0.21052631578947367
CODE_IDENT_CS_009,CODE_FUN_CS_008,0.17266187050359713,0.2553191489361702
CODE_IDENT_CS_009_COPY,CODE_FUN_CS_008,0.17266187050359713,0.2553191489361702
CODE_ESTRU_CS_009,CODE_FUN_CS_008,0.17266187050359713,0.2553191489361702
CODE_IDENT_CS_006_COPY,CODE_DIF_CS_002,0.17266187050359713,0.21052631578947367
CODE_IDENT_CS_005,CODE_IDENT_CS_009,0.17204301075268819,0.17391304347826086
CODE_IDENT_CS_005,CODE_IDENT_CS_009_COPY,0.17204301075268819,0.17391304347826086
CODE_IDENT_CS_005,CODE_ESTRU_CS_009,0.17204301075268819,0.17391304347826086
CODE_IDENT_CS_005_COPY,CODE_IDENT_CS_009,0.17204301075268819,0.17391304347826086
CODE_FUN_CS_002,CODE_IDENT_CS_013,0.17204301075268819,0.24242424242424243
CODE_FUN_CS_002,CODE_ESTRU_CS_013,0.17204301075268819,0.24242424242424243
CODE_FUN_CS_002,CODE_IDENT_CS_013_COPY,0.17204301075268819,0.24242424242424243
CODE_FUN_CS_002,CODE_ESTRU_CS_006,0.17204301075268819,0.24242424242424243
CODE_IDENT_CS_005_COPY,CODE_IDENT_CS_009_COPY,0.17204301075268819,0.17391304347826086
CODE_IDENT_CS_005_COPY,CODE_ESTRU_CS_009,0.17204301075268819,0.17391304347826086
CODE_FUN_CS_003,CODE_IDENT_CS_008,0.17094017094017094,0.3225806451612903
CODE_FUN_CS_003,CODE_IDENT_CS_008_COPY,0.17094017094017094,0.3225806451612903
CODE_FUN_CS_003,CODE_ESTRU_CS_008,0.17094017094017094,0.3225806451612903
CODE_IDENT_CS_005,CODE_IDENT_CS_013,0.16981132075471697,0.1956521739130435
CODE_IDENT_CS_005,CODE_ESTRU_CS_013,0.16981132075471697,0.1956521739130435
CODE_IDENT_CS_005,CODE_IDENT_CS_013_COPY,0.16981132075471697,0.1956521739130435
CODE_IDENT_CS_005_COPY,CODE_IDENT_CS_013,0.16981132075471697,0.1956521739130435
CODE_IDENT_CS_005_COPY,CODE_ESTRU_CS_013,0.16981132075471697,0.1956521739130435
CODE_IDENT_CS_005_COPY,CODE_IDENT_CS_013_COPY,0.16981132075471697,0.1956521739130435
CODE_ESTRU_CS_006,CODE_DIF_CS_002,0.16901408450704225,0.2
CODE_IDENT_CS_003,CODE_IDENT_CS_010,0.16842105263157894,0.24242424242424243
CODE_IDENT_CS_003_COPY,CODE_IDENT_CS_010,0.16842105263157894,0.24242424242424243
CODE_IDENT_CS_003,CODE_ESTRU_CS_010,0.16842105263157894,0.24242424242424243
CODE_IDENT_CS_003,CODE_IDENT_CS_010_COPY,0.16842105263157894,0.24242424242424243
CODE_IDENT_CS_003_COPY,CODE_ESTRU_CS_010,0.16842105263157894,0.24242424242424243
CODE_IDENT_CS_003_COPY,CODE_IDENT_CS_010_COPY,0.16842105263157894,0.24242424242424243
CODE_ESTRU_CS_003,CODE_ESTRU_CS_005,0.16842105263157894,0.17777777777777778
CODE_FUN_CS_002,CODE_IDENT_CS_008,0.16806722689075632,0.30303030303030304
CODE_FUN_CS_002,CODE_IDENT_CS_008_COPY,0.16806722689075632,0.30303030303030304
CODE_FUN_CS_002,CODE_ESTRU_CS_008,0.16806722689075632,0.30303030303030304
CODE_FUN_CS_008,CODE_DIF_CS_005,0.16748768472906403,0.18478260869565216
CODE_FUN_CS_015,CODE_DIF_CS_014,0.16730038022813687,0.3013698630136986
CODE_IDENT_CS_009,CODE_FUN_CS_007,0.16666666666666666,0.1702127659574468
CODE_DIF_CS_002,CODE_IDENT_CS_008,0.16666666666666666,0.17073170731707318
CODE_IDENT_CS_009_COPY,CODE_FUN_CS_007,0.16666666666666666,0.1702127659574468
CODE_ESTRU_CS_009,CODE_FUN_CS_007,0.16666666666666666,0.1702127659574468
CODE_DIF_CS_002,CODE_IDENT_CS_008_COPY,0.16666666666666666,0.17073170731707318
CODE_DIF_CS_002,CODE_ESTRU_CS_008,0.16666666666666666,0.17073170731707318
CODE_IDENT_CS_002,CODE_IDENT_CS_010,0.16494845360824742,0.22857142857142856
CODE_IDENT_CS_002_COPY,CODE_IDENT_CS_010,0.16494845360824742,0.22857142857142856
CODE_IDENT_CS_002,CODE_ESTRU_CS_010,0.16494845360824742,0.22857142857142856
CODE_IDENT_CS_002,CODE_IDENT_CS_010_COPY,0.16494845360824742,0.22857142857142856
CODE_IDENT_CS_005,CODE_FUN_CS_006,0.16494845360824742,0.17391304347826086
CODE_IDENT_CS_005_COPY,CODE_FUN_CS_006,0.16494845360824742,0.17391304347826086
CODE_IDENT_CS_002_COPY,CODE_ESTRU_CS_010,0.16494845360824742,0.22857142857142856
CODE_IDENT_CS_002_COPY,CODE_IDENT_CS_010_COPY,0.16494845360824742,0.22857142857142856
CODE_ESTRU_CS_005,CODE_IDENT_CS_013,0.16363636363636364,0.18
CODE_ESTRU_CS_005,CODE_ESTRU_CS_013,0.16363636363636364,0.18
CODE_ESTRU_CS_005,CODE_IDENT_CS_013_COPY,0.16363636363636364,0.18
CODE_FUN_CS_003,CODE_IDENT_CS_011_COPY,0.16161616161616163,0.25806451612903225
CODE_FUN_CS_003,CODE_IDENT_CS_011,0.16161616161616163,0.25806451612903225
CODE_FUN_CS_003,CODE_ESTRU_CS_011,0.16161616161616163,0.25806451612903225
CODE_ESTRU_CS_002,CODE_IDENT_CS_015,0.16161616161616163,0.19047619047619047
CODE_ESTRU_CS_002,CODE_ESTRU_CS_015,0.16161616161616163,0.19047619047619047
CODE_ESTRU_CS_002,CODE_IDENT_CS_015_COPY,0.16161616161616163,0.19047619047619047
CODE_FUN_CS_006,CODE_FUN_CS_015,0.16129032258064516,0.19607843137254902
CODE_ESTRU_CS_005,CODE_IDENT_CS_012_COPY,0.16071428571428573,0.18
CODE_ESTRU_CS_005,CODE_IDENT_CS_012,0.16071428571428573,0.18
CODE_ESTRU_CS_005,CODE_ESTRU_CS_012,0.16071428571428573,0.18
CODE_FUN_CS_005,CODE_FUN_CS_011,0.16058394160583941,0.24444444444444444
CODE_ESTRU_CS_001,CODE_DIF_CS_008,0.16040100250626566,0.3333333333333333
CODE_IDENT_CS_003,CODE_FUN_CS_008,0.16,0.30303030303030304
CODE_IDENT_CS_003_COPY,CODE_FUN_CS_008,0.16,0.30303030303030304
CODE_FUN_CS_002,CODE_IDENT_CS_011_COPY,0.15841584158415842,0.24242424242424243
CODE_FUN_CS_002,CODE_IDENT_CS_011,0.15841584158415842,0.24242424242424243
CODE_FUN_CS_002,CODE_ESTRU_CS_011,0.15841584158415842,0.24242424242424243
CODE_ESTRU_CS_005,CODE_FUN_CS_006,0.15841584158415842,0.16
CODE_IDENT_CS_005,CODE_IDENT_CS_011_COPY,0.15789473684210525,0.1956521739130435
CODE_IDENT_CS_005,CODE_IDENT_CS_011,0.15789473684210525,0.1956521739130435
CODE_IDENT_CS_005,CODE_ESTRU_CS_011,0.15789473684210525,0.1956521739130435
CODE_IDENT_CS_005_COPY,CODE_IDENT_CS_011_COPY,0.15789473684210525,0.1956521739130435
CODE_IDENT_CS_005_COPY,CODE_IDENT_CS_011,0.15789473684210525,0.1956521739130435
CODE_IDENT_CS_005_COPY,CODE_ESTRU_CS_011,0.15789473684210525,0.1956521739130435
CODE_ESTRU_CS_003,CODE_IDENT_CS_015,0.1568627450980392,0.17777777777777778
CODE_ESTRU_CS_003,CODE_ESTRU_CS_015,0.1568627450980392,0.17777777777777778
CODE_ESTRU_CS_003,CODE_IDENT_CS_015_COPY,0.1568627450980392,0.17777777777777778
CODE_IDENT_CS_003,CODE_DIF_CS_002,0.1565217391304348,0.2727272727272727
CODE_IDENT_CS_003_COPY,CODE_DIF_CS_002,0.1565217391304348,0.2727272727272727
CODE_FUN_CS_001,CODE_DIF_CS_005,0.15625,0.5882352941176471
CODE_DIF_CS_006,CODE_DIF_CS_004,0.15609756097560976,0.2909090909090909
CODE_FUN_CS_007,CODE_FUN_CS_011,0.15602836879432624,0.22448979591836735
CODE_IDENT_CS_012_COPY,CODE_FUN_CS_008,0.15584415584415584,0.1935483870967742
CODE_IDENT_CS_012,CODE_FUN_CS_008,0.15584415584415584,0.1935483870967742
CODE_ESTRU_CS_012,CODE_FUN_CS_008,0.15584415584415584,0.1935483870967742
CODE_IDENT_CS_005,CODE_IDENT_CS_015,0.1553398058252427,0.17391304347826086
CODE_IDENT_CS_005,CODE_ESTRU_CS_015,0.1553398058252427,0.17391304347826086
CODE_IDENT_CS_005,CODE_IDENT_CS_015_COPY,0.1553398058252427,0.17391304347826086
CODE_IDENT_CS_005_COPY,CODE_IDENT_CS_015,0.1553398058252427,0.17391304347826086
CODE_IDENT_CS_005_COPY,CODE_ESTRU_CS_015,0.1553398058252427,0.17391304347826086
CODE_IDENT_CS_005_COPY,CODE_IDENT_CS_015_COPY,0.1553398058252427,0.17391304347826086
CODE_FUN_CS_005,CODE_FUN_CS_013,0.15503875968992248,0.2222222222222222
CODE_FUN_CS_003,CODE_FUN_CS_015,0.15384615384615385,0.25806451612903225
CODE_IDENT_CS_002,CODE_DIF_CS_002,0.15384615384615385,0.2571428571428571
CODE_IDENT_CS_015,CODE_IDENT_CS_008,0.15384615384615385,0.19298245614035087
CODE_ESTRU_CS_015,CODE_IDENT_CS_008,0.15384615384615385,0.19298245614035087
CODE_IDENT_CS_015_COPY,CODE_IDENT_CS_008,0.15384615384615385,0.19298245614035087
CODE_IDENT_CS_002_COPY,CODE_DIF_CS_002,0.15384615384615385,0.2571428571428571
CODE_IDENT_CS_015,CODE_IDENT_CS_008_COPY,0.15384615384615385,0.19298245614035087
CODE_IDENT_CS_015,CODE_ESTRU_CS_008,0.15384615384615385,0.19298245614035087
CODE_IDENT_CS_015,CODE_ESTRU_CS_006,0.15384615384615385,0.15789473684210525
CODE_ESTRU_CS_015,CODE_IDENT_CS_008_COPY,0.15384615384615385,0.19298245614035087
CODE_ESTRU_CS_015,CODE_ESTRU_CS_008,0.15384615384615385,0.19298245614035087
CODE_ESTRU_CS_015,CODE_ESTRU_CS_006,0.15384615384615385,0.15789473684210525
CODE_IDENT_CS_015_COPY,CODE_IDENT_CS_008_COPY,0.15384615384615385,0.19298245614035087
CODE_IDENT_CS_015_COPY,CODE_ESTRU_CS_008,0.15384615384615385,0.19298245614035087
CODE_IDENT_CS_015_COPY,CODE_ESTRU_CS_006,0.15384615384615385,0.15789473684210525
CODE_DIF_CS_012,CODE_DIF_CS_007,0.15331010452961671,0.38596491228070173
CODE_DIF_CS_006,CODE_DIF_CS_007,0.15294117647058825,0.23636363636363636
CODE_FUN_CS_005,CODE_FUN_CS_015,0.15254237288135594,0.2
CODE_IDENT_CS_014_COPY,CODE_IDENT_CS_007,0.1523809523809524,0.1568627450980392
CODE_FUN_CS_006,CODE_IDENT_CS_007,0.1523809523809524,0.1568627450980392
CODE_IDENT_CS_014,CODE_IDENT_CS_007,0.1523809523809524,0.1568627450980392
CODE_ESTRU_CS_014,CODE_IDENT_CS_007,0.1523809523809524,0.1568627450980392
CODE_IDENT_CS_014_COPY,CODE_IDENT_CS_007_COPY,0.1523809523809524,0.1568627450980392
CODE_IDENT_CS_014_COPY,CODE_ESTRU_CS_007,0.1523809523809524,0.1568627450980392
CODE_FUN_CS_005,CODE_IDENT_CS_013,0.1523809523809524,0.17777777777777778
CODE_FUN_CS_005,CODE_ESTRU_CS_013,0.1523809523809524,0.17777777777777778
CODE_FUN_CS_005,CODE_IDENT_CS_013_COPY,0.1523809523809524,0.17777777777777778
CODE_FUN_CS_006,CODE_IDENT_CS_007_COPY,0.1523809523809524,0.1568627450980392
CODE_FUN_CS_006,CODE_ESTRU_CS_007,0.1523809523809524,0.1568627450980392
CODE_IDENT_CS_014,CODE_IDENT_CS_007_COPY,0.1523809523809524,0.1568627450980392
CODE_IDENT_CS_014,CODE_ESTRU_CS_007,0.1523809523809524,0.1568627450980392
CODE_ESTRU_CS_014,CODE_IDENT_CS_007_COPY,0.1523809523809524,0.1568627450980392
CODE_ESTRU_CS_014,CODE_ESTRU_CS_007,0.1523809523809524,0.1568627450980392
CODE_IDENT_CS_001,CODE_DIF_CS_004,0.15223097112860892,0.35802469135802467
CODE_IDENT_CS_001_COPY,CODE_DIF_CS_004,0.15223097112860892,0.35802469135802467
CODE_FUN_CS_006,CODE_FUN_CS_014,0.15151515151515152,0.19607843137254902
CODE_DIF_CS_001,CODE_DIF_CS_003,0.15151515151515152,0.23809523809523808
CODE_FUN_CS_002,CODE_FUN_CS_015,0.1509433962264151,0.24242424242424243
CODE_FUN_CS_009,CODE_FUN_CS_013,0.1506849315068493,0.1774193548387097
CODE_FUN_CS_007,CODE_FUN_CS_013,0.15037593984962405,0.20408163265306123
CODE_FUN_CS_006,CODE_FUN_CS_012,0.15,0.17647058823529413
CODE_FUN_CS_005,CODE_IDENT_CS_012_COPY,0.14953271028037382,0.17777777777777778
CODE_FUN_CS_005,CODE_IDENT_CS_012,0.14953271028037382,0.17777777777777778
CODE_FUN_CS_005,CODE_ESTRU_CS_012,0.14953271028037382,0.17777777777777778
CODE_ESTRU_CS_005,CODE_IDENT_CS_015,0.14953271028037382,0.16
CODE_ESTRU_CS_005,CODE_ESTRU_CS_015,0.14953271028037382,0.16
CODE_ESTRU_CS_005,CODE_IDENT_CS_015_COPY,0.14953271028037382,0.16
CODE_DIF_CS_011,CODE_DIF_CS_015,0.1488833746898263,0.17045454545454544
CODE_IDENT_CS_005,CODE_IDENT_CS_010,0.14814814814814814,0.17391304347826086
CODE_IDENT_CS_005_COPY,CODE_IDENT_CS_010,0.14814814814814814,0.17391304347826086
CODE_FUN_CS_006,CODE_IDENT_CS_006,0.14814814814814814,0.1568627450980392
CODE_IDENT_CS_005,CODE_IDENT_CS_012_COPY,0.14814814814814814,0.17391304347826086
CODE_IDENT_CS_005,CODE_IDENT_CS_012,0.14814814814814814,0.17391304347826086
CODE_IDENT_CS_005,CODE_ESTRU_CS_010,0.14814814814814814,0.17391304347826086
CODE_IDENT_CS_005,CODE_ESTRU_CS_012,0.14814814814814814,0.17391304347826086
CODE_IDENT_CS_005,CODE_IDENT_CS_010_COPY,0.14814814814814814,0.17391304347826086
CODE_IDENT_CS_005_COPY,CODE_IDENT_CS_012_COPY,0.14814814814814814,0.17391304347826086
CODE_FUN_CS_006,CODE_IDENT_CS_006_COPY,0.14814814814814814,0.1568627450980392
CODE_IDENT_CS_005_COPY,CODE_IDENT_CS_012,0.14814814814814814,0.17391304347826086
CODE_IDENT_CS_005_COPY,CODE_ESTRU_CS_010,0.14814814814814814,0.17391304347826086
CODE_IDENT_CS_005_COPY,CODE_ESTRU_CS_012,0.14814814814814814,0.17391304347826086
CODE_IDENT_CS_005_COPY,CODE_IDENT_CS_010_COPY,0.14814814814814814,0.17391304347826086
CODE_FUN_CS_007,CODE_IDENT_CS_013,0.14678899082568808,0.16326530612244897
CODE_FUN_CS_007,CODE_ESTRU_CS_013,0.14678899082568808,0.16326530612244897
CODE_FUN_CS_007,CODE_IDENT_CS_013_COPY,0.14678899082568808,0.16326530612244897
CODE_FUN_CS_001,CODE_FUN_CS_008,0.14678899082568808,0.47058823529411764
CODE_FUN_CS_010,CODE_IDENT_CS_001,0.145985401459854,0.17857142857142858
CODE_FUN_CS_010,CODE_IDENT_CS_001_COPY,0.145985401459854,0.17857142857142858
CODE_IDENT_CS_005,CODE_FUN_CS_011,0.14492753623188406,0.21739130434782608
CODE_IDENT_CS_005_COPY,CODE_FUN_CS_011,0.14492753623188406,0.21739130434782608
CODE_IDENT_CS_013,CODE_FUN_CS_008,0.14473684210526316,0.18333333333333332
CODE_ESTRU_CS_013,CODE_FUN_CS_008,0.14473684210526316,0.18333333333333332
CODE_IDENT_CS_013_COPY,CODE_FUN_CS_008,0.14473684210526316,0.18333333333333332
CODE_FUN_CS_007,CODE_IDENT_CS_012_COPY,0.14414414414414414,0.16326530612244897
CODE_FUN_CS_007,CODE_IDENT_CS_012,0.14414414414414414,0.16326530612244897
CODE_FUN_CS_007,CODE_ESTRU_CS_012,0.14414414414414414,0.16326530612244897
CODE_IDENT_CS_014_COPY,CODE_IDENT_CS_013,0.14414414414414414,0.1568627450980392
CODE_IDENT_CS_014_COPY,CODE_ESTRU_CS_013,0.14414414414414414,0.1568627450980392
CODE_IDENT_CS_014_COPY,CODE_IDENT_CS_013_COPY,0.14414414414414414,0.1568627450980392
CODE_FUN_CS_006,CODE_IDENT_CS_013,0.14414414414414414,0.1568627450980392
CODE_FUN_CS_006,CODE_ESTRU_CS_013,0.14414414414414414,0.1568627450980392
CODE_FUN_CS_006,CODE_IDENT_CS_013_COPY,0.14414414414414414,0.1568627450980392
CODE_FUN_CS_006,CODE_ESTRU_CS_006,0.14414414414414414,0.1568627450980392
CODE_IDENT_CS_014,CODE_IDENT_CS_013,0.14414414414414414,0.1568627450980392
CODE_IDENT_CS_014,CODE_ESTRU_CS_013,0.14414414414414414,0.1568627450980392
CODE_IDENT_CS_014,CODE_IDENT_CS_013_COPY,0.14414414414414414,0.1568627450980392
CODE_ESTRU_CS_014,CODE_IDENT_CS_013,0.14414414414414414,0.1568627450980392
CODE_ESTRU_CS_014,CODE_ESTRU_CS_013,0.14414414414414414,0.1568627450980392
CODE_ESTRU_CS_014,CODE_IDENT_CS_013_COPY,0.14414414414414414,0.1568627450980392
CODE_DIF_CS_013,CODE_DIF_CS_010,0.1437908496732026,0.1864406779661017
CODE_ESTRU_CS_005,CODE_IDENT_CS_010,0.14285714285714285,0.16
CODE_FUN_CS_003,CODE_FUN_CS_014,0.14285714285714285,0.25806451612903225
CODE_ESTRU_CS_005,CODE_ESTRU_CS_010,0.14285714285714285,0.16
CODE_ESTRU_CS_005,CODE_IDENT_CS_010_COPY,0.14285714285714285,0.16
CODE_FUN_CS_008,CODE_DIF_CS_008,0.14177215189873418,0.30434782608695654
CODE_IDENT_CS_002,CODE_FUN_CS_008,0.14173228346456693,0.2571428571428571
CODE_IDENT_CS_002_COPY,CODE_FUN_CS_008,0.14173228346456693,0.2571428571428571
CODE_FUN_CS_006,CODE_DIF_CS_014,0.14107883817427386,0.3333333333333333
CODE_DIF_CS_010,CODE_DIF_CS_014,0.14084507042253522,0.2127659574468085
CODE_ESTRU_CS_005,CODE_FUN_CS_011,0.14084507042253522,0.2
CODE_FUN_CS_002,CODE_FUN_CS_014,0.14035087719298245,0.24242424242424243
CODE_IDENT_CS_003,CODE_IDENT_CS_001,0.14035087719298245,0.24242424242424243
CODE_IDENT_CS_003,CODE_IDENT_CS_001_COPY,0.14035087719298245,0.24242424242424243
CODE_IDENT_CS_003_COPY,CODE_IDENT_CS_001,0.14035087719298245,0.24242424242424243
CODE_IDENT_CS_006,CODE_IDENT_CS_015,0.14035087719298245,0.14035087719298245
CODE_ESTRU_CS_015,CODE_IDENT_CS_006,0.14035087719298245,0.14035087719298245
CODE_IDENT_CS_006,CODE_IDENT_CS_015_COPY,0.14035087719298245,0.14035087719298245
CODE_IDENT_CS_003_COPY,CODE_IDENT_CS_001_COPY,0.14035087719298245,0.24242424242424243
CODE_IDENT_CS_006_COPY,CODE_IDENT_CS_015,0.14035087719298245,0.14035087719298245
CODE_ESTRU_CS_015,CODE_IDENT_CS_006_COPY,0.14035087719298245,0.14035087719298245
CODE_IDENT_CS_006_COPY,CODE_IDENT_CS_015_COPY,0.14035087719298245,0.14035087719298245
CODE_FUN_CS_015,CODE_DIF_CS_015,0.14,0.2876712328767123
CODE_FUN_CS_009,CODE_FUN_CS_014,0.13986013986013987,0.16129032258064516
CODE_FUN_CS_006,CODE_FUN_CS_008,0.13986013986013987,0.19607843137254902
CODE_IDENT_CS_002,CODE_IDENT_CS_001,0.13793103448275862,0.22857142857142856
CODE_IDENT_CS_002,CODE_IDENT_CS_001_COPY,0.13793103448275862,0.22857142857142856
CODE_IDENT_CS_002_COPY,CODE_IDENT_CS_001,0.13793103448275862,0.22857142857142856
CODE_IDENT_CS_002_COPY,CODE_IDENT_CS_001_COPY,0.13793103448275862,0.22857142857142856
CODE_IDENT_CS_011_COPY,CODE_FUN_CS_008,0.1375,0.16176470588235295
CODE_IDENT_CS_011,CODE_FUN_CS_008,0.1375,0.16176470588235295
CODE_ESTRU_CS_011,CODE_FUN_CS_008,0.1375,0.16176470588235295
CODE_FUN_CS_005,CODE_IDENT_CS_008,0.13740458015267176,0.2
CODE_FUN_CS_005,CODE_IDENT_CS_008_COPY,0.13740458015267176,0.2
CODE_FUN_CS_005,CODE_ESTRU_CS_008,0.13740458015267176,0.2
CODE_IDENT_CS_007,CODE_FUN_CS_011,0.136986301369863,0.18518518518518517
CODE_IDENT_CS_007_COPY,CODE_FUN_CS_011,0.136986301369863,0.18518518518518517
CODE_ESTRU_CS_007,CODE_FUN_CS_011,0.136986301369863,0.18518518518518517
CODE_FUN_CS_010,CODE_IDENT_CS_010,0.13559322033898305,0.14285714285714285
CODE_FUN_CS_010,CODE_ESTRU_CS_010,0.13559322033898305,0.14285714285714285
CODE_FUN_CS_010,CODE_IDENT_CS_010_COPY,0.13559322033898305,0.14285714285714285
CODE_IDENT_CS_014_COPY,CODE_IDENT_CS_011_COPY,0.13445378151260504,0.1568627450980392
CODE_FUN_CS_006,CODE_IDENT_CS_011_COPY,0.13445378151260504,0.1568627450980392
CODE_IDENT_CS_014,CODE_IDENT_CS_011_COPY,0.13445378151260504,0.1568627450980392
CODE_ESTRU_CS_014,CODE_IDENT_CS_011_COPY,0.13445378151260504,0.1568627450980392
CODE_IDENT_CS_014_COPY,CODE_IDENT_CS_011,0.13445378151260504,0.1568627450980392
CODE_IDENT_CS_014_COPY,CODE_ESTRU_CS_011,0.13445378151260504,0.1568627450980392
CODE_FUN_CS_006,CODE_IDENT_CS_011,0.13445378151260504,0.1568627450980392
CODE_FUN_CS_006,CODE_ESTRU_CS_011,0.13445378151260504,0.1568627450980392
CODE_IDENT_CS_014,CODE_IDENT_CS_011,0.13445378151260504,0.1568627450980392
CODE_IDENT_CS_014,CODE_ESTRU_CS_011,0.13445378151260504,0.1568627450980392
CODE_ESTRU_CS_014,CODE_IDENT_CS_011,0.13445378151260504,0.1568627450980392
CODE_ESTRU_CS_014,CODE_ESTRU_CS_011,0.13445378151260504,0.1568627450980392
CODE_FUN_CS_012,CODE_FUN_CS_014,0.13333333333333333,0.14492753623188406
CODE_FUN_CS_007,CODE_IDENT_CS_008,0.13333333333333333,0.1836734693877551
CODE_FUN_CS_007,CODE_IDENT_CS_008_COPY,0.13333333333333333,0.1836734693877551
CODE_FUN_CS_007,CODE_ESTRU_CS_008,0.13333333333333333,0.1836734693877551
CODE_IDENT_CS_007,CODE_DIF_CS_002,0.1323529411764706,0.16666666666666666
CODE_FUN_CS_008,CODE_DIF_CS_003,0.1323529411764706,0.1956521739130435
CODE_IDENT_CS_007_COPY,CODE_DIF_CS_002,0.1323529411764706,0.16666666666666666
CODE_ESTRU_CS_007,CODE_DIF_CS_002,0.1323529411764706,0.16666666666666666
CODE_FUN_CS_010,CODE_ESTRU_CS_001,0.13157894736842105,0.17857142857142858
CODE_FUN_CS_006,CODE_IDENT_CS_008,0.13138686131386862,0.17647058823529413
CODE_FUN_CS_005,CODE_FUN_CS_008,0.13138686131386862,0.2
CODE_FUN_CS_006,CODE_IDENT_CS_008_COPY,0.13138686131386862,0.17647058823529413
CODE_FUN_CS_006,CODE_ESTRU_CS_008,0.13138686131386862,0.17647058823529413
CODE_DIF_CS_015,CODE_DIF_CS_007,0.13129102844638948,0.13215859030837004
CODE_IDENT_CS_013,CODE_IDENT_CS_010,0.13114754098360656,0.13333333333333333
CODE_ESTRU_CS_013,CODE_IDENT_CS_010,0.13114754098360656,0.13333333333333333
CODE_IDENT_CS_013_COPY,CODE_IDENT_CS_010,0.13114754098360656,0.13333333333333333
CODE_IDENT_CS_013,CODE_ESTRU_CS_010,0.13114754098360656,0.13333333333333333
CODE_IDENT_CS_013,CODE_IDENT_CS_010_COPY,0.13114754098360656,0.13333333333333333
CODE_ESTRU_CS_013,CODE_ESTRU_CS_010,0.13114754098360656,0.13333333333333333
CODE_IDENT_CS_013_COPY,CODE_ESTRU_CS_010,0.13114754098360656,0.13333333333333333
CODE_ESTRU_CS_013,CODE_IDENT_CS_010_COPY,0.13114754098360656,0.13333333333333333
CODE_IDENT_CS_013_COPY,CODE_IDENT_CS_010_COPY,0.13114754098360656,0.13333333333333333
CODE_DIF_CS_006,CODE_DIF_CS_003,0.1310344827586207,0.17272727272727273
CODE_IDENT_CS_001,CODE_DIF_CS_008,0.13020833333333334,0.30864197530864196
CODE_IDENT_CS_001_COPY,CODE_DIF_CS_008,0.13020833333333334,0.30864197530864196
CODE_FUN_CS_012,CODE_DIF_CS_015,0.12837837837837837,0.2753623188405797
CODE_FUN_CS_007,CODE_FUN_CS_008,0.1276595744680851,0.1836734693877551
CODE_FUN_CS_005,CODE_FUN_CS_014,0.12698412698412698,0.17777777777777778
CODE_DIF_CS_006,CODE_DIF_CS_014,0.12666666666666668,0.17272727272727273
CODE_FUN_CS_001,CODE_DIF_CS_006,0.12598425196850394,0.47058823529411764
CODE_FUN_CS_012,CODE_FUN_CS_011,0.12422360248447205,0.14492753623188406
CODE_FUN_CS_008,CODE_DIF_CS_007,0.12422360248447205,0.21739130434782608
CODE_FUN_CS_010,CODE_FUN_CS_015,0.12403100775193798,0.14285714285714285
CODE_IDENT_CS_003,CODE_ESTRU_CS_001,0.12403100775193798,0.24242424242424243
CODE_IDENT_CS_003_COPY,CODE_ESTRU_CS_001,0.12403100775193798,0.24242424242424243
CODE_FUN_CS_005,CODE_DIF_CS_001,0.12403100775193798,0.17777777777777778
CODE_IDENT_CS_010,CODE_IDENT_CS_011_COPY,0.12307692307692308,0.12903225806451613
CODE_IDENT_CS_010,CODE_IDENT_CS_011,0.12307692307692308,0.12903225806451613
CODE_IDENT_CS_010,CODE_ESTRU_CS_011,0.12307692307692308,0.12903225806451613
CODE_ESTRU_CS_010,CODE_IDENT_CS_011_COPY,0.12307692307692308,0.12903225806451613
CODE_IDENT_CS_010_COPY,CODE_IDENT_CS_011_COPY,0.12307692307692308,0.12903225806451613
CODE_ESTRU_CS_010,CODE_IDENT_CS_011,0.12307692307692308,0.12903225806451613
CODE_IDENT_CS_010_COPY,CODE_IDENT_CS_011,0.12307692307692308,0.12903225806451613
CODE_ESTRU_CS_010,CODE_ESTRU_CS_011,0.12307692307692308,0.12903225806451613
CODE_IDENT_CS_010_COPY,CODE_ESTRU_CS_011,0.12307692307692308,0.12903225806451613
CODE_IDENT_CS_002,CODE_ESTRU_CS_001,0.12213740458015267,0.22857142857142856
CODE_IDENT_CS_002_COPY,CODE_ESTRU_CS_001,0.12213740458015267,0.22857142857142856
CODE_IDENT_CS_005,CODE_IDENT_CS_008,0.12121212121212122,0.17391304347826086
CODE_IDENT_CS_005,CODE_IDENT_CS_008_COPY,0.12121212121212122,0.17391304347826086
CODE_IDENT_CS_005,CODE_ESTRU_CS_008,0.12121212121212122,0.17391304347826086
CODE_IDENT_CS_005_COPY,CODE_IDENT_CS_008,0.12121212121212122,0.17391304347826086
CODE_IDENT_CS_005_COPY,CODE_IDENT_CS_008_COPY,0.12121212121212122,0.17391304347826086
CODE_IDENT_CS_005_COPY,CODE_ESTRU_CS_008,0.12121212121212122,0.17391304347826086
CODE_IDENT_CS_006,CODE_FUN_CS_011,0.12080536912751678,0.15789473684210525
CODE_IDENT_CS_006_COPY,CODE_FUN_CS_011,0.12080536912751678,0.15789473684210525
CODE_IDENT_CS_009,CODE_IDENT_CS_008,0.12030075187969924,0.1702127659574468
CODE_IDENT_CS_009,CODE_IDENT_CS_008_COPY,0.12030075187969924,0.1702127659574468
CODE_IDENT_CS_009,CODE_ESTRU_CS_008,0.12030075187969924,0.1702127659574468
CODE_IDENT_CS_009_COPY,CODE_IDENT_CS_008,0.12030075187969924,0.1702127659574468
CODE_ESTRU_CS_009,CODE_IDENT_CS_008,0.12030075187969924,0.1702127659574468
CODE_IDENT_CS_009_COPY,CODE_IDENT_CS_008_COPY,0.12030075187969924,0.1702127659574468
CODE_IDENT_CS_009_COPY,CODE_ESTRU_CS_008,0.12030075187969924,0.1702127659574468
CODE_ESTRU_CS_009,CODE_IDENT_CS_008_COPY,0.12030075187969924,0.1702127659574468
CODE_ESTRU_CS_009,CODE_ESTRU_CS_008,0.12030075187969924,0.1702127659574468
CODE_ESTRU_CS_002,CODE_FUN_CS_008,0.11940298507462686,0.19047619047619047
CODE_FUN_CS_010,CODE_IDENT_CS_004_COPY,0.1188118811881188,0.21428571428571427
CODE_FUN_CS_010,CODE_IDENT_CS_004,0.1188118811881188,0.21428571428571427
CODE_IDENT_CS_007,CODE_IDENT_CS_001,0.11851851851851852,0.14814814814814814
CODE_IDENT_CS_007_COPY,CODE_IDENT_CS_001,0.11851851851851852,0.14814814814814814
CODE_ESTRU_CS_007,CODE_IDENT_CS_001,0.11851851851851852,0.14814814814814814
CODE_IDENT_CS_007,CODE_IDENT_CS_001_COPY,0.11851851851851852,0.14814814814814814
CODE_IDENT_CS_014_COPY,CODE_DIF_CS_001,0.11851851851851852,0.1568627450980392
CODE_IDENT_CS_014,CODE_DIF_CS_001,0.11851851851851852,0.1568627450980392
CODE_ESTRU_CS_014,CODE_DIF_CS_001,0.11851851851851852,0.1568627450980392
CODE_IDENT_CS_007_COPY,CODE_IDENT_CS_001_COPY,0.11851851851851852,0.14814814814814814
CODE_ESTRU_CS_007,CODE_IDENT_CS_001_COPY,0.11851851851851852,0.14814814814814814
CODE_ESTRU_CS_006,CODE_FUN_CS_011,0.11842105263157894,0.15
CODE_FUN_CS_012,CODE_FUN_CS_013,0.11764705882352941,0.13043478260869565
CODE_ESTRU_CS_005,CODE_IDENT_CS_008,0.11764705882352941,0.16
CODE_DIF_CS_009,CODE_DIF_CS_007,0.11764705882352941,0.1527777777777778
CODE_ESTRU_CS_005,CODE_IDENT_CS_008_COPY,0.11764705882352941,0.16
CODE_ESTRU_CS_005,CODE_ESTRU_CS_008,0.11764705882352941,0.16
CODE_FUN_CS_009,CODE_FUN_CS_011,0.11688311688311688,0.14516129032258066
CODE_FUN_CS_015,CODE_IDENT_CS_001,0.11688311688311688,0.1232876712328767
CODE_FUN_CS_015,CODE_IDENT_CS_001_COPY,0.11688311688311688,0.1232876712328767
CODE_FUN_CS_010,CODE_FUN_CS_014,0.11678832116788321,0.14285714285714285
CODE_ESTRU_CS_003,CODE_FUN_CS_008,0.11678832116788321,0.17777777777777778
CODE_IDENT_CS_005,CODE_FUN_CS_008,0.11594202898550725,0.17391304347826086
CODE_IDENT_CS_005_COPY,CODE_FUN_CS_008,0.11594202898550725,0.17391304347826086
CODE_IDENT_CS_009,CODE_FUN_CS_011,0.11510791366906475,0.1702127659574468
CODE_IDENT_CS_009_COPY,CODE_FUN_CS_011,0.11510791366906475,0.1702127659574468
CODE_ESTRU_CS_009,CODE_FUN_CS_011,0.11510791366906475,0.1702127659574468
CODE_FUN_CS_015,CODE_FUN_CS_013,0.11464968152866242,0.1232876712328767
CODE_DIF_CS_001,CODE_DIF_CS_007,0.11464968152866242,0.21428571428571427
CODE_DIF_CS_002,CODE_DIF_CS_010,0.11363636363636363,0.12195121951219512
CODE_IDENT_CS_009,CODE_DIF_CS_010,0.11347517730496454,0.1702127659574468
CODE_IDENT_CS_009_COPY,CODE_DIF_CS_010,0.11347517730496454,0.1702127659574468
CODE_ESTRU_CS_009,CODE_DIF_CS_010,0.11347517730496454,0.1702127659574468
CODE_IDENT_CS_015,CODE_DIF_CS_001,0.11347517730496454,0.14035087719298245
CODE_ESTRU_CS_015,CODE_DIF_CS_001,0.11347517730496454,0.14035087719298245
CODE_IDENT_CS_015_COPY,CODE_DIF_CS_001,0.11347517730496454,0.14035087719298245
CODE_ESTRU_CS_005,CODE_FUN_CS_008,0.11267605633802817,0.16
CODE_IDENT_CS_013,CODE_DIF_CS_002,0.11267605633802817,0.13333333333333333
CODE_ESTRU_CS_013,CODE_DIF_CS_002,0.11267605633802817,0.13333333333333333
CODE_IDENT_CS_013_COPY,CODE_DIF_CS_002,0.11267605633802817,0.13333333333333333
CODE_IDENT_CS_014_COPY,CODE_FUN_CS_008,0.11188811188811189,0.1568627450980392
CODE_IDENT_CS_014,CODE_FUN_CS_008,0.11188811188811189,0.1568627450980392
CODE_ESTRU_CS_014,CODE_FUN_CS_008,0.11188811188811189,0.1568627450980392
CODE_FUN_CS_014,CODE_IDENT_CS_001,0.1111111111111111,0.1111111111111111
CODE_FUN_CS_014,CODE_IDENT_CS_001_COPY,0.1111111111111111,0.1111111111111111
CODE_FUN_CS_006,CODE_DIF_CS_005,0.1111111111111111,0.17647058823529413
CODE_DIF_CS_001,CODE_ESTRU_CS_001,0.1111111111111111,0.11904761904761904
CODE_FUN_CS_015,CODE_ESTRU_CS_004,0.11072664359861592,0.2191780821917808
CODE_IDENT_CS_010,CODE_DIF_CS_001,0.1095890410958904,0.12903225806451613
CODE_ESTRU_CS_010,CODE_DIF_CS_001,0.1095890410958904,0.12903225806451613
CODE_IDENT_CS_010_COPY,CODE_DIF_CS_001,0.1095890410958904,0.12903225806451613
CODE_DIF_CS_001,CODE_DIF_CS_015,0.10932475884244373,0.20238095238095238
CODE_FUN_CS_014,CODE_FUN_CS_013,0.10909090909090909,0.1111111111111111
CODE_IDENT_CS_001,CODE_DIF_CS_001,0.10909090909090909,0.1111111111111111
CODE_IDENT_CS_001_COPY,CODE_DIF_CS_001,0.10909090909090909,0.1111111111111111
CODE_IDENT_CS_006,CODE_FUN_CS_008,0.10738255033557047,0.14035087719298245
CODE_IDENT_CS_006_COPY,CODE_FUN_CS_008,0.10738255033557047,0.14035087719298245
CODE_IDENT_CS_007,CODE_ESTRU_CS_001,0.10666666666666667,0.14814814814814814
CODE_IDENT_CS_011_COPY,CODE_DIF_CS_002,0.10666666666666667,0.11764705882352941
CODE_IDENT_CS_011,CODE_DIF_CS_002,0.10666666666666667,0.11764705882352941
CODE_DIF_CS_001,CODE_ESTRU_CS_004,0.10666666666666667,0.19047619047619047
CODE_ESTRU_CS_011,CODE_DIF_CS_002,0.10666666666666667,0.11764705882352941
CODE_IDENT_CS_007_COPY,CODE_ESTRU_CS_001,0.10666666666666667,0.14814814814814814
CODE_ESTRU_CS_007,CODE_ESTRU_CS_001,0.10666666666666667,0.14814814814814814
CODE_FUN_CS_015,CODE_ESTRU_CS_001,0.10650887573964497,0.1232876712328767
CODE_DIF_CS_001,CODE_DIF_CS_004,0.10416666666666667,0.23809523809523808
CODE_IDENT_CS_012_COPY,CODE_FUN_CS_011,0.1038961038961039,0.12903225806451613
CODE_IDENT_CS_012,CODE_FUN_CS_011,0.1038961038961039,0.12903225806451613
CODE_ESTRU_CS_012,CODE_FUN_CS_011,0.1038961038961039,0.12903225806451613
CODE_IDENT_CS_010,CODE_FUN_CS_008,0.1038961038961039,0.12903225806451613
CODE_FUN_CS_009,CODE_FUN_CS_008,0.1038961038961039,0.12903225806451613
CODE_ESTRU_CS_010,CODE_FUN_CS_008,0.1038961038961039,0.12903225806451613
CODE_IDENT_CS_010_COPY,CODE_FUN_CS_008,0.1038961038961039,0.12903225806451613
CODE_DIF_CS_001,CODE_DIF_CS_008,0.10335917312661498,0.23809523809523808
CODE_DIF_CS_009,CODE_DIF_CS_008,0.1029082774049217,0.1597222222222222
CODE_IDENT_CS_012_COPY,CODE_DIF_CS_010,0.10256410256410256,0.12903225806451613
CODE_IDENT_CS_012,CODE_DIF_CS_010,0.10256410256410256,0.12903225806451613
CODE_ESTRU_CS_012,CODE_DIF_CS_010,0.10256410256410256,0.12903225806451613
CODE_FUN_CS_005,CODE_DIF_CS_005,0.10256410256410256,0.17777777777777778
CODE_FUN_CS_014,CODE_ESTRU_CS_001,0.1016949152542373,0.1111111111111111
CODE_IDENT_CS_008,CODE_FUN_CS_008,0.10112359550561797,0.10465116279069768
CODE_IDENT_CS_008_COPY,CODE_FUN_CS_008,0.10112359550561797,0.10465116279069768
CODE_ESTRU_CS_008,CODE_FUN_CS_008,0.10112359550561797,0.10465116279069768
CODE_FUN_CS_014,CODE_DIF_CS_003,0.09961685823754789,0.16049382716049382
CODE_FUN_CS_012,CODE_FUN_CS_008,0.09937888198757763,0.11594202898550725
CODE_IDENT_CS_014_COPY,CODE_DIF_CS_006,0.09937888198757763,0.1568627450980392
CODE_FUN_CS_006,CODE_DIF_CS_006,0.09937888198757763,0.1568627450980392
CODE_IDENT_CS_014,CODE_DIF_CS_006,0.09937888198757763,0.1568627450980392
CODE_ESTRU_CS_014,CODE_DIF_CS_006,0.09937888198757763,0.1568627450980392
CODE_FUN_CS_005,CODE_DIF_CS_008,0.09770114942528736,0.37777777777777777
CODE_FUN_CS_015,CODE_FUN_CS_008,0.09696969696969697,0.1095890410958904
CODE_FUN_CS_011,CODE_DIF_CS_008,0.09620253164556962,0.20652173913043478
CODE_IDENT_CS_015,CODE_DIF_CS_006,0.09580838323353294,0.14035087719298245
CODE_ESTRU_CS_015,CODE_DIF_CS_006,0.09580838323353294,0.14035087719298245
CODE_IDENT_CS_015_COPY,CODE_DIF_CS_006,0.09580838323353294,0.14035087719298245
CODE_IDENT_CS_007,CODE_DIF_CS_008,0.09523809523809523,0.3148148148148148
CODE_IDENT_CS_007_COPY,CODE_DIF_CS_008,0.09523809523809523,0.3148148148148148
CODE_ESTRU_CS_007,CODE_DIF_CS_008,0.09523809523809523,0.3148148148148148
CODE_IDENT_CS_009,CODE_FUN_CS_004,0.09473684210526316,0.19148936170212766
CODE_IDENT_CS_009_COPY,CODE_FUN_CS_004,0.09473684210526316,0.19148936170212766
CODE_ESTRU_CS_009,CODE_FUN_CS_004,0.09473684210526316,0.19148936170212766
CODE_IDENT_CS_001,CODE_DIF_CS_006,0.09424083769633508,0.1111111111111111
CODE_IDENT_CS_001_COPY,CODE_DIF_CS_006,0.09424083769633508,0.1111111111111111
CODE_IDENT_CS_009,CODE_IDENT_CS_004_COPY,0.09326424870466321,0.19148936170212766
CODE_IDENT_CS_009_COPY,CODE_IDENT_CS_004_COPY,0.09326424870466321,0.19148936170212766
CODE_ESTRU_CS_009,CODE_IDENT_CS_004_COPY,0.09326424870466321,0.19148936170212766
CODE_IDENT_CS_009,CODE_IDENT_CS_004,0.09326424870466321,0.19148936170212766
CODE_IDENT_CS_009_COPY,CODE_IDENT_CS_004,0.09326424870466321,0.19148936170212766
CODE_ESTRU_CS_009,CODE_IDENT_CS_004,0.09326424870466321,0.19148936170212766
CODE_IDENT_CS_010,CODE_DIF_CS_006,0.09302325581395349,0.12903225806451613
CODE_ESTRU_CS_010,CODE_DIF_CS_006,0.09302325581395349,0.12903225806451613
CODE_IDENT_CS_010_COPY,CODE_DIF_CS_006,0.09302325581395349,0.12903225806451613
CODE_DIF_CS_001,CODE_DIF_CS_006,0.09278350515463918,0.10714285714285714
CODE_DIF_CS_001,CODE_DIF_CS_005,0.09230769230769231,0.10714285714285714
CODE_DIF_CS_006,CODE_ESTRU_CS_004,0.09202453987730061,0.13636363636363635
CODE_FUN_CS_009,CODE_DIF_CS_003,0.09090909090909091,0.1774193548387097
CODE_IDENT_CS_006,CODE_DIF_CS_008,0.08888888888888889,0.2807017543859649
CODE_IDENT_CS_006_COPY,CODE_DIF_CS_008,0.08888888888888889,0.2807017543859649
CODE_DIF_CS_003,CODE_DIF_CS_015,0.08845208845208845,0.1
CODE_FUN_CS_012,CODE_DIF_CS_003,0.08835341365461848,0.15942028985507245
CODE_ESTRU_CS_006,CODE_DIF_CS_008,0.0881542699724518,0.26666666666666666
CODE_DIF_CS_001,CODE_FUN_CS_004,0.0881057268722467,0.11904761904761904
CODE_IDENT_CS_012_COPY,CODE_FUN_CS_004,0.08780487804878048,0.14516129032258066
CODE_IDENT_CS_012,CODE_FUN_CS_004,0.08780487804878048,0.14516129032258066
CODE_ESTRU_CS_012,CODE_FUN_CS_004,0.08780487804878048,0.14516129032258066
CODE_DIF_CS_001,CODE_IDENT_CS_004_COPY,0.08695652173913043,0.11904761904761904
CODE_DIF_CS_001,CODE_IDENT_CS_004,0.08695652173913043,0.11904761904761904
CODE_IDENT_CS_012_COPY,CODE_IDENT_CS_004_COPY,0.08653846153846154,0.14516129032258066
CODE_IDENT_CS_012,CODE_IDENT_CS_004_COPY,0.08653846153846154,0.14516129032258066
CODE_ESTRU_CS_012,CODE_IDENT_CS_004_COPY,0.08653846153846154,0.14516129032258066
CODE_IDENT_CS_012_COPY,CODE_IDENT_CS_004,0.08653846153846154,0.14516129032258066
CODE_IDENT_CS_012,CODE_IDENT_CS_004,0.08653846153846154,0.14516129032258066
CODE_ESTRU_CS_012,CODE_IDENT_CS_004,0.08653846153846154,0.14516129032258066
CODE_ESTRU_CS_002,CODE_DIF_CS_009,0.08602150537634409,0.19047619047619047
CODE_ESTRU_CS_003,CODE_DIF_CS_009,0.08465608465608465,0.17777777777777778
CODE_FUN_CS_005,CODE_IDENT_CS_004_COPY,0.08376963350785341,0.17777777777777778
CODE_FUN_CS_005,CODE_IDENT_CS_004,0.08376963350785341,0.17777777777777778
CODE_FUN_CS_014,CODE_DIF_CS_007,0.08360128617363344,0.16049382716049382
CODE_FUN_CS_015,CODE_IDENT_CS_004_COPY,0.0821917808219178,0.1232876712328767
CODE_FUN_CS_015,CODE_IDENT_CS_004,0.0821917808219178,0.1232876712328767
CODE_FUN_CS_007,CODE_IDENT_CS_004_COPY,0.08205128205128205,0.16326530612244897
CODE_FUN_CS_007,CODE_IDENT_CS_004,0.08205128205128205,0.16326530612244897
CODE_IDENT_CS_014_COPY,CODE_DIF_CS_009,0.08205128205128205,0.1568627450980392
CODE_IDENT_CS_014,CODE_DIF_CS_009,0.08205128205128205,0.1568627450980392
CODE_ESTRU_CS_014,CODE_DIF_CS_009,0.08205128205128205,0.1568627450980392
CODE_FUN_CS_006,CODE_IDENT_CS_004_COPY,0.08121827411167512,0.1568627450980392
CODE_FUN_CS_006,CODE_IDENT_CS_004,0.08121827411167512,0.1568627450980392
CODE_IDENT_CS_006,CODE_DIF_CS_009,0.07960199004975124,0.14035087719298245
CODE_IDENT_CS_006_COPY,CODE_DIF_CS_009,0.07960199004975124,0.14035087719298245
CODE_FUN_CS_008,CODE_DIF_CS_006,0.07920792079207921,0.08695652173913043
CODE_FUN_CS_006,CODE_DIF_CS_015,0.07913669064748201,0.21568627450980393
CODE_DIF_CS_001,CODE_DIF_CS_009,0.07894736842105263,0.10714285714285714
CODE_ESTRU_CS_006,CODE_DIF_CS_009,0.0784313725490196,0.13333333333333333
CODE_FUN_CS_006,CODE_DIF_CS_007,0.07829181494661921,0.21568627450980393
CODE_FUN_CS_014,CODE_DIF_CS_015,0.07792207792207792,0.14814814814814814
CODE_IDENT_CS_010,CODE_DIF_CS_009,0.07766990291262135,0.12903225806451613
CODE_IDENT_CS_012_COPY,CODE_DIF_CS_009,0.07766990291262135,0.12903225806451613
CODE_ESTRU_CS_001,CODE_DIF_CS_006,0.07766990291262135,0.08333333333333333
CODE_IDENT_CS_012,CODE_DIF_CS_009,0.07766990291262135,0.12903225806451613
CODE_ESTRU_CS_010,CODE_DIF_CS_009,0.07766990291262135,0.12903225806451613
CODE_ESTRU_CS_012,CODE_DIF_CS_009,0.07766990291262135,0.12903225806451613
CODE_IDENT_CS_010_COPY,CODE_DIF_CS_009,0.07766990291262135,0.12903225806451613
CODE_IDENT_CS_003,CODE_DIF_CS_003,0.07511737089201878,0.24242424242424243
CODE_IDENT_CS_003_COPY,CODE_DIF_CS_003,0.07511737089201878,0.24242424242424243
CODE_FUN_CS_015,CODE_DIF_CS_008,0.07446808510638298,0.1917808219178082
CODE_IDENT_CS_002,CODE_DIF_CS_003,0.07441860465116279,0.22857142857142856
CODE_IDENT_CS_002_COPY,CODE_DIF_CS_003,0.07441860465116279,0.22857142857142856
CODE_FUN_CS_015,CODE_FUN_CS_004,0.07407407407407407,0.1095890410958904
CODE_FUN_CS_007,CODE_DIF_CS_008,0.07386363636363637,0.2653061224489796
CODE_FUN_CS_015,CODE_DIF_CS_009,0.07373271889400922,0.1095890410958904
CODE_FUN_CS_005,CODE_DIF_CS_007,0.07272727272727272,0.2222222222222222
CODE_DIF_CS_006,CODE_DIF_CS_005,0.07239819004524888,0.07272727272727272
CODE_FUN_CS_007,CODE_DIF_CS_007,0.07168458781362007,0.20408163265306123
CODE_FUN_CS_014,CODE_FUN_CS_004,0.07142857142857142,0.09876543209876543
CODE_FUN_CS_015,CODE_DIF_CS_003,0.07114624505928854,0.1232876712328767
CODE_DIF_CS_006,CODE_FUN_CS_004,0.07114624505928854,0.08181818181818182
CODE_FUN_CS_014,CODE_DIF_CS_009,0.07111111111111111,0.09876543209876543
CODE_DIF_CS_002,CODE_FUN_CS_004,0.07111111111111111,0.0975609756097561
CODE_IDENT_CS_002,CODE_DIF_CS_008,0.07100591715976332,0.34285714285714286
CODE_IDENT_CS_002_COPY,CODE_DIF_CS_008,0.07100591715976332,0.34285714285714286
CODE_DIF_CS_002,CODE_DIF_CS_009,0.07079646017699115,0.0975609756097561
CODE_FUN_CS_014,CODE_IDENT_CS_004_COPY,0.07048458149779736,0.09876543209876543
CODE_FUN_CS_014,CODE_IDENT_CS_004,0.07048458149779736,0.09876543209876543
CODE_DIF_CS_002,CODE_IDENT_CS_004_COPY,0.07017543859649122,0.0975609756097561
CODE_DIF_CS_002,CODE_IDENT_CS_004,0.07017543859649122,0.0975609756097561
CODE_FUN_CS_013,CODE_IDENT_CS_004_COPY,0.06956521739130435,0.09523809523809523
CODE_FUN_CS_013,CODE_IDENT_CS_004,0.06956521739130435,0.09523809523809523
CODE_IDENT_CS_008,CODE_DIF_CS_009,0.06956521739130435,0.09302325581395349
CODE_IDENT_CS_008_COPY,CODE_DIF_CS_009,0.06956521739130435,0.09302325581395349
CODE_ESTRU_CS_008,CODE_DIF_CS_009,0.06956521739130435,0.09302325581395349
CODE_FUN_CS_006,CODE_DIF_CS_003,0.06926406926406926,0.1568627450980392
CODE_IDENT_CS_007,CODE_DIF_CS_003,0.06837606837606838,0.14814814814814814
CODE_IDENT_CS_007_COPY,CODE_DIF_CS_003,0.06837606837606838,0.14814814814814814
CODE_ESTRU_CS_007,CODE_DIF_CS_003,0.06837606837606838,0.14814814814814814
CODE_FUN_CS_005,CODE_DIF_CS_014,0.06808510638297872,0.17777777777777778
CODE_FUN_CS_014,CODE_DIF_CS_008,0.06770833333333333,0.16049382716049382
CODE_DIF_CS_010,CODE_FUN_CS_004,0.06751054852320675,0.0851063829787234
CODE_FUN_CS_011,CODE_IDENT_CS_004_COPY,0.06722689075630252,0.08695652173913043
CODE_FUN_CS_011,CODE_IDENT_CS_004,0.06722689075630252,0.08695652173913043
CODE_FUN_CS_007,CODE_DIF_CS_014,0.06694560669456066,0.16326530612244897
CODE_DIF_CS_010,CODE_IDENT_CS_004_COPY,0.06666666666666667,0.0851063829787234
CODE_DIF_CS_010,CODE_IDENT_CS_004,0.06666666666666667,0.0851063829787234
CODE_DIF_CS_002,CODE_DIF_CS_014,0.0661764705882353,0.10975609756097561
CODE_FUN_CS_001,CODE_DIF_CS_007,0.06477732793522267,0.47058823529411764
CODE_FUN_CS_013,CODE_DIF_CS_007,0.06369426751592357,0.11904761904761904
CODE_DIF_CS_005,CODE_FUN_CS_004,0.06299212598425197,0.07207207207207207
CODE_IDENT_CS_009,CODE_DIF_CS_008,0.06285714285714286,0.23404255319148937
CODE_IDENT_CS_009_COPY,CODE_DIF_CS_008,0.06285714285714286,0.23404255319148937
CODE_ESTRU_CS_009,CODE_DIF_CS_008,0.06285714285714286,0.23404255319148937
CODE_IDENT_CS_013,CODE_DIF_CS_015,0.0627177700348432,0.15
CODE_ESTRU_CS_013,CODE_DIF_CS_015,0.0627177700348432,0.15
CODE_IDENT_CS_013_COPY,CODE_DIF_CS_015,0.0627177700348432,0.15
CODE_DIF_CS_006,CODE_IDENT_CS_004_COPY,0.0625,0.07272727272727272
CODE_DIF_CS_006,CODE_IDENT_CS_004,0.0625,0.07272727272727272
CODE_FUN_CS_009,CODE_DIF_CS_015,0.06228373702422145,0.14516129032258066
CODE_DIF_CS_005,CODE_IDENT_CS_004_COPY,0.0622568093385214,0.07207207207207207
CODE_DIF_CS_005,CODE_IDENT_CS_004,0.0622568093385214,0.07207207207207207
CODE_FUN_CS_011,CODE_DIF_CS_007,0.062111801242236024,0.10869565217391304
CODE_DIF_CS_002,CODE_DIF_CS_003,0.061068702290076333,0.0975609756097561
CODE_IDENT_CS_011_COPY,CODE_DIF_CS_015,0.061016949152542375,0.1323529411764706
CODE_IDENT_CS_011,CODE_DIF_CS_015,0.061016949152542375,0.1323529411764706
CODE_ESTRU_CS_011,CODE_DIF_CS_015,0.061016949152542375,0.1323529411764706
CODE_FUN_CS_015,CODE_DIF_CS_007,0.0594059405940594,0.1232876712328767
CODE_FUN_CS_005,CODE_DIF_CS_015,0.058823529411764705,0.17777777777777778
CODE_FUN_CS_007,CODE_DIF_CS_015,0.057971014492753624,0.16326530612244897
CODE_ESTRU_CS_002,CODE_DIF_CS_008,0.057971014492753624,0.23809523809523808
CODE_DIF_CS_002,CODE_DIF_CS_007,0.057692307692307696,0.10975609756097561
CODE_FUN_CS_008,CODE_DIF_CS_014,0.05673758865248227,0.08695652173913043
CODE_FUN_CS_006,CODE_DIF_CS_008,0.05649717514124294,0.19607843137254902
CODE_FUN_CS_011,CODE_DIF_CS_015,0.05642633228840126,0.09782608695652174
CODE_FUN_CS_012,CODE_ESTRU_CS_004,0.056140350877192984,0.11594202898550725
CODE_DIF_CS_010,CODE_DIF_CS_015,0.056074766355140186,0.09574468085106383
CODE_DIF_CS_005,CODE_DIF_CS_011,0.05574912891986063,0.07207207207207207
CODE_IDENT_CS_015,CODE_DIF_CS_008,0.05555555555555555,0.17543859649122806
CODE_ESTRU_CS_015,CODE_DIF_CS_008,0.05555555555555555,0.17543859649122806
CODE_IDENT_CS_015_COPY,CODE_DIF_CS_008,0.05555555555555555,0.17543859649122806
CODE_DIF_CS_005,CODE_ESTRU_CS_004,0.05504587155963303,0.08108108108108109
CODE_IDENT_CS_012_COPY,CODE_DIF_CS_008,0.0547945205479452,0.16129032258064516
CODE_FUN_CS_009,CODE_DIF_CS_007,0.0547945205479452,0.12903225806451613
CODE_IDENT_CS_012,CODE_DIF_CS_008,0.0547945205479452,0.16129032258064516
CODE_ESTRU_CS_012,CODE_DIF_CS_008,0.0547945205479452,0.16129032258064516
CODE_FUN_CS_014,CODE_ESTRU_CS_004,0.05387205387205387,0.09876543209876543
CODE_IDENT_CS_003,CODE_DIF_CS_008,0.05357142857142857,0.2727272727272727
CODE_IDENT_CS_003_COPY,CODE_DIF_CS_008,0.05357142857142857,0.2727272727272727
CODE_FUN_CS_012,CODE_DIF_CS_007,0.05351170568561873,0.11594202898550725
CODE_FUN_CS_008,CODE_ESTRU_CS_004,0.05194805194805195,0.08695652173913043
CODE_FUN_CS_013,CODE_DIF_CS_015,0.05144694533762058,0.09523809523809523
CODE_FUN_CS_008,CODE_DIF_CS_015,0.050156739811912224,0.08695652173913043
CODE_FUN_CS_010,CODE_DIF_CS_008,0.05013927576601671,0.16071428571428573
CODE_IDENT_CS_013,CODE_DIF_CS_008,0.049586776859504134,0.15
CODE_ESTRU_CS_013,CODE_DIF_CS_008,0.049586776859504134,0.15
CODE_IDENT_CS_013_COPY,CODE_DIF_CS_008,0.049586776859504134,0.15
CODE_FUN_CS_004,CODE_DIF_CS_003,0.04953560371517028,0.055944055944055944
CODE_DIF_CS_010,CODE_DIF_CS_007,0.04938271604938271,0.0851063829787234
CODE_IDENT_CS_004_COPY,CODE_DIF_CS_003,0.049079754601226995,0.0547945205479452
CODE_IDENT_CS_004,CODE_DIF_CS_003,0.049079754601226995,0.0547945205479452
CODE_IDENT_CS_011_COPY,CODE_DIF_CS_008,0.04851752021563342,0.1323529411764706
CODE_IDENT_CS_011,CODE_DIF_CS_008,0.04851752021563342,0.1323529411764706
CODE_ESTRU_CS_011,CODE_DIF_CS_008,0.04851752021563342,0.1323529411764706
CODE_DIF_CS_006,CODE_DIF_CS_015,0.04747774480712166,0.07272727272727272
CODE_DIF_CS_005,CODE_DIF_CS_015,0.047337278106508875,0.07207207207207207
CODE_DIF_CS_002,CODE_DIF_CS_004,0.04712041884816754,0.10975609756097561
CODE_DIF_CS_002,CODE_DIF_CS_008,0.046753246753246755,0.10975609756097561
CODE_FUN_CS_005,CODE_DIF_CS_004,0.0463768115942029,0.17777777777777778
CODE_IDENT_CS_009,CODE_DIF_CS_004,0.04610951008645533,0.1702127659574468
CODE_IDENT_CS_009_COPY,CODE_DIF_CS_004,0.04610951008645533,0.1702127659574468
CODE_ESTRU_CS_009,CODE_DIF_CS_004,0.04610951008645533,0.1702127659574468
CODE_ESTRU_CS_003,CODE_DIF_CS_008,0.04597701149425287,0.17777777777777778
CODE_IDENT_CS_005,CODE_DIF_CS_008,0.045845272206303724,0.17391304347826086
CODE_IDENT_CS_005_COPY,CODE_DIF_CS_008,0.045845272206303724,0.17391304347826086
CODE_DIF_CS_010,CODE_DIF_CS_004,0.04568527918781726,0.09574468085106383
CODE_DIF_CS_003,CODE_ESTRU_CS_004,0.045454545454545456,0.05
CODE_ESTRU_CS_005,CODE_DIF_CS_008,0.0453257790368272,0.16
CODE_IDENT_CS_014_COPY,CODE_DIF_CS_008,0.04519774011299435,0.1568627450980392
CODE_IDENT_CS_014,CODE_DIF_CS_008,0.04519774011299435,0.1568627450980392
CODE_ESTRU_CS_014,CODE_DIF_CS_008,0.04519774011299435,0.1568627450980392
CODE_DIF_CS_011,CODE_DIF_CS_003,0.0449438202247191,0.045454545454545456
CODE_IDENT_CS_012_COPY,CODE_DIF_CS_004,0.04419889502762431,0.12903225806451613
CODE_IDENT_CS_012,CODE_DIF_CS_004,0.04419889502762431,0.12903225806451613
CODE_ESTRU_CS_012,CODE_DIF_CS_004,0.04419889502762431,0.12903225806451613
CODE_IDENT_CS_010,CODE_DIF_CS_008,0.043835616438356165,0.12903225806451613
CODE_FUN_CS_009,CODE_DIF_CS_008,0.043835616438356165,0.12903225806451613
CODE_ESTRU_CS_010,CODE_DIF_CS_008,0.043835616438356165,0.12903225806451613
CODE_IDENT_CS_010_COPY,CODE_DIF_CS_008,0.043835616438356165,0.12903225806451613
CODE_FUN_CS_012,CODE_DIF_CS_008,0.043010752688172046,0.11594202898550725
CODE_FUN_CS_015,CODE_DIF_CS_004,0.04289544235924933,0.1095890410958904
CODE_FUN_CS_014,CODE_DIF_CS_004,0.04199475065616798,0.09876543209876543
CODE_IDENT_CS_008,CODE_DIF_CS_008,0.04113110539845758,0.09302325581395349
CODE_IDENT_CS_008_COPY,CODE_DIF_CS_008,0.04113110539845758,0.09302325581395349
CODE_ESTRU_CS_008,CODE_DIF_CS_008,0.04113110539845758,0.09302325581395349
CODE_DIF_CS_006,CODE_DIF_CS_008,0.0387409200968523,0.07272727272727272
CODE_DIF_CS_003,CODE_DIF_CS_004,0.0375,0.05
CODE_FUN_CS_012,CODE_IDENT_CS_004_COPY,0.0,0.0
CODE_IDENT_CS_010,CODE_IDENT_CS_004_COPY,0.0,0.0
CODE_IDENT_CS_003,CODE_IDENT_CS_004_COPY,0.0,0.0
CODE_IDENT_CS_002,CODE_IDENT_CS_004_COPY,0.0,0.0
CODE_IDENT_CS_007,CODE_IDENT_CS_004_COPY,0.0,0.0
CODE_IDENT_CS_006,CODE_IDENT_CS_004_COPY,0.0,0.0
CODE_IDENT_CS_005,CODE_IDENT_CS_004_COPY,0.0,0.0
CODE_IDENT_CS_008,CODE_IDENT_CS_004_COPY,0.0,0.0
CODE_FUN_CS_009,CODE_IDENT_CS_004_COPY,0.0,0.0
CODE_IDENT_CS_011_COPY,CODE_IDENT_CS_004_COPY,0.0,0.0
CODE_FUN_CS_008,CODE_IDENT_CS_004_COPY,0.0,0.0
CODE_IDENT_CS_014_COPY,CODE_IDENT_CS_004_COPY,0.0,0.0
CODE_FUN_CS_001,CODE_IDENT_CS_004_COPY,0.0,0.0
CODE_FUN_CS_002,CODE_IDENT_CS_004_COPY,0.0,0.0
CODE_IDENT_CS_003_COPY,CODE_IDENT_CS_004_COPY,0.0,0.0
CODE_FUN_CS_003,CODE_IDENT_CS_004_COPY,0.0,0.0
CODE_IDENT_CS_014,CODE_IDENT_CS_004_COPY,0.0,0.0
CODE_IDENT_CS_013,CODE_IDENT_CS_004_COPY,0.0,0.0
CODE_IDENT_CS_011,CODE_IDENT_CS_004_COPY,0.0,0.0
CODE_IDENT_CS_006_COPY,CODE_IDENT_CS_004_COPY,0.0,0.0
CODE_IDENT_CS_015,CODE_IDENT_CS_004_COPY,0.0,0.0
CODE_IDENT_CS_007_COPY,CODE_IDENT_CS_004_COPY,0.0,0.0
CODE_ESTRU_CS_011,CODE_IDENT_CS_004_COPY,0.0,0.0
CODE_ESTRU_CS_010,CODE_IDENT_CS_004_COPY,0.0,0.0
CODE_ESTRU_CS_015,CODE_IDENT_CS_004_COPY,0.0,0.0
CODE_IDENT_CS_015_COPY,CODE_IDENT_CS_004_COPY,0.0,0.0
CODE_ESTRU_CS_014,CODE_IDENT_CS_004_COPY,0.0,0.0
CODE_ESTRU_CS_013,CODE_IDENT_CS_004_COPY,0.0,0.0
CODE_IDENT_CS_005_COPY,CODE_IDENT_CS_004_COPY,0.0,0.0
CODE_IDENT_CS_008_COPY,CODE_IDENT_CS_004_COPY,0.0,0.0
CODE_IDENT_CS_013_COPY,CODE_IDENT_CS_004_COPY,0.0,0.0
CODE_IDENT_CS_010_COPY,CODE_IDENT_CS_004_COPY,0.0,0.0
CODE_IDENT_CS_002_COPY,CODE_IDENT_CS_004_COPY,0.0,0.0
CODE_ESTRU_CS_003,CODE_IDENT_CS_004_COPY,0.0,0.0
CODE_ESTRU_CS_002,CODE_IDENT_CS_004_COPY,0.0,0.0
CODE_ESTRU_CS_008,CODE_IDENT_CS_004_COPY,0.0,0.0
CODE_ESTRU_CS_007,CODE_IDENT_CS_004_COPY,0.0,0.0
CODE_ESTRU_CS_006,CODE_IDENT_CS_004_COPY,0.0,0.0
CODE_ESTRU_CS_005,CODE_IDENT_CS_004_COPY,0.0,0.0
CODE_FUN_CS_012,CODE_DIF_CS_010,0.0,0.0
CODE_FUN_CS_010,CODE_FUN_CS_012,0.0,0.0
CODE_FUN_CS_012,CODE_DIF_CS_011,0.0,0.0
CODE_IDENT_CS_010,CODE_FUN_CS_012,0.0,0.0
CODE_IDENT_CS_003,CODE_FUN_CS_012,0.0,0.0
CODE_IDENT_CS_002,CODE_FUN_CS_012,0.0,0.0
CODE_FUN_CS_012,CODE_IDENT_CS_001,0.0,0.0
CODE_DIF_CS_012,CODE_FUN_CS_012,0.0,0.0
CODE_IDENT_CS_007,CODE_FUN_CS_012,0.0,0.0
CODE_DIF_CS_013,CODE_FUN_CS_012,0.0,0.0
CODE_IDENT_CS_006,CODE_FUN_CS_012,0.0,0.0
CODE_FUN_CS_012,CODE_DIF_CS_014,0.0,0.0
CODE_IDENT_CS_005,CODE_FUN_CS_012,0.0,0.0
CODE_FUN_CS_012,CODE_IDENT_CS_004,0.0,0.0
CODE_IDENT_CS_009,CODE_FUN_CS_012,0.0,0.0
CODE_FUN_CS_012,CODE_IDENT_CS_008,0.0,0.0
CODE_IDENT_CS_012_COPY,CODE_FUN_CS_012,0.0,0.0
CODE_IDENT_CS_011_COPY,CODE_FUN_CS_012,0.0,0.0
CODE_FUN_CS_007,CODE_FUN_CS_012,0.0,0.0
CODE_IDENT_CS_014_COPY,CODE_FUN_CS_012,0.0,0.0
CODE_FUN_CS_002,CODE_FUN_CS_012,0.0,0.0
CODE_IDENT_CS_003_COPY,CODE_FUN_CS_012,0.0,0.0
CODE_FUN_CS_005,CODE_FUN_CS_012,0.0,0.0
CODE_FUN_CS_003,CODE_FUN_CS_012,0.0,0.0
CODE_FUN_CS_012,CODE_FUN_CS_004,0.0,0.0
CODE_IDENT_CS_009_COPY,CODE_FUN_CS_012,0.0,0.0
CODE_IDENT_CS_014,CODE_FUN_CS_012,0.0,0.0
CODE_FUN_CS_012,CODE_DIF_CS_006,0.0,0.0
CODE_IDENT_CS_013,CODE_FUN_CS_012,0.0,0.0
CODE_IDENT_CS_012,CODE_FUN_CS_012,0.0,0.0
CODE_IDENT_CS_011,CODE_FUN_CS_012,0.0,0.0
CODE_FUN_CS_012,CODE_DIF_CS_001,0.0,0.0
CODE_IDENT_CS_006_COPY,CODE_FUN_CS_012,0.0,0.0
CODE_FUN_CS_012,CODE_DIF_CS_002,0.0,0.0
CODE_FUN_CS_012,CODE_DIF_CS_004,0.0,0.0
CODE_IDENT_CS_015,CODE_FUN_CS_012,0.0,0.0
CODE_FUN_CS_012,CODE_DIF_CS_009,0.0,0.0
CODE_IDENT_CS_007_COPY,CODE_FUN_CS_012,0.0,0.0
CODE_FUN_CS_012,CODE_IDENT_CS_001_COPY,0.0,0.0
CODE_ESTRU_CS_011,CODE_FUN_CS_012,0.0,0.0
CODE_ESTRU_CS_010,CODE_FUN_CS_012,0.0,0.0
CODE_ESTRU_CS_015,CODE_FUN_CS_012,0.0,0.0
CODE_IDENT_CS_015_COPY,CODE_FUN_CS_012,0.0,0.0
CODE_ESTRU_CS_014,CODE_FUN_CS_012,0.0,0.0
CODE_ESTRU_CS_013,CODE_FUN_CS_012,0.0,0.0
CODE_ESTRU_CS_012,CODE_FUN_CS_012,0.0,0.0
CODE_ESTRU_CS_009,CODE_FUN_CS_012,0.0,0.0
CODE_IDENT_CS_005_COPY,CODE_FUN_CS_012,0.0,0.0
CODE_FUN_CS_012,CODE_IDENT_CS_008_COPY,0.0,0.0
CODE_IDENT_CS_013_COPY,CODE_FUN_CS_012,0.0,0.0
CODE_IDENT_CS_010_COPY,CODE_FUN_CS_012,0.0,0.0
CODE_IDENT_CS_002_COPY,CODE_FUN_CS_012,0.0,0.0
CODE_ESTRU_CS_003,CODE_FUN_CS_012,0.0,0.0
CODE_ESTRU_CS_002,CODE_FUN_CS_012,0.0,0.0
CODE_FUN_CS_012,CODE_ESTRU_CS_001,0.0,0.0
CODE_FUN_CS_012,CODE_ESTRU_CS_008,0.0,0.0
CODE_ESTRU_CS_007,CODE_FUN_CS_012,0.0,0.0
CODE_ESTRU_CS_006,CODE_FUN_CS_012,0.0,0.0
CODE_ESTRU_CS_005,CODE_FUN_CS_012,0.0,0.0
CODE_FUN_CS_013,CODE_DIF_CS_010,0.0,0.0
CODE_FUN_CS_010,CODE_FUN_CS_013,0.0,0.0
CODE_FUN_CS_013,CODE_DIF_CS_011,0.0,0.0
CODE_IDENT_CS_010,CODE_FUN_CS_013,0.0,0.0
CODE_IDENT_CS_003,CODE_FUN_CS_013,0.0,0.0
CODE_IDENT_CS_002,CODE_FUN_CS_013,0.0,0.0
CODE_IDENT_CS_001,CODE_FUN_CS_013,0.0,0.0
CODE_DIF_CS_012,CODE_FUN_CS_013,0.0,0.0
CODE_IDENT_CS_007,CODE_FUN_CS_013,0.0,0.0
CODE_DIF_CS_013,CODE_FUN_CS_013,0.0,0.0
CODE_IDENT_CS_006,CODE_FUN_CS_013,0.0,0.0
CODE_FUN_CS_013,CODE_DIF_CS_014,0.0,0.0
CODE_IDENT_CS_005,CODE_FUN_CS_013,0.0,0.0
CODE_IDENT_CS_009,CODE_FUN_CS_013,0.0,0.0
CODE_FUN_CS_013,CODE_IDENT_CS_008,0.0,0.0
CODE_IDENT_CS_012_COPY,CODE_FUN_CS_013,0.0,0.0
CODE_IDENT_CS_011_COPY,CODE_FUN_CS_013,0.0,0.0
CODE_IDENT_CS_014_COPY,CODE_FUN_CS_013,0.0,0.0
CODE_FUN_CS_001,CODE_FUN_CS_013,0.0,0.0
CODE_FUN_CS_002,CODE_FUN_CS_013,0.0,0.0
CODE_IDENT_CS_003_COPY,CODE_FUN_CS_013,0.0,0.0
CODE_FUN_CS_003,CODE_FUN_CS_013,0.0,0.0
CODE_FUN_CS_013,CODE_FUN_CS_004,0.0,0.0
CODE_FUN_CS_013,CODE_DIF_CS_005,0.0,0.0
CODE_IDENT_CS_009_COPY,CODE_FUN_CS_013,0.0,0.0
CODE_IDENT_CS_014,CODE_FUN_CS_013,0.0,0.0
CODE_FUN_CS_013,CODE_DIF_CS_006,0.0,0.0
CODE_IDENT_CS_013,CODE_FUN_CS_013,0.0,0.0
CODE_IDENT_CS_012,CODE_FUN_CS_013,0.0,0.0
CODE_IDENT_CS_011,CODE_FUN_CS_013,0.0,0.0
CODE_DIF_CS_001,CODE_FUN_CS_013,0.0,0.0
CODE_IDENT_CS_006_COPY,CODE_FUN_CS_013,0.0,0.0
CODE_DIF_CS_002,CODE_FUN_CS_013,0.0,0.0
CODE_FUN_CS_013,CODE_DIF_CS_003,0.0,0.0
CODE_FUN_CS_013,CODE_DIF_CS_004,0.0,0.0
CODE_IDENT_CS_015,CODE_FUN_CS_013,0.0,0.0
CODE_FUN_CS_013,CODE_DIF_CS_009,0.0,0.0
CODE_IDENT_CS_007_COPY,CODE_FUN_CS_013,0.0,0.0
CODE_IDENT_CS_001_COPY,CODE_FUN_CS_013,0.0,0.0
CODE_ESTRU_CS_011,CODE_FUN_CS_013,0.0,0.0
CODE_ESTRU_CS_010,CODE_FUN_CS_013,0.0,0.0
CODE_ESTRU_CS_015,CODE_FUN_CS_013,0.0,0.0
CODE_IDENT_CS_015_COPY,CODE_FUN_CS_013,0.0,0.0
CODE_ESTRU_CS_014,CODE_FUN_CS_013,0.0,0.0
CODE_ESTRU_CS_013,CODE_FUN_CS_013,0.0,0.0
CODE_ESTRU_CS_012,CODE_FUN_CS_013,0.0,0.0
CODE_ESTRU_CS_009,CODE_FUN_CS_013,0.0,0.0
CODE_IDENT_CS_005_COPY,CODE_FUN_CS_013,0.0,0.0
CODE_FUN_CS_013,CODE_IDENT_CS_008_COPY,0.0,0.0
CODE_IDENT_CS_013_COPY,CODE_FUN_CS_013,0.0,0.0
CODE_IDENT_CS_010_COPY,CODE_FUN_CS_013,0.0,0.0
CODE_IDENT_CS_002_COPY,CODE_FUN_CS_013,0.0,0.0
CODE_FUN_CS_013,CODE_ESTRU_CS_004,0.0,0.0
CODE_ESTRU_CS_003,CODE_FUN_CS_013,0.0,0.0
CODE_ESTRU_CS_002,CODE_FUN_CS_013,0.0,0.0
CODE_FUN_CS_013,CODE_ESTRU_CS_001,0.0,0.0
CODE_FUN_CS_013,CODE_ESTRU_CS_008,0.0,0.0
CODE_ESTRU_CS_007,CODE_FUN_CS_013,0.0,0.0
CODE_ESTRU_CS_006,CODE_FUN_CS_013,0.0,0.0
CODE_ESTRU_CS_005,CODE_FUN_CS_013,0.0,0.0
CODE_FUN_CS_010,CODE_DIF_CS_010,0.0,0.0
CODE_FUN_CS_011,CODE_DIF_CS_010,0.0,0.0
CODE_IDENT_CS_010,CODE_DIF_CS_010,0.0,0.0
CODE_FUN_CS_014,CODE_DIF_CS_010,0.0,0.0
CODE_FUN_CS_015,CODE_DIF_CS_010,0.0,0.0
CODE_IDENT_CS_003,CODE_DIF_CS_010,0.0,0.0
CODE_IDENT_CS_002,CODE_DIF_CS_010,0.0,0.0
CODE_IDENT_CS_001,CODE_DIF_CS_010,0.0,0.0
CODE_DIF_CS_012,CODE_DIF_CS_010,0.0,0.0
CODE_IDENT_CS_007,CODE_DIF_CS_010,0.0,0.0
CODE_IDENT_CS_006,CODE_DIF_CS_010,0.0,0.0
CODE_IDENT_CS_005,CODE_DIF_CS_010,0.0,0.0
CODE_IDENT_CS_008,CODE_DIF_CS_010,0.0,0.0
CODE_FUN_CS_009,CODE_DIF_CS_010,0.0,0.0
CODE_IDENT_CS_011_COPY,CODE_DIF_CS_010,0.0,0.0
CODE_FUN_CS_007,CODE_DIF_CS_010,0.0,0.0
CODE_FUN_CS_008,CODE_DIF_CS_010,0.0,0.0
CODE_IDENT_CS_014_COPY,CODE_DIF_CS_010,0.0,0.0
CODE_FUN_CS_001,CODE_DIF_CS_010,0.0,0.0
CODE_FUN_CS_002,CODE_DIF_CS_010,0.0,0.0
CODE_IDENT_CS_003_COPY,CODE_DIF_CS_010,0.0,0.0
CODE_FUN_CS_005,CODE_DIF_CS_010,0.0,0.0
CODE_FUN_CS_006,CODE_DIF_CS_010,0.0,0.0
CODE_FUN_CS_003,CODE_DIF_CS_010,0.0,0.0
CODE_DIF_CS_010,CODE_DIF_CS_005,0.0,0.0
CODE_IDENT_CS_014,CODE_DIF_CS_010,0.0,0.0
CODE_DIF_CS_010,CODE_DIF_CS_006,0.0,0.0
CODE_IDENT_CS_013,CODE_DIF_CS_010,0.0,0.0
CODE_DIF_CS_010,CODE_DIF_CS_008,0.0,0.0
CODE_IDENT_CS_011,CODE_DIF_CS_010,0.0,0.0
CODE_DIF_CS_001,CODE_DIF_CS_010,0.0,0.0
CODE_IDENT_CS_006_COPY,CODE_DIF_CS_010,0.0,0.0
CODE_DIF_CS_010,CODE_DIF_CS_003,0.0,0.0
CODE_IDENT_CS_015,CODE_DIF_CS_010,0.0,0.0
CODE_IDENT_CS_007_COPY,CODE_DIF_CS_010,0.0,0.0
CODE_IDENT_CS_001_COPY,CODE_DIF_CS_010,0.0,0.0
CODE_ESTRU_CS_011,CODE_DIF_CS_010,0.0,0.0
CODE_ESTRU_CS_010,CODE_DIF_CS_010,0.0,0.0
CODE_ESTRU_CS_015,CODE_DIF_CS_010,0.0,0.0
CODE_IDENT_CS_015_COPY,CODE_DIF_CS_010,0.0,0.0
CODE_ESTRU_CS_014,CODE_DIF_CS_010,0.0,0.0
CODE_ESTRU_CS_013,CODE_DIF_CS_010,0.0,0.0
CODE_IDENT_CS_005_COPY,CODE_DIF_CS_010,0.0,0.0
CODE_IDENT_CS_008_COPY,CODE_DIF_CS_010,0.0,0.0
CODE_IDENT_CS_013_COPY,CODE_DIF_CS_010,0.0,0.0
CODE_IDENT_CS_010_COPY,CODE_DIF_CS_010,0.0,0.0
CODE_IDENT_CS_002_COPY,CODE_DIF_CS_010,0.0,0.0
CODE_DIF_CS_010,CODE_ESTRU_CS_004,0.0,0.0
CODE_ESTRU_CS_003,CODE_DIF_CS_010,0.0,0.0
CODE_ESTRU_CS_002,CODE_DIF_CS_010,0.0,0.0
CODE_DIF_CS_010,CODE_ESTRU_CS_001,0.0,0.0
CODE_ESTRU_CS_008,CODE_DIF_CS_010,0.0,0.0
CODE_ESTRU_CS_007,CODE_DIF_CS_010,0.0,0.0
CODE_ESTRU_CS_006,CODE_DIF_CS_010,0.0,0.0
CODE_ESTRU_CS_005,CODE_DIF_CS_010,0.0,0.0
CODE_FUN_CS_010,CODE_DIF_CS_011,0.0,0.0
CODE_FUN_CS_010,CODE_FUN_CS_011,0.0,0.0
CODE_IDENT_CS_003,CODE_FUN_CS_010,0.0,0.0
CODE_IDENT_CS_002,CODE_FUN_CS_010,0.0,0.0
CODE_FUN_CS_010,CODE_DIF_CS_012,0.0,0.0
CODE_IDENT_CS_007,CODE_FUN_CS_010,0.0,0.0
CODE_FUN_CS_010,CODE_DIF_CS_013,0.0,0.0
CODE_FUN_CS_010,CODE_IDENT_CS_006,0.0,0.0
CODE_FUN_CS_010,CODE_DIF_CS_014,0.0,0.0
CODE_IDENT_CS_005,CODE_FUN_CS_010,0.0,0.0
CODE_FUN_CS_010,CODE_DIF_CS_015,0.0,0.0
CODE_IDENT_CS_009,CODE_FUN_CS_010,0.0,0.0
CODE_FUN_CS_010,CODE_IDENT_CS_008,0.0,0.0
CODE_FUN_CS_010,CODE_IDENT_CS_012_COPY,0.0,0.0
CODE_FUN_CS_010,CODE_FUN_CS_009,0.0,0.0
CODE_FUN_CS_010,CODE_IDENT_CS_011_COPY,0.0,0.0
CODE_FUN_CS_007,CODE_FUN_CS_010,0.0,0.0
CODE_FUN_CS_010,CODE_FUN_CS_008,0.0,0.0
CODE_IDENT_CS_014_COPY,CODE_FUN_CS_010,0.0,0.0
CODE_FUN_CS_001,CODE_FUN_CS_010,0.0,0.0
CODE_IDENT_CS_003_COPY,CODE_FUN_CS_010,0.0,0.0
CODE_FUN_CS_005,CODE_FUN_CS_010,0.0,0.0
CODE_FUN_CS_006,CODE_FUN_CS_010,0.0,0.0
CODE_FUN_CS_010,CODE_FUN_CS_004,0.0,0.0
CODE_FUN_CS_010,CODE_DIF_CS_005,0.0,0.0
CODE_IDENT_CS_009_COPY,CODE_FUN_CS_010,0.0,0.0
CODE_IDENT_CS_014,CODE_FUN_CS_010,0.0,0.0
CODE_FUN_CS_010,CODE_DIF_CS_006,0.0,0.0
CODE_FUN_CS_010,CODE_IDENT_CS_013,0.0,0.0
CODE_FUN_CS_010,CODE_DIF_CS_007,0.0,0.0
CODE_FUN_CS_010,CODE_IDENT_CS_012,0.0,0.0
CODE_FUN_CS_010,CODE_IDENT_CS_011,0.0,0.0
CODE_FUN_CS_010,CODE_DIF_CS_001,0.0,0.0
CODE_FUN_CS_010,CODE_IDENT_CS_006_COPY,0.0,0.0
CODE_FUN_CS_010,CODE_DIF_CS_002,0.0,0.0
CODE_FUN_CS_010,CODE_DIF_CS_003,0.0,0.0
CODE_FUN_CS_010,CODE_DIF_CS_004,0.0,0.0
CODE_FUN_CS_010,CODE_IDENT_CS_015,0.0,0.0
CODE_FUN_CS_010,CODE_DIF_CS_009,0.0,0.0
CODE_IDENT_CS_007_COPY,CODE_FUN_CS_010,0.0,0.0
CODE_FUN_CS_010,CODE_ESTRU_CS_011,0.0,0.0
CODE_FUN_CS_010,CODE_ESTRU_CS_015,0.0,0.0
CODE_FUN_CS_010,CODE_IDENT_CS_015_COPY,0.0,0.0
CODE_ESTRU_CS_014,CODE_FUN_CS_010,0.0,0.0
CODE_FUN_CS_010,CODE_ESTRU_CS_013,0.0,0.0
CODE_FUN_CS_010,CODE_ESTRU_CS_012,0.0,0.0
CODE_ESTRU_CS_009,CODE_FUN_CS_010,0.0,0.0
CODE_IDENT_CS_005_COPY,CODE_FUN_CS_010,0.0,0.0
CODE_FUN_CS_010,CODE_IDENT_CS_008_COPY,0.0,0.0
CODE_FUN_CS_010,CODE_IDENT_CS_013_COPY,0.0,0.0
CODE_IDENT_CS_002_COPY,CODE_FUN_CS_010,0.0,0.0
CODE_FUN_CS_010,CODE_ESTRU_CS_004,0.0,0.0
CODE_ESTRU_CS_003,CODE_FUN_CS_010,0.0,0.0
CODE_ESTRU_CS_002,CODE_FUN_CS_010,0.0,0.0
CODE_FUN_CS_010,CODE_ESTRU_CS_008,0.0,0.0
CODE_ESTRU_CS_007,CODE_FUN_CS_010,0.0,0.0
CODE_FUN_CS_010,CODE_ESTRU_CS_006,0.0,0.0
CODE_ESTRU_CS_005,CODE_FUN_CS_010,0.0,0.0
CODE_FUN_CS_011,CODE_DIF_CS_011,0.0,0.0
CODE_IDENT_CS_010,CODE_DIF_CS_011,0.0,0.0
CODE_FUN_CS_014,CODE_DIF_CS_011,0.0,0.0
CODE_FUN_CS_015,CODE_DIF_CS_011,0.0,0.0
CODE_IDENT_CS_003,CODE_DIF_CS_011,0.0,0.0
CODE_IDENT_CS_002,CODE_DIF_CS_011,0.0,0.0
CODE_IDENT_CS_007,CODE_DIF_CS_011,0.0,0.0
CODE_IDENT_CS_006,CODE_DIF_CS_011,0.0,0.0
CODE_IDENT_CS_005,CODE_DIF_CS_011,0.0,0.0
CODE_IDENT_CS_009,CODE_DIF_CS_011,0.0,0.0
CODE_IDENT_CS_008,CODE_DIF_CS_011,0.0,0.0
CODE_IDENT_CS_012_COPY,CODE_DIF_CS_011,0.0,0.0
CODE_FUN_CS_009,CODE_DIF_CS_011,0.0,0.0
CODE_IDENT_CS_011_COPY,CODE_DIF_CS_011,0.0,0.0
CODE_FUN_CS_007,CODE_DIF_CS_011,0.0,0.0
CODE_FUN_CS_008,CODE_DIF_CS_011,0.0,0.0
CODE_IDENT_CS_014_COPY,CODE_DIF_CS_011,0.0,0.0
CODE_FUN_CS_001,CODE_DIF_CS_011,0.0,0.0
CODE_FUN_CS_002,CODE_DIF_CS_011,0.0,0.0
CODE_IDENT_CS_003_COPY,CODE_DIF_CS_011,0.0,0.0
CODE_FUN_CS_005,CODE_DIF_CS_011,0.0,0.0
CODE_FUN_CS_006,CODE_DIF_CS_011,0.0,0.0
CODE_FUN_CS_003,CODE_DIF_CS_011,0.0,0.0
CODE_IDENT_CS_009_COPY,CODE_DIF_CS_011,0.0,0.0
CODE_IDENT_CS_014,CODE_DIF_CS_011,0.0,0.0
CODE_DIF_CS_006,CODE_DIF_CS_011,0.0,0.0
CODE_IDENT_CS_013,CODE_DIF_CS_011,0.0,0.0
CODE_IDENT_CS_012,CODE_DIF_CS_011,0.0,0.0
CODE_IDENT_CS_011,CODE_DIF_CS_011,0.0,0.0
CODE_DIF_CS_001,CODE_DIF_CS_011,0.0,0.0
CODE_IDENT_CS_006_COPY,CODE_DIF_CS_011,0.0,0.0
CODE_DIF_CS_002,CODE_DIF_CS_011,0.0,0.0
CODE_IDENT_CS_015,CODE_DIF_CS_011,0.0,0.0
CODE_IDENT_CS_007_COPY,CODE_DIF_CS_011,0.0,0.0
CODE_ESTRU_CS_011,CODE_DIF_CS_011,0.0,0.0
CODE_ESTRU_CS_010,CODE_DIF_CS_011,0.0,0.0
CODE_ESTRU_CS_015,CODE_DIF_CS_011,0.0,0.0
CODE_IDENT_CS_015_COPY,CODE_DIF_CS_011,0.0,0.0
CODE_ESTRU_CS_014,CODE_DIF_CS_011,0.0,0.0
CODE_ESTRU_CS_013,CODE_DIF_CS_011,0.0,0.0
CODE_ESTRU_CS_012,CODE_DIF_CS_011,0.0,0.0
CODE_ESTRU_CS_009,CODE_DIF_CS_011,0.0,0.0
CODE_IDENT_CS_005_COPY,CODE_DIF_CS_011,0.0,0.0
CODE_IDENT_CS_008_COPY,CODE_DIF_CS_011,0.0,0.0
CODE_IDENT_CS_013_COPY,CODE_DIF_CS_011,0.0,0.0
CODE_IDENT_CS_010_COPY,CODE_DIF_CS_011,0.0,0.0
CODE_IDENT_CS_002_COPY,CODE_DIF_CS_011,0.0,0.0
CODE_ESTRU_CS_003,CODE_DIF_CS_011,0.0,0.0
CODE_ESTRU_CS_002,CODE_DIF_CS_011,0.0,0.0
CODE_ESTRU_CS_008,CODE_DIF_CS_011,0.0,0.0
CODE_ESTRU_CS_007,CODE_DIF_CS_011,0.0,0.0
CODE_ESTRU_CS_006,CODE_DIF_CS_011,0.0,0.0
CODE_ESTRU_CS_005,CODE_DIF_CS_011,0.0,0.0
CODE_IDENT_CS_010,CODE_FUN_CS_011,0.0,0.0
CODE_FUN_CS_014,CODE_FUN_CS_011,0.0,0.0
CODE_FUN_CS_015,CODE_FUN_CS_011,0.0,0.0
CODE_IDENT_CS_003,CODE_FUN_CS_011,0.0,0.0
CODE_IDENT_CS_002,CODE_FUN_CS_011,0.0,0.0
CODE_IDENT_CS_001,CODE_FUN_CS_011,0.0,0.0
CODE_DIF_CS_012,CODE_FUN_CS_011,0.0,0.0
CODE_DIF_CS_013,CODE_FUN_CS_011,0.0,0.0
CODE_FUN_CS_011,CODE_DIF_CS_014,0.0,0.0
CODE_IDENT_CS_008,CODE_FUN_CS_011,0.0,0.0
CODE_IDENT_CS_014_COPY,CODE_FUN_CS_011,0.0,0.0
CODE_FUN_CS_001,CODE_FUN_CS_011,0.0,0.0
CODE_FUN_CS_002,CODE_FUN_CS_011,0.0,0.0
CODE_IDENT_CS_003_COPY,CODE_FUN_CS_011,0.0,0.0
CODE_FUN_CS_003,CODE_FUN_CS_011,0.0,0.0
CODE_FUN_CS_011,CODE_FUN_CS_004,0.0,0.0
CODE_FUN_CS_011,CODE_DIF_CS_005,0.0,0.0
CODE_IDENT_CS_014,CODE_FUN_CS_011,0.0,0.0
CODE_FUN_CS_011,CODE_DIF_CS_006,0.0,0.0
CODE_IDENT_CS_013,CODE_FUN_CS_011,0.0,0.0
CODE_DIF_CS_001,CODE_FUN_CS_011,0.0,0.0
CODE_DIF_CS_002,CODE_FUN_CS_011,0.0,0.0
CODE_FUN_CS_011,CODE_DIF_CS_003,0.0,0.0
CODE_FUN_CS_011,CODE_DIF_CS_004,0.0,0.0
CODE_IDENT_CS_015,CODE_FUN_CS_011,0.0,0.0
CODE_FUN_CS_011,CODE_DIF_CS_009,0.0,0.0
CODE_IDENT_CS_001_COPY,CODE_FUN_CS_011,0.0,0.0
CODE_ESTRU_CS_010,CODE_FUN_CS_011,0.0,0.0
CODE_ESTRU_CS_015,CODE_FUN_CS_011,0.0,0.0
CODE_IDENT_CS_015_COPY,CODE_FUN_CS_011,0.0,0.0
CODE_ESTRU_CS_014,CODE_FUN_CS_011,0.0,0.0
CODE_ESTRU_CS_013,CODE_FUN_CS_011,0.0,0.0
CODE_IDENT_CS_008_COPY,CODE_FUN_CS_011,0.0,0.0
CODE_IDENT_CS_013_COPY,CODE_FUN_CS_011,0.0,0.0
CODE_IDENT_CS_010_COPY,CODE_FUN_CS_011,0.0,0.0
CODE_IDENT_CS_002_COPY,CODE_FUN_CS_011,0.0,0.0
CODE_FUN_CS_011,CODE_ESTRU_CS_004,0.0,0.0
CODE_ESTRU_CS_003,CODE_FUN_CS_011,0.0,0.0
CODE_ESTRU_CS_002,CODE_FUN_CS_011,0.0,0.0
CODE_FUN_CS_011,CODE_ESTRU_CS_001,0.0,0.0
CODE_ESTRU_CS_008,CODE_FUN_CS_011,0.0,0.0
CODE_IDENT_CS_010,CODE_FUN_CS_014,0.0,0.0
CODE_IDENT_CS_010,CODE_FUN_CS_015,0.0,0.0
CODE_IDENT_CS_010,CODE_IDENT_CS_001,0.0,0.0
CODE_DIF_CS_012,CODE_IDENT_CS_010,0.0,0.0
CODE_DIF_CS_013,CODE_IDENT_CS_010,0.0,0.0
CODE_IDENT_CS_010,CODE_DIF_CS_014,0.0,0.0
CODE_IDENT_CS_010,CODE_DIF_CS_015,0.0,0.0
CODE_IDENT_CS_010,CODE_IDENT_CS_004,0.0,0.0
CODE_FUN_CS_009,CODE_IDENT_CS_010,0.0,0.0
CODE_FUN_CS_007,CODE_IDENT_CS_010,0.0,0.0
CODE_FUN_CS_001,CODE_IDENT_CS_010,0.0,0.0
CODE_FUN_CS_002,CODE_IDENT_CS_010,0.0,0.0
CODE_FUN_CS_005,CODE_IDENT_CS_010,0.0,0.0
CODE_FUN_CS_006,CODE_IDENT_CS_010,0.0,0.0
CODE_FUN_CS_003,CODE_IDENT_CS_010,0.0,0.0
CODE_IDENT_CS_010,CODE_FUN_CS_004,0.0,0.0
CODE_IDENT_CS_010,CODE_DIF_CS_005,0.0,0.0
CODE_IDENT_CS_010,CODE_DIF_CS_007,0.0,0.0
CODE_IDENT_CS_010,CODE_DIF_CS_003,0.0,0.0
CODE_IDENT_CS_010,CODE_DIF_CS_004,0.0,0.0
CODE_IDENT_CS_010,CODE_IDENT_CS_001_COPY,0.0,0.0
CODE_IDENT_CS_010,CODE_ESTRU_CS_004,0.0,0.0
CODE_IDENT_CS_010,CODE_ESTRU_CS_001,0.0,0.0
CODE_IDENT_CS_003,CODE_FUN_CS_014,0.0,0.0
CODE_IDENT_CS_002,CODE_FUN_CS_014,0.0,0.0
CODE_DIF_CS_012,CODE_FUN_CS_014,0.0,0.0
CODE_IDENT_CS_007,CODE_FUN_CS_014,0.0,0.0
CODE_DIF_CS_013,CODE_FUN_CS_014,0.0,0.0
CODE_IDENT_CS_006,CODE_FUN_CS_014,0.0,0.0
CODE_IDENT_CS_005,CODE_FUN_CS_014,0.0,0.0
CODE_IDENT_CS_009,CODE_FUN_CS_014,0.0,0.0
CODE_FUN_CS_014,CODE_IDENT_CS_008,0.0,0.0
CODE_IDENT_CS_012_COPY,CODE_FUN_CS_014,0.0,0.0
CODE_IDENT_CS_011_COPY,CODE_FUN_CS_014,0.0,0.0
CODE_FUN_CS_007,CODE_FUN_CS_014,0.0,0.0
CODE_FUN_CS_014,CODE_FUN_CS_008,0.0,0.0
CODE_IDENT_CS_014_COPY,CODE_FUN_CS_014,0.0,0.0
CODE_FUN_CS_001,CODE_FUN_CS_014,0.0,0.0
CODE_IDENT_CS_003_COPY,CODE_FUN_CS_014,0.0,0.0
CODE_IDENT_CS_009_COPY,CODE_FUN_CS_014,0.0,0.0
CODE_IDENT_CS_014,CODE_FUN_CS_014,0.0,0.0
CODE_FUN_CS_014,CODE_DIF_CS_006,0.0,0.0
CODE_IDENT_CS_013,CODE_FUN_CS_014,0.0,0.0
CODE_IDENT_CS_012,CODE_FUN_CS_014,0.0,0.0
CODE_IDENT_CS_011,CODE_FUN_CS_014,0.0,0.0
CODE_IDENT_CS_006_COPY,CODE_FUN_CS_014,0.0,0.0
CODE_FUN_CS_014,CODE_DIF_CS_002,0.0,0.0
CODE_IDENT_CS_015,CODE_FUN_CS_014,0.0,0.0
CODE_IDENT_CS_007_COPY,CODE_FUN_CS_014,0.0,0.0
CODE_ESTRU_CS_011,CODE_FUN_CS_014,0.0,0.0
CODE_ESTRU_CS_010,CODE_FUN_CS_014,0.0,0.0
CODE_ESTRU_CS_015,CODE_FUN_CS_014,0.0,0.0
CODE_IDENT_CS_015_COPY,CODE_FUN_CS_014,0.0,0.0
CODE_ESTRU_CS_014,CODE_FUN_CS_014,0.0,0.0
CODE_ESTRU_CS_013,CODE_FUN_CS_014,0.0,0.0
CODE_ESTRU_CS_012,CODE_FUN_CS_014,0.0,0.0
CODE_ESTRU_CS_009,CODE_FUN_CS_014,0.0,0.0
CODE_IDENT_CS_005_COPY,CODE_FUN_CS_014,0.0,0.0
CODE_FUN_CS_014,CODE_IDENT_CS_008_COPY,0.0,0.0
CODE_IDENT_CS_013_COPY,CODE_FUN_CS_014,0.0,0.0
CODE_IDENT_CS_010_COPY,CODE_FUN_CS_014,0.0,0.0
CODE_IDENT_CS_002_COPY,CODE_FUN_CS_014,0.0,0.0
CODE_ESTRU_CS_003,CODE_FUN_CS_014,0.0,0.0
CODE_ESTRU_CS_002,CODE_FUN_CS_014,0.0,0.0
CODE_FUN_CS_014,CODE_ESTRU_CS_008,0.0,0.0
CODE_ESTRU_CS_007,CODE_FUN_CS_014,0.0,0.0
CODE_ESTRU_CS_006,CODE_FUN_CS_014,0.0,0.0
CODE_ESTRU_CS_005,CODE_FUN_CS_014,0.0,0.0
CODE_IDENT_CS_003,CODE_FUN_CS_015,0.0,0.0
CODE_IDENT_CS_002,CODE_FUN_CS_015,0.0,0.0
CODE_DIF_CS_012,CODE_FUN_CS_015,0.0,0.0
CODE_IDENT_CS_007,CODE_FUN_CS_015,0.0,0.0
CODE_DIF_CS_013,CODE_FUN_CS_015,0.0,0.0
CODE_IDENT_CS_006,CODE_FUN_CS_015,0.0,0.0
CODE_IDENT_CS_005,CODE_FUN_CS_015,0.0,0.0
CODE_IDENT_CS_009,CODE_FUN_CS_015,0.0,0.0
CODE_FUN_CS_015,CODE_IDENT_CS_008,0.0,0.0
CODE_IDENT_CS_012_COPY,CODE_FUN_CS_015,0.0,0.0
CODE_IDENT_CS_011_COPY,CODE_FUN_CS_015,0.0,0.0
CODE_IDENT_CS_014_COPY,CODE_FUN_CS_015,0.0,0.0
CODE_IDENT_CS_003_COPY,CODE_FUN_CS_015,0.0,0.0
CODE_IDENT_CS_009_COPY,CODE_FUN_CS_015,0.0,0.0
CODE_IDENT_CS_014,CODE_FUN_CS_015,0.0,0.0
CODE_FUN_CS_015,CODE_DIF_CS_006,0.0,0.0
CODE_IDENT_CS_013,CODE_FUN_CS_015,0.0,0.0
CODE_IDENT_CS_012,CODE_FUN_CS_015,0.0,0.0
CODE_IDENT_CS_011,CODE_FUN_CS_015,0.0,0.0
CODE_IDENT_CS_006_COPY,CODE_FUN_CS_015,0.0,0.0
CODE_FUN_CS_015,CODE_DIF_CS_002,0.0,0.0
CODE_IDENT_CS_015,CODE_FUN_CS_015,0.0,0.0
CODE_IDENT_CS_007_COPY,CODE_FUN_CS_015,0.0,0.0
CODE_ESTRU_CS_011,CODE_FUN_CS_015,0.0,0.0
CODE_ESTRU_CS_010,CODE_FUN_CS_015,0.0,0.0
CODE_ESTRU_CS_015,CODE_FUN_CS_015,0.0,0.0
CODE_IDENT_CS_015_COPY,CODE_FUN_CS_015,0.0,0.0
CODE_ESTRU_CS_014,CODE_FUN_CS_015,0.0,0.0
CODE_ESTRU_CS_013,CODE_FUN_CS_015,0.0,0.0
CODE_ESTRU_CS_012,CODE_FUN_CS_015,0.0,0.0
CODE_ESTRU_CS_009,CODE_FUN_CS_015,0.0,0.0
CODE_IDENT_CS_005_COPY,CODE_FUN_CS_015,0.0,0.0
CODE_FUN_CS_015,CODE_IDENT_CS_008_COPY,0.0,0.0
CODE_IDENT_CS_013_COPY,CODE_FUN_CS_015,0.0,0.0
CODE_IDENT_CS_010_COPY,CODE_FUN_CS_015,0.0,0.0
CODE_IDENT_CS_002_COPY,CODE_FUN_CS_015,0.0,0.0
CODE_ESTRU_CS_003,CODE_FUN_CS_015,0.0,0.0
CODE_ESTRU_CS_002,CODE_FUN_CS_015,0.0,0.0
CODE_FUN_CS_015,CODE_ESTRU_CS_008,0.0,0.0
CODE_ESTRU_CS_007,CODE_FUN_CS_015,0.0,0.0
CODE_ESTRU_CS_006,CODE_FUN_CS_015,0.0,0.0
CODE_ESTRU_CS_005,CODE_FUN_CS_015,0.0,0.0
CODE_IDENT_CS_003,CODE_DIF_CS_012,0.0,0.0
CODE_IDENT_CS_003,CODE_DIF_CS_013,0.0,0.0
CODE_IDENT_CS_003,CODE_DIF_CS_014,0.0,0.0
CODE_IDENT_CS_003,CODE_DIF_CS_015,0.0,0.0
CODE_IDENT_CS_003,CODE_IDENT_CS_004,0.0,0.0
CODE_IDENT_CS_003,CODE_FUN_CS_009,0.0,0.0
CODE_FUN_CS_001,CODE_IDENT_CS_003,0.0,0.0
CODE_IDENT_CS_003,CODE_FUN_CS_004,0.0,0.0
CODE_IDENT_CS_003,CODE_DIF_CS_005,0.0,0.0
CODE_IDENT_CS_003,CODE_DIF_CS_006,0.0,0.0
CODE_IDENT_CS_003,CODE_DIF_CS_007,0.0,0.0
CODE_IDENT_CS_003,CODE_DIF_CS_001,0.0,0.0
CODE_IDENT_CS_003,CODE_DIF_CS_004,0.0,0.0
CODE_IDENT_CS_003,CODE_DIF_CS_009,0.0,0.0
CODE_IDENT_CS_003,CODE_ESTRU_CS_004,0.0,0.0
CODE_IDENT_CS_002,CODE_DIF_CS_012,0.0,0.0
CODE_IDENT_CS_002,CODE_DIF_CS_013,0.0,0.0
CODE_IDENT_CS_002,CODE_DIF_CS_014,0.0,0.0
CODE_IDENT_CS_002,CODE_DIF_CS_015,0.0,0.0
CODE_IDENT_CS_002,CODE_IDENT_CS_004,0.0,0.0
CODE_IDENT_CS_002,CODE_FUN_CS_009,0.0,0.0
CODE_FUN_CS_001,CODE_IDENT_CS_002,0.0,0.0
CODE_IDENT_CS_002,CODE_FUN_CS_004,0.0,0.0
CODE_IDENT_CS_002,CODE_DIF_CS_005,0.0,0.0
CODE_IDENT_CS_002,CODE_DIF_CS_006,0.0,0.0
CODE_IDENT_CS_002,CODE_DIF_CS_007,0.0,0.0
CODE_IDENT_CS_002,CODE_DIF_CS_001,0.0,0.0
CODE_IDENT_CS_002,CODE_DIF_CS_004,0.0,0.0
CODE_IDENT_CS_002,CODE_DIF_CS_009,0.0,0.0
CODE_IDENT_CS_002,CODE_ESTRU_CS_004,0.0,0.0
CODE_IDENT_CS_006,CODE_IDENT_CS_001,0.0,0.0
CODE_IDENT_CS_005,CODE_IDENT_CS_001,0.0,0.0
CODE_IDENT_CS_009,CODE_IDENT_CS_001,0.0,0.0
CODE_IDENT_CS_001,CODE_IDENT_CS_008,0.0,0.0
CODE_IDENT_CS_012_COPY,CODE_IDENT_CS_001,0.0,0.0
CODE_FUN_CS_009,CODE_IDENT_CS_001,0.0,0.0
CODE_IDENT_CS_011_COPY,CODE_IDENT_CS_001,0.0,0.0
CODE_FUN_CS_007,CODE_IDENT_CS_001,0.0,0.0
CODE_IDENT_CS_001,CODE_FUN_CS_008,0.0,0.0
CODE_IDENT_CS_014_COPY,CODE_IDENT_CS_001,0.0,0.0
CODE_FUN_CS_001,CODE_IDENT_CS_001,0.0,0.0
CODE_FUN_CS_002,CODE_IDENT_CS_001,0.0,0.0
CODE_FUN_CS_005,CODE_IDENT_CS_001,0.0,0.0
CODE_FUN_CS_006,CODE_IDENT_CS_001,0.0,0.0
CODE_FUN_CS_003,CODE_IDENT_CS_001,0.0,0.0
CODE_IDENT_CS_001,CODE_DIF_CS_005,0.0,0.0
CODE_IDENT_CS_009_COPY,CODE_IDENT_CS_001,0.0,0.0
CODE_IDENT_CS_014,CODE_IDENT_CS_001,0.0,0.0
CODE_IDENT_CS_013,CODE_IDENT_CS_001,0.0,0.0
CODE_IDENT_CS_012,CODE_IDENT_CS_001,0.0,0.0
CODE_IDENT_CS_011,CODE_IDENT_CS_001,0.0,0.0
CODE_IDENT_CS_006_COPY,CODE_IDENT_CS_001,0.0,0.0
CODE_IDENT_CS_001,CODE_DIF_CS_002,0.0,0.0
CODE_IDENT_CS_001,CODE_DIF_CS_003,0.0,0.0
CODE_IDENT_CS_015,CODE_IDENT_CS_001,0.0,0.0
CODE_ESTRU_CS_011,CODE_IDENT_CS_001,0.0,0.0
CODE_ESTRU_CS_010,CODE_IDENT_CS_001,0.0,0.0
CODE_ESTRU_CS_015,CODE_IDENT_CS_001,0.0,0.0
CODE_IDENT_CS_015_COPY,CODE_IDENT_CS_001,0.0,0.0
CODE_ESTRU_CS_014,CODE_IDENT_CS_001,0.0,0.0
CODE_ESTRU_CS_013,CODE_IDENT_CS_001,0.0,0.0
CODE_ESTRU_CS_012,CODE_IDENT_CS_001,0.0,0.0
CODE_ESTRU_CS_009,CODE_IDENT_CS_001,0.0,0.0
CODE_IDENT_CS_005_COPY,CODE_IDENT_CS_001,0.0,0.0
CODE_IDENT_CS_001,CODE_IDENT_CS_008_COPY,0.0,0.0
CODE_IDENT_CS_013_COPY,CODE_IDENT_CS_001,0.0,0.0
CODE_IDENT_CS_010_COPY,CODE_IDENT_CS_001,0.0,0.0
CODE_ESTRU_CS_003,CODE_IDENT_CS_001,0.0,0.0
CODE_ESTRU_CS_002,CODE_IDENT_CS_001,0.0,0.0
CODE_IDENT_CS_001,CODE_ESTRU_CS_008,0.0,0.0
CODE_ESTRU_CS_006,CODE_IDENT_CS_001,0.0,0.0
CODE_ESTRU_CS_005,CODE_IDENT_CS_001,0.0,0.0
CODE_IDENT_CS_007,CODE_DIF_CS_012,0.0,0.0
CODE_DIF_CS_012,CODE_IDENT_CS_006,0.0,0.0
CODE_IDENT_CS_005,CODE_DIF_CS_012,0.0,0.0
CODE_IDENT_CS_009,CODE_DIF_CS_012,0.0,0.0
CODE_DIF_CS_012,CODE_IDENT_CS_008,0.0,0.0
CODE_DIF_CS_012,CODE_IDENT_CS_012_COPY,0.0,0.0
CODE_DIF_CS_012,CODE_FUN_CS_009,0.0,0.0
CODE_DIF_CS_012,CODE_IDENT_CS_011_COPY,0.0,0.0
CODE_FUN_CS_007,CODE_DIF_CS_012,0.0,0.0
CODE_DIF_CS_012,CODE_FUN_CS_008,0.0,0.0
CODE_IDENT_CS_014_COPY,CODE_DIF_CS_012,0.0,0.0
CODE_FUN_CS_001,CODE_DIF_CS_012,0.0,0.0
CODE_FUN_CS_002,CODE_DIF_CS_012,0.0,0.0
CODE_IDENT_CS_003_COPY,CODE_DIF_CS_012,0.0,0.0
CODE_FUN_CS_005,CODE_DIF_CS_012,0.0,0.0
CODE_FUN_CS_006,CODE_DIF_CS_012,0.0,0.0
CODE_FUN_CS_003,CODE_DIF_CS_012,0.0,0.0
CODE_DIF_CS_012,CODE_DIF_CS_005,0.0,0.0
CODE_IDENT_CS_009_COPY,CODE_DIF_CS_012,0.0,0.0
CODE_IDENT_CS_014,CODE_DIF_CS_012,0.0,0.0
CODE_DIF_CS_012,CODE_DIF_CS_006,0.0,0.0
CODE_DIF_CS_012,CODE_IDENT_CS_013,0.0,0.0
CODE_DIF_CS_012,CODE_IDENT_CS_012,0.0,0.0
CODE_DIF_CS_012,CODE_IDENT_CS_011,0.0,0.0
CODE_DIF_CS_012,CODE_DIF_CS_001,0.0,0.0
CODE_DIF_CS_012,CODE_IDENT_CS_006_COPY,0.0,0.0
CODE_DIF_CS_012,CODE_DIF_CS_002,0.0,0.0
CODE_DIF_CS_012,CODE_DIF_CS_003,0.0,0.0
CODE_DIF_CS_012,CODE_IDENT_CS_015,0.0,0.0
CODE_IDENT_CS_007_COPY,CODE_DIF_CS_012,0.0,0.0
CODE_DIF_CS_012,CODE_ESTRU_CS_011,0.0,0.0
CODE_DIF_CS_012,CODE_ESTRU_CS_010,0.0,0.0
CODE_DIF_CS_012,CODE_ESTRU_CS_015,0.0,0.0
CODE_DIF_CS_012,CODE_IDENT_CS_015_COPY,0.0,0.0
CODE_ESTRU_CS_014,CODE_DIF_CS_012,0.0,0.0
CODE_DIF_CS_012,CODE_ESTRU_CS_013,0.0,0.0
CODE_DIF_CS_012,CODE_ESTRU_CS_012,0.0,0.0
CODE_ESTRU_CS_009,CODE_DIF_CS_012,0.0,0.0
CODE_IDENT_CS_005_COPY,CODE_DIF_CS_012,0.0,0.0
CODE_DIF_CS_012,CODE_IDENT_CS_008_COPY,0.0,0.0
CODE_DIF_CS_012,CODE_IDENT_CS_013_COPY,0.0,0.0
CODE_DIF_CS_012,CODE_IDENT_CS_010_COPY,0.0,0.0
CODE_IDENT_CS_002_COPY,CODE_DIF_CS_012,0.0,0.0
CODE_ESTRU_CS_003,CODE_DIF_CS_012,0.0,0.0
CODE_ESTRU_CS_002,CODE_DIF_CS_012,0.0,0.0
CODE_DIF_CS_012,CODE_ESTRU_CS_008,0.0,0.0
CODE_ESTRU_CS_007,CODE_DIF_CS_012,0.0,0.0
CODE_DIF_CS_012,CODE_ESTRU_CS_006,0.0,0.0
CODE_ESTRU_CS_005,CODE_DIF_CS_012,0.0,0.0
CODE_IDENT_CS_007,CODE_DIF_CS_013,0.0,0.0
CODE_IDENT_CS_007,CODE_DIF_CS_014,0.0,0.0
CODE_IDENT_CS_007,CODE_DIF_CS_015,0.0,0.0
CODE_IDENT_CS_007,CODE_IDENT_CS_004,0.0,0.0
CODE_IDENT_CS_007,CODE_FUN_CS_009,0.0,0.0
CODE_FUN_CS_001,CODE_IDENT_CS_007,0.0,0.0
CODE_IDENT_CS_007,CODE_FUN_CS_004,0.0,0.0
CODE_IDENT_CS_007,CODE_DIF_CS_005,0.0,0.0
CODE_IDENT_CS_007,CODE_DIF_CS_006,0.0,0.0
CODE_IDENT_CS_007,CODE_DIF_CS_007,0.0,0.0
CODE_IDENT_CS_007,CODE_DIF_CS_001,0.0,0.0
CODE_IDENT_CS_007,CODE_DIF_CS_004,0.0,0.0
CODE_IDENT_CS_007,CODE_DIF_CS_009,0.0,0.0
CODE_IDENT_CS_007,CODE_ESTRU_CS_004,0.0,0.0
CODE_IDENT_CS_006,CODE_DIF_CS_013,0.0,0.0
CODE_IDENT_CS_005,CODE_DIF_CS_013,0.0,0.0
CODE_IDENT_CS_009,CODE_DIF_CS_013,0.0,0.0
CODE_DIF_CS_013,CODE_IDENT_CS_008,0.0,0.0
CODE_DIF_CS_013,CODE_IDENT_CS_012_COPY,0.0,0.0
CODE_DIF_CS_013,CODE_FUN_CS_009,0.0,0.0
CODE_DIF_CS_013,CODE_IDENT_CS_011_COPY,0.0,0.0
CODE_FUN_CS_007,CODE_DIF_CS_013,0.0,0.0
CODE_DIF_CS_013,CODE_FUN_CS_008,0.0,0.0
CODE_IDENT_CS_014_COPY,CODE_DIF_CS_013,0.0,0.0
CODE_FUN_CS_001,CODE_DIF_CS_013,0.0,0.0
CODE_FUN_CS_002,CODE_DIF_CS_013,0.0,0.0
CODE_IDENT_CS_003_COPY,CODE_DIF_CS_013,0.0,0.0
CODE_FUN_CS_005,CODE_DIF_CS_013,0.0,0.0
CODE_FUN_CS_006,CODE_DIF_CS_013,0.0,0.0
CODE_FUN_CS_003,CODE_DIF_CS_013,0.0,0.0
CODE_DIF_CS_013,CODE_DIF_CS_005,0.0,0.0
CODE_IDENT_CS_009_COPY,CODE_DIF_CS_013,0.0,0.0
CODE_IDENT_CS_014,CODE_DIF_CS_013,0.0,0.0
CODE_DIF_CS_013,CODE_DIF_CS_006,0.0,0.0
CODE_DIF_CS_013,CODE_IDENT_CS_013,0.0,0.0
CODE_DIF_CS_013,CODE_IDENT_CS_012,0.0,0.0
CODE_DIF_CS_013,CODE_IDENT_CS_011,0.0,0.0
CODE_DIF_CS_013,CODE_DIF_CS_001,0.0,0.0
CODE_IDENT_CS_006_COPY,CODE_DIF_CS_013,0.0,0.0
CODE_DIF_CS_013,CODE_DIF_CS_002,0.0,0.0
CODE_DIF_CS_013,CODE_DIF_CS_003,0.0,0.0
CODE_IDENT_CS_015,CODE_DIF_CS_013,0.0,0.0
CODE_IDENT_CS_007_COPY,CODE_DIF_CS_013,0.0,0.0
CODE_DIF_CS_013,CODE_ESTRU_CS_011,0.0,0.0
CODE_DIF_CS_013,CODE_ESTRU_CS_010,0.0,0.0
CODE_ESTRU_CS_015,CODE_DIF_CS_013,0.0,0.0
CODE_IDENT_CS_015_COPY,CODE_DIF_CS_013,0.0,0.0
CODE_ESTRU_CS_014,CODE_DIF_CS_013,0.0,0.0
CODE_DIF_CS_013,CODE_ESTRU_CS_013,0.0,0.0
CODE_DIF_CS_013,CODE_ESTRU_CS_012,0.0,0.0
CODE_ESTRU_CS_009,CODE_DIF_CS_013,0.0,0.0
CODE_IDENT_CS_005_COPY,CODE_DIF_CS_013,0.0,0.0
CODE_DIF_CS_013,CODE_IDENT_CS_008_COPY,0.0,0.0
CODE_DIF_CS_013,CODE_IDENT_CS_013_COPY,0.0,0.0
CODE_DIF_CS_013,CODE_IDENT_CS_010_COPY,0.0,0.0
CODE_IDENT_CS_002_COPY,CODE_DIF_CS_013,0.0,0.0
CODE_ESTRU_CS_003,CODE_DIF_CS_013,0.0,0.0
CODE_ESTRU_CS_002,CODE_DIF_CS_013,0.0,0.0
CODE_DIF_CS_013,CODE_ESTRU_CS_008,0.0,0.0
CODE_ESTRU_CS_007,CODE_DIF_CS_013,0.0,0.0
CODE_DIF_CS_013,CODE_ESTRU_CS_006,0.0,0.0
CODE_ESTRU_CS_005,CODE_DIF_CS_013,0.0,0.0
CODE_IDENT_CS_006,CODE_DIF_CS_014,0.0,0.0
CODE_IDENT_CS_006,CODE_DIF_CS_015,0.0,0.0
CODE_IDENT_CS_006,CODE_IDENT_CS_004,0.0,0.0
CODE_IDENT_CS_006,CODE_FUN_CS_009,0.0,0.0
CODE_FUN_CS_001,CODE_IDENT_CS_006,0.0,0.0
CODE_IDENT_CS_006,CODE_FUN_CS_004,0.0,0.0
CODE_IDENT_CS_006,CODE_DIF_CS_005,0.0,0.0
CODE_IDENT_CS_006,CODE_DIF_CS_006,0.0,0.0
CODE_IDENT_CS_006,CODE_DIF_CS_007,0.0,0.0
CODE_IDENT_CS_006,CODE_DIF_CS_001,0.0,0.0
CODE_IDENT_CS_006,CODE_DIF_CS_003,0.0,0.0
CODE_IDENT_CS_006,CODE_DIF_CS_004,0.0,0.0
CODE_IDENT_CS_006,CODE_IDENT_CS_001_COPY,0.0,0.0
CODE_IDENT_CS_006,CODE_ESTRU_CS_004,0.0,0.0
CODE_IDENT_CS_006,CODE_ESTRU_CS_001,0.0,0.0
CODE_IDENT_CS_005,CODE_DIF_CS_014,0.0,0.0
CODE_IDENT_CS_009,CODE_DIF_CS_014,0.0,0.0
CODE_IDENT_CS_008,CODE_DIF_CS_014,0.0,0.0
CODE_IDENT_CS_012_COPY,CODE_DIF_CS_014,0.0,0.0
CODE_FUN_CS_009,CODE_DIF_CS_014,0.0,0.0
CODE_IDENT_CS_011_COPY,CODE_DIF_CS_014,0.0,0.0
CODE_IDENT_CS_014_COPY,CODE_DIF_CS_014,0.0,0.0
CODE_FUN_CS_001,CODE_DIF_CS_014,0.0,0.0
CODE_FUN_CS_002,CODE_DIF_CS_014,0.0,0.0
CODE_IDENT_CS_003_COPY,CODE_DIF_CS_014,0.0,0.0
CODE_FUN_CS_003,CODE_DIF_CS_014,0.0,0.0
CODE_IDENT_CS_009_COPY,CODE_DIF_CS_014,0.0,0.0
CODE_IDENT_CS_014,CODE_DIF_CS_014,0.0,0.0
CODE_IDENT_CS_013,CODE_DIF_CS_014,0.0,0.0
CODE_IDENT_CS_012,CODE_DIF_CS_014,0.0,0.0
CODE_IDENT_CS_011,CODE_DIF_CS_014,0.0,0.0
CODE_IDENT_CS_006_COPY,CODE_DIF_CS_014,0.0,0.0
CODE_IDENT_CS_015,CODE_DIF_CS_014,0.0,0.0
CODE_IDENT_CS_007_COPY,CODE_DIF_CS_014,0.0,0.0
CODE_ESTRU_CS_011,CODE_DIF_CS_014,0.0,0.0
CODE_ESTRU_CS_010,CODE_DIF_CS_014,0.0,0.0
CODE_ESTRU_CS_015,CODE_DIF_CS_014,0.0,0.0
CODE_IDENT_CS_015_COPY,CODE_DIF_CS_014,0.0,0.0
CODE_ESTRU_CS_014,CODE_DIF_CS_014,0.0,0.0
CODE_ESTRU_CS_013,CODE_DIF_CS_014,0.0,0.0
CODE_ESTRU_CS_012,CODE_DIF_CS_014,0.0,0.0
CODE_ESTRU_CS_009,CODE_DIF_CS_014,0.0,0.0
CODE_IDENT_CS_005_COPY,CODE_DIF_CS_014,0.0,0.0
CODE_IDENT_CS_008_COPY,CODE_DIF_CS_014,0.0,0.0
CODE_IDENT_CS_013_COPY,CODE_DIF_CS_014,0.0,0.0
CODE_IDENT_CS_010_COPY,CODE_DIF_CS_014,0.0,0.0
CODE_IDENT_CS_002_COPY,CODE_DIF_CS_014,0.0,0.0
CODE_ESTRU_CS_003,CODE_DIF_CS_014,0.0,0.0
CODE_ESTRU_CS_002,CODE_DIF_CS_014,0.0,0.0
CODE_ESTRU_CS_008,CODE_DIF_CS_014,0.0,0.0
CODE_ESTRU_CS_007,CODE_DIF_CS_014,0.0,0.0
CODE_ESTRU_CS_006,CODE_DIF_CS_014,0.0,0.0
CODE_ESTRU_CS_005,CODE_DIF_CS_014,0.0,0.0
CODE_IDENT_CS_005,CODE_DIF_CS_015,0.0,0.0
CODE_IDENT_CS_005,CODE_IDENT_CS_004,0.0,0.0
CODE_IDENT_CS_005,CODE_FUN_CS_009,0.0,0.0
CODE_IDENT_CS_005,CODE_IDENT_CS_014_COPY,0.0,0.0
CODE_FUN_CS_001,CODE_IDENT_CS_005,0.0,0.0
CODE_IDENT_CS_005,CODE_FUN_CS_004,0.0,0.0
CODE_IDENT_CS_005,CODE_DIF_CS_005,0.0,0.0
CODE_IDENT_CS_005,CODE_IDENT_CS_014,0.0,0.0
CODE_IDENT_CS_005,CODE_DIF_CS_006,0.0,0.0
CODE_IDENT_CS_005,CODE_DIF_CS_007,0.0,0.0
CODE_IDENT_CS_005,CODE_DIF_CS_001,0.0,0.0
CODE_IDENT_CS_005,CODE_DIF_CS_002,0.0,0.0
CODE_IDENT_CS_005,CODE_DIF_CS_003,0.0,0.0
CODE_IDENT_CS_005,CODE_DIF_CS_004,0.0,0.0
CODE_IDENT_CS_005,CODE_DIF_CS_009,0.0,0.0
CODE_IDENT_CS_005,CODE_IDENT_CS_001_COPY,0.0,0.0
CODE_IDENT_CS_005,CODE_ESTRU_CS_014,0.0,0.0
CODE_IDENT_CS_005,CODE_ESTRU_CS_004,0.0,0.0
CODE_IDENT_CS_005,CODE_ESTRU_CS_001,0.0,0.0
CODE_IDENT_CS_009,CODE_DIF_CS_015,0.0,0.0
CODE_IDENT_CS_008,CODE_DIF_CS_015,0.0,0.0
CODE_IDENT_CS_012_COPY,CODE_DIF_CS_015,0.0,0.0
CODE_IDENT_CS_014_COPY,CODE_DIF_CS_015,0.0,0.0
CODE_FUN_CS_001,CODE_DIF_CS_015,0.0,0.0
CODE_FUN_CS_002,CODE_DIF_CS_015,0.0,0.0
CODE_IDENT_CS_003_COPY,CODE_DIF_CS_015,0.0,0.0
CODE_FUN_CS_003,CODE_DIF_CS_015,0.0,0.0
CODE_IDENT_CS_009_COPY,CODE_DIF_CS_015,0.0,0.0
CODE_IDENT_CS_014,CODE_DIF_CS_015,0.0,0.0
CODE_IDENT_CS_012,CODE_DIF_CS_015,0.0,0.0
CODE_IDENT_CS_006_COPY,CODE_DIF_CS_015,0.0,0.0
CODE_DIF_CS_002,CODE_DIF_CS_015,0.0,0.0
CODE_IDENT_CS_015,CODE_DIF_CS_015,0.0,0.0
CODE_IDENT_CS_007_COPY,CODE_DIF_CS_015,0.0,0.0
CODE_ESTRU_CS_010,CODE_DIF_CS_015,0.0,0.0
CODE_ESTRU_CS_015,CODE_DIF_CS_015,0.0,0.0
CODE_IDENT_CS_015_COPY,CODE_DIF_CS_015,0.0,0.0
CODE_ESTRU_CS_014,CODE_DIF_CS_015,0.0,0.0
CODE_ESTRU_CS_012,CODE_DIF_CS_015,0.0,0.0
CODE_ESTRU_CS_009,CODE_DIF_CS_015,0.0,0.0
CODE_IDENT_CS_005_COPY,CODE_DIF_CS_015,0.0,0.0
CODE_IDENT_CS_008_COPY,CODE_DIF_CS_015,0.0,0.0
CODE_IDENT_CS_010_COPY,CODE_DIF_CS_015,0.0,0.0
CODE_IDENT_CS_002_COPY,CODE_DIF_CS_015,0.0,0.0
CODE_ESTRU_CS_003,CODE_DIF_CS_015,0.0,0.0
CODE_ESTRU_CS_002,CODE_DIF_CS_015,0.0,0.0
CODE_ESTRU_CS_008,CODE_DIF_CS_015,0.0,0.0
CODE_ESTRU_CS_007,CODE_DIF_CS_015,0.0,0.0
CODE_ESTRU_CS_006,CODE_DIF_CS_015,0.0,0.0
CODE_ESTRU_CS_005,CODE_DIF_CS_015,0.0,0.0
CODE_IDENT_CS_008,CODE_IDENT_CS_004,0.0,0.0
CODE_FUN_CS_009,CODE_IDENT_CS_004,0.0,0.0
CODE_IDENT_CS_011_COPY,CODE_IDENT_CS_004,0.0,0.0
CODE_FUN_CS_008,CODE_IDENT_CS_004,0.0,0.0
CODE_IDENT_CS_014_COPY,CODE_IDENT_CS_004,0.0,0.0
CODE_FUN_CS_001,CODE_IDENT_CS_004,0.0,0.0
CODE_FUN_CS_002,CODE_IDENT_CS_004,0.0,0.0
CODE_IDENT_CS_003_COPY,CODE_IDENT_CS_004,0.0,0.0
CODE_FUN_CS_003,CODE_IDENT_CS_004,0.0,0.0
CODE_IDENT_CS_014,CODE_IDENT_CS_004,0.0,0.0
CODE_IDENT_CS_013,CODE_IDENT_CS_004,0.0,0.0
CODE_IDENT_CS_011,CODE_IDENT_CS_004,0.0,0.0
CODE_IDENT_CS_006_COPY,CODE_IDENT_CS_004,0.0,0.0
CODE_IDENT_CS_015,CODE_IDENT_CS_004,0.0,0.0
CODE_IDENT_CS_007_COPY,CODE_IDENT_CS_004,0.0,0.0
CODE_ESTRU_CS_011,CODE_IDENT_CS_004,0.0,0.0
CODE_ESTRU_CS_010,CODE_IDENT_CS_004,0.0,0.0
CODE_ESTRU_CS_015,CODE_IDENT_CS_004,0.0,0.0
CODE_IDENT_CS_015_COPY,CODE_IDENT_CS_004,0.0,0.0
CODE_ESTRU_CS_014,CODE_IDENT_CS_004,0.0,0.0
CODE_ESTRU_CS_013,CODE_IDENT_CS_004,0.0,0.0
CODE_IDENT_CS_005_COPY,CODE_IDENT_CS_004,0.0,0.0
CODE_IDENT_CS_008_COPY,CODE_IDENT_CS_004,0.0,0.0
CODE_IDENT_CS_013_COPY,CODE_IDENT_CS_004,0.0,0.0
CODE_IDENT_CS_010_COPY,CODE_IDENT_CS_004,0.0,0.0
CODE_IDENT_CS_002_COPY,CODE_IDENT_CS_004,0.0,0.0
CODE_ESTRU_CS_003,CODE_IDENT_CS_004,0.0,0.0
CODE_ESTRU_CS_002,CODE_IDENT_CS_004,0.0,0.0
CODE_ESTRU_CS_008,CODE_IDENT_CS_004,0.0,0.0
CODE_ESTRU_CS_007,CODE_IDENT_CS_004,0.0,0.0
CODE_ESTRU_CS_006,CODE_IDENT_CS_004,0.0,0.0
CODE_ESTRU_CS_005,CODE_IDENT_CS_004,0.0,0.0
CODE_IDENT_CS_009,CODE_FUN_CS_009,0.0,0.0
CODE_FUN_CS_001,CODE_IDENT_CS_009,0.0,0.0
CODE_FUN_CS_002,CODE_IDENT_CS_009,0.0,0.0
CODE_IDENT_CS_009,CODE_FUN_CS_006,0.0,0.0
CODE_FUN_CS_003,CODE_IDENT_CS_009,0.0,0.0
CODE_IDENT_CS_009,CODE_DIF_CS_005,0.0,0.0
CODE_IDENT_CS_009,CODE_DIF_CS_006,0.0,0.0
CODE_IDENT_CS_009,CODE_DIF_CS_007,0.0,0.0
CODE_IDENT_CS_009,CODE_DIF_CS_001,0.0,0.0
CODE_IDENT_CS_009,CODE_DIF_CS_003,0.0,0.0
CODE_IDENT_CS_009,CODE_DIF_CS_009,0.0,0.0
CODE_IDENT_CS_009,CODE_IDENT_CS_001_COPY,0.0,0.0
CODE_IDENT_CS_009,CODE_ESTRU_CS_004,0.0,0.0
CODE_IDENT_CS_009,CODE_ESTRU_CS_001,0.0,0.0
CODE_FUN_CS_009,CODE_IDENT_CS_008,0.0,0.0
CODE_FUN_CS_001,CODE_IDENT_CS_008,0.0,0.0
CODE_IDENT_CS_008,CODE_FUN_CS_004,0.0,0.0
CODE_IDENT_CS_008,CODE_DIF_CS_005,0.0,0.0
CODE_IDENT_CS_008,CODE_DIF_CS_006,0.0,0.0
CODE_IDENT_CS_008,CODE_DIF_CS_007,0.0,0.0
CODE_DIF_CS_001,CODE_IDENT_CS_008,0.0,0.0
CODE_IDENT_CS_008,CODE_DIF_CS_003,0.0,0.0
CODE_IDENT_CS_008,CODE_DIF_CS_004,0.0,0.0
CODE_IDENT_CS_001_COPY,CODE_IDENT_CS_008,0.0,0.0
CODE_IDENT_CS_008,CODE_ESTRU_CS_004,0.0,0.0
CODE_IDENT_CS_008,CODE_ESTRU_CS_001,0.0,0.0
CODE_FUN_CS_009,CODE_IDENT_CS_012_COPY,0.0,0.0
CODE_FUN_CS_001,CODE_IDENT_CS_012_COPY,0.0,0.0
CODE_FUN_CS_002,CODE_IDENT_CS_012_COPY,0.0,0.0
CODE_FUN_CS_006,CODE_IDENT_CS_012_COPY,0.0,0.0
CODE_FUN_CS_003,CODE_IDENT_CS_012_COPY,0.0,0.0
CODE_IDENT_CS_012_COPY,CODE_DIF_CS_005,0.0,0.0
CODE_IDENT_CS_012_COPY,CODE_DIF_CS_006,0.0,0.0
CODE_IDENT_CS_012_COPY,CODE_DIF_CS_007,0.0,0.0
CODE_IDENT_CS_012_COPY,CODE_DIF_CS_001,0.0,0.0
CODE_IDENT_CS_012_COPY,CODE_DIF_CS_003,0.0,0.0
CODE_IDENT_CS_012_COPY,CODE_IDENT_CS_001_COPY,0.0,0.0
CODE_IDENT_CS_012_COPY,CODE_ESTRU_CS_004,0.0,0.0
CODE_IDENT_CS_012_COPY,CODE_ESTRU_CS_001,0.0,0.0
CODE_FUN_CS_009,CODE_IDENT_CS_011_COPY,0.0,0.0
CODE_FUN_CS_007,CODE_FUN_CS_009,0.0,0.0
CODE_IDENT_CS_014_COPY,CODE_FUN_CS_009,0.0,0.0
CODE_FUN_CS_002,CODE_FUN_CS_009,0.0,0.0
CODE_IDENT_CS_003_COPY,CODE_FUN_CS_009,0.0,0.0
CODE_FUN_CS_005,CODE_FUN_CS_009,0.0,0.0
CODE_FUN_CS_006,CODE_FUN_CS_009,0.0,0.0
CODE_FUN_CS_003,CODE_FUN_CS_009,0.0,0.0
CODE_FUN_CS_009,CODE_FUN_CS_004,0.0,0.0
CODE_IDENT_CS_009_COPY,CODE_FUN_CS_009,0.0,0.0
CODE_IDENT_CS_014,CODE_FUN_CS_009,0.0,0.0
CODE_FUN_CS_009,CODE_DIF_CS_006,0.0,0.0
CODE_IDENT_CS_013,CODE_FUN_CS_009,0.0,0.0
CODE_FUN_CS_009,CODE_IDENT_CS_012,0.0,0.0
CODE_FUN_CS_009,CODE_IDENT_CS_011,0.0,0.0
CODE_FUN_CS_009,CODE_DIF_CS_001,0.0,0.0
CODE_IDENT_CS_006_COPY,CODE_FUN_CS_009,0.0,0.0
CODE_FUN_CS_009,CODE_DIF_CS_002,0.0,0.0
CODE_FUN_CS_009,CODE_DIF_CS_004,0.0,0.0
CODE_IDENT_CS_015,CODE_FUN_CS_009,0.0,0.0
CODE_FUN_CS_009,CODE_DIF_CS_009,0.0,0.0
CODE_IDENT_CS_007_COPY,CODE_FUN_CS_009,0.0,0.0
CODE_FUN_CS_009,CODE_IDENT_CS_001_COPY,0.0,0.0
CODE_FUN_CS_009,CODE_ESTRU_CS_011,0.0,0.0
CODE_ESTRU_CS_010,CODE_FUN_CS_009,0.0,0.0
CODE_ESTRU_CS_015,CODE_FUN_CS_009,0.0,0.0
CODE_IDENT_CS_015_COPY,CODE_FUN_CS_009,0.0,0.0
CODE_ESTRU_CS_014,CODE_FUN_CS_009,0.0,0.0
CODE_ESTRU_CS_013,CODE_FUN_CS_009,0.0,0.0
CODE_ESTRU_CS_012,CODE_FUN_CS_009,0.0,0.0
CODE_ESTRU_CS_009,CODE_FUN_CS_009,0.0,0.0
CODE_IDENT_CS_005_COPY,CODE_FUN_CS_009,0.0,0.0
CODE_FUN_CS_009,CODE_IDENT_CS_008_COPY,0.0,0.0
CODE_IDENT_CS_013_COPY,CODE_FUN_CS_009,0.0,0.0
CODE_FUN_CS_009,CODE_IDENT_CS_010_COPY,0.0,0.0
CODE_IDENT_CS_002_COPY,CODE_FUN_CS_009,0.0,0.0
CODE_FUN_CS_009,CODE_ESTRU_CS_004,0.0,0.0
CODE_ESTRU_CS_003,CODE_FUN_CS_009,0.0,0.0
CODE_ESTRU_CS_002,CODE_FUN_CS_009,0.0,0.0
CODE_FUN_CS_009,CODE_ESTRU_CS_001,0.0,0.0
CODE_FUN_CS_009,CODE_ESTRU_CS_008,0.0,0.0
CODE_ESTRU_CS_007,CODE_FUN_CS_009,0.0,0.0
CODE_ESTRU_CS_006,CODE_FUN_CS_009,0.0,0.0
CODE_ESTRU_CS_005,CODE_FUN_CS_009,0.0,0.0
CODE_FUN_CS_001,CODE_IDENT_CS_011_COPY,0.0,0.0
CODE_IDENT_CS_011_COPY,CODE_FUN_CS_004,0.0,0.0
CODE_IDENT_CS_011_COPY,CODE_DIF_CS_005,0.0,0.0
CODE_IDENT_CS_011_COPY,CODE_DIF_CS_006,0.0,0.0
CODE_IDENT_CS_011_COPY,CODE_DIF_CS_007,0.0,0.0
CODE_IDENT_CS_011_COPY,CODE_DIF_CS_001,0.0,0.0
CODE_IDENT_CS_011_COPY,CODE_DIF_CS_003,0.0,0.0
CODE_IDENT_CS_011_COPY,CODE_DIF_CS_004,0.0,0.0
CODE_IDENT_CS_011_COPY,CODE_DIF_CS_009,0.0,0.0
CODE_IDENT_CS_011_COPY,CODE_IDENT_CS_001_COPY,0.0,0.0
CODE_IDENT_CS_011_COPY,CODE_ESTRU_CS_004,0.0,0.0
CODE_IDENT_CS_011_COPY,CODE_ESTRU_CS_001,0.0,0.0
CODE_FUN_CS_007,CODE_IDENT_CS_014_COPY,0.0,0.0
CODE_FUN_CS_001,CODE_FUN_CS_007,0.0,0.0
CODE_FUN_CS_007,CODE_FUN_CS_004,0.0,0.0
CODE_FUN_CS_007,CODE_DIF_CS_005,0.0,0.0
CODE_FUN_CS_007,CODE_IDENT_CS_014,0.0,0.0
CODE_FUN_CS_007,CODE_DIF_CS_006,0.0,0.0
CODE_FUN_CS_007,CODE_DIF_CS_001,0.0,0.0
CODE_FUN_CS_007,CODE_DIF_CS_002,0.0,0.0
CODE_FUN_CS_007,CODE_DIF_CS_003,0.0,0.0
CODE_FUN_CS_007,CODE_DIF_CS_004,0.0,0.0
CODE_FUN_CS_007,CODE_IDENT_CS_015,0.0,0.0
CODE_FUN_CS_007,CODE_DIF_CS_009,0.0,0.0
CODE_FUN_CS_007,CODE_IDENT_CS_001_COPY,0.0,0.0
CODE_FUN_CS_007,CODE_ESTRU_CS_010,0.0,0.0
CODE_FUN_CS_007,CODE_ESTRU_CS_015,0.0,0.0
CODE_FUN_CS_007,CODE_IDENT_CS_015_COPY,0.0,0.0
CODE_FUN_CS_007,CODE_ESTRU_CS_014,0.0,0.0
CODE_FUN_CS_007,CODE_IDENT_CS_010_COPY,0.0,0.0
CODE_FUN_CS_007,CODE_ESTRU_CS_004,0.0,0.0
CODE_FUN_CS_007,CODE_ESTRU_CS_001,0.0,0.0
CODE_FUN_CS_002,CODE_FUN_CS_008,0.0,0.0
CODE_FUN_CS_003,CODE_FUN_CS_008,0.0,0.0
CODE_FUN_CS_008,CODE_FUN_CS_004,0.0,0.0
CODE_DIF_CS_001,CODE_FUN_CS_008,0.0,0.0
CODE_FUN_CS_008,CODE_DIF_CS_004,0.0,0.0
CODE_FUN_CS_008,CODE_DIF_CS_009,0.0,0.0
CODE_IDENT_CS_001_COPY,CODE_FUN_CS_008,0.0,0.0
CODE_FUN_CS_008,CODE_ESTRU_CS_001,0.0,0.0
CODE_FUN_CS_001,CODE_IDENT_CS_014_COPY,0.0,0.0
CODE_FUN_CS_005,CODE_IDENT_CS_014_COPY,0.0,0.0
CODE_FUN_CS_006,CODE_IDENT_CS_014_COPY,0.0,0.0
CODE_FUN_CS_003,CODE_IDENT_CS_014_COPY,0.0,0.0
CODE_IDENT_CS_014_COPY,CODE_FUN_CS_004,0.0,0.0
CODE_IDENT_CS_014_COPY,CODE_DIF_CS_005,0.0,0.0
CODE_IDENT_CS_014_COPY,CODE_DIF_CS_007,0.0,0.0
CODE_IDENT_CS_014_COPY,CODE_DIF_CS_003,0.0,0.0
CODE_IDENT_CS_014_COPY,CODE_DIF_CS_004,0.0,0.0
CODE_IDENT_CS_014_COPY,CODE_IDENT_CS_001_COPY,0.0,0.0
CODE_IDENT_CS_005_COPY,CODE_IDENT_CS_014_COPY,0.0,0.0
CODE_IDENT_CS_014_COPY,CODE_ESTRU_CS_004,0.0,0.0
CODE_IDENT_CS_014_COPY,CODE_ESTRU_CS_001,0.0,0.0
CODE_ESTRU_CS_005,CODE_IDENT_CS_014_COPY,0.0,0.0
CODE_FUN_CS_001,CODE_FUN_CS_002,0.0,0.0
CODE_FUN_CS_001,CODE_IDENT_CS_003_COPY,0.0,0.0
CODE_FUN_CS_001,CODE_FUN_CS_005,0.0,0.0
CODE_FUN_CS_001,CODE_FUN_CS_006,0.0,0.0
CODE_FUN_CS_001,CODE_FUN_CS_003,0.0,0.0
CODE_FUN_CS_001,CODE_FUN_CS_004,0.0,0.0
CODE_FUN_CS_001,CODE_IDENT_CS_009_COPY,0.0,0.0
CODE_FUN_CS_001,CODE_IDENT_CS_014,0.0,0.0
CODE_FUN_CS_001,CODE_IDENT_CS_013,0.0,0.0
CODE_FUN_CS_001,CODE_IDENT_CS_012,0.0,0.0
CODE_FUN_CS_001,CODE_DIF_CS_008,0.0,0.0
CODE_FUN_CS_001,CODE_IDENT_CS_011,0.0,0.0
CODE_FUN_CS_001,CODE_DIF_CS_001,0.0,0.0
CODE_FUN_CS_001,CODE_IDENT_CS_006_COPY,0.0,0.0
CODE_FUN_CS_001,CODE_DIF_CS_002,0.0,0.0
CODE_FUN_CS_001,CODE_DIF_CS_003,0.0,0.0
CODE_FUN_CS_001,CODE_DIF_CS_004,0.0,0.0
CODE_FUN_CS_001,CODE_IDENT_CS_015,0.0,0.0
CODE_FUN_CS_001,CODE_DIF_CS_009,0.0,0.0
CODE_FUN_CS_001,CODE_IDENT_CS_007_COPY,0.0,0.0
CODE_FUN_CS_001,CODE_IDENT_CS_001_COPY,0.0,0.0
CODE_FUN_CS_001,CODE_ESTRU_CS_011,0.0,0.0
CODE_FUN_CS_001,CODE_ESTRU_CS_010,0.0,0.0
CODE_FUN_CS_001,CODE_ESTRU_CS_015,0.0,0.0
CODE_FUN_CS_001,CODE_IDENT_CS_015_COPY,0.0,0.0
CODE_FUN_CS_001,CODE_ESTRU_CS_014,0.0,0.0
CODE_FUN_CS_001,CODE_ESTRU_CS_013,0.0,0.0
CODE_FUN_CS_001,CODE_ESTRU_CS_012,0.0,0.0
CODE_FUN_CS_001,CODE_ESTRU_CS_009,0.0,0.0
CODE_FUN_CS_001,CODE_IDENT_CS_005_COPY,0.0,0.0
CODE_FUN_CS_001,CODE_IDENT_CS_008_COPY,0.0,0.0
CODE_FUN_CS_001,CODE_IDENT_CS_013_COPY,0.0,0.0
CODE_FUN_CS_001,CODE_IDENT_CS_010_COPY,0.0,0.0
CODE_FUN_CS_001,CODE_IDENT_CS_002_COPY,0.0,0.0
CODE_FUN_CS_001,CODE_ESTRU_CS_004,0.0,0.0
CODE_FUN_CS_001,CODE_ESTRU_CS_003,0.0,0.0
CODE_FUN_CS_001,CODE_ESTRU_CS_002,0.0,0.0
CODE_FUN_CS_001,CODE_ESTRU_CS_001,0.0,0.0
CODE_FUN_CS_001,CODE_ESTRU_CS_008,0.0,0.0
CODE_FUN_CS_001,CODE_ESTRU_CS_007,0.0,0.0
CODE_FUN_CS_001,CODE_ESTRU_CS_006,0.0,0.0
CODE_FUN_CS_001,CODE_ESTRU_CS_005,0.0,0.0
CODE_FUN_CS_002,CODE_FUN_CS_004,0.0,0.0
CODE_FUN_CS_002,CODE_DIF_CS_005,0.0,0.0
CODE_FUN_CS_002,CODE_IDENT_CS_009_COPY,0.0,0.0
CODE_FUN_CS_002,CODE_DIF_CS_006,0.0,0.0
CODE_FUN_CS_002,CODE_DIF_CS_007,0.0,0.0
CODE_FUN_CS_002,CODE_IDENT_CS_012,0.0,0.0
CODE_FUN_CS_002,CODE_DIF_CS_008,0.0,0.0
CODE_FUN_CS_002,CODE_DIF_CS_001,0.0,0.0
CODE_FUN_CS_002,CODE_DIF_CS_002,0.0,0.0
CODE_FUN_CS_002,CODE_DIF_CS_003,0.0,0.0
CODE_FUN_CS_002,CODE_DIF_CS_004,0.0,0.0
CODE_FUN_CS_002,CODE_IDENT_CS_015,0.0,0.0
CODE_FUN_CS_002,CODE_DIF_CS_009,0.0,0.0
CODE_FUN_CS_002,CODE_IDENT_CS_001_COPY,0.0,0.0
CODE_FUN_CS_002,CODE_ESTRU_CS_010,0.0,0.0
CODE_FUN_CS_002,CODE_ESTRU_CS_015,0.0,0.0
CODE_FUN_CS_002,CODE_IDENT_CS_015_COPY,0.0,0.0
CODE_FUN_CS_002,CODE_ESTRU_CS_012,0.0,0.0
CODE_FUN_CS_002,CODE_ESTRU_CS_009,0.0,0.0
CODE_FUN_CS_002,CODE_IDENT_CS_010_COPY,0.0,0.0
CODE_FUN_CS_002,CODE_ESTRU_CS_004,0.0,0.0
CODE_FUN_CS_002,CODE_ESTRU_CS_001,0.0,0.0
CODE_IDENT_CS_003_COPY,CODE_FUN_CS_004,0.0,0.0
CODE_IDENT_CS_003_COPY,CODE_DIF_CS_005,0.0,0.0
CODE_IDENT_CS_003_COPY,CODE_DIF_CS_006,0.0,0.0
CODE_IDENT_CS_003_COPY,CODE_DIF_CS_007,0.0,0.0
CODE_IDENT_CS_003_COPY,CODE_DIF_CS_001,0.0,0.0
CODE_IDENT_CS_003_COPY,CODE_DIF_CS_004,0.0,0.0
CODE_IDENT_CS_003_COPY,CODE_DIF_CS_009,0.0,0.0
CODE_IDENT_CS_003_COPY,CODE_ESTRU_CS_004,0.0,0.0
CODE_FUN_CS_005,CODE_FUN_CS_004,0.0,0.0
CODE_FUN_CS_005,CODE_IDENT_CS_014,0.0,0.0
CODE_FUN_CS_005,CODE_DIF_CS_006,0.0,0.0
CODE_FUN_CS_005,CODE_DIF_CS_002,0.0,0.0
CODE_FUN_CS_005,CODE_DIF_CS_003,0.0,0.0
CODE_FUN_CS_005,CODE_IDENT_CS_015,0.0,0.0
CODE_FUN_CS_005,CODE_DIF_CS_009,0.0,0.0
CODE_FUN_CS_005,CODE_IDENT_CS_001_COPY,0.0,0.0
CODE_FUN_CS_005,CODE_ESTRU_CS_010,0.0,0.0
CODE_FUN_CS_005,CODE_ESTRU_CS_015,0.0,0.0
CODE_FUN_CS_005,CODE_IDENT_CS_015_COPY,0.0,0.0
CODE_FUN_CS_005,CODE_ESTRU_CS_014,0.0,0.0
CODE_FUN_CS_005,CODE_IDENT_CS_010_COPY,0.0,0.0
CODE_FUN_CS_005,CODE_ESTRU_CS_004,0.0,0.0
CODE_FUN_CS_005,CODE_ESTRU_CS_001,0.0,0.0
CODE_FUN_CS_006,CODE_FUN_CS_004,0.0,0.0
CODE_IDENT_CS_009_COPY,CODE_FUN_CS_006,0.0,0.0
CODE_FUN_CS_006,CODE_IDENT_CS_014,0.0,0.0
CODE_FUN_CS_006,CODE_IDENT_CS_012,0.0,0.0
CODE_FUN_CS_006,CODE_DIF_CS_001,0.0,0.0
CODE_FUN_CS_006,CODE_DIF_CS_002,0.0,0.0
CODE_FUN_CS_006,CODE_DIF_CS_004,0.0,0.0
CODE_FUN_CS_006,CODE_IDENT_CS_015,0.0,0.0
CODE_FUN_CS_006,CODE_DIF_CS_009,0.0,0.0
CODE_FUN_CS_006,CODE_IDENT_CS_001_COPY,0.0,0.0
CODE_FUN_CS_006,CODE_ESTRU_CS_010,0.0,0.0
CODE_FUN_CS_006,CODE_ESTRU_CS_015,0.0,0.0
CODE_FUN_CS_006,CODE_IDENT_CS_015_COPY,0.0,0.0
CODE_ESTRU_CS_014,CODE_FUN_CS_006,0.0,0.0
CODE_FUN_CS_006,CODE_ESTRU_CS_012,0.0,0.0
CODE_ESTRU_CS_009,CODE_FUN_CS_006,0.0,0.0
CODE_FUN_CS_006,CODE_IDENT_CS_010_COPY,0.0,0.0
CODE_FUN_CS_006,CODE_ESTRU_CS_004,0.0,0.0
CODE_FUN_CS_006,CODE_ESTRU_CS_001,0.0,0.0
CODE_FUN_CS_003,CODE_FUN_CS_004,0.0,0.0
CODE_FUN_CS_003,CODE_DIF_CS_005,0.0,0.0
CODE_FUN_CS_003,CODE_IDENT_CS_009_COPY,0.0,0.0
CODE_FUN_CS_003,CODE_IDENT_CS_014,0.0,0.0
CODE_FUN_CS_003,CODE_DIF_CS_006,0.0,0.0
CODE_FUN_CS_003,CODE_DIF_CS_007,0.0,0.0
CODE_FUN_CS_003,CODE_IDENT_CS_012,0.0,0.0
CODE_FUN_CS_003,CODE_DIF_CS_008,0.0,0.0
CODE_FUN_CS_003,CODE_DIF_CS_001,0.0,0.0
CODE_FUN_CS_003,CODE_DIF_CS_002,0.0,0.0
CODE_FUN_CS_003,CODE_DIF_CS_003,0.0,0.0
CODE_FUN_CS_003,CODE_DIF_CS_004,0.0,0.0
CODE_FUN_CS_003,CODE_IDENT_CS_015,0.0,0.0
CODE_FUN_CS_003,CODE_DIF_CS_009,0.0,0.0
CODE_FUN_CS_003,CODE_IDENT_CS_001_COPY,0.0,0.0
CODE_FUN_CS_003,CODE_ESTRU_CS_010,0.0,0.0
CODE_FUN_CS_003,CODE_ESTRU_CS_015,0.0,0.0
CODE_FUN_CS_003,CODE_IDENT_CS_015_COPY,0.0,0.0
CODE_FUN_CS_003,CODE_ESTRU_CS_014,0.0,0.0
CODE_FUN_CS_003,CODE_ESTRU_CS_012,0.0,0.0
CODE_FUN_CS_003,CODE_ESTRU_CS_009,0.0,0.0
CODE_FUN_CS_003,CODE_IDENT_CS_010_COPY,0.0,0.0
CODE_FUN_CS_003,CODE_ESTRU_CS_004,0.0,0.0
CODE_FUN_CS_003,CODE_ESTRU_CS_001,0.0,0.0
CODE_IDENT_CS_014,CODE_FUN_CS_004,0.0,0.0
CODE_IDENT_CS_013,CODE_FUN_CS_004,0.0,0.0
CODE_IDENT_CS_011,CODE_FUN_CS_004,0.0,0.0
CODE_IDENT_CS_006_COPY,CODE_FUN_CS_004,0.0,0.0
CODE_IDENT_CS_015,CODE_FUN_CS_004,0.0,0.0
CODE_IDENT_CS_007_COPY,CODE_FUN_CS_004,0.0,0.0
CODE_ESTRU_CS_011,CODE_FUN_CS_004,0.0,0.0
CODE_ESTRU_CS_010,CODE_FUN_CS_004,0.0,0.0
CODE_ESTRU_CS_015,CODE_FUN_CS_004,0.0,0.0
CODE_IDENT_CS_015_COPY,CODE_FUN_CS_004,0.0,0.0
CODE_ESTRU_CS_014,CODE_FUN_CS_004,0.0,0.0
CODE_ESTRU_CS_013,CODE_FUN_CS_004,0.0,0.0
CODE_IDENT_CS_005_COPY,CODE_FUN_CS_004,0.0,0.0
CODE_IDENT_CS_008_COPY,CODE_FUN_CS_004,0.0,0.0
CODE_IDENT_CS_013_COPY,CODE_FUN_CS_004,0.0,0.0
CODE_IDENT_CS_010_COPY,CODE_FUN_CS_004,0.0,0.0
CODE_IDENT_CS_002_COPY,CODE_FUN_CS_004,0.0,0.0
CODE_ESTRU_CS_003,CODE_FUN_CS_004,0.0,0.0
CODE_ESTRU_CS_002,CODE_FUN_CS_004,0.0,0.0
CODE_ESTRU_CS_008,CODE_FUN_CS_004,0.0,0.0
CODE_ESTRU_CS_007,CODE_FUN_CS_004,0.0,0.0
CODE_ESTRU_CS_006,CODE_FUN_CS_004,0.0,0.0
CODE_ESTRU_CS_005,CODE_FUN_CS_004,0.0,0.0
CODE_IDENT_CS_009_COPY,CODE_DIF_CS_005,0.0,0.0
CODE_IDENT_CS_014,CODE_DIF_CS_005,0.0,0.0
CODE_IDENT_CS_013,CODE_DIF_CS_005,0.0,0.0
CODE_IDENT_CS_012,CODE_DIF_CS_005,0.0,0.0
CODE_IDENT_CS_011,CODE_DIF_CS_005,0.0,0.0
CODE_IDENT_CS_006_COPY,CODE_DIF_CS_005,0.0,0.0
CODE_DIF_CS_002,CODE_DIF_CS_005,0.0,0.0
CODE_DIF_CS_005,CODE_DIF_CS_004,0.0,0.0
CODE_IDENT_CS_015,CODE_DIF_CS_005,0.0,0.0
CODE_DIF_CS_005,CODE_DIF_CS_009,0.0,0.0
CODE_IDENT_CS_007_COPY,CODE_DIF_CS_005,0.0,0.0
CODE_IDENT_CS_001_COPY,CODE_DIF_CS_005,0.0,0.0
CODE_ESTRU_CS_011,CODE_DIF_CS_005,0.0,0.0
CODE_ESTRU_CS_010,CODE_DIF_CS_005,0.0,0.0
CODE_ESTRU_CS_015,CODE_DIF_CS_005,0.0,0.0
CODE_IDENT_CS_015_COPY,CODE_DIF_CS_005,0.0,0.0
CODE_ESTRU_CS_014,CODE_DIF_CS_005,0.0,0.0
CODE_ESTRU_CS_013,CODE_DIF_CS_005,0.0,0.0
CODE_ESTRU_CS_012,CODE_DIF_CS_005,0.0,0.0
CODE_ESTRU_CS_009,CODE_DIF_CS_005,0.0,0.0
CODE_IDENT_CS_005_COPY,CODE_DIF_CS_005,0.0,0.0
CODE_IDENT_CS_008_COPY,CODE_DIF_CS_005,0.0,0.0
CODE_IDENT_CS_013_COPY,CODE_DIF_CS_005,0.0,0.0
CODE_IDENT_CS_010_COPY,CODE_DIF_CS_005,0.0,0.0
CODE_IDENT_CS_002_COPY,CODE_DIF_CS_005,0.0,0.0
CODE_ESTRU_CS_003,CODE_DIF_CS_005,0.0,0.0
CODE_ESTRU_CS_002,CODE_DIF_CS_005,0.0,0.0
CODE_ESTRU_CS_001,CODE_DIF_CS_005,0.0,0.0
CODE_ESTRU_CS_008,CODE_DIF_CS_005,0.0,0.0
CODE_ESTRU_CS_007,CODE_DIF_CS_005,0.0,0.0
CODE_ESTRU_CS_006,CODE_DIF_CS_005,0.0,0.0
CODE_ESTRU_CS_005,CODE_DIF_CS_005,0.0,0.0
CODE_IDENT_CS_009_COPY,CODE_DIF_CS_006,0.0,0.0
CODE_IDENT_CS_009_COPY,CODE_DIF_CS_007,0.0,0.0
CODE_IDENT_CS_009_COPY,CODE_DIF_CS_001,0.0,0.0
CODE_IDENT_CS_009_COPY,CODE_DIF_CS_003,0.0,0.0
CODE_IDENT_CS_009_COPY,CODE_DIF_CS_009,0.0,0.0
CODE_IDENT_CS_009_COPY,CODE_IDENT_CS_001_COPY,0.0,0.0
CODE_IDENT_CS_009_COPY,CODE_ESTRU_CS_004,0.0,0.0
CODE_IDENT_CS_009_COPY,CODE_ESTRU_CS_001,0.0,0.0
CODE_IDENT_CS_014,CODE_DIF_CS_007,0.0,0.0
CODE_IDENT_CS_014,CODE_DIF_CS_003,0.0,0.0
CODE_IDENT_CS_014,CODE_DIF_CS_004,0.0,0.0
CODE_IDENT_CS_014,CODE_IDENT_CS_001_COPY,0.0,0.0
CODE_IDENT_CS_005_COPY,CODE_IDENT_CS_014,0.0,0.0
CODE_IDENT_CS_014,CODE_ESTRU_CS_004,0.0,0.0
CODE_IDENT_CS_014,CODE_ESTRU_CS_001,0.0,0.0
CODE_ESTRU_CS_005,CODE_IDENT_CS_014,0.0,0.0
CODE_IDENT_CS_013,CODE_DIF_CS_006,0.0,0.0
CODE_IDENT_CS_012,CODE_DIF_CS_006,0.0,0.0
CODE_IDENT_CS_011,CODE_DIF_CS_006,0.0,0.0
CODE_IDENT_CS_006_COPY,CODE_DIF_CS_006,0.0,0.0
CODE_DIF_CS_002,CODE_DIF_CS_006,0.0,0.0
CODE_DIF_CS_006,CODE_DIF_CS_009,0.0,0.0
CODE_IDENT_CS_007_COPY,CODE_DIF_CS_006,0.0,0.0
CODE_ESTRU_CS_011,CODE_DIF_CS_006,0.0,0.0
CODE_ESTRU_CS_013,CODE_DIF_CS_006,0.0,0.0
CODE_ESTRU_CS_012,CODE_DIF_CS_006,0.0,0.0
CODE_ESTRU_CS_009,CODE_DIF_CS_006,0.0,0.0
CODE_IDENT_CS_005_COPY,CODE_DIF_CS_006,0.0,0.0
CODE_IDENT_CS_008_COPY,CODE_DIF_CS_006,0.0,0.0
CODE_IDENT_CS_013_COPY,CODE_DIF_CS_006,0.0,0.0
CODE_IDENT_CS_002_COPY,CODE_DIF_CS_006,0.0,0.0
CODE_ESTRU_CS_003,CODE_DIF_CS_006,0.0,0.0
CODE_ESTRU_CS_002,CODE_DIF_CS_006,0.0,0.0
CODE_ESTRU_CS_008,CODE_DIF_CS_006,0.0,0.0
CODE_ESTRU_CS_007,CODE_DIF_CS_006,0.0,0.0
CODE_ESTRU_CS_006,CODE_DIF_CS_006,0.0,0.0
CODE_ESTRU_CS_005,CODE_DIF_CS_006,0.0,0.0
CODE_IDENT_CS_013,CODE_DIF_CS_007,0.0,0.0
CODE_IDENT_CS_013,CODE_DIF_CS_001,0.0,0.0
CODE_IDENT_CS_013,CODE_DIF_CS_003,0.0,0.0
CODE_IDENT_CS_013,CODE_DIF_CS_004,0.0,0.0
CODE_IDENT_CS_013,CODE_DIF_CS_009,0.0,0.0
CODE_IDENT_CS_013,CODE_IDENT_CS_001_COPY,0.0,0.0
CODE_IDENT_CS_013,CODE_ESTRU_CS_004,0.0,0.0
CODE_IDENT_CS_013,CODE_ESTRU_CS_001,0.0,0.0
CODE_IDENT_CS_012,CODE_DIF_CS_007,0.0,0.0
CODE_IDENT_CS_011,CODE_DIF_CS_007,0.0,0.0
CODE_IDENT_CS_006_COPY,CODE_DIF_CS_007,0.0,0.0
CODE_IDENT_CS_015,CODE_DIF_CS_007,0.0,0.0
CODE_IDENT_CS_007_COPY,CODE_DIF_CS_007,0.0,0.0
CODE_ESTRU_CS_011,CODE_DIF_CS_007,0.0,0.0
CODE_ESTRU_CS_010,CODE_DIF_CS_007,0.0,0.0
CODE_ESTRU_CS_015,CODE_DIF_CS_007,0.0,0.0
CODE_IDENT_CS_015_COPY,CODE_DIF_CS_007,0.0,0.0
CODE_ESTRU_CS_014,CODE_DIF_CS_007,0.0,0.0
CODE_ESTRU_CS_013,CODE_DIF_CS_007,0.0,0.0
CODE_ESTRU_CS_012,CODE_DIF_CS_007,0.0,0.0
CODE_ESTRU_CS_009,CODE_DIF_CS_007,0.0,0.0
CODE_IDENT_CS_005_COPY,CODE_DIF_CS_007,0.0,0.0
CODE_IDENT_CS_008_COPY,CODE_DIF_CS_007,0.0,0.0
CODE_IDENT_CS_013_COPY,CODE_DIF_CS_007,0.0,0.0
CODE_IDENT_CS_010_COPY,CODE_DIF_CS_007,0.0,0.0
CODE_IDENT_CS_002_COPY,CODE_DIF_CS_007,0.0,0.0
CODE_ESTRU_CS_003,CODE_DIF_CS_007,0.0,0.0
CODE_ESTRU_CS_002,CODE_DIF_CS_007,0.0,0.0
CODE_ESTRU_CS_008,CODE_DIF_CS_007,0.0,0.0
CODE_ESTRU_CS_007,CODE_DIF_CS_007,0.0,0.0
CODE_ESTRU_CS_006,CODE_DIF_CS_007,0.0,0.0
CODE_ESTRU_CS_005,CODE_DIF_CS_007,0.0,0.0
CODE_IDENT_CS_012,CODE_DIF_CS_001,0.0,0.0
CODE_IDENT_CS_012,CODE_DIF_CS_003,0.0,0.0
CODE_IDENT_CS_012,CODE_IDENT_CS_001_COPY,0.0,0.0
CODE_IDENT_CS_012,CODE_ESTRU_CS_004,0.0,0.0
CODE_IDENT_CS_012,CODE_ESTRU_CS_001,0.0,0.0
CODE_IDENT_CS_011,CODE_DIF_CS_001,0.0,0.0
CODE_IDENT_CS_011,CODE_DIF_CS_003,0.0,0.0
CODE_IDENT_CS_011,CODE_DIF_CS_004,0.0,0.0
CODE_IDENT_CS_011,CODE_DIF_CS_009,0.0,0.0
CODE_IDENT_CS_011,CODE_IDENT_CS_001_COPY,0.0,0.0
CODE_IDENT_CS_011,CODE_ESTRU_CS_004,0.0,0.0
CODE_IDENT_CS_011,CODE_ESTRU_CS_001,0.0,0.0
CODE_IDENT_CS_006_COPY,CODE_DIF_CS_001,0.0,0.0
CODE_DIF_CS_002,CODE_DIF_CS_001,0.0,0.0
CODE_IDENT_CS_007_COPY,CODE_DIF_CS_001,0.0,0.0
CODE_ESTRU_CS_011,CODE_DIF_CS_001,0.0,0.0
CODE_ESTRU_CS_013,CODE_DIF_CS_001,0.0,0.0
CODE_ESTRU_CS_012,CODE_DIF_CS_001,0.0,0.0
CODE_ESTRU_CS_009,CODE_DIF_CS_001,0.0,0.0
CODE_IDENT_CS_005_COPY,CODE_DIF_CS_001,0.0,0.0
CODE_DIF_CS_001,CODE_IDENT_CS_008_COPY,0.0,0.0
CODE_IDENT_CS_013_COPY,CODE_DIF_CS_001,0.0,0.0
CODE_IDENT_CS_002_COPY,CODE_DIF_CS_001,0.0,0.0
CODE_ESTRU_CS_003,CODE_DIF_CS_001,0.0,0.0
CODE_ESTRU_CS_002,CODE_DIF_CS_001,0.0,0.0
CODE_DIF_CS_001,CODE_ESTRU_CS_008,0.0,0.0
CODE_ESTRU_CS_007,CODE_DIF_CS_001,0.0,0.0
CODE_ESTRU_CS_006,CODE_DIF_CS_001,0.0,0.0
CODE_ESTRU_CS_005,CODE_DIF_CS_001,0.0,0.0
CODE_IDENT_CS_006_COPY,CODE_DIF_CS_003,0.0,0.0
CODE_IDENT_CS_006_COPY,CODE_DIF_CS_004,0.0,0.0
CODE_IDENT_CS_006_COPY,CODE_IDENT_CS_001_COPY,0.0,0.0
CODE_IDENT_CS_006_COPY,CODE_ESTRU_CS_004,0.0,0.0
CODE_IDENT_CS_006_COPY,CODE_ESTRU_CS_001,0.0,0.0
CODE_IDENT_CS_001_COPY,CODE_DIF_CS_002,0.0,0.0
CODE_IDENT_CS_005_COPY,CODE_DIF_CS_002,0.0,0.0
CODE_DIF_CS_002,CODE_ESTRU_CS_004,0.0,0.0
CODE_DIF_CS_002,CODE_ESTRU_CS_001,0.0,0.0
CODE_ESTRU_CS_005,CODE_DIF_CS_002,0.0,0.0
CODE_IDENT_CS_015,CODE_DIF_CS_003,0.0,0.0
CODE_DIF_CS_009,CODE_DIF_CS_003,0.0,0.0
CODE_IDENT_CS_001_COPY,CODE_DIF_CS_003,0.0,0.0
CODE_ESTRU_CS_011,CODE_DIF_CS_003,0.0,0.0
CODE_ESTRU_CS_010,CODE_DIF_CS_003,0.0,0.0
CODE_ESTRU_CS_015,CODE_DIF_CS_003,0.0,0.0
CODE_IDENT_CS_015_COPY,CODE_DIF_CS_003,0.0,0.0
CODE_ESTRU_CS_014,CODE_DIF_CS_003,0.0,0.0
CODE_ESTRU_CS_013,CODE_DIF_CS_003,0.0,0.0
CODE_ESTRU_CS_012,CODE_DIF_CS_003,0.0,0.0
CODE_ESTRU_CS_009,CODE_DIF_CS_003,0.0,0.0
CODE_IDENT_CS_005_COPY,CODE_DIF_CS_003,0.0,0.0
CODE_IDENT_CS_008_COPY,CODE_DIF_CS_003,0.0,0.0
CODE_IDENT_CS_013_COPY,CODE_DIF_CS_003,0.0,0.0
CODE_IDENT_CS_010_COPY,CODE_DIF_CS_003,0.0,0.0
CODE_ESTRU_CS_003,CODE_DIF_CS_003,0.0,0.0
CODE_ESTRU_CS_002,CODE_DIF_CS_003,0.0,0.0
CODE_ESTRU_CS_001,CODE_DIF_CS_003,0.0,0.0
CODE_ESTRU_CS_008,CODE_DIF_CS_003,0.0,0.0
CODE_ESTRU_CS_006,CODE_DIF_CS_003,0.0,0.0
CODE_ESTRU_CS_005,CODE_DIF_CS_003,0.0,0.0
CODE_IDENT_CS_015,CODE_DIF_CS_004,0.0,0.0
CODE_IDENT_CS_007_COPY,CODE_DIF_CS_004,0.0,0.0
CODE_ESTRU_CS_011,CODE_DIF_CS_004,0.0,0.0
CODE_ESTRU_CS_010,CODE_DIF_CS_004,0.0,0.0
CODE_ESTRU_CS_015,CODE_DIF_CS_004,0.0,0.0
CODE_IDENT_CS_015_COPY,CODE_DIF_CS_004,0.0,0.0
CODE_ESTRU_CS_014,CODE_DIF_CS_004,0.0,0.0
CODE_ESTRU_CS_013,CODE_DIF_CS_004,0.0,0.0
CODE_IDENT_CS_005_COPY,CODE_DIF_CS_004,0.0,0.0
CODE_IDENT_CS_008_COPY,CODE_DIF_CS_004,0.0,0.0
CODE_IDENT_CS_013_COPY,CODE_DIF_CS_004,0.0,0.0
CODE_IDENT_CS_010_COPY,CODE_DIF_CS_004,0.0,0.0
CODE_IDENT_CS_002_COPY,CODE_DIF_CS_004,0.0,0.0
CODE_ESTRU_CS_003,CODE_DIF_CS_004,0.0,0.0
CODE_ESTRU_CS_002,CODE_DIF_CS_004,0.0,0.0
CODE_ESTRU_CS_008,CODE_DIF_CS_004,0.0,0.0
CODE_ESTRU_CS_007,CODE_DIF_CS_004,0.0,0.0
CODE_ESTRU_CS_006,CODE_DIF_CS_004,0.0,0.0
CODE_ESTRU_CS_005,CODE_DIF_CS_004,0.0,0.0
CODE_IDENT_CS_015,CODE_DIF_CS_009,0.0,0.0
CODE_IDENT_CS_015,CODE_IDENT_CS_001_COPY,0.0,0.0
CODE_IDENT_CS_015,CODE_ESTRU_CS_004,0.0,0.0
CODE_IDENT_CS_015,CODE_ESTRU_CS_001,0.0,0.0
CODE_IDENT_CS_007_COPY,CODE_DIF_CS_009,0.0,0.0
CODE_ESTRU_CS_011,CODE_DIF_CS_009,0.0,0.0
CODE_ESTRU_CS_015,CODE_DIF_CS_009,0.0,0.0
CODE_IDENT_CS_015_COPY,CODE_DIF_CS_009,0.0,0.0
CODE_ESTRU_CS_013,CODE_DIF_CS_009,0.0,0.0
CODE_ESTRU_CS_009,CODE_DIF_CS_009,0.0,0.0
CODE_IDENT_CS_005_COPY,CODE_DIF_CS_009,0.0,0.0
CODE_IDENT_CS_013_COPY,CODE_DIF_CS_009,0.0,0.0
CODE_IDENT_CS_002_COPY,CODE_DIF_CS_009,0.0,0.0
CODE_ESTRU_CS_007,CODE_DIF_CS_009,0.0,0.0
CODE_ESTRU_CS_005,CODE_DIF_CS_009,0.0,0.0
CODE_IDENT_CS_007_COPY,CODE_ESTRU_CS_004,0.0,0.0
CODE_ESTRU_CS_011,CODE_IDENT_CS_001_COPY,0.0,0.0
CODE_ESTRU_CS_010,CODE_IDENT_CS_001_COPY,0.0,0.0
CODE_ESTRU_CS_015,CODE_IDENT_CS_001_COPY,0.0,0.0
CODE_IDENT_CS_015_COPY,CODE_IDENT_CS_001_COPY,0.0,0.0
CODE_ESTRU_CS_014,CODE_IDENT_CS_001_COPY,0.0,0.0
CODE_ESTRU_CS_013,CODE_IDENT_CS_001_COPY,0.0,0.0
CODE_ESTRU_CS_012,CODE_IDENT_CS_001_COPY,0.0,0.0
CODE_ESTRU_CS_009,CODE_IDENT_CS_001_COPY,0.0,0.0
CODE_IDENT_CS_005_COPY,CODE_IDENT_CS_001_COPY,0.0,0.0
CODE_IDENT_CS_001_COPY,CODE_IDENT_CS_008_COPY,0.0,0.0
CODE_IDENT_CS_013_COPY,CODE_IDENT_CS_001_COPY,0.0,0.0
CODE_IDENT_CS_010_COPY,CODE_IDENT_CS_001_COPY,0.0,0.0
CODE_ESTRU_CS_003,CODE_IDENT_CS_001_COPY,0.0,0.0
CODE_ESTRU_CS_002,CODE_IDENT_CS_001_COPY,0.0,0.0
CODE_IDENT_CS_001_COPY,CODE_ESTRU_CS_008,0.0,0.0
CODE_ESTRU_CS_006,CODE_IDENT_CS_001_COPY,0.0,0.0
CODE_ESTRU_CS_005,CODE_IDENT_CS_001_COPY,0.0,0.0
CODE_ESTRU_CS_011,CODE_ESTRU_CS_004,0.0,0.0
CODE_ESTRU_CS_011,CODE_ESTRU_CS_001,0.0,0.0
CODE_ESTRU_CS_010,CODE_ESTRU_CS_004,0.0,0.0
CODE_ESTRU_CS_010,CODE_ESTRU_CS_001,0.0,0.0
CODE_ESTRU_CS_015,CODE_ESTRU_CS_004,0.0,0.0
CODE_ESTRU_CS_015,CODE_ESTRU_CS_001,0.0,0.0
CODE_IDENT_CS_015_COPY,CODE_ESTRU_CS_004,0.0,0.0
CODE_IDENT_CS_015_COPY,CODE_ESTRU_CS_001,0.0,0.0
CODE_IDENT_CS_005_COPY,CODE_ESTRU_CS_014,0.0,0.0
CODE_ESTRU_CS_014,CODE_ESTRU_CS_004,0.0,0.0
CODE_ESTRU_CS_014,CODE_ESTRU_CS_001,0.0,0.0
CODE_ESTRU_CS_005,CODE_ESTRU_CS_014,0.0,0.0
CODE_ESTRU_CS_013,CODE_ESTRU_CS_004,0.0,0.0
CODE_ESTRU_CS_013,CODE_ESTRU_CS_001,0.0,0.0
CODE_ESTRU_CS_012,CODE_ESTRU_CS_004,0.0,0.0
CODE_ESTRU_CS_012,CODE_ESTRU_CS_001,0.0,0.0
CODE_ESTRU_CS_009,CODE_ESTRU_CS_004,0.0,0.0
CODE_ESTRU_CS_009,CODE_ESTRU_CS_001,0.0,0.0
CODE_IDENT_CS_005_COPY,CODE_ESTRU_CS_004,0.0,0.0
CODE_IDENT_CS_005_COPY,CODE_ESTRU_CS_001,0.0,0.0
CODE_IDENT_CS_008_COPY,CODE_ESTRU_CS_004,0.0,0.0
CODE_IDENT_CS_008_COPY,CODE_ESTRU_CS_001,0.0,0.0
CODE_IDENT_CS_013_COPY,CODE_ESTRU_CS_004,0.0,0.0
CODE_IDENT_CS_013_COPY,CODE_ESTRU_CS_001,0.0,0.0
CODE_IDENT_CS_010_COPY,CODE_ESTRU_CS_004,0.0,0.0
CODE_IDENT_CS_010_COPY,CODE_ESTRU_CS_001,0.0,0.0
CODE_IDENT_CS_002_COPY,CODE_ESTRU_CS_004,0.0,0.0
CODE_ESTRU_CS_003,CODE_ESTRU_CS_004,0.0,0.0
CODE_ESTRU_CS_002,CODE_ESTRU_CS_004,0.0,0.0
CODE_ESTRU_CS_008,CODE_ESTRU_CS_004,0.0,0.0
CODE_ESTRU_CS_007,CODE_ESTRU_CS_004,0.0,0.0
CODE_ESTRU_CS_006,CODE_ESTRU_CS_004,0.0,0.0
CODE_ESTRU_CS_005,CODE_ESTRU_CS_004,0.0,0.0
CODE_ESTRU_CS_003,CODE_ESTRU_CS_001,0.0,0.0
CODE_ESTRU_CS_002,CODE_ESTRU_CS_001,0.0,0.0
CODE_ESTRU_CS_008,CODE_ESTRU_CS_001,0.0,0.0
CODE_ESTRU_CS_006,CODE_ESTRU_CS_001,0.0,0.0
CODE_ESTRU_CS_005,CODE_ESTRU_CS_001,0.0,0.0
