id,leftFileId,leftFilePath,rightFileId,rightFilePath,similarity,totalOverlap,longestFragment,leftCovered,rightCovered
3420,8,baselines_work/cohorte/csharp/CODE_DIF_CS_011/CODE_DIF_CS_011.cs,10,baselines_work/cohorte/csharp/CODE_DIF_CS_013/CODE_DIF_CS_013.cs,0.494910941475827,389,25,179,210
2875,2,baselines_work/cohorte/csharp/CODE_DIF_CS_003/CODE_DIF_CS_003.cs,23,baselines_work/cohorte/csharp/CODE_DIF_CS_008/CODE_DIF_CS_008.cs,0.48740554156171284,387,31,184,203
3153,5,baselines_work/cohorte/csharp/CODE_DIF_CS_007/CODE_DIF_CS_007.cs,23,baselines_work/cohorte/csharp/CODE_DIF_CS_008/CODE_DIF_CS_008.cs,0.4387254901960784,358,42,159,199
3225,23,baselines_work/cohorte/csharp/CODE_DIF_CS_008/CODE_DIF_CS_008.cs,10,baselines_work/cohorte/csharp/CODE_DIF_CS_013/CODE_DIF_CS_013.cs,0.3752620545073375,358,21,203,155
5223,50,baselines_work/cohorte/csharp/CODE_IDENT_CS_004/CODE_IDENT_CS_004.cs,49,baselines_work/cohorte/csharp/CODE_IDENT_CS_004_COPY/CODE_IDENT_CS_004.cs,1,342,171,171,171
3159,5,baselines_work/cohorte/csharp/CODE_DIF_CS_007/CODE_DIF_CS_007.cs,12,baselines_work/cohorte/csharp/CODE_DIF_CS_014/CODE_DIF_CS_014.cs,0.5179738562091504,317,24,173,144
3223,23,baselines_work/cohorte/csharp/CODE_DIF_CS_008/CODE_DIF_CS_008.cs,8,baselines_work/cohorte/csharp/CODE_DIF_CS_011/CODE_DIF_CS_011.cs,0.38213399503722084,308,17,191,117
3227,23,baselines_work/cohorte/csharp/CODE_DIF_CS_008/CODE_DIF_CS_008.cs,13,baselines_work/cohorte/csharp/CODE_DIF_CS_015/CODE_DIF_CS_015.cs,0.336094674556213,284,16,171,113
2872,2,baselines_work/cohorte/csharp/CODE_DIF_CS_003/CODE_DIF_CS_003.cs,3,baselines_work/cohorte/csharp/CODE_DIF_CS_005/CODE_DIF_CS_005.cs,0.5402298850574713,282,33,175,107
3547,10,baselines_work/cohorte/csharp/CODE_DIF_CS_013/CODE_DIF_CS_013.cs,13,baselines_work/cohorte/csharp/CODE_DIF_CS_015/CODE_DIF_CS_015.cs,0.3418181818181818,282,16,153,129
3291,7,baselines_work/cohorte/csharp/CODE_DIF_CS_009/CODE_DIF_CS_009.cs,10,baselines_work/cohorte/csharp/CODE_DIF_CS_013/CODE_DIF_CS_013.cs,0.4180451127819549,278,39,122,156
3483,9,baselines_work/cohorte/csharp/CODE_DIF_CS_012/CODE_DIF_CS_012.cs,10,baselines_work/cohorte/csharp/CODE_DIF_CS_013/CODE_DIF_CS_013.cs,0.35917312661498707,278,13,121,157
2874,2,baselines_work/cohorte/csharp/CODE_DIF_CS_003/CODE_DIF_CS_003.cs,5,baselines_work/cohorte/csharp/CODE_DIF_CS_007/CODE_DIF_CS_007.cs,0.43238993710691825,275,35,147,128
2951,0,baselines_work/cohorte/csharp/CODE_DIF_CS_004/CODE_DIF_CS_004.cs,10,baselines_work/cohorte/csharp/CODE_DIF_CS_013/CODE_DIF_CS_013.cs,0.2953020134228188,264,8,111,153
3226,23,baselines_work/cohorte/csharp/CODE_DIF_CS_008/CODE_DIF_CS_008.cs,12,baselines_work/cohorte/csharp/CODE_DIF_CS_014/CODE_DIF_CS_014.cs,0.34155844155844156,263,24,161,102
3546,10,baselines_work/cohorte/csharp/CODE_DIF_CS_013/CODE_DIF_CS_013.cs,12,baselines_work/cohorte/csharp/CODE_DIF_CS_014/CODE_DIF_CS_014.cs,0.3506666666666667,263,18,143,120
2946,0,baselines_work/cohorte/csharp/CODE_DIF_CS_004/CODE_DIF_CS_004.cs,23,baselines_work/cohorte/csharp/CODE_DIF_CS_008/CODE_DIF_CS_008.cs,0.2855579868708972,261,8,90,171
3158,5,baselines_work/cohorte/csharp/CODE_DIF_CS_007/CODE_DIF_CS_007.cs,10,baselines_work/cohorte/csharp/CODE_DIF_CS_013/CODE_DIF_CS_013.cs,0.3178391959798995,253,21,136,117
3016,3,baselines_work/cohorte/csharp/CODE_DIF_CS_005/CODE_DIF_CS_005.cs,23,baselines_work/cohorte/csharp/CODE_DIF_CS_008/CODE_DIF_CS_008.cs,0.358974358974359,252,42,87,165
3224,23,baselines_work/cohorte/csharp/CODE_DIF_CS_008/CODE_DIF_CS_008.cs,9,baselines_work/cohorte/csharp/CODE_DIF_CS_012/CODE_DIF_CS_012.cs,0.3148614609571788,250,13,164,86
3356,11,baselines_work/cohorte/csharp/CODE_DIF_CS_010/CODE_DIF_CS_010.cs,10,baselines_work/cohorte/csharp/CODE_DIF_CS_013/CODE_DIF_CS_013.cs,0.33604336043360433,248,22,116,132
3160,5,baselines_work/cohorte/csharp/CODE_DIF_CS_007/CODE_DIF_CS_007.cs,13,baselines_work/cohorte/csharp/CODE_DIF_CS_015/CODE_DIF_CS_015.cs,0.3508005822416303,241,16,133,108
3156,5,baselines_work/cohorte/csharp/CODE_DIF_CS_007/CODE_DIF_CS_007.cs,8,baselines_work/cohorte/csharp/CODE_DIF_CS_011/CODE_DIF_CS_011.cs,0.36882716049382713,239,17,139,100
5379,61,baselines_work/cohorte/csharp/CODE_IDENT_CS_008/CODE_IDENT_CS_008.cs,62,baselines_work/cohorte/csharp/CODE_IDENT_CS_008_COPY/CODE_IDENT_CS_008.cs,1,238,119,119,119
3608,12,baselines_work/cohorte/csharp/CODE_DIF_CS_014/CODE_DIF_CS_014.cs,13,baselines_work/cohorte/csharp/CODE_DIF_CS_015/CODE_DIF_CS_015.cs,0.36973478939157567,237,21,117,120
3289,7,baselines_work/cohorte/csharp/CODE_DIF_CS_009/CODE_DIF_CS_009.cs,8,baselines_work/cohorte/csharp/CODE_DIF_CS_011/CODE_DIF_CS_011.cs,0.43907156673114117,227,25,110,117
3015,3,baselines_work/cohorte/csharp/CODE_DIF_CS_005/CODE_DIF_CS_005.cs,5,baselines_work/cohorte/csharp/CODE_DIF_CS_007/CODE_DIF_CS_007.cs,0.41544117647058826,226,56,94,132
2880,2,baselines_work/cohorte/csharp/CODE_DIF_CS_003/CODE_DIF_CS_003.cs,10,baselines_work/cohorte/csharp/CODE_DIF_CS_013/CODE_DIF_CS_013.cs,0.29069767441860467,225,21,128,97
2881,2,baselines_work/cohorte/csharp/CODE_DIF_CS_003/CODE_DIF_CS_003.cs,12,baselines_work/cohorte/csharp/CODE_DIF_CS_014/CODE_DIF_CS_014.cs,0.37966101694915255,224,24,128,96
2957,0,baselines_work/cohorte/csharp/CODE_DIF_CS_004/CODE_DIF_CS_004.cs,17,baselines_work/cohorte/csharp/CODE_ESTRU_CS_004/CODE_ESTRU_CS_004.cs,0.31721194879089615,223,7,117,106
4157,21,baselines_work/cohorte/csharp/CODE_ESTRU_CS_008/CODE_ESTRU_CS_008.cs,61,baselines_work/cohorte/csharp/CODE_IDENT_CS_008/CODE_IDENT_CS_008.cs,0.948936170212766,223,71,113,110
4158,21,baselines_work/cohorte/csharp/CODE_ESTRU_CS_008/CODE_ESTRU_CS_008.cs,62,baselines_work/cohorte/csharp/CODE_IDENT_CS_008_COPY/CODE_IDENT_CS_008.cs,0.948936170212766,223,71,113,110
2882,2,baselines_work/cohorte/csharp/CODE_DIF_CS_003/CODE_DIF_CS_003.cs,13,baselines_work/cohorte/csharp/CODE_DIF_CS_015/CODE_DIF_CS_015.cs,0.3323308270676692,221,17,132,89
2945,0,baselines_work/cohorte/csharp/CODE_DIF_CS_004/CODE_DIF_CS_004.cs,5,baselines_work/cohorte/csharp/CODE_DIF_CS_007/CODE_DIF_CS_007.cs,0.2857142857142857,216,7,89,127
3221,23,baselines_work/cohorte/csharp/CODE_DIF_CS_008/CODE_DIF_CS_008.cs,7,baselines_work/cohorte/csharp/CODE_DIF_CS_009/CODE_DIF_CS_009.cs,0.31386861313868614,215,21,144,71
3421,8,baselines_work/cohorte/csharp/CODE_DIF_CS_011/CODE_DIF_CS_011.cs,12,baselines_work/cohorte/csharp/CODE_DIF_CS_014/CODE_DIF_CS_014.cs,0.34551495016611294,208,14,99,109
3354,11,baselines_work/cohorte/csharp/CODE_DIF_CS_010/CODE_DIF_CS_010.cs,8,baselines_work/cohorte/csharp/CODE_DIF_CS_011/CODE_DIF_CS_011.cs,0.34915254237288135,206,23,104,102
5454,63,baselines_work/cohorte/csharp/CODE_IDENT_CS_011/CODE_IDENT_CS_011.cs,65,baselines_work/cohorte/csharp/CODE_IDENT_CS_011_COPY/CODE_IDENT_CS_011.cs,1,206,103,103,103
5498,74,baselines_work/cohorte/csharp/CODE_IDENT_CS_015/CODE_IDENT_CS_015.cs,73,baselines_work/cohorte/csharp/CODE_IDENT_CS_015_COPY/CODE_IDENT_CS_015.cs,1,206,103,103,103
3422,8,baselines_work/cohorte/csharp/CODE_DIF_CS_011/CODE_DIF_CS_011.cs,13,baselines_work/cohorte/csharp/CODE_DIF_CS_015/CODE_DIF_CS_015.cs,0.30280649926144754,205,13,94,111
4905,42,baselines_work/cohorte/csharp/CODE_FUN_CS_011/CODE_FUN_CS_011.cs,40,baselines_work/cohorte/csharp/CODE_FUN_CS_013/CODE_FUN_CS_013.cs,0.7945736434108527,205,65,107,98
3222,23,baselines_work/cohorte/csharp/CODE_DIF_CS_008/CODE_DIF_CS_008.cs,11,baselines_work/cohorte/csharp/CODE_DIF_CS_010/CODE_DIF_CS_010.cs,0.2678100263852243,203,16,138,65
2873,2,baselines_work/cohorte/csharp/CODE_DIF_CS_003/CODE_DIF_CS_003.cs,6,baselines_work/cohorte/csharp/CODE_DIF_CS_006/CODE_DIF_CS_006.cs,0.3937621832358674,202,10,139,63
4262,25,baselines_work/cohorte/csharp/CODE_ESTRU_CS_010/CODE_ESTRU_CS_010.cs,67,baselines_work/cohorte/csharp/CODE_IDENT_CS_010/CODE_IDENT_CS_010.cs,1,202,101,101,101
4263,25,baselines_work/cohorte/csharp/CODE_ESTRU_CS_010/CODE_ESTRU_CS_010.cs,64,baselines_work/cohorte/csharp/CODE_IDENT_CS_010_COPY/CODE_IDENT_CS_010.cs,1,202,101,101,101
5433,67,baselines_work/cohorte/csharp/CODE_IDENT_CS_010/CODE_IDENT_CS_010.cs,64,baselines_work/cohorte/csharp/CODE_IDENT_CS_010_COPY/CODE_IDENT_CS_010.cs,1,202,101,101,101
2952,0,baselines_work/cohorte/csharp/CODE_DIF_CS_004/CODE_DIF_CS_004.cs,12,baselines_work/cohorte/csharp/CODE_DIF_CS_014/CODE_DIF_CS_014.cs,0.28169014084507044,200,9,89,111
2953,0,baselines_work/cohorte/csharp/CODE_DIF_CS_004/CODE_DIF_CS_004.cs,13,baselines_work/cohorte/csharp/CODE_DIF_CS_015/CODE_DIF_CS_015.cs,0.24968152866242038,196,8,86,110
3231,23,baselines_work/cohorte/csharp/CODE_DIF_CS_008/CODE_DIF_CS_008.cs,17,baselines_work/cohorte/csharp/CODE_ESTRU_CS_004/CODE_ESTRU_CS_004.cs,0.254259501965924,194,8,127,67
5471,69,baselines_work/cohorte/csharp/CODE_IDENT_CS_012/CODE_IDENT_CS_012.cs,70,baselines_work/cohorte/csharp/CODE_IDENT_CS_012_COPY/CODE_IDENT_CS_012.cs,1,194,97,97,97
3484,9,baselines_work/cohorte/csharp/CODE_DIF_CS_012/CODE_DIF_CS_012.cs,12,baselines_work/cohorte/csharp/CODE_DIF_CS_014/CODE_DIF_CS_014.cs,0.3254237288135593,192,10,86,106
2798,4,baselines_work/cohorte/csharp/CODE_DIF_CS_002/CODE_DIF_CS_002.cs,2,baselines_work/cohorte/csharp/CODE_DIF_CS_003/CODE_DIF_CS_003.cs,0.42792792792792794,190,15,65,125
3155,5,baselines_work/cohorte/csharp/CODE_DIF_CS_007/CODE_DIF_CS_007.cs,11,baselines_work/cohorte/csharp/CODE_DIF_CS_010/CODE_DIF_CS_010.cs,0.315,189,16,111,78
3154,5,baselines_work/cohorte/csharp/CODE_DIF_CS_007/CODE_DIF_CS_007.cs,7,baselines_work/cohorte/csharp/CODE_DIF_CS_009/CODE_DIF_CS_009.cs,0.3567362428842505,188,21,115,73
2871,2,baselines_work/cohorte/csharp/CODE_DIF_CS_003/CODE_DIF_CS_003.cs,0,baselines_work/cohorte/csharp/CODE_DIF_CS_004/CODE_DIF_CS_004.cs,0.2547683923705722,187,8,128,59
3419,8,baselines_work/cohorte/csharp/CODE_DIF_CS_011/CODE_DIF_CS_011.cs,9,baselines_work/cohorte/csharp/CODE_DIF_CS_012/CODE_DIF_CS_012.cs,0.2987220447284345,187,13,98,89
3288,7,baselines_work/cohorte/csharp/CODE_DIF_CS_009/CODE_DIF_CS_009.cs,11,baselines_work/cohorte/csharp/CODE_DIF_CS_010/CODE_DIF_CS_010.cs,0.39658848614072495,186,17,91,95
2878,2,baselines_work/cohorte/csharp/CODE_DIF_CS_003/CODE_DIF_CS_003.cs,8,baselines_work/cohorte/csharp/CODE_DIF_CS_011/CODE_DIF_CS_011.cs,0.2955271565495208,185,17,122,63
2949,0,baselines_work/cohorte/csharp/CODE_DIF_CS_004/CODE_DIF_CS_004.cs,8,baselines_work/cohorte/csharp/CODE_DIF_CS_011/CODE_DIF_CS_011.cs,0.2479892761394102,185,8,91,94
5484,66,baselines_work/cohorte/csharp/CODE_IDENT_CS_013/CODE_IDENT_CS_013.cs,71,baselines_work/cohorte/csharp/CODE_IDENT_CS_013_COPY/CODE_IDENT_CS_013.cs,1,184,92,92,92
2905,2,baselines_work/cohorte/csharp/CODE_DIF_CS_003/CODE_DIF_CS_003.cs,35,baselines_work/cohorte/csharp/CODE_FUN_CS_008/CODE_FUN_CS_008.cs,0.3885350318471338,183,13,127,56
4313,22,baselines_work/cohorte/csharp/CODE_ESTRU_CS_011/CODE_ESTRU_CS_011.cs,63,baselines_work/cohorte/csharp/CODE_IDENT_CS_011/CODE_IDENT_CS_011.cs,0.8840579710144928,183,41,92,91
4314,22,baselines_work/cohorte/csharp/CODE_ESTRU_CS_011/CODE_ESTRU_CS_011.cs,65,baselines_work/cohorte/csharp/CODE_IDENT_CS_011_COPY/CODE_IDENT_CS_011.cs,0.8840579710144928,183,41,92,91
3292,7,baselines_work/cohorte/csharp/CODE_DIF_CS_009/CODE_DIF_CS_009.cs,12,baselines_work/cohorte/csharp/CODE_DIF_CS_014/CODE_DIF_CS_014.cs,0.3762993762993763,181,18,78,103
4363,28,baselines_work/cohorte/csharp/CODE_ESTRU_CS_012/CODE_ESTRU_CS_012.cs,69,baselines_work/cohorte/csharp/CODE_IDENT_CS_012/CODE_IDENT_CS_012.cs,0.9329896907216495,181,85,91,90
4364,28,baselines_work/cohorte/csharp/CODE_ESTRU_CS_012/CODE_ESTRU_CS_012.cs,70,baselines_work/cohorte/csharp/CODE_IDENT_CS_012_COPY/CODE_IDENT_CS_012.cs,0.9329896907216495,181,85,91,90
3085,6,baselines_work/cohorte/csharp/CODE_DIF_CS_006/CODE_DIF_CS_006.cs,23,baselines_work/cohorte/csharp/CODE_DIF_CS_008/CODE_DIF_CS_008.cs,0.2597402597402597,180,6,48,132
3157,5,baselines_work/cohorte/csharp/CODE_DIF_CS_007/CODE_DIF_CS_007.cs,9,baselines_work/cohorte/csharp/CODE_DIF_CS_012/CODE_DIF_CS_012.cs,0.2830188679245283,180,13,106,74
2972,0,baselines_work/cohorte/csharp/CODE_DIF_CS_004/CODE_DIF_CS_004.cs,32,baselines_work/cohorte/csharp/CODE_FUN_CS_004/CODE_FUN_CS_004.cs,0.28731942215088285,179,8,110,69
3357,11,baselines_work/cohorte/csharp/CODE_DIF_CS_010/CODE_DIF_CS_010.cs,12,baselines_work/cohorte/csharp/CODE_DIF_CS_014/CODE_DIF_CS_014.cs,0.3231046931407942,179,18,81,98
4275,22,baselines_work/cohorte/csharp/CODE_ESTRU_CS_011/CODE_ESTRU_CS_011.cs,29,baselines_work/cohorte/csharp/CODE_ESTRU_CS_013/CODE_ESTRU_CS_013.cs,0.9312169312169312,176,55,91,85
2877,2,baselines_work/cohorte/csharp/CODE_DIF_CS_003/CODE_DIF_CS_003.cs,11,baselines_work/cohorte/csharp/CODE_DIF_CS_010/CODE_DIF_CS_010.cs,0.30103806228373703,174,16,111,63
3612,12,baselines_work/cohorte/csharp/CODE_DIF_CS_014/CODE_DIF_CS_014.cs,17,baselines_work/cohorte/csharp/CODE_ESTRU_CS_004/CODE_ESTRU_CS_004.cs,0.3112701252236136,174,14,93,81
4210,24,baselines_work/cohorte/csharp/CODE_ESTRU_CS_009/CODE_ESTRU_CS_009.cs,60,baselines_work/cohorte/csharp/CODE_IDENT_CS_009/CODE_IDENT_CS_009.cs,1,174,87,87,87
4211,24,baselines_work/cohorte/csharp/CODE_ESTRU_CS_009/CODE_ESTRU_CS_009.cs,59,baselines_work/cohorte/csharp/CODE_IDENT_CS_009_COPY/CODE_IDENT_CS_009.cs,1,174,87,87,87
5408,60,baselines_work/cohorte/csharp/CODE_IDENT_CS_009/CODE_IDENT_CS_009.cs,59,baselines_work/cohorte/csharp/CODE_IDENT_CS_009_COPY/CODE_IDENT_CS_009.cs,1,174,87,87,87
3293,7,baselines_work/cohorte/csharp/CODE_DIF_CS_009/CODE_DIF_CS_009.cs,13,baselines_work/cohorte/csharp/CODE_DIF_CS_015/CODE_DIF_CS_015.cs,0.31115107913669066,173,16,73,100
2879,2,baselines_work/cohorte/csharp/CODE_DIF_CS_003/CODE_DIF_CS_003.cs,9,baselines_work/cohorte/csharp/CODE_DIF_CS_012/CODE_DIF_CS_012.cs,0.28013029315960913,172,13,109,63
3485,9,baselines_work/cohorte/csharp/CODE_DIF_CS_012/CODE_DIF_CS_012.cs,13,baselines_work/cohorte/csharp/CODE_DIF_CS_015/CODE_DIF_CS_015.cs,0.2556390977443609,170,10,76,94
3235,23,baselines_work/cohorte/csharp/CODE_DIF_CS_008/CODE_DIF_CS_008.cs,21,baselines_work/cohorte/csharp/CODE_ESTRU_CS_008/CODE_ESTRU_CS_008.cs,0.2802653399668325,169,19,113,56
4835,37,baselines_work/cohorte/csharp/CODE_FUN_CS_009/CODE_FUN_CS_009.cs,39,baselines_work/cohorte/csharp/CODE_FUN_CS_012/CODE_FUN_CS_012.cs,0.7788018433179723,169,54,83,86
3917,17,baselines_work/cohorte/csharp/CODE_ESTRU_CS_004/CODE_ESTRU_CS_004.cs,32,baselines_work/cohorte/csharp/CODE_FUN_CS_004/CODE_FUN_CS_004.cs,0.3559322033898305,168,8,93,75
3551,10,baselines_work/cohorte/csharp/CODE_DIF_CS_013/CODE_DIF_CS_013.cs,17,baselines_work/cohorte/csharp/CODE_ESTRU_CS_004/CODE_ESTRU_CS_004.cs,0.22476446837146702,167,4,104,63
4507,26,baselines_work/cohorte/csharp/CODE_ESTRU_CS_015/CODE_ESTRU_CS_015.cs,74,baselines_work/cohorte/csharp/CODE_IDENT_CS_015/CODE_IDENT_CS_015.cs,0.8217821782178217,166,60,85,81
4508,26,baselines_work/cohorte/csharp/CODE_ESTRU_CS_015/CODE_ESTRU_CS_015.cs,73,baselines_work/cohorte/csharp/CODE_IDENT_CS_015_COPY/CODE_IDENT_CS_015.cs,0.8217821782178217,166,60,85,81
3084,6,baselines_work/cohorte/csharp/CODE_DIF_CS_006/CODE_DIF_CS_006.cs,5,baselines_work/cohorte/csharp/CODE_DIF_CS_007/CODE_DIF_CS_007.cs,0.308411214953271,165,8,58,107
3358,11,baselines_work/cohorte/csharp/CODE_DIF_CS_010/CODE_DIF_CS_010.cs,13,baselines_work/cohorte/csharp/CODE_DIF_CS_015/CODE_DIF_CS_015.cs,0.26232114467408585,165,18,73,92
3021,3,baselines_work/cohorte/csharp/CODE_DIF_CS_005/CODE_DIF_CS_005.cs,10,baselines_work/cohorte/csharp/CODE_DIF_CS_013/CODE_DIF_CS_013.cs,0.23900293255131966,163,21,65,98
3250,23,baselines_work/cohorte/csharp/CODE_DIF_CS_008/CODE_DIF_CS_008.cs,35,baselines_work/cohorte/csharp/CODE_FUN_CS_008/CODE_FUN_CS_008.cs,0.250384024577573,163,5,122,41
4408,29,baselines_work/cohorte/csharp/CODE_ESTRU_CS_013/CODE_ESTRU_CS_013.cs,63,baselines_work/cohorte/csharp/CODE_IDENT_CS_011/CODE_IDENT_CS_011.cs,0.8670212765957447,163,41,76,87
4409,29,baselines_work/cohorte/csharp/CODE_ESTRU_CS_013/CODE_ESTRU_CS_013.cs,65,baselines_work/cohorte/csharp/CODE_IDENT_CS_011_COPY/CODE_IDENT_CS_011.cs,0.8670212765957447,163,41,76,87
3022,3,baselines_work/cohorte/csharp/CODE_DIF_CS_005/CODE_DIF_CS_005.cs,12,baselines_work/cohorte/csharp/CODE_DIF_CS_014/CODE_DIF_CS_014.cs,0.321285140562249,160,24,70,90
3023,3,baselines_work/cohorte/csharp/CODE_DIF_CS_005/CODE_DIF_CS_005.cs,13,baselines_work/cohorte/csharp/CODE_DIF_CS_015/CODE_DIF_CS_015.cs,0.2792321116928447,160,16,66,94
3286,23,baselines_work/cohorte/csharp/CODE_DIF_CS_008/CODE_DIF_CS_008.cs,74,baselines_work/cohorte/csharp/CODE_IDENT_CS_015/CODE_IDENT_CS_015.cs,0.2711864406779661,160,13,112,48
3287,23,baselines_work/cohorte/csharp/CODE_DIF_CS_008/CODE_DIF_CS_008.cs,73,baselines_work/cohorte/csharp/CODE_IDENT_CS_015_COPY/CODE_IDENT_CS_015.cs,0.2711864406779661,160,13,112,48
5064,43,baselines_work/cohorte/csharp/CODE_IDENT_CS_001/CODE_IDENT_CS_001.cs,46,baselines_work/cohorte/csharp/CODE_IDENT_CS_001_COPY/CODE_IDENT_CS_001.cs,1,160,80,80,80
2950,0,baselines_work/cohorte/csharp/CODE_DIF_CS_004/CODE_DIF_CS_004.cs,9,baselines_work/cohorte/csharp/CODE_DIF_CS_012/CODE_DIF_CS_012.cs,0.21662125340599456,159,5,75,84
3272,23,baselines_work/cohorte/csharp/CODE_DIF_CS_008/CODE_DIF_CS_008.cs,61,baselines_work/cohorte/csharp/CODE_IDENT_CS_008/CODE_IDENT_CS_008.cs,0.2623762376237624,159,16,109,50
3273,23,baselines_work/cohorte/csharp/CODE_DIF_CS_008/CODE_DIF_CS_008.cs,62,baselines_work/cohorte/csharp/CODE_IDENT_CS_008_COPY/CODE_IDENT_CS_008.cs,0.2623762376237624,159,16,109,50
4228,25,baselines_work/cohorte/csharp/CODE_ESTRU_CS_010/CODE_ESTRU_CS_010.cs,26,baselines_work/cohorte/csharp/CODE_ESTRU_CS_015/CODE_ESTRU_CS_015.cs,0.795,159,23,73,86
4497,26,baselines_work/cohorte/csharp/CODE_ESTRU_CS_015/CODE_ESTRU_CS_015.cs,67,baselines_work/cohorte/csharp/CODE_IDENT_CS_010/CODE_IDENT_CS_010.cs,0.795,159,23,86,73
4498,26,baselines_work/cohorte/csharp/CODE_ESTRU_CS_015/CODE_ESTRU_CS_015.cs,64,baselines_work/cohorte/csharp/CODE_IDENT_CS_010_COPY/CODE_IDENT_CS_010.cs,0.795,159,23,86,73
3355,11,baselines_work/cohorte/csharp/CODE_DIF_CS_010/CODE_DIF_CS_010.cs,9,baselines_work/cohorte/csharp/CODE_DIF_CS_012/CODE_DIF_CS_012.cs,0.27335640138408307,158,13,79,79
5003,47,baselines_work/cohorte/csharp/CODE_FUN_CS_014/CODE_FUN_CS_014.cs,44,baselines_work/cohorte/csharp/CODE_FUN_CS_015/CODE_FUN_CS_015.cs,0.6709401709401709,157,44,70,87
5493,68,baselines_work/cohorte/csharp/CODE_IDENT_CS_014/CODE_IDENT_CS_014.cs,72,baselines_work/cohorte/csharp/CODE_IDENT_CS_014_COPY/CODE_IDENT_CS_014.cs,1,154,77,77,77
2876,2,baselines_work/cohorte/csharp/CODE_DIF_CS_003/CODE_DIF_CS_003.cs,7,baselines_work/cohorte/csharp/CODE_DIF_CS_009/CODE_DIF_CS_009.cs,0.30297029702970296,153,21,102,51
3264,23,baselines_work/cohorte/csharp/CODE_DIF_CS_008/CODE_DIF_CS_008.cs,50,baselines_work/cohorte/csharp/CODE_IDENT_CS_004/CODE_IDENT_CS_004.cs,0.23252279635258358,153,7,103,50
3265,23,baselines_work/cohorte/csharp/CODE_DIF_CS_008/CODE_DIF_CS_008.cs,49,baselines_work/cohorte/csharp/CODE_IDENT_CS_004_COPY/CODE_IDENT_CS_004.cs,0.23252279635258358,153,7,103,50
4317,22,baselines_work/cohorte/csharp/CODE_ESTRU_CS_011/CODE_ESTRU_CS_011.cs,66,baselines_work/cohorte/csharp/CODE_IDENT_CS_013/CODE_IDENT_CS_013.cs,0.7704081632653061,151,44,80,71
4318,22,baselines_work/cohorte/csharp/CODE_ESTRU_CS_011/CODE_ESTRU_CS_011.cs,71,baselines_work/cohorte/csharp/CODE_IDENT_CS_013_COPY/CODE_IDENT_CS_013.cs,0.7704081632653061,151,44,80,71
2894,2,baselines_work/cohorte/csharp/CODE_DIF_CS_003/CODE_DIF_CS_003.cs,28,baselines_work/cohorte/csharp/CODE_ESTRU_CS_012/CODE_ESTRU_CS_012.cs,0.3712871287128713,150,8,111,39
2935,2,baselines_work/cohorte/csharp/CODE_DIF_CS_003/CODE_DIF_CS_003.cs,69,baselines_work/cohorte/csharp/CODE_IDENT_CS_012/CODE_IDENT_CS_012.cs,0.3712871287128713,150,8,111,39
2936,2,baselines_work/cohorte/csharp/CODE_DIF_CS_003/CODE_DIF_CS_003.cs,70,baselines_work/cohorte/csharp/CODE_IDENT_CS_012_COPY/CODE_IDENT_CS_012.cs,0.3712871287128713,150,8,111,39
2803,4,baselines_work/cohorte/csharp/CODE_DIF_CS_002/CODE_DIF_CS_002.cs,23,baselines_work/cohorte/csharp/CODE_DIF_CS_008/CODE_DIF_CS_008.cs,0.2387820512820513,149,8,47,102
2908,2,baselines_work/cohorte/csharp/CODE_DIF_CS_003/CODE_DIF_CS_003.cs,42,baselines_work/cohorte/csharp/CODE_FUN_CS_011/CODE_FUN_CS_011.cs,0.33940774487471526,149,13,93,56
3253,23,baselines_work/cohorte/csharp/CODE_DIF_CS_008/CODE_DIF_CS_008.cs,42,baselines_work/cohorte/csharp/CODE_FUN_CS_011/CODE_FUN_CS_011.cs,0.23909531502423265,148,7,99,49
3241,23,baselines_work/cohorte/csharp/CODE_DIF_CS_008/CODE_DIF_CS_008.cs,27,baselines_work/cohorte/csharp/CODE_ESTRU_CS_014/CODE_ESTRU_CS_014.cs,0.2570921985815603,145,6,111,34
2890,2,baselines_work/cohorte/csharp/CODE_DIF_CS_003/CODE_DIF_CS_003.cs,21,baselines_work/cohorte/csharp/CODE_ESTRU_CS_008/CODE_ESTRU_CS_008.cs,0.3404255319148936,144,16,94,50
2891,2,baselines_work/cohorte/csharp/CODE_DIF_CS_003/CODE_DIF_CS_003.cs,24,baselines_work/cohorte/csharp/CODE_ESTRU_CS_009/CODE_ESTRU_CS_009.cs,0.3629441624365482,143,5,109,34
2929,2,baselines_work/cohorte/csharp/CODE_DIF_CS_003/CODE_DIF_CS_003.cs,60,baselines_work/cohorte/csharp/CODE_IDENT_CS_009/CODE_IDENT_CS_009.cs,0.3629441624365482,143,5,109,34
2930,2,baselines_work/cohorte/csharp/CODE_DIF_CS_003/CODE_DIF_CS_003.cs,59,baselines_work/cohorte/csharp/CODE_IDENT_CS_009_COPY/CODE_IDENT_CS_009.cs,0.3629441624365482,143,5,109,34
2948,0,baselines_work/cohorte/csharp/CODE_DIF_CS_004/CODE_DIF_CS_004.cs,11,baselines_work/cohorte/csharp/CODE_DIF_CS_010/CODE_DIF_CS_010.cs,0.20487106017191978,143,5,73,70
3237,23,baselines_work/cohorte/csharp/CODE_DIF_CS_008/CODE_DIF_CS_008.cs,25,baselines_work/cohorte/csharp/CODE_ESTRU_CS_010/CODE_ESTRU_CS_010.cs,0.24319727891156462,143,7,105,38
3276,23,baselines_work/cohorte/csharp/CODE_DIF_CS_008/CODE_DIF_CS_008.cs,67,baselines_work/cohorte/csharp/CODE_IDENT_CS_010/CODE_IDENT_CS_010.cs,0.24319727891156462,143,7,105,38
3277,23,baselines_work/cohorte/csharp/CODE_DIF_CS_008/CODE_DIF_CS_008.cs,64,baselines_work/cohorte/csharp/CODE_IDENT_CS_010_COPY/CODE_IDENT_CS_010.cs,0.24319727891156462,143,7,105,38
4412,29,baselines_work/cohorte/csharp/CODE_ESTRU_CS_013/CODE_ESTRU_CS_013.cs,66,baselines_work/cohorte/csharp/CODE_IDENT_CS_013/CODE_IDENT_CS_013.cs,0.807909604519774,143,44,73,70
4413,29,baselines_work/cohorte/csharp/CODE_ESTRU_CS_013/CODE_ESTRU_CS_013.cs,71,baselines_work/cohorte/csharp/CODE_IDENT_CS_013_COPY/CODE_IDENT_CS_013.cs,0.807909604519774,143,44,73,70
3278,23,baselines_work/cohorte/csharp/CODE_DIF_CS_008/CODE_DIF_CS_008.cs,63,baselines_work/cohorte/csharp/CODE_IDENT_CS_011/CODE_IDENT_CS_011.cs,0.24067796610169492,142,16,92,50
3279,23,baselines_work/cohorte/csharp/CODE_DIF_CS_008/CODE_DIF_CS_008.cs,65,baselines_work/cohorte/csharp/CODE_IDENT_CS_011_COPY/CODE_IDENT_CS_011.cs,0.24067796610169492,142,16,92,50
4272,25,baselines_work/cohorte/csharp/CODE_ESTRU_CS_010/CODE_ESTRU_CS_010.cs,74,baselines_work/cohorte/csharp/CODE_IDENT_CS_015/CODE_IDENT_CS_015.cs,0.696078431372549,142,23,69,73
4273,25,baselines_work/cohorte/csharp/CODE_ESTRU_CS_010/CODE_ESTRU_CS_010.cs,73,baselines_work/cohorte/csharp/CODE_IDENT_CS_015_COPY/CODE_IDENT_CS_015.cs,0.696078431372549,142,23,69,73
5309,57,baselines_work/cohorte/csharp/CODE_IDENT_CS_006/CODE_IDENT_CS_006.cs,56,baselines_work/cohorte/csharp/CODE_IDENT_CS_006_COPY/CODE_IDENT_CS_006.cs,1,142,71,71,71
5442,67,baselines_work/cohorte/csharp/CODE_IDENT_CS_010/CODE_IDENT_CS_010.cs,74,baselines_work/cohorte/csharp/CODE_IDENT_CS_015/CODE_IDENT_CS_015.cs,0.696078431372549,142,23,69,73
5443,67,baselines_work/cohorte/csharp/CODE_IDENT_CS_010/CODE_IDENT_CS_010.cs,73,baselines_work/cohorte/csharp/CODE_IDENT_CS_015_COPY/CODE_IDENT_CS_015.cs,0.696078431372549,142,23,69,73
5452,64,baselines_work/cohorte/csharp/CODE_IDENT_CS_010_COPY/CODE_IDENT_CS_010.cs,74,baselines_work/cohorte/csharp/CODE_IDENT_CS_015/CODE_IDENT_CS_015.cs,0.696078431372549,142,23,69,73
5453,64,baselines_work/cohorte/csharp/CODE_IDENT_CS_010_COPY/CODE_IDENT_CS_010.cs,73,baselines_work/cohorte/csharp/CODE_IDENT_CS_015_COPY/CODE_IDENT_CS_015.cs,0.696078431372549,142,23,69,73
5457,63,baselines_work/cohorte/csharp/CODE_IDENT_CS_011/CODE_IDENT_CS_011.cs,66,baselines_work/cohorte/csharp/CODE_IDENT_CS_013/CODE_IDENT_CS_013.cs,0.7282051282051282,142,41,77,65
5458,63,baselines_work/cohorte/csharp/CODE_IDENT_CS_011/CODE_IDENT_CS_011.cs,71,baselines_work/cohorte/csharp/CODE_IDENT_CS_013_COPY/CODE_IDENT_CS_013.cs,0.7282051282051282,142,41,77,65
5465,65,baselines_work/cohorte/csharp/CODE_IDENT_CS_011_COPY/CODE_IDENT_CS_011.cs,66,baselines_work/cohorte/csharp/CODE_IDENT_CS_013/CODE_IDENT_CS_013.cs,0.7282051282051282,142,41,77,65
5466,65,baselines_work/cohorte/csharp/CODE_IDENT_CS_011_COPY/CODE_IDENT_CS_011.cs,71,baselines_work/cohorte/csharp/CODE_IDENT_CS_013_COPY/CODE_IDENT_CS_013.cs,0.7282051282051282,142,41,77,65
2730,1,baselines_work/cohorte/csharp/CODE_DIF_CS_001/CODE_DIF_CS_001.cs,23,baselines_work/cohorte/csharp/CODE_DIF_CS_008/CODE_DIF_CS_008.cs,0.23267326732673269,141,5,37,104
2941,2,baselines_work/cohorte/csharp/CODE_DIF_CS_003/CODE_DIF_CS_003.cs,74,baselines_work/cohorte/csharp/CODE_IDENT_CS_015/CODE_IDENT_CS_015.cs,0.3439024390243902,141,5,95,46
2942,2,baselines_work/cohorte/csharp/CODE_DIF_CS_003/CODE_DIF_CS_003.cs,73,baselines_work/cohorte/csharp/CODE_IDENT_CS_015_COPY/CODE_IDENT_CS_015.cs,0.3439024390243902,141,5,95,46
3238,23,baselines_work/cohorte/csharp/CODE_DIF_CS_008/CODE_DIF_CS_008.cs,22,baselines_work/cohorte/csharp/CODE_ESTRU_CS_011/CODE_ESTRU_CS_011.cs,0.23857868020304568,141,16,91,50
3242,23,baselines_work/cohorte/csharp/CODE_DIF_CS_008/CODE_DIF_CS_008.cs,26,baselines_work/cohorte/csharp/CODE_ESTRU_CS_015/CODE_ESTRU_CS_015.cs,0.24061433447098976,141,6,100,41
3164,5,baselines_work/cohorte/csharp/CODE_DIF_CS_007/CODE_DIF_CS_007.cs,17,baselines_work/cohorte/csharp/CODE_ESTRU_CS_004/CODE_ESTRU_CS_004.cs,0.23140495867768596,140,7,78,62
3168,5,baselines_work/cohorte/csharp/CODE_DIF_CS_007/CODE_DIF_CS_007.cs,21,baselines_work/cohorte/csharp/CODE_ESTRU_CS_008/CODE_ESTRU_CS_008.cs,0.3146067415730337,140,20,83,57
3183,5,baselines_work/cohorte/csharp/CODE_DIF_CS_007/CODE_DIF_CS_007.cs,35,baselines_work/cohorte/csharp/CODE_FUN_CS_008/CODE_FUN_CS_008.cs,0.2839756592292089,140,6,91,49
3248,23,baselines_work/cohorte/csharp/CODE_DIF_CS_008/CODE_DIF_CS_008.cs,38,baselines_work/cohorte/csharp/CODE_FUN_CS_006/CODE_FUN_CS_006.cs,0.23333333333333334,140,13,103,37
3284,23,baselines_work/cohorte/csharp/CODE_DIF_CS_008/CODE_DIF_CS_008.cs,68,baselines_work/cohorte/csharp/CODE_IDENT_CS_014/CODE_IDENT_CS_014.cs,0.24822695035460993,140,5,109,31
3285,23,baselines_work/cohorte/csharp/CODE_DIF_CS_008/CODE_DIF_CS_008.cs,72,baselines_work/cohorte/csharp/CODE_IDENT_CS_014_COPY/CODE_IDENT_CS_014.cs,0.24822695035460993,140,5,109,31
2927,2,baselines_work/cohorte/csharp/CODE_DIF_CS_003/CODE_DIF_CS_003.cs,61,baselines_work/cohorte/csharp/CODE_IDENT_CS_008/CODE_IDENT_CS_008.cs,0.32629107981220656,139,16,92,47
2928,2,baselines_work/cohorte/csharp/CODE_DIF_CS_003/CODE_DIF_CS_003.cs,62,baselines_work/cohorte/csharp/CODE_IDENT_CS_008_COPY/CODE_IDENT_CS_008.cs,0.32629107981220656,139,16,92,47
3758,14,baselines_work/cohorte/csharp/CODE_ESTRU_CS_001/CODE_ESTRU_CS_001.cs,43,baselines_work/cohorte/csharp/CODE_IDENT_CS_001/CODE_IDENT_CS_001.cs,0.7513513513513513,139,13,72,67
3759,14,baselines_work/cohorte/csharp/CODE_ESTRU_CS_001/CODE_ESTRU_CS_001.cs,46,baselines_work/cohorte/csharp/CODE_IDENT_CS_001_COPY/CODE_IDENT_CS_001.cs,0.7513513513513513,139,13,72,67
3280,23,baselines_work/cohorte/csharp/CODE_DIF_CS_008/CODE_DIF_CS_008.cs,69,baselines_work/cohorte/csharp/CODE_IDENT_CS_012/CODE_IDENT_CS_012.cs,0.2363013698630137,138,7,101,37
3281,23,baselines_work/cohorte/csharp/CODE_DIF_CS_008/CODE_DIF_CS_008.cs,70,baselines_work/cohorte/csharp/CODE_IDENT_CS_012_COPY/CODE_IDENT_CS_012.cs,0.2363013698630137,138,7,101,37
4462,27,baselines_work/cohorte/csharp/CODE_ESTRU_CS_014/CODE_ESTRU_CS_014.cs,74,baselines_work/cohorte/csharp/CODE_IDENT_CS_015/CODE_IDENT_CS_015.cs,0.7611111111111111,137,41,62,75
4463,27,baselines_work/cohorte/csharp/CODE_ESTRU_CS_014/CODE_ESTRU_CS_014.cs,73,baselines_work/cohorte/csharp/CODE_IDENT_CS_015_COPY/CODE_IDENT_CS_015.cs,0.7611111111111111,137,41,62,75
2886,2,baselines_work/cohorte/csharp/CODE_DIF_CS_003/CODE_DIF_CS_003.cs,17,baselines_work/cohorte/csharp/CODE_ESTRU_CS_004/CODE_ESTRU_CS_004.cs,0.2332761578044597,136,6,86,50
2943,0,baselines_work/cohorte/csharp/CODE_DIF_CS_004/CODE_DIF_CS_004.cs,3,baselines_work/cohorte/csharp/CODE_DIF_CS_005/CODE_DIF_CS_005.cs,0.2118380062305296,136,5,67,69
3584,10,baselines_work/cohorte/csharp/CODE_DIF_CS_013/CODE_DIF_CS_013.cs,50,baselines_work/cohorte/csharp/CODE_IDENT_CS_004/CODE_IDENT_CS_004.cs,0.21316614420062696,136,7,88,48
3585,10,baselines_work/cohorte/csharp/CODE_DIF_CS_013/CODE_DIF_CS_013.cs,49,baselines_work/cohorte/csharp/CODE_IDENT_CS_004_COPY/CODE_IDENT_CS_004.cs,0.21316614420062696,136,7,88,48
4175,24,baselines_work/cohorte/csharp/CODE_ESTRU_CS_009/CODE_ESTRU_CS_009.cs,28,baselines_work/cohorte/csharp/CODE_ESTRU_CS_012/CODE_ESTRU_CS_012.cs,0.7391304347826086,136,50,66,70
4216,24,baselines_work/cohorte/csharp/CODE_ESTRU_CS_009/CODE_ESTRU_CS_009.cs,69,baselines_work/cohorte/csharp/CODE_IDENT_CS_012/CODE_IDENT_CS_012.cs,0.7391304347826086,136,50,66,70
4217,24,baselines_work/cohorte/csharp/CODE_ESTRU_CS_009/CODE_ESTRU_CS_009.cs,70,baselines_work/cohorte/csharp/CODE_IDENT_CS_012_COPY/CODE_IDENT_CS_012.cs,0.7391304347826086,136,50,66,70
4357,28,baselines_work/cohorte/csharp/CODE_ESTRU_CS_012/CODE_ESTRU_CS_012.cs,60,baselines_work/cohorte/csharp/CODE_IDENT_CS_009/CODE_IDENT_CS_009.cs,0.7391304347826086,136,50,70,66
4358,28,baselines_work/cohorte/csharp/CODE_ESTRU_CS_012/CODE_ESTRU_CS_012.cs,59,baselines_work/cohorte/csharp/CODE_IDENT_CS_009_COPY/CODE_IDENT_CS_009.cs,0.7391304347826086,136,50,70,66
5413,60,baselines_work/cohorte/csharp/CODE_IDENT_CS_009/CODE_IDENT_CS_009.cs,69,baselines_work/cohorte/csharp/CODE_IDENT_CS_012/CODE_IDENT_CS_012.cs,0.7391304347826086,136,50,66,70
5414,60,baselines_work/cohorte/csharp/CODE_IDENT_CS_009/CODE_IDENT_CS_009.cs,70,baselines_work/cohorte/csharp/CODE_IDENT_CS_012_COPY/CODE_IDENT_CS_012.cs,0.7391304347826086,136,50,66,70
5425,59,baselines_work/cohorte/csharp/CODE_IDENT_CS_009_COPY/CODE_IDENT_CS_009.cs,69,baselines_work/cohorte/csharp/CODE_IDENT_CS_012/CODE_IDENT_CS_012.cs,0.7391304347826086,136,50,66,70
5426,59,baselines_work/cohorte/csharp/CODE_IDENT_CS_009_COPY/CODE_IDENT_CS_009.cs,70,baselines_work/cohorte/csharp/CODE_IDENT_CS_012_COPY/CODE_IDENT_CS_012.cs,0.7391304347826086,136,50,66,70
2910,2,baselines_work/cohorte/csharp/CODE_DIF_CS_003/CODE_DIF_CS_003.cs,40,baselines_work/cohorte/csharp/CODE_FUN_CS_013/CODE_FUN_CS_013.cs,0.3117782909930716,135,13,88,47
3233,23,baselines_work/cohorte/csharp/CODE_DIF_CS_008/CODE_DIF_CS_008.cs,19,baselines_work/cohorte/csharp/CODE_ESTRU_CS_006/CODE_ESTRU_CS_006.cs,0.2402135231316726,135,5,100,35
2897,2,baselines_work/cohorte/csharp/CODE_DIF_CS_003/CODE_DIF_CS_003.cs,26,baselines_work/cohorte/csharp/CODE_ESTRU_CS_015/CODE_ESTRU_CS_015.cs,0.33004926108374383,134,5,91,43
2990,0,baselines_work/cohorte/csharp/CODE_DIF_CS_004/CODE_DIF_CS_004.cs,50,baselines_work/cohorte/csharp/CODE_IDENT_CS_004/CODE_IDENT_CS_004.cs,0.22408026755852842,134,6,79,55
2991,0,baselines_work/cohorte/csharp/CODE_DIF_CS_004/CODE_DIF_CS_004.cs,49,baselines_work/cohorte/csharp/CODE_IDENT_CS_004_COPY/CODE_IDENT_CS_004.cs,0.22408026755852842,134,6,79,55
3090,6,baselines_work/cohorte/csharp/CODE_DIF_CS_006/CODE_DIF_CS_006.cs,10,baselines_work/cohorte/csharp/CODE_DIF_CS_013/CODE_DIF_CS_013.cs,0.19910846953937592,134,6,47,87
3257,23,baselines_work/cohorte/csharp/CODE_DIF_CS_008/CODE_DIF_CS_008.cs,44,baselines_work/cohorte/csharp/CODE_FUN_CS_015/CODE_FUN_CS_015.cs,0.21895424836601307,134,15,97,37
2802,4,baselines_work/cohorte/csharp/CODE_DIF_CS_002/CODE_DIF_CS_002.cs,5,baselines_work/cohorte/csharp/CODE_DIF_CS_007/CODE_DIF_CS_007.cs,0.2854077253218884,133,8,47,86
3018,3,baselines_work/cohorte/csharp/CODE_DIF_CS_005/CODE_DIF_CS_005.cs,11,baselines_work/cohorte/csharp/CODE_DIF_CS_010/CODE_DIF_CS_010.cs,0.2736625514403292,133,16,65,68
3555,10,baselines_work/cohorte/csharp/CODE_DIF_CS_013/CODE_DIF_CS_013.cs,21,baselines_work/cohorte/csharp/CODE_ESTRU_CS_008/CODE_ESTRU_CS_008.cs,0.2281303602058319,133,16,75,58
3205,5,baselines_work/cohorte/csharp/CODE_DIF_CS_007/CODE_DIF_CS_007.cs,61,baselines_work/cohorte/csharp/CODE_IDENT_CS_008/CODE_IDENT_CS_008.cs,0.29464285714285715,132,16,81,51
3206,5,baselines_work/cohorte/csharp/CODE_DIF_CS_007/CODE_DIF_CS_007.cs,62,baselines_work/cohorte/csharp/CODE_IDENT_CS_008_COPY/CODE_IDENT_CS_008.cs,0.29464285714285715,132,16,81,51
3234,23,baselines_work/cohorte/csharp/CODE_DIF_CS_008/CODE_DIF_CS_008.cs,20,baselines_work/cohorte/csharp/CODE_ESTRU_CS_007/CODE_ESTRU_CS_007.cs,0.24220183486238533,132,7,101,31
3239,23,baselines_work/cohorte/csharp/CODE_DIF_CS_008/CODE_DIF_CS_008.cs,28,baselines_work/cohorte/csharp/CODE_ESTRU_CS_012/CODE_ESTRU_CS_012.cs,0.22602739726027396,132,5,98,34
3240,23,baselines_work/cohorte/csharp/CODE_DIF_CS_008/CODE_DIF_CS_008.cs,29,baselines_work/cohorte/csharp/CODE_ESTRU_CS_013/CODE_ESTRU_CS_013.cs,0.23076923076923078,132,16,91,41
3255,23,baselines_work/cohorte/csharp/CODE_DIF_CS_008/CODE_DIF_CS_008.cs,40,baselines_work/cohorte/csharp/CODE_FUN_CS_013/CODE_FUN_CS_013.cs,0.21533442088091354,132,7,90,42
3270,23,baselines_work/cohorte/csharp/CODE_DIF_CS_008/CODE_DIF_CS_008.cs,54,baselines_work/cohorte/csharp/CODE_IDENT_CS_007/CODE_IDENT_CS_007.cs,0.24220183486238533,132,7,101,31
3271,23,baselines_work/cohorte/csharp/CODE_DIF_CS_008/CODE_DIF_CS_008.cs,58,baselines_work/cohorte/csharp/CODE_IDENT_CS_007_COPY/CODE_IDENT_CS_007.cs,0.24220183486238533,132,7,101,31
3282,23,baselines_work/cohorte/csharp/CODE_DIF_CS_008/CODE_DIF_CS_008.cs,66,baselines_work/cohorte/csharp/CODE_IDENT_CS_013/CODE_IDENT_CS_013.cs,0.22797927461139897,132,16,84,48
3283,23,baselines_work/cohorte/csharp/CODE_DIF_CS_008/CODE_DIF_CS_008.cs,71,baselines_work/cohorte/csharp/CODE_IDENT_CS_013_COPY/CODE_IDENT_CS_013.cs,0.22797927461139897,132,16,84,48
3246,23,baselines_work/cohorte/csharp/CODE_DIF_CS_008/CODE_DIF_CS_008.cs,32,baselines_work/cohorte/csharp/CODE_FUN_CS_004/CODE_FUN_CS_004.cs,0.191800878477306,131,4,95,36
3252,23,baselines_work/cohorte/csharp/CODE_DIF_CS_008/CODE_DIF_CS_008.cs,41,baselines_work/cohorte/csharp/CODE_FUN_CS_010/CODE_FUN_CS_010.cs,0.22165820642978004,131,5,104,27
3592,10,baselines_work/cohorte/csharp/CODE_DIF_CS_013/CODE_DIF_CS_013.cs,61,baselines_work/cohorte/csharp/CODE_IDENT_CS_008/CODE_IDENT_CS_008.cs,0.2235494880546075,131,16,73,58
3593,10,baselines_work/cohorte/csharp/CODE_DIF_CS_013/CODE_DIF_CS_013.cs,62,baselines_work/cohorte/csharp/CODE_IDENT_CS_008_COPY/CODE_IDENT_CS_008.cs,0.2235494880546075,131,16,73,58
3091,6,baselines_work/cohorte/csharp/CODE_DIF_CS_006/CODE_DIF_CS_006.cs,12,baselines_work/cohorte/csharp/CODE_DIF_CS_014/CODE_DIF_CS_014.cs,0.2658486707566462,130,6,46,84
3232,23,baselines_work/cohorte/csharp/CODE_DIF_CS_008/CODE_DIF_CS_008.cs,18,baselines_work/cohorte/csharp/CODE_ESTRU_CS_005/CODE_ESTRU_CS_005.cs,0.2376599634369287,130,5,103,27
3489,9,baselines_work/cohorte/csharp/CODE_DIF_CS_012/CODE_DIF_CS_012.cs,17,baselines_work/cohorte/csharp/CODE_ESTRU_CS_004/CODE_ESTRU_CS_004.cs,0.22298456260720412,130,8,69,61
5494,68,baselines_work/cohorte/csharp/CODE_IDENT_CS_014/CODE_IDENT_CS_014.cs,74,baselines_work/cohorte/csharp/CODE_IDENT_CS_015/CODE_IDENT_CS_015.cs,0.7222222222222222,130,41,58,72
5495,68,baselines_work/cohorte/csharp/CODE_IDENT_CS_014/CODE_IDENT_CS_014.cs,73,baselines_work/cohorte/csharp/CODE_IDENT_CS_015_COPY/CODE_IDENT_CS_015.cs,0.7222222222222222,130,41,58,72
5496,72,baselines_work/cohorte/csharp/CODE_IDENT_CS_014_COPY/CODE_IDENT_CS_014.cs,74,baselines_work/cohorte/csharp/CODE_IDENT_CS_015/CODE_IDENT_CS_015.cs,0.7222222222222222,130,41,58,72
5497,72,baselines_work/cohorte/csharp/CODE_IDENT_CS_014_COPY/CODE_IDENT_CS_014.cs,73,baselines_work/cohorte/csharp/CODE_IDENT_CS_015_COPY/CODE_IDENT_CS_015.cs,0.7222222222222222,130,41,58,72
2892,2,baselines_work/cohorte/csharp/CODE_DIF_CS_003/CODE_DIF_CS_003.cs,25,baselines_work/cohorte/csharp/CODE_ESTRU_CS_010/CODE_ESTRU_CS_010.cs,0.3161764705882353,129,6,93,36
2896,2,baselines_work/cohorte/csharp/CODE_DIF_CS_003/CODE_DIF_CS_003.cs,27,baselines_work/cohorte/csharp/CODE_ESTRU_CS_014/CODE_ESTRU_CS_014.cs,0.3359375,129,5,95,34
2931,2,baselines_work/cohorte/csharp/CODE_DIF_CS_003/CODE_DIF_CS_003.cs,67,baselines_work/cohorte/csharp/CODE_IDENT_CS_010/CODE_IDENT_CS_010.cs,0.3161764705882353,129,6,93,36
2932,2,baselines_work/cohorte/csharp/CODE_DIF_CS_003/CODE_DIF_CS_003.cs,64,baselines_work/cohorte/csharp/CODE_IDENT_CS_010_COPY/CODE_IDENT_CS_010.cs,0.3161764705882353,129,6,93,36
2939,2,baselines_work/cohorte/csharp/CODE_DIF_CS_003/CODE_DIF_CS_003.cs,68,baselines_work/cohorte/csharp/CODE_IDENT_CS_014/CODE_IDENT_CS_014.cs,0.3359375,129,5,95,34
2940,2,baselines_work/cohorte/csharp/CODE_DIF_CS_003/CODE_DIF_CS_003.cs,72,baselines_work/cohorte/csharp/CODE_IDENT_CS_014_COPY/CODE_IDENT_CS_014.cs,0.3359375,129,5,95,34
3014,3,baselines_work/cohorte/csharp/CODE_DIF_CS_005/CODE_DIF_CS_005.cs,6,baselines_work/cohorte/csharp/CODE_DIF_CS_006/CODE_DIF_CS_006.cs,0.30403800475059384,128,6,68,60
4460,27,baselines_work/cohorte/csharp/CODE_ESTRU_CS_014/CODE_ESTRU_CS_014.cs,68,baselines_work/cohorte/csharp/CODE_IDENT_CS_014/CODE_IDENT_CS_014.cs,0.8311688311688312,128,45,64,64
4461,27,baselines_work/cohorte/csharp/CODE_ESTRU_CS_014/CODE_ESTRU_CS_014.cs,72,baselines_work/cohorte/csharp/CODE_IDENT_CS_014_COPY/CODE_IDENT_CS_014.cs,0.8311688311688312,128,45,64,64
3713,13,baselines_work/cohorte/csharp/CODE_DIF_CS_015/CODE_DIF_CS_015.cs,61,baselines_work/cohorte/csharp/CODE_IDENT_CS_008/CODE_IDENT_CS_008.cs,0.2662473794549266,127,16,71,56
3714,13,baselines_work/cohorte/csharp/CODE_DIF_CS_015/CODE_DIF_CS_015.cs,62,baselines_work/cohorte/csharp/CODE_IDENT_CS_008_COPY/CODE_IDENT_CS_008.cs,0.2662473794549266,127,16,71,56
3672,13,baselines_work/cohorte/csharp/CODE_DIF_CS_015/CODE_DIF_CS_015.cs,17,baselines_work/cohorte/csharp/CODE_ESTRU_CS_004/CODE_ESTRU_CS_004.cs,0.19873817034700317,126,4,69,57
2893,2,baselines_work/cohorte/csharp/CODE_DIF_CS_003/CODE_DIF_CS_003.cs,22,baselines_work/cohorte/csharp/CODE_ESTRU_CS_011/CODE_ESTRU_CS_011.cs,0.30413625304136255,125,16,77,48
3236,23,baselines_work/cohorte/csharp/CODE_DIF_CS_008/CODE_DIF_CS_008.cs,24,baselines_work/cohorte/csharp/CODE_ESTRU_CS_009/CODE_ESTRU_CS_009.cs,0.21777003484320556,125,5,96,29
3274,23,baselines_work/cohorte/csharp/CODE_DIF_CS_008/CODE_DIF_CS_008.cs,60,baselines_work/cohorte/csharp/CODE_IDENT_CS_009/CODE_IDENT_CS_009.cs,0.21777003484320556,125,5,96,29
3275,23,baselines_work/cohorte/csharp/CODE_DIF_CS_008/CODE_DIF_CS_008.cs,59,baselines_work/cohorte/csharp/CODE_IDENT_CS_009_COPY/CODE_IDENT_CS_009.cs,0.21777003484320556,125,5,96,29
2810,4,baselines_work/cohorte/csharp/CODE_DIF_CS_002/CODE_DIF_CS_002.cs,13,baselines_work/cohorte/csharp/CODE_DIF_CS_015/CODE_DIF_CS_015.cs,0.2505050505050505,124,8,49,75
2903,2,baselines_work/cohorte/csharp/CODE_DIF_CS_003/CODE_DIF_CS_003.cs,38,baselines_work/cohorte/csharp/CODE_FUN_CS_006/CODE_FUN_CS_006.cs,0.29523809523809524,124,13,89,35
2907,2,baselines_work/cohorte/csharp/CODE_DIF_CS_003/CODE_DIF_CS_003.cs,41,baselines_work/cohorte/csharp/CODE_FUN_CS_010/CODE_FUN_CS_010.cs,0.30170316301703165,124,4,93,31
2933,2,baselines_work/cohorte/csharp/CODE_DIF_CS_003/CODE_DIF_CS_003.cs,63,baselines_work/cohorte/csharp/CODE_IDENT_CS_011/CODE_IDENT_CS_011.cs,0.3024390243902439,124,16,77,47
2934,2,baselines_work/cohorte/csharp/CODE_DIF_CS_003/CODE_DIF_CS_003.cs,65,baselines_work/cohorte/csharp/CODE_IDENT_CS_011_COPY/CODE_IDENT_CS_011.cs,0.3024390243902439,124,16,77,47
3266,23,baselines_work/cohorte/csharp/CODE_DIF_CS_008/CODE_DIF_CS_008.cs,51,baselines_work/cohorte/csharp/CODE_IDENT_CS_005/CODE_IDENT_CS_005.cs,0.2309124767225326,124,5,102,22
3267,23,baselines_work/cohorte/csharp/CODE_DIF_CS_008/CODE_DIF_CS_008.cs,52,baselines_work/cohorte/csharp/CODE_IDENT_CS_005_COPY/CODE_IDENT_CS_005.cs,0.2309124767225326,124,5,102,22
3606,10,baselines_work/cohorte/csharp/CODE_DIF_CS_013/CODE_DIF_CS_013.cs,74,baselines_work/cohorte/csharp/CODE_IDENT_CS_015/CODE_IDENT_CS_015.cs,0.21754385964912282,124,14,79,45
3607,10,baselines_work/cohorte/csharp/CODE_DIF_CS_013/CODE_DIF_CS_013.cs,73,baselines_work/cohorte/csharp/CODE_IDENT_CS_015_COPY/CODE_IDENT_CS_015.cs,0.21754385964912282,124,14,79,45
4719,38,baselines_work/cohorte/csharp/CODE_FUN_CS_006/CODE_FUN_CS_006.cs,34,baselines_work/cohorte/csharp/CODE_FUN_CS_007/CODE_FUN_CS_007.cs,0.5904761904761905,124,22,65,59
3092,6,baselines_work/cohorte/csharp/CODE_DIF_CS_006/CODE_DIF_CS_006.cs,13,baselines_work/cohorte/csharp/CODE_DIF_CS_015/CODE_DIF_CS_015.cs,0.21808510638297873,123,5,45,78
3256,23,baselines_work/cohorte/csharp/CODE_DIF_CS_008/CODE_DIF_CS_008.cs,47,baselines_work/cohorte/csharp/CODE_FUN_CS_014/CODE_FUN_CS_014.cs,0.2063758389261745,123,5,98,25
3616,12,baselines_work/cohorte/csharp/CODE_DIF_CS_014/CODE_DIF_CS_014.cs,21,baselines_work/cohorte/csharp/CODE_ESTRU_CS_008/CODE_ESTRU_CS_008.cs,0.3082706766917293,123,16,70,53
3631,12,baselines_work/cohorte/csharp/CODE_DIF_CS_014/CODE_DIF_CS_014.cs,35,baselines_work/cohorte/csharp/CODE_FUN_CS_008/CODE_FUN_CS_008.cs,0.2751677852348993,123,7,78,45
4655,32,baselines_work/cohorte/csharp/CODE_FUN_CS_004/CODE_FUN_CS_004.cs,50,baselines_work/cohorte/csharp/CODE_IDENT_CS_004/CODE_IDENT_CS_004.cs,0.335149863760218,123,13,59,64
4656,32,baselines_work/cohorte/csharp/CODE_FUN_CS_004/CODE_FUN_CS_004.cs,49,baselines_work/cohorte/csharp/CODE_IDENT_CS_004_COPY/CODE_IDENT_CS_004.cs,0.335149863760218,123,13,59,64
2725,1,baselines_work/cohorte/csharp/CODE_DIF_CS_001/CODE_DIF_CS_001.cs,2,baselines_work/cohorte/csharp/CODE_DIF_CS_003/CODE_DIF_CS_003.cs,0.2863849765258216,122,5,31,91
3020,3,baselines_work/cohorte/csharp/CODE_DIF_CS_005/CODE_DIF_CS_005.cs,9,baselines_work/cohorte/csharp/CODE_DIF_CS_012/CODE_DIF_CS_012.cs,0.23371647509578544,122,13,60,62
3243,23,baselines_work/cohorte/csharp/CODE_DIF_CS_008/CODE_DIF_CS_008.cs,30,baselines_work/cohorte/csharp/CODE_FUN_CS_001/CODE_FUN_CS_001.cs,0.21143847487001732,122,10,93,29
3570,10,baselines_work/cohorte/csharp/CODE_DIF_CS_013/CODE_DIF_CS_013.cs,35,baselines_work/cohorte/csharp/CODE_FUN_CS_008/CODE_FUN_CS_008.cs,0.19334389857369255,122,5,81,41
4680,36,baselines_work/cohorte/csharp/CODE_FUN_CS_005/CODE_FUN_CS_005.cs,34,baselines_work/cohorte/csharp/CODE_FUN_CS_007/CODE_FUN_CS_007.cs,0.7052023121387283,122,23,60,62
2808,4,baselines_work/cohorte/csharp/CODE_DIF_CS_002/CODE_DIF_CS_002.cs,10,baselines_work/cohorte/csharp/CODE_DIF_CS_013/CODE_DIF_CS_013.cs,0.20033112582781457,121,8,47,74
3019,3,baselines_work/cohorte/csharp/CODE_DIF_CS_005/CODE_DIF_CS_005.cs,8,baselines_work/cohorte/csharp/CODE_DIF_CS_011/CODE_DIF_CS_011.cs,0.22659176029962547,121,17,60,61
2800,4,baselines_work/cohorte/csharp/CODE_DIF_CS_002/CODE_DIF_CS_002.cs,3,baselines_work/cohorte/csharp/CODE_DIF_CS_005/CODE_DIF_CS_005.cs,0.3409090909090909,120,9,55,65
2911,2,baselines_work/cohorte/csharp/CODE_DIF_CS_003/CODE_DIF_CS_003.cs,47,baselines_work/cohorte/csharp/CODE_FUN_CS_014/CODE_FUN_CS_014.cs,0.2860576923076923,119,6,93,26
2912,2,baselines_work/cohorte/csharp/CODE_DIF_CS_003/CODE_DIF_CS_003.cs,44,baselines_work/cohorte/csharp/CODE_FUN_CS_015/CODE_FUN_CS_015.cs,0.27546296296296297,119,6,88,31
3426,8,baselines_work/cohorte/csharp/CODE_DIF_CS_011/CODE_DIF_CS_011.cs,17,baselines_work/cohorte/csharp/CODE_ESTRU_CS_004/CODE_ESTRU_CS_004.cs,0.2,119,7,65,54
3676,13,baselines_work/cohorte/csharp/CODE_DIF_CS_015/CODE_DIF_CS_015.cs,21,baselines_work/cohorte/csharp/CODE_ESTRU_CS_008/CODE_ESTRU_CS_008.cs,0.2510548523206751,119,16,69,50
3935,17,baselines_work/cohorte/csharp/CODE_ESTRU_CS_004/CODE_ESTRU_CS_004.cs,50,baselines_work/cohorte/csharp/CODE_IDENT_CS_004/CODE_IDENT_CS_004.cs,0.2662192393736018,119,7,65,54
3936,17,baselines_work/cohorte/csharp/CODE_ESTRU_CS_004/CODE_ESTRU_CS_004.cs,49,baselines_work/cohorte/csharp/CODE_IDENT_CS_004_COPY/CODE_IDENT_CS_004.cs,0.2662192393736018,119,7,65,54
3566,10,baselines_work/cohorte/csharp/CODE_DIF_CS_013/CODE_DIF_CS_013.cs,32,baselines_work/cohorte/csharp/CODE_FUN_CS_004/CODE_FUN_CS_004.cs,0.1779788838612368,118,7,85,33
3627,12,baselines_work/cohorte/csharp/CODE_DIF_CS_014/CODE_DIF_CS_014.cs,32,baselines_work/cohorte/csharp/CODE_FUN_CS_004/CODE_FUN_CS_004.cs,0.24425887265135698,117,5,75,42
2888,2,baselines_work/cohorte/csharp/CODE_DIF_CS_003/CODE_DIF_CS_003.cs,19,baselines_work/cohorte/csharp/CODE_ESTRU_CS_006/CODE_ESTRU_CS_006.cs,0.3036649214659686,116,4,83,33
2895,2,baselines_work/cohorte/csharp/CODE_DIF_CS_003/CODE_DIF_CS_003.cs,29,baselines_work/cohorte/csharp/CODE_ESTRU_CS_013/CODE_ESTRU_CS_013.cs,0.29591836734693877,116,16,77,39
2947,0,baselines_work/cohorte/csharp/CODE_DIF_CS_004/CODE_DIF_CS_004.cs,7,baselines_work/cohorte/csharp/CODE_DIF_CS_009/CODE_DIF_CS_009.cs,0.1856,116,5,58,58
3249,23,baselines_work/cohorte/csharp/CODE_DIF_CS_008/CODE_DIF_CS_008.cs,34,baselines_work/cohorte/csharp/CODE_FUN_CS_007/CODE_FUN_CS_007.cs,0.19863013698630136,116,6,92,24
3493,9,baselines_work/cohorte/csharp/CODE_DIF_CS_012/CODE_DIF_CS_012.cs,21,baselines_work/cohorte/csharp/CODE_ESTRU_CS_008/CODE_ESTRU_CS_008.cs,0.27423167848699764,116,10,60,56
3691,13,baselines_work/cohorte/csharp/CODE_DIF_CS_015/CODE_DIF_CS_015.cs,35,baselines_work/cohorte/csharp/CODE_FUN_CS_008/CODE_FUN_CS_008.cs,0.2222222222222222,116,4,76,40
4103,20,baselines_work/cohorte/csharp/CODE_ESTRU_CS_007/CODE_ESTRU_CS_007.cs,54,baselines_work/cohorte/csharp/CODE_IDENT_CS_007/CODE_IDENT_CS_007.cs,1,116,58,58,58
4104,20,baselines_work/cohorte/csharp/CODE_ESTRU_CS_007/CODE_ESTRU_CS_007.cs,58,baselines_work/cohorte/csharp/CODE_IDENT_CS_007_COPY/CODE_IDENT_CS_007.cs,1,116,58,58,58
5346,54,baselines_work/cohorte/csharp/CODE_IDENT_CS_007/CODE_IDENT_CS_007.cs,58,baselines_work/cohorte/csharp/CODE_IDENT_CS_007_COPY/CODE_IDENT_CS_007.cs,1,116,58,58,58
2735,1,baselines_work/cohorte/csharp/CODE_DIF_CS_001/CODE_DIF_CS_001.cs,10,baselines_work/cohorte/csharp/CODE_DIF_CS_013/CODE_DIF_CS_013.cs,0.1962457337883959,115,5,37,78
2809,4,baselines_work/cohorte/csharp/CODE_DIF_CS_002/CODE_DIF_CS_002.cs,12,baselines_work/cohorte/csharp/CODE_DIF_CS_014/CODE_DIF_CS_014.cs,0.27380952380952384,115,8,45,70
3115,6,baselines_work/cohorte/csharp/CODE_DIF_CS_006/CODE_DIF_CS_006.cs,35,baselines_work/cohorte/csharp/CODE_FUN_CS_008/CODE_FUN_CS_008.cs,0.3108108108108108,115,7,60,55
3645,12,baselines_work/cohorte/csharp/CODE_DIF_CS_014/CODE_DIF_CS_014.cs,50,baselines_work/cohorte/csharp/CODE_IDENT_CS_004/CODE_IDENT_CS_004.cs,0.2533039647577093,115,13,72,43
3646,12,baselines_work/cohorte/csharp/CODE_DIF_CS_014/CODE_DIF_CS_014.cs,49,baselines_work/cohorte/csharp/CODE_IDENT_CS_004_COPY/CODE_IDENT_CS_004.cs,0.2533039647577093,115,13,72,43
4238,25,baselines_work/cohorte/csharp/CODE_ESTRU_CS_010/CODE_ESTRU_CS_010.cs,41,baselines_work/cohorte/csharp/CODE_FUN_CS_010/CODE_FUN_CS_010.cs,0.5609756097560976,115,20,59,56
4892,41,baselines_work/cohorte/csharp/CODE_FUN_CS_010/CODE_FUN_CS_010.cs,67,baselines_work/cohorte/csharp/CODE_IDENT_CS_010/CODE_IDENT_CS_010.cs,0.5609756097560976,115,20,56,59
4893,41,baselines_work/cohorte/csharp/CODE_FUN_CS_010/CODE_FUN_CS_010.cs,64,baselines_work/cohorte/csharp/CODE_IDENT_CS_010_COPY/CODE_IDENT_CS_010.cs,0.5609756097560976,115,20,56,59
2919,2,baselines_work/cohorte/csharp/CODE_DIF_CS_003/CODE_DIF_CS_003.cs,50,baselines_work/cohorte/csharp/CODE_IDENT_CS_004/CODE_IDENT_CS_004.cs,0.2384937238493724,114,7,89,25
2920,2,baselines_work/cohorte/csharp/CODE_DIF_CS_003/CODE_DIF_CS_003.cs,49,baselines_work/cohorte/csharp/CODE_IDENT_CS_004_COPY/CODE_IDENT_CS_004.cs,0.2384937238493724,114,7,89,25
3290,7,baselines_work/cohorte/csharp/CODE_DIF_CS_009/CODE_DIF_CS_009.cs,9,baselines_work/cohorte/csharp/CODE_DIF_CS_012/CODE_DIF_CS_012.cs,0.22574257425742575,114,13,54,60
3577,10,baselines_work/cohorte/csharp/CODE_DIF_CS_013/CODE_DIF_CS_013.cs,44,baselines_work/cohorte/csharp/CODE_FUN_CS_015/CODE_FUN_CS_015.cs,0.19256756756756757,114,14,77,37
4679,36,baselines_work/cohorte/csharp/CODE_FUN_CS_005/CODE_FUN_CS_005.cs,38,baselines_work/cohorte/csharp/CODE_FUN_CS_006/CODE_FUN_CS_006.cs,0.6031746031746031,114,22,53,61
2901,2,baselines_work/cohorte/csharp/CODE_DIF_CS_003/CODE_DIF_CS_003.cs,32,baselines_work/cohorte/csharp/CODE_FUN_CS_004/CODE_FUN_CS_004.cs,0.22465208747514911,113,5,86,27
2944,0,baselines_work/cohorte/csharp/CODE_DIF_CS_004/CODE_DIF_CS_004.cs,6,baselines_work/cohorte/csharp/CODE_DIF_CS_006/CODE_DIF_CS_006.cs,0.17851500789889416,113,5,59,54
3017,3,baselines_work/cohorte/csharp/CODE_DIF_CS_005/CODE_DIF_CS_005.cs,7,baselines_work/cohorte/csharp/CODE_DIF_CS_009/CODE_DIF_CS_009.cs,0.2736077481840194,113,21,57,56
3653,12,baselines_work/cohorte/csharp/CODE_DIF_CS_014/CODE_DIF_CS_014.cs,61,baselines_work/cohorte/csharp/CODE_IDENT_CS_008/CODE_IDENT_CS_008.cs,0.2810945273631841,113,16,66,47
3654,12,baselines_work/cohorte/csharp/CODE_DIF_CS_014/CODE_DIF_CS_014.cs,62,baselines_work/cohorte/csharp/CODE_IDENT_CS_008_COPY/CODE_IDENT_CS_008.cs,0.2810945273631841,113,16,66,47
4505,26,baselines_work/cohorte/csharp/CODE_ESTRU_CS_015/CODE_ESTRU_CS_015.cs,68,baselines_work/cohorte/csharp/CODE_IDENT_CS_014/CODE_IDENT_CS_014.cs,0.6420454545454546,113,41,60,53
4506,26,baselines_work/cohorte/csharp/CODE_ESTRU_CS_015/CODE_ESTRU_CS_015.cs,72,baselines_work/cohorte/csharp/CODE_IDENT_CS_014_COPY/CODE_IDENT_CS_014.cs,0.6420454545454546,113,41,60,53
3089,6,baselines_work/cohorte/csharp/CODE_DIF_CS_006/CODE_DIF_CS_006.cs,9,baselines_work/cohorte/csharp/CODE_DIF_CS_012/CODE_DIF_CS_012.cs,0.21832358674463936,112,5,48,64
3171,5,baselines_work/cohorte/csharp/CODE_DIF_CS_007/CODE_DIF_CS_007.cs,22,baselines_work/cohorte/csharp/CODE_ESTRU_CS_011/CODE_ESTRU_CS_011.cs,0.2586605080831409,112,18,62,50
3179,5,baselines_work/cohorte/csharp/CODE_DIF_CS_007/CODE_DIF_CS_007.cs,32,baselines_work/cohorte/csharp/CODE_FUN_CS_004/CODE_FUN_CS_004.cs,0.21333333333333335,112,4,74,38
3247,23,baselines_work/cohorte/csharp/CODE_DIF_CS_008/CODE_DIF_CS_008.cs,36,baselines_work/cohorte/csharp/CODE_FUN_CS_005/CODE_FUN_CS_005.cs,0.1989342806394316,112,5,90,22
3459,8,baselines_work/cohorte/csharp/CODE_DIF_CS_011/CODE_DIF_CS_011.cs,50,baselines_work/cohorte/csharp/CODE_IDENT_CS_004/CODE_IDENT_CS_004.cs,0.22857142857142856,112,5,65,47
3460,8,baselines_work/cohorte/csharp/CODE_DIF_CS_011/CODE_DIF_CS_011.cs,49,baselines_work/cohorte/csharp/CODE_IDENT_CS_004_COPY/CODE_IDENT_CS_004.cs,0.22857142857142856,112,5,65,47
4018,19,baselines_work/cohorte/csharp/CODE_ESTRU_CS_006/CODE_ESTRU_CS_006.cs,22,baselines_work/cohorte/csharp/CODE_ESTRU_CS_011/CODE_ESTRU_CS_011.cs,0.6256983240223464,112,12,42,70
4418,27,baselines_work/cohorte/csharp/CODE_ESTRU_CS_014/CODE_ESTRU_CS_014.cs,26,baselines_work/cohorte/csharp/CODE_ESTRU_CS_015/CODE_ESTRU_CS_015.cs,0.6363636363636364,112,41,53,59
2736,1,baselines_work/cohorte/csharp/CODE_DIF_CS_001/CODE_DIF_CS_001.cs,12,baselines_work/cohorte/csharp/CODE_DIF_CS_014/CODE_DIF_CS_014.cs,0.27611940298507465,111,5,37,74
3553,10,baselines_work/cohorte/csharp/CODE_DIF_CS_013/CODE_DIF_CS_013.cs,19,baselines_work/cohorte/csharp/CODE_ESTRU_CS_006/CODE_ESTRU_CS_006.cs,0.2047970479704797,111,8,73,38
4058,19,baselines_work/cohorte/csharp/CODE_ESTRU_CS_006/CODE_ESTRU_CS_006.cs,63,baselines_work/cohorte/csharp/CODE_IDENT_CS_011/CODE_IDENT_CS_011.cs,0.6235955056179775,111,12,42,69
4059,19,baselines_work/cohorte/csharp/CODE_ESTRU_CS_006/CODE_ESTRU_CS_006.cs,65,baselines_work/cohorte/csharp/CODE_IDENT_CS_011_COPY/CODE_IDENT_CS_011.cs,0.6235955056179775,111,12,42,69
2729,1,baselines_work/cohorte/csharp/CODE_DIF_CS_001/CODE_DIF_CS_001.cs,5,baselines_work/cohorte/csharp/CODE_DIF_CS_007/CODE_DIF_CS_007.cs,0.24553571428571427,110,5,31,79
2937,2,baselines_work/cohorte/csharp/CODE_DIF_CS_003/CODE_DIF_CS_003.cs,66,baselines_work/cohorte/csharp/CODE_IDENT_CS_013/CODE_IDENT_CS_013.cs,0.2756892230576441,110,16,71,39
2938,2,baselines_work/cohorte/csharp/CODE_DIF_CS_003/CODE_DIF_CS_003.cs,71,baselines_work/cohorte/csharp/CODE_IDENT_CS_013_COPY/CODE_IDENT_CS_013.cs,0.2756892230576441,110,16,71,39
3166,5,baselines_work/cohorte/csharp/CODE_DIF_CS_007/CODE_DIF_CS_007.cs,19,baselines_work/cohorte/csharp/CODE_ESTRU_CS_006/CODE_ESTRU_CS_006.cs,0.2722772277227723,110,6,73,37
4048,19,baselines_work/cohorte/csharp/CODE_ESTRU_CS_006/CODE_ESTRU_CS_006.cs,57,baselines_work/cohorte/csharp/CODE_IDENT_CS_006/CODE_IDENT_CS_006.cs,0.7534246575342466,110,29,57,53
4049,19,baselines_work/cohorte/csharp/CODE_ESTRU_CS_006/CODE_ESTRU_CS_006.cs,56,baselines_work/cohorte/csharp/CODE_IDENT_CS_006_COPY/CODE_IDENT_CS_006.cs,0.7534246575342466,110,29,57,53
4163,21,baselines_work/cohorte/csharp/CODE_ESTRU_CS_008/CODE_ESTRU_CS_008.cs,63,baselines_work/cohorte/csharp/CODE_IDENT_CS_011/CODE_IDENT_CS_011.cs,0.502283105022831,110,16,45,65
4164,21,baselines_work/cohorte/csharp/CODE_ESTRU_CS_008/CODE_ESTRU_CS_008.cs,65,baselines_work/cohorte/csharp/CODE_IDENT_CS_011_COPY/CODE_IDENT_CS_011.cs,0.502283105022831,110,16,45,65
4473,26,baselines_work/cohorte/csharp/CODE_ESTRU_CS_015/CODE_ESTRU_CS_015.cs,41,baselines_work/cohorte/csharp/CODE_FUN_CS_010/CODE_FUN_CS_010.cs,0.541871921182266,110,11,65,45
5384,61,baselines_work/cohorte/csharp/CODE_IDENT_CS_008/CODE_IDENT_CS_008.cs,63,baselines_work/cohorte/csharp/CODE_IDENT_CS_011/CODE_IDENT_CS_011.cs,0.4954954954954955,110,16,45,65
5385,61,baselines_work/cohorte/csharp/CODE_IDENT_CS_008/CODE_IDENT_CS_008.cs,65,baselines_work/cohorte/csharp/CODE_IDENT_CS_011_COPY/CODE_IDENT_CS_011.cs,0.4954954954954955,110,16,45,65
5398,62,baselines_work/cohorte/csharp/CODE_IDENT_CS_008_COPY/CODE_IDENT_CS_008.cs,63,baselines_work/cohorte/csharp/CODE_IDENT_CS_011/CODE_IDENT_CS_011.cs,0.4954954954954955,110,16,45,65
5399,62,baselines_work/cohorte/csharp/CODE_IDENT_CS_008_COPY/CODE_IDENT_CS_008.cs,65,baselines_work/cohorte/csharp/CODE_IDENT_CS_011_COPY/CODE_IDENT_CS_011.cs,0.4954954954954955,110,16,45,65
2898,2,baselines_work/cohorte/csharp/CODE_DIF_CS_003/CODE_DIF_CS_003.cs,30,baselines_work/cohorte/csharp/CODE_FUN_CS_001/CODE_FUN_CS_001.cs,0.27455919395465994,109,5,84,25
3176,5,baselines_work/cohorte/csharp/CODE_DIF_CS_007/CODE_DIF_CS_007.cs,30,baselines_work/cohorte/csharp/CODE_FUN_CS_001/CODE_FUN_CS_001.cs,0.26014319809069214,109,10,75,34
3211,5,baselines_work/cohorte/csharp/CODE_DIF_CS_007/CODE_DIF_CS_007.cs,63,baselines_work/cohorte/csharp/CODE_IDENT_CS_011/CODE_IDENT_CS_011.cs,0.2523148148148148,109,18,61,48
3212,5,baselines_work/cohorte/csharp/CODE_DIF_CS_007/CODE_DIF_CS_007.cs,65,baselines_work/cohorte/csharp/CODE_IDENT_CS_011_COPY/CODE_IDENT_CS_011.cs,0.2523148148148148,109,18,61,48
3268,23,baselines_work/cohorte/csharp/CODE_DIF_CS_008/CODE_DIF_CS_008.cs,57,baselines_work/cohorte/csharp/CODE_IDENT_CS_006/CODE_IDENT_CS_006.cs,0.1953405017921147,109,5,82,27
3269,23,baselines_work/cohorte/csharp/CODE_DIF_CS_008/CODE_DIF_CS_008.cs,56,baselines_work/cohorte/csharp/CODE_IDENT_CS_006_COPY/CODE_IDENT_CS_006.cs,0.1953405017921147,109,5,82,27
3727,13,baselines_work/cohorte/csharp/CODE_DIF_CS_015/CODE_DIF_CS_015.cs,74,baselines_work/cohorte/csharp/CODE_IDENT_CS_015/CODE_IDENT_CS_015.cs,0.23644251626898047,109,7,68,41
3728,13,baselines_work/cohorte/csharp/CODE_DIF_CS_015/CODE_DIF_CS_015.cs,73,baselines_work/cohorte/csharp/CODE_IDENT_CS_015_COPY/CODE_IDENT_CS_015.cs,0.23644251626898047,109,7,68,41
4123,21,baselines_work/cohorte/csharp/CODE_ESTRU_CS_008/CODE_ESTRU_CS_008.cs,22,baselines_work/cohorte/csharp/CODE_ESTRU_CS_011/CODE_ESTRU_CS_011.cs,0.4954545454545455,109,16,44,65
4307,22,baselines_work/cohorte/csharp/CODE_ESTRU_CS_011/CODE_ESTRU_CS_011.cs,61,baselines_work/cohorte/csharp/CODE_IDENT_CS_008/CODE_IDENT_CS_008.cs,0.48878923766816146,109,16,65,44
4308,22,baselines_work/cohorte/csharp/CODE_ESTRU_CS_011/CODE_ESTRU_CS_011.cs,62,baselines_work/cohorte/csharp/CODE_IDENT_CS_008_COPY/CODE_IDENT_CS_008.cs,0.48878923766816146,109,16,65,44
2887,2,baselines_work/cohorte/csharp/CODE_DIF_CS_003/CODE_DIF_CS_003.cs,18,baselines_work/cohorte/csharp/CODE_ESTRU_CS_005/CODE_ESTRU_CS_005.cs,0.29427792915531337,108,4,83,25
3181,5,baselines_work/cohorte/csharp/CODE_DIF_CS_007/CODE_DIF_CS_007.cs,38,baselines_work/cohorte/csharp/CODE_FUN_CS_006/CODE_FUN_CS_006.cs,0.24434389140271492,108,15,73,35
3563,10,baselines_work/cohorte/csharp/CODE_DIF_CS_013/CODE_DIF_CS_013.cs,30,baselines_work/cohorte/csharp/CODE_FUN_CS_001/CODE_FUN_CS_001.cs,0.19389587073608616,108,7,77,31
3624,12,baselines_work/cohorte/csharp/CODE_DIF_CS_014/CODE_DIF_CS_014.cs,30,baselines_work/cohorte/csharp/CODE_FUN_CS_001/CODE_FUN_CS_001.cs,0.289544235924933,108,10,72,36
3705,13,baselines_work/cohorte/csharp/CODE_DIF_CS_015/CODE_DIF_CS_015.cs,50,baselines_work/cohorte/csharp/CODE_IDENT_CS_004/CODE_IDENT_CS_004.cs,0.20415879017013233,108,8,71,37
3706,13,baselines_work/cohorte/csharp/CODE_DIF_CS_015/CODE_DIF_CS_015.cs,49,baselines_work/cohorte/csharp/CODE_IDENT_CS_004_COPY/CODE_IDENT_CS_004.cs,0.20415879017013233,108,8,71,37
2737,1,baselines_work/cohorte/csharp/CODE_DIF_CS_001/CODE_DIF_CS_001.cs,13,baselines_work/cohorte/csharp/CODE_DIF_CS_015/CODE_DIF_CS_015.cs,0.22431865828092243,107,5,38,69
2889,2,baselines_work/cohorte/csharp/CODE_DIF_CS_003/CODE_DIF_CS_003.cs,20,baselines_work/cohorte/csharp/CODE_ESTRU_CS_007/CODE_ESTRU_CS_007.cs,0.29315068493150687,107,5,81,26
2925,2,baselines_work/cohorte/csharp/CODE_DIF_CS_003/CODE_DIF_CS_003.cs,54,baselines_work/cohorte/csharp/CODE_IDENT_CS_007/CODE_IDENT_CS_007.cs,0.29315068493150687,107,5,81,26
2926,2,baselines_work/cohorte/csharp/CODE_DIF_CS_003/CODE_DIF_CS_003.cs,58,baselines_work/cohorte/csharp/CODE_IDENT_CS_007_COPY/CODE_IDENT_CS_007.cs,0.29315068493150687,107,5,81,26
3251,23,baselines_work/cohorte/csharp/CODE_DIF_CS_008/CODE_DIF_CS_008.cs,37,baselines_work/cohorte/csharp/CODE_FUN_CS_009/CODE_FUN_CS_009.cs,0.1829059829059829,107,5,86,21
3530,9,baselines_work/cohorte/csharp/CODE_DIF_CS_012/CODE_DIF_CS_012.cs,61,baselines_work/cohorte/csharp/CODE_IDENT_CS_008/CODE_IDENT_CS_008.cs,0.2511737089201878,107,10,57,50
3531,9,baselines_work/cohorte/csharp/CODE_DIF_CS_012/CODE_DIF_CS_012.cs,62,baselines_work/cohorte/csharp/CODE_IDENT_CS_008_COPY/CODE_IDENT_CS_008.cs,0.2511737089201878,107,10,57,50
4266,25,baselines_work/cohorte/csharp/CODE_ESTRU_CS_010/CODE_ESTRU_CS_010.cs,69,baselines_work/cohorte/csharp/CODE_IDENT_CS_012/CODE_IDENT_CS_012.cs,0.5404040404040404,107,13,56,51
4267,25,baselines_work/cohorte/csharp/CODE_ESTRU_CS_010/CODE_ESTRU_CS_010.cs,70,baselines_work/cohorte/csharp/CODE_IDENT_CS_012_COPY/CODE_IDENT_CS_012.cs,0.5404040404040404,107,13,56,51
5322,57,baselines_work/cohorte/csharp/CODE_IDENT_CS_006/CODE_IDENT_CS_006.cs,66,baselines_work/cohorte/csharp/CODE_IDENT_CS_013/CODE_IDENT_CS_013.cs,0.656441717791411,107,12,41,66
5323,57,baselines_work/cohorte/csharp/CODE_IDENT_CS_006/CODE_IDENT_CS_006.cs,71,baselines_work/cohorte/csharp/CODE_IDENT_CS_013_COPY/CODE_IDENT_CS_013.cs,0.656441717791411,107,12,41,66
5340,56,baselines_work/cohorte/csharp/CODE_IDENT_CS_006_COPY/CODE_IDENT_CS_006.cs,66,baselines_work/cohorte/csharp/CODE_IDENT_CS_013/CODE_IDENT_CS_013.cs,0.656441717791411,107,12,41,66
5341,56,baselines_work/cohorte/csharp/CODE_IDENT_CS_006_COPY/CODE_IDENT_CS_006.cs,71,baselines_work/cohorte/csharp/CODE_IDENT_CS_013_COPY/CODE_IDENT_CS_013.cs,0.656441717791411,107,12,41,66
5436,67,baselines_work/cohorte/csharp/CODE_IDENT_CS_010/CODE_IDENT_CS_010.cs,69,baselines_work/cohorte/csharp/CODE_IDENT_CS_012/CODE_IDENT_CS_012.cs,0.5404040404040404,107,13,56,51
5437,67,baselines_work/cohorte/csharp/CODE_IDENT_CS_010/CODE_IDENT_CS_010.cs,70,baselines_work/cohorte/csharp/CODE_IDENT_CS_012_COPY/CODE_IDENT_CS_012.cs,0.5404040404040404,107,13,56,51
5446,64,baselines_work/cohorte/csharp/CODE_IDENT_CS_010_COPY/CODE_IDENT_CS_010.cs,69,baselines_work/cohorte/csharp/CODE_IDENT_CS_012/CODE_IDENT_CS_012.cs,0.5404040404040404,107,13,56,51
5447,64,baselines_work/cohorte/csharp/CODE_IDENT_CS_010_COPY/CODE_IDENT_CS_010.cs,70,baselines_work/cohorte/csharp/CODE_IDENT_CS_012_COPY/CODE_IDENT_CS_012.cs,0.5404040404040404,107,13,56,51
2807,4,baselines_work/cohorte/csharp/CODE_DIF_CS_002/CODE_DIF_CS_002.cs,9,baselines_work/cohorte/csharp/CODE_DIF_CS_012/CODE_DIF_CS_012.cs,0.23873873873873874,106,8,47,59
3046,3,baselines_work/cohorte/csharp/CODE_DIF_CS_005/CODE_DIF_CS_005.cs,35,baselines_work/cohorte/csharp/CODE_FUN_CS_008/CODE_FUN_CS_008.cs,0.2796833773087071,106,9,57,49
3678,13,baselines_work/cohorte/csharp/CODE_DIF_CS_015/CODE_DIF_CS_015.cs,25,baselines_work/cohorte/csharp/CODE_ESTRU_CS_010/CODE_ESTRU_CS_010.cs,0.23093681917211328,106,7,70,36
3717,13,baselines_work/cohorte/csharp/CODE_DIF_CS_015/CODE_DIF_CS_015.cs,67,baselines_work/cohorte/csharp/CODE_IDENT_CS_010/CODE_IDENT_CS_010.cs,0.23093681917211328,106,7,70,36
3718,13,baselines_work/cohorte/csharp/CODE_DIF_CS_015/CODE_DIF_CS_015.cs,64,baselines_work/cohorte/csharp/CODE_IDENT_CS_010_COPY/CODE_IDENT_CS_010.cs,0.23093681917211328,106,7,70,36
3788,16,baselines_work/cohorte/csharp/CODE_ESTRU_CS_002/CODE_ESTRU_CS_002.cs,15,baselines_work/cohorte/csharp/CODE_ESTRU_CS_003/CODE_ESTRU_CS_003.cs,0.828125,106,35,53,53
4071,20,baselines_work/cohorte/csharp/CODE_ESTRU_CS_007/CODE_ESTRU_CS_007.cs,22,baselines_work/cohorte/csharp/CODE_ESTRU_CS_011/CODE_ESTRU_CS_011.cs,0.654320987654321,106,12,36,70
4305,22,baselines_work/cohorte/csharp/CODE_ESTRU_CS_011/CODE_ESTRU_CS_011.cs,54,baselines_work/cohorte/csharp/CODE_IDENT_CS_007/CODE_IDENT_CS_007.cs,0.654320987654321,106,12,70,36
4306,22,baselines_work/cohorte/csharp/CODE_ESTRU_CS_011/CODE_ESTRU_CS_011.cs,58,baselines_work/cohorte/csharp/CODE_IDENT_CS_007_COPY/CODE_IDENT_CS_007.cs,0.654320987654321,106,12,70,36
5174,48,baselines_work/cohorte/csharp/CODE_IDENT_CS_003/CODE_IDENT_CS_003.cs,55,baselines_work/cohorte/csharp/CODE_IDENT_CS_003_COPY/CODE_IDENT_CS_003.cs,1,106,53,53,53
3173,5,baselines_work/cohorte/csharp/CODE_DIF_CS_007/CODE_DIF_CS_007.cs,29,baselines_work/cohorte/csharp/CODE_ESTRU_CS_013/CODE_ESTRU_CS_013.cs,0.2536231884057971,105,18,62,43
3561,10,baselines_work/cohorte/csharp/CODE_DIF_CS_013/CODE_DIF_CS_013.cs,27,baselines_work/cohorte/csharp/CODE_ESTRU_CS_014/CODE_ESTRU_CS_014.cs,0.19301470588235295,105,8,75,30
3638,12,baselines_work/cohorte/csharp/CODE_DIF_CS_014/CODE_DIF_CS_014.cs,44,baselines_work/cohorte/csharp/CODE_FUN_CS_015/CODE_FUN_CS_015.cs,0.25735294117647056,105,13,66,39
3698,13,baselines_work/cohorte/csharp/CODE_DIF_CS_015/CODE_DIF_CS_015.cs,44,baselines_work/cohorte/csharp/CODE_FUN_CS_015/CODE_FUN_CS_015.cs,0.21739130434782608,105,6,68,37
4111,20,baselines_work/cohorte/csharp/CODE_ESTRU_CS_007/CODE_ESTRU_CS_007.cs,63,baselines_work/cohorte/csharp/CODE_IDENT_CS_011/CODE_IDENT_CS_011.cs,0.6521739130434783,105,12,36,69
4112,20,baselines_work/cohorte/csharp/CODE_ESTRU_CS_007/CODE_ESTRU_CS_007.cs,65,baselines_work/cohorte/csharp/CODE_IDENT_CS_011_COPY/CODE_IDENT_CS_011.cs,0.6521739130434783,105,12,36,69
4303,22,baselines_work/cohorte/csharp/CODE_ESTRU_CS_011/CODE_ESTRU_CS_011.cs,57,baselines_work/cohorte/csharp/CODE_IDENT_CS_006/CODE_IDENT_CS_006.cs,0.6,105,12,68,37
4304,22,baselines_work/cohorte/csharp/CODE_ESTRU_CS_011/CODE_ESTRU_CS_011.cs,56,baselines_work/cohorte/csharp/CODE_IDENT_CS_006_COPY/CODE_IDENT_CS_006.cs,0.6,105,12,68,37
5353,54,baselines_work/cohorte/csharp/CODE_IDENT_CS_007/CODE_IDENT_CS_007.cs,63,baselines_work/cohorte/csharp/CODE_IDENT_CS_011/CODE_IDENT_CS_011.cs,0.6521739130434783,105,12,36,69
5354,54,baselines_work/cohorte/csharp/CODE_IDENT_CS_007/CODE_IDENT_CS_007.cs,65,baselines_work/cohorte/csharp/CODE_IDENT_CS_011_COPY/CODE_IDENT_CS_011.cs,0.6521739130434783,105,12,36,69
5369,58,baselines_work/cohorte/csharp/CODE_IDENT_CS_007_COPY/CODE_IDENT_CS_007.cs,63,baselines_work/cohorte/csharp/CODE_IDENT_CS_011/CODE_IDENT_CS_011.cs,0.6521739130434783,105,12,36,69
5370,58,baselines_work/cohorte/csharp/CODE_IDENT_CS_007_COPY/CODE_IDENT_CS_007.cs,65,baselines_work/cohorte/csharp/CODE_IDENT_CS_011_COPY/CODE_IDENT_CS_011.cs,0.6521739130434783,105,12,36,69
2801,4,baselines_work/cohorte/csharp/CODE_DIF_CS_002/CODE_DIF_CS_002.cs,6,baselines_work/cohorte/csharp/CODE_DIF_CS_006/CODE_DIF_CS_006.cs,0.3032069970845481,104,7,54,50
3167,5,baselines_work/cohorte/csharp/CODE_DIF_CS_007/CODE_DIF_CS_007.cs,20,baselines_work/cohorte/csharp/CODE_ESTRU_CS_007/CODE_ESTRU_CS_007.cs,0.268733850129199,104,6,72,32
3170,5,baselines_work/cohorte/csharp/CODE_DIF_CS_007/CODE_DIF_CS_007.cs,25,baselines_work/cohorte/csharp/CODE_ESTRU_CS_010/CODE_ESTRU_CS_010.cs,0.24186046511627907,104,7,69,35
3203,5,baselines_work/cohorte/csharp/CODE_DIF_CS_007/CODE_DIF_CS_007.cs,54,baselines_work/cohorte/csharp/CODE_IDENT_CS_007/CODE_IDENT_CS_007.cs,0.268733850129199,104,6,72,32
3204,5,baselines_work/cohorte/csharp/CODE_DIF_CS_007/CODE_DIF_CS_007.cs,58,baselines_work/cohorte/csharp/CODE_IDENT_CS_007_COPY/CODE_IDENT_CS_007.cs,0.268733850129199,104,6,72,32
3209,5,baselines_work/cohorte/csharp/CODE_DIF_CS_007/CODE_DIF_CS_007.cs,67,baselines_work/cohorte/csharp/CODE_IDENT_CS_010/CODE_IDENT_CS_010.cs,0.24186046511627907,104,7,69,35
3210,5,baselines_work/cohorte/csharp/CODE_DIF_CS_007/CODE_DIF_CS_007.cs,64,baselines_work/cohorte/csharp/CODE_IDENT_CS_010_COPY/CODE_IDENT_CS_010.cs,0.24186046511627907,104,7,69,35
3557,10,baselines_work/cohorte/csharp/CODE_DIF_CS_013/CODE_DIF_CS_013.cs,25,baselines_work/cohorte/csharp/CODE_ESTRU_CS_010/CODE_ESTRU_CS_010.cs,0.18309859154929578,104,6,71,33
3596,10,baselines_work/cohorte/csharp/CODE_DIF_CS_013/CODE_DIF_CS_013.cs,67,baselines_work/cohorte/csharp/CODE_IDENT_CS_010/CODE_IDENT_CS_010.cs,0.18309859154929578,104,6,71,33
3597,10,baselines_work/cohorte/csharp/CODE_DIF_CS_013/CODE_DIF_CS_013.cs,64,baselines_work/cohorte/csharp/CODE_IDENT_CS_010_COPY/CODE_IDENT_CS_010.cs,0.18309859154929578,104,6,71,33
3721,13,baselines_work/cohorte/csharp/CODE_DIF_CS_015/CODE_DIF_CS_015.cs,69,baselines_work/cohorte/csharp/CODE_IDENT_CS_012/CODE_IDENT_CS_012.cs,0.22857142857142856,104,6,70,34
3722,13,baselines_work/cohorte/csharp/CODE_DIF_CS_015/CODE_DIF_CS_015.cs,70,baselines_work/cohorte/csharp/CODE_IDENT_CS_012_COPY/CODE_IDENT_CS_012.cs,0.22857142857142856,104,6,70,34
3964,18,baselines_work/cohorte/csharp/CODE_ESTRU_CS_005/CODE_ESTRU_CS_005.cs,22,baselines_work/cohorte/csharp/CODE_ESTRU_CS_011/CODE_ESTRU_CS_011.cs,0.6341463414634146,104,12,36,68
3215,5,baselines_work/cohorte/csharp/CODE_DIF_CS_007/CODE_DIF_CS_007.cs,66,baselines_work/cohorte/csharp/CODE_IDENT_CS_013/CODE_IDENT_CS_013.cs,0.24465558194774348,103,18,57,46
3216,5,baselines_work/cohorte/csharp/CODE_DIF_CS_007/CODE_DIF_CS_007.cs,71,baselines_work/cohorte/csharp/CODE_IDENT_CS_013_COPY/CODE_IDENT_CS_013.cs,0.24465558194774348,103,18,57,46
3604,10,baselines_work/cohorte/csharp/CODE_DIF_CS_013/CODE_DIF_CS_013.cs,68,baselines_work/cohorte/csharp/CODE_IDENT_CS_014/CODE_IDENT_CS_014.cs,0.18933823529411764,103,8,74,29
3605,10,baselines_work/cohorte/csharp/CODE_DIF_CS_013/CODE_DIF_CS_013.cs,72,baselines_work/cohorte/csharp/CODE_IDENT_CS_014_COPY/CODE_IDENT_CS_014.cs,0.18933823529411764,103,8,74,29
3683,13,baselines_work/cohorte/csharp/CODE_DIF_CS_015/CODE_DIF_CS_015.cs,26,baselines_work/cohorte/csharp/CODE_ESTRU_CS_015/CODE_ESTRU_CS_015.cs,0.22538293216630198,103,7,65,38
4004,18,baselines_work/cohorte/csharp/CODE_ESTRU_CS_005/CODE_ESTRU_CS_005.cs,63,baselines_work/cohorte/csharp/CODE_IDENT_CS_011/CODE_IDENT_CS_011.cs,0.6319018404907976,103,12,36,67
4005,18,baselines_work/cohorte/csharp/CODE_ESTRU_CS_005/CODE_ESTRU_CS_005.cs,65,baselines_work/cohorte/csharp/CODE_IDENT_CS_011_COPY/CODE_IDENT_CS_011.cs,0.6319018404907976,103,12,36,67
4227,25,baselines_work/cohorte/csharp/CODE_ESTRU_CS_010/CODE_ESTRU_CS_010.cs,27,baselines_work/cohorte/csharp/CODE_ESTRU_CS_014/CODE_ESTRU_CS_014.cs,0.5786516853932584,103,14,53,50
4452,27,baselines_work/cohorte/csharp/CODE_ESTRU_CS_014/CODE_ESTRU_CS_014.cs,67,baselines_work/cohorte/csharp/CODE_IDENT_CS_010/CODE_IDENT_CS_010.cs,0.5786516853932584,103,14,50,53
4453,27,baselines_work/cohorte/csharp/CODE_ESTRU_CS_014/CODE_ESTRU_CS_014.cs,64,baselines_work/cohorte/csharp/CODE_IDENT_CS_010_COPY/CODE_IDENT_CS_010.cs,0.5786516853932584,103,14,50,53
2921,2,baselines_work/cohorte/csharp/CODE_DIF_CS_003/CODE_DIF_CS_003.cs,51,baselines_work/cohorte/csharp/CODE_IDENT_CS_005/CODE_IDENT_CS_005.cs,0.2857142857142857,102,4,82,20
2922,2,baselines_work/cohorte/csharp/CODE_DIF_CS_003/CODE_DIF_CS_003.cs,52,baselines_work/cohorte/csharp/CODE_IDENT_CS_005_COPY/CODE_IDENT_CS_005.cs,0.2857142857142857,102,4,82,20
3229,23,baselines_work/cohorte/csharp/CODE_DIF_CS_008/CODE_DIF_CS_008.cs,16,baselines_work/cohorte/csharp/CODE_ESTRU_CS_002/CODE_ESTRU_CS_002.cs,0.1875,102,4,83,19
3680,13,baselines_work/cohorte/csharp/CODE_DIF_CS_015/CODE_DIF_CS_015.cs,28,baselines_work/cohorte/csharp/CODE_ESTRU_CS_012/CODE_ESTRU_CS_012.cs,0.22417582417582418,102,6,69,33
3693,13,baselines_work/cohorte/csharp/CODE_DIF_CS_015/CODE_DIF_CS_015.cs,41,baselines_work/cohorte/csharp/CODE_FUN_CS_010/CODE_FUN_CS_010.cs,0.22077922077922077,102,6,72,30
4225,25,baselines_work/cohorte/csharp/CODE_ESTRU_CS_010/CODE_ESTRU_CS_010.cs,28,baselines_work/cohorte/csharp/CODE_ESTRU_CS_012/CODE_ESTRU_CS_012.cs,0.5151515151515151,102,13,53,49
4359,28,baselines_work/cohorte/csharp/CODE_ESTRU_CS_012/CODE_ESTRU_CS_012.cs,67,baselines_work/cohorte/csharp/CODE_IDENT_CS_010/CODE_IDENT_CS_010.cs,0.5151515151515151,102,13,49,53
4360,28,baselines_work/cohorte/csharp/CODE_ESTRU_CS_012/CODE_ESTRU_CS_012.cs,64,baselines_work/cohorte/csharp/CODE_IDENT_CS_010_COPY/CODE_IDENT_CS_010.cs,0.5151515151515151,102,13,49,53
5318,57,baselines_work/cohorte/csharp/CODE_IDENT_CS_006/CODE_IDENT_CS_006.cs,63,baselines_work/cohorte/csharp/CODE_IDENT_CS_011/CODE_IDENT_CS_011.cs,0.5862068965517241,102,12,36,66
5319,57,baselines_work/cohorte/csharp/CODE_IDENT_CS_006/CODE_IDENT_CS_006.cs,65,baselines_work/cohorte/csharp/CODE_IDENT_CS_011_COPY/CODE_IDENT_CS_011.cs,0.5862068965517241,102,12,36,66
5336,56,baselines_work/cohorte/csharp/CODE_IDENT_CS_006_COPY/CODE_IDENT_CS_006.cs,63,baselines_work/cohorte/csharp/CODE_IDENT_CS_011/CODE_IDENT_CS_011.cs,0.5862068965517241,102,12,36,66
5337,56,baselines_work/cohorte/csharp/CODE_IDENT_CS_006_COPY/CODE_IDENT_CS_006.cs,65,baselines_work/cohorte/csharp/CODE_IDENT_CS_011_COPY/CODE_IDENT_CS_011.cs,0.5862068965517241,102,12,36,66
2741,1,baselines_work/cohorte/csharp/CODE_DIF_CS_001/CODE_DIF_CS_001.cs,17,baselines_work/cohorte/csharp/CODE_ESTRU_CS_004/CODE_ESTRU_CS_004.cs,0.25569620253164554,101,12,47,54
3197,5,baselines_work/cohorte/csharp/CODE_DIF_CS_007/CODE_DIF_CS_007.cs,50,baselines_work/cohorte/csharp/CODE_IDENT_CS_004/CODE_IDENT_CS_004.cs,0.202,101,4,68,33
3198,5,baselines_work/cohorte/csharp/CODE_DIF_CS_007/CODE_DIF_CS_007.cs,49,baselines_work/cohorte/csharp/CODE_IDENT_CS_004_COPY/CODE_IDENT_CS_004.cs,0.202,101,4,68,33
3219,5,baselines_work/cohorte/csharp/CODE_DIF_CS_007/CODE_DIF_CS_007.cs,74,baselines_work/cohorte/csharp/CODE_IDENT_CS_015/CODE_IDENT_CS_015.cs,0.2337962962962963,101,12,63,38
3220,5,baselines_work/cohorte/csharp/CODE_DIF_CS_007/CODE_DIF_CS_007.cs,73,baselines_work/cohorte/csharp/CODE_IDENT_CS_015_COPY/CODE_IDENT_CS_015.cs,0.2337962962962963,101,12,63,38
3491,9,baselines_work/cohorte/csharp/CODE_DIF_CS_012/CODE_DIF_CS_012.cs,19,baselines_work/cohorte/csharp/CODE_ESTRU_CS_006/CODE_ESTRU_CS_006.cs,0.2643979057591623,101,9,60,41
3562,10,baselines_work/cohorte/csharp/CODE_DIF_CS_013/CODE_DIF_CS_013.cs,26,baselines_work/cohorte/csharp/CODE_ESTRU_CS_015/CODE_ESTRU_CS_015.cs,0.1784452296819788,101,5,65,36
4015,19,baselines_work/cohorte/csharp/CODE_ESTRU_CS_006/CODE_ESTRU_CS_006.cs,21,baselines_work/cohorte/csharp/CODE_ESTRU_CS_008/CODE_ESTRU_CS_008.cs,0.5287958115183246,101,8,44,57
4173,24,baselines_work/cohorte/csharp/CODE_ESTRU_CS_009/CODE_ESTRU_CS_009.cs,25,baselines_work/cohorte/csharp/CODE_ESTRU_CS_010/CODE_ESTRU_CS_010.cs,0.5372340425531915,101,13,47,54
4212,24,baselines_work/cohorte/csharp/CODE_ESTRU_CS_009/CODE_ESTRU_CS_009.cs,67,baselines_work/cohorte/csharp/CODE_IDENT_CS_010/CODE_IDENT_CS_010.cs,0.5372340425531915,101,13,47,54
4213,24,baselines_work/cohorte/csharp/CODE_ESTRU_CS_009/CODE_ESTRU_CS_009.cs,64,baselines_work/cohorte/csharp/CODE_IDENT_CS_010_COPY/CODE_IDENT_CS_010.cs,0.5372340425531915,101,13,47,54
4260,25,baselines_work/cohorte/csharp/CODE_ESTRU_CS_010/CODE_ESTRU_CS_010.cs,60,baselines_work/cohorte/csharp/CODE_IDENT_CS_009/CODE_IDENT_CS_009.cs,0.5372340425531915,101,13,54,47
4261,25,baselines_work/cohorte/csharp/CODE_ESTRU_CS_010/CODE_ESTRU_CS_010.cs,59,baselines_work/cohorte/csharp/CODE_IDENT_CS_009_COPY/CODE_IDENT_CS_009.cs,0.5372340425531915,101,13,54,47
4940,39,baselines_work/cohorte/csharp/CODE_FUN_CS_012/CODE_FUN_CS_012.cs,44,baselines_work/cohorte/csharp/CODE_FUN_CS_015/CODE_FUN_CS_015.cs,0.4139344262295082,101,15,53,48
5409,60,baselines_work/cohorte/csharp/CODE_IDENT_CS_009/CODE_IDENT_CS_009.cs,67,baselines_work/cohorte/csharp/CODE_IDENT_CS_010/CODE_IDENT_CS_010.cs,0.5372340425531915,101,13,47,54
5410,60,baselines_work/cohorte/csharp/CODE_IDENT_CS_009/CODE_IDENT_CS_009.cs,64,baselines_work/cohorte/csharp/CODE_IDENT_CS_010_COPY/CODE_IDENT_CS_010.cs,0.5372340425531915,101,13,47,54
5421,59,baselines_work/cohorte/csharp/CODE_IDENT_CS_009_COPY/CODE_IDENT_CS_009.cs,67,baselines_work/cohorte/csharp/CODE_IDENT_CS_010/CODE_IDENT_CS_010.cs,0.5372340425531915,101,13,47,54
5422,59,baselines_work/cohorte/csharp/CODE_IDENT_CS_009_COPY/CODE_IDENT_CS_009.cs,64,baselines_work/cohorte/csharp/CODE_IDENT_CS_010_COPY/CODE_IDENT_CS_010.cs,0.5372340425531915,101,13,47,54
2726,1,baselines_work/cohorte/csharp/CODE_DIF_CS_001/CODE_DIF_CS_001.cs,0,baselines_work/cohorte/csharp/CODE_DIF_CS_004/CODE_DIF_CS_004.cs,0.18315018315018314,100,7,47,53
3165,5,baselines_work/cohorte/csharp/CODE_DIF_CS_007/CODE_DIF_CS_007.cs,18,baselines_work/cohorte/csharp/CODE_ESTRU_CS_005/CODE_ESTRU_CS_005.cs,0.2570694087403599,100,6,72,28
3254,23,baselines_work/cohorte/csharp/CODE_DIF_CS_008/CODE_DIF_CS_008.cs,39,baselines_work/cohorte/csharp/CODE_FUN_CS_012/CODE_FUN_CS_012.cs,0.16501650165016502,100,3,71,29
3960,18,baselines_work/cohorte/csharp/CODE_ESTRU_CS_005/CODE_ESTRU_CS_005.cs,20,baselines_work/cohorte/csharp/CODE_ESTRU_CS_007/CODE_ESTRU_CS_007.cs,0.847457627118644,100,24,50,50
3996,18,baselines_work/cohorte/csharp/CODE_ESTRU_CS_005/CODE_ESTRU_CS_005.cs,54,baselines_work/cohorte/csharp/CODE_IDENT_CS_007/CODE_IDENT_CS_007.cs,0.847457627118644,100,24,50,50
3997,18,baselines_work/cohorte/csharp/CODE_ESTRU_CS_005/CODE_ESTRU_CS_005.cs,58,baselines_work/cohorte/csharp/CODE_IDENT_CS_007_COPY/CODE_IDENT_CS_007.cs,0.847457627118644,100,24,50,50
4838,37,baselines_work/cohorte/csharp/CODE_FUN_CS_009/CODE_FUN_CS_009.cs,44,baselines_work/cohorte/csharp/CODE_FUN_CS_015/CODE_FUN_CS_015.cs,0.4484304932735426,100,15,50,50
5268,51,baselines_work/cohorte/csharp/CODE_IDENT_CS_005/CODE_IDENT_CS_005.cs,52,baselines_work/cohorte/csharp/CODE_IDENT_CS_005_COPY/CODE_IDENT_CS_005.cs,1,100,50,50,50
2863,4,baselines_work/cohorte/csharp/CODE_DIF_CS_002/CODE_DIF_CS_002.cs,69,baselines_work/cohorte/csharp/CODE_IDENT_CS_012/CODE_IDENT_CS_012.cs,0.4230769230769231,99,8,56,43
2864,4,baselines_work/cohorte/csharp/CODE_DIF_CS_002/CODE_DIF_CS_002.cs,70,baselines_work/cohorte/csharp/CODE_IDENT_CS_012_COPY/CODE_IDENT_CS_012.cs,0.4230769230769231,99,8,56,43
3558,10,baselines_work/cohorte/csharp/CODE_DIF_CS_013/CODE_DIF_CS_013.cs,22,baselines_work/cohorte/csharp/CODE_ESTRU_CS_011/CODE_ESTRU_CS_011.cs,0.1733800350262697,99,16,56,43
3679,13,baselines_work/cohorte/csharp/CODE_DIF_CS_015/CODE_DIF_CS_015.cs,22,baselines_work/cohorte/csharp/CODE_ESTRU_CS_011/CODE_ESTRU_CS_011.cs,0.21428571428571427,99,18,59,40
3689,13,baselines_work/cohorte/csharp/CODE_DIF_CS_015/CODE_DIF_CS_015.cs,38,baselines_work/cohorte/csharp/CODE_FUN_CS_006/CODE_FUN_CS_006.cs,0.21019108280254778,99,15,65,34
4224,25,baselines_work/cohorte/csharp/CODE_ESTRU_CS_010/CODE_ESTRU_CS_010.cs,22,baselines_work/cohorte/csharp/CODE_ESTRU_CS_011/CODE_ESTRU_CS_011.cs,0.48292682926829267,99,10,34,65
4270,25,baselines_work/cohorte/csharp/CODE_ESTRU_CS_010/CODE_ESTRU_CS_010.cs,68,baselines_work/cohorte/csharp/CODE_IDENT_CS_014/CODE_IDENT_CS_014.cs,0.5561797752808989,99,14,51,48
4271,25,baselines_work/cohorte/csharp/CODE_ESTRU_CS_010/CODE_ESTRU_CS_010.cs,72,baselines_work/cohorte/csharp/CODE_IDENT_CS_014_COPY/CODE_IDENT_CS_014.cs,0.5561797752808989,99,14,51,48
4311,22,baselines_work/cohorte/csharp/CODE_ESTRU_CS_011/CODE_ESTRU_CS_011.cs,67,baselines_work/cohorte/csharp/CODE_IDENT_CS_010/CODE_IDENT_CS_010.cs,0.48292682926829267,99,10,65,34
4312,22,baselines_work/cohorte/csharp/CODE_ESTRU_CS_011/CODE_ESTRU_CS_011.cs,64,baselines_work/cohorte/csharp/CODE_IDENT_CS_010_COPY/CODE_IDENT_CS_010.cs,0.48292682926829267,99,10,65,34
5440,67,baselines_work/cohorte/csharp/CODE_IDENT_CS_010/CODE_IDENT_CS_010.cs,68,baselines_work/cohorte/csharp/CODE_IDENT_CS_014/CODE_IDENT_CS_014.cs,0.5561797752808989,99,14,51,48
5441,67,baselines_work/cohorte/csharp/CODE_IDENT_CS_010/CODE_IDENT_CS_010.cs,72,baselines_work/cohorte/csharp/CODE_IDENT_CS_014_COPY/CODE_IDENT_CS_014.cs,0.5561797752808989,99,14,51,48
5450,64,baselines_work/cohorte/csharp/CODE_IDENT_CS_010_COPY/CODE_IDENT_CS_010.cs,68,baselines_work/cohorte/csharp/CODE_IDENT_CS_014/CODE_IDENT_CS_014.cs,0.5561797752808989,99,14,51,48
5451,64,baselines_work/cohorte/csharp/CODE_IDENT_CS_010_COPY/CODE_IDENT_CS_010.cs,72,baselines_work/cohorte/csharp/CODE_IDENT_CS_014_COPY/CODE_IDENT_CS_014.cs,0.5561797752808989,99,14,51,48
3068,3,baselines_work/cohorte/csharp/CODE_DIF_CS_005/CODE_DIF_CS_005.cs,61,baselines_work/cohorte/csharp/CODE_IDENT_CS_008/CODE_IDENT_CS_008.cs,0.2934131736526946,98,16,47,51
3069,3,baselines_work/cohorte/csharp/CODE_DIF_CS_005/CODE_DIF_CS_005.cs,62,baselines_work/cohorte/csharp/CODE_IDENT_CS_008_COPY/CODE_IDENT_CS_008.cs,0.2934131736526946,98,16,47,51
3172,5,baselines_work/cohorte/csharp/CODE_DIF_CS_007/CODE_DIF_CS_007.cs,28,baselines_work/cohorte/csharp/CODE_ESTRU_CS_012/CODE_ESTRU_CS_012.cs,0.2300469483568075,98,5,68,30
3213,5,baselines_work/cohorte/csharp/CODE_DIF_CS_007/CODE_DIF_CS_007.cs,69,baselines_work/cohorte/csharp/CODE_IDENT_CS_012/CODE_IDENT_CS_012.cs,0.2300469483568075,98,5,68,30
3214,5,baselines_work/cohorte/csharp/CODE_DIF_CS_007/CODE_DIF_CS_007.cs,70,baselines_work/cohorte/csharp/CODE_IDENT_CS_012_COPY/CODE_IDENT_CS_012.cs,0.2300469483568075,98,5,68,30
3719,13,baselines_work/cohorte/csharp/CODE_DIF_CS_015/CODE_DIF_CS_015.cs,63,baselines_work/cohorte/csharp/CODE_IDENT_CS_011/CODE_IDENT_CS_011.cs,0.21258134490238612,98,18,59,39
3720,13,baselines_work/cohorte/csharp/CODE_DIF_CS_015/CODE_DIF_CS_015.cs,65,baselines_work/cohorte/csharp/CODE_IDENT_CS_011_COPY/CODE_IDENT_CS_011.cs,0.21258134490238612,98,18,59,39
5062,44,baselines_work/cohorte/csharp/CODE_FUN_CS_015/CODE_FUN_CS_015.cs,74,baselines_work/cohorte/csharp/CODE_IDENT_CS_015/CODE_IDENT_CS_015.cs,0.4298245614035088,98,27,47,51
5063,44,baselines_work/cohorte/csharp/CODE_FUN_CS_015/CODE_FUN_CS_015.cs,73,baselines_work/cohorte/csharp/CODE_IDENT_CS_015_COPY/CODE_IDENT_CS_015.cs,0.4298245614035088,98,27,47,51
2734,1,baselines_work/cohorte/csharp/CODE_DIF_CS_001/CODE_DIF_CS_001.cs,9,baselines_work/cohorte/csharp/CODE_DIF_CS_012/CODE_DIF_CS_012.cs,0.22769953051643194,97,5,40,57
3027,3,baselines_work/cohorte/csharp/CODE_DIF_CS_005/CODE_DIF_CS_005.cs,17,baselines_work/cohorte/csharp/CODE_ESTRU_CS_004/CODE_ESTRU_CS_004.cs,0.1975560081466395,97,6,42,55
3445,8,baselines_work/cohorte/csharp/CODE_DIF_CS_011/CODE_DIF_CS_011.cs,35,baselines_work/cohorte/csharp/CODE_FUN_CS_008/CODE_FUN_CS_008.cs,0.20082815734989648,97,5,54,43
3667,12,baselines_work/cohorte/csharp/CODE_DIF_CS_014/CODE_DIF_CS_014.cs,74,baselines_work/cohorte/csharp/CODE_IDENT_CS_015/CODE_IDENT_CS_015.cs,0.25129533678756477,97,13,58,39
3668,12,baselines_work/cohorte/csharp/CODE_DIF_CS_014/CODE_DIF_CS_014.cs,73,baselines_work/cohorte/csharp/CODE_IDENT_CS_015_COPY/CODE_IDENT_CS_015.cs,0.25129533678756477,97,13,58,39
4301,22,baselines_work/cohorte/csharp/CODE_ESTRU_CS_011/CODE_ESTRU_CS_011.cs,51,baselines_work/cohorte/csharp/CODE_IDENT_CS_005/CODE_IDENT_CS_005.cs,0.6298701298701299,97,12,68,29
4302,22,baselines_work/cohorte/csharp/CODE_ESTRU_CS_011/CODE_ESTRU_CS_011.cs,52,baselines_work/cohorte/csharp/CODE_IDENT_CS_005_COPY/CODE_IDENT_CS_005.cs,0.6298701298701299,97,12,68,29
2805,4,baselines_work/cohorte/csharp/CODE_DIF_CS_002/CODE_DIF_CS_002.cs,11,baselines_work/cohorte/csharp/CODE_DIF_CS_010/CODE_DIF_CS_010.cs,0.23529411764705882,96,8,47,49
3169,5,baselines_work/cohorte/csharp/CODE_DIF_CS_007/CODE_DIF_CS_007.cs,24,baselines_work/cohorte/csharp/CODE_ESTRU_CS_009/CODE_ESTRU_CS_009.cs,0.23076923076923078,96,9,68,28
3190,5,baselines_work/cohorte/csharp/CODE_DIF_CS_007/CODE_DIF_CS_007.cs,44,baselines_work/cohorte/csharp/CODE_FUN_CS_015/CODE_FUN_CS_015.cs,0.21145374449339208,96,14,63,33
3199,5,baselines_work/cohorte/csharp/CODE_DIF_CS_007/CODE_DIF_CS_007.cs,51,baselines_work/cohorte/csharp/CODE_IDENT_CS_005/CODE_IDENT_CS_005.cs,0.2532981530343008,96,6,72,24
3200,5,baselines_work/cohorte/csharp/CODE_DIF_CS_007/CODE_DIF_CS_007.cs,52,baselines_work/cohorte/csharp/CODE_IDENT_CS_005_COPY/CODE_IDENT_CS_005.cs,0.2532981530343008,96,6,72,24
3207,5,baselines_work/cohorte/csharp/CODE_DIF_CS_007/CODE_DIF_CS_007.cs,60,baselines_work/cohorte/csharp/CODE_IDENT_CS_009/CODE_IDENT_CS_009.cs,0.23076923076923078,96,9,68,28
3208,5,baselines_work/cohorte/csharp/CODE_DIF_CS_007/CODE_DIF_CS_007.cs,59,baselines_work/cohorte/csharp/CODE_IDENT_CS_009_COPY/CODE_IDENT_CS_009.cs,0.23076923076923078,96,9,68,28
3576,10,baselines_work/cohorte/csharp/CODE_DIF_CS_013/CODE_DIF_CS_013.cs,47,baselines_work/cohorte/csharp/CODE_FUN_CS_014/CODE_FUN_CS_014.cs,0.16666666666666666,96,8,74,22
3598,10,baselines_work/cohorte/csharp/CODE_DIF_CS_013/CODE_DIF_CS_013.cs,63,baselines_work/cohorte/csharp/CODE_IDENT_CS_011/CODE_IDENT_CS_011.cs,0.16842105263157894,96,16,55,41
3599,10,baselines_work/cohorte/csharp/CODE_DIF_CS_013/CODE_DIF_CS_013.cs,65,baselines_work/cohorte/csharp/CODE_IDENT_CS_011_COPY/CODE_IDENT_CS_011.cs,0.16842105263157894,96,16,55,41
3674,13,baselines_work/cohorte/csharp/CODE_DIF_CS_015/CODE_DIF_CS_015.cs,19,baselines_work/cohorte/csharp/CODE_ESTRU_CS_006/CODE_ESTRU_CS_006.cs,0.22170900692840648,96,6,65,31
3677,13,baselines_work/cohorte/csharp/CODE_DIF_CS_015/CODE_DIF_CS_015.cs,24,baselines_work/cohorte/csharp/CODE_ESTRU_CS_009/CODE_ESTRU_CS_009.cs,0.2157303370786517,96,8,67,29
3715,13,baselines_work/cohorte/csharp/CODE_DIF_CS_015/CODE_DIF_CS_015.cs,60,baselines_work/cohorte/csharp/CODE_IDENT_CS_009/CODE_IDENT_CS_009.cs,0.2157303370786517,96,8,67,29
3716,13,baselines_work/cohorte/csharp/CODE_DIF_CS_015/CODE_DIF_CS_015.cs,59,baselines_work/cohorte/csharp/CODE_IDENT_CS_009_COPY/CODE_IDENT_CS_009.cs,0.2157303370786517,96,8,67,29
4020,19,baselines_work/cohorte/csharp/CODE_ESTRU_CS_006/CODE_ESTRU_CS_006.cs,29,baselines_work/cohorte/csharp/CODE_ESTRU_CS_013/CODE_ESTRU_CS_013.cs,0.6,96,12,41,55
4052,19,baselines_work/cohorte/csharp/CODE_ESTRU_CS_006/CODE_ESTRU_CS_006.cs,61,baselines_work/cohorte/csharp/CODE_IDENT_CS_008/CODE_IDENT_CS_008.cs,0.4948453608247423,96,8,42,54
4053,19,baselines_work/cohorte/csharp/CODE_ESTRU_CS_006/CODE_ESTRU_CS_006.cs,62,baselines_work/cohorte/csharp/CODE_IDENT_CS_008_COPY/CODE_IDENT_CS_008.cs,0.4948453608247423,96,8,42,54
4125,21,baselines_work/cohorte/csharp/CODE_ESTRU_CS_008/CODE_ESTRU_CS_008.cs,29,baselines_work/cohorte/csharp/CODE_ESTRU_CS_013/CODE_ESTRU_CS_013.cs,0.47761194029850745,96,16,44,52
4264,25,baselines_work/cohorte/csharp/CODE_ESTRU_CS_010/CODE_ESTRU_CS_010.cs,63,baselines_work/cohorte/csharp/CODE_IDENT_CS_011/CODE_IDENT_CS_011.cs,0.47058823529411764,96,10,33,63
4265,25,baselines_work/cohorte/csharp/CODE_ESTRU_CS_010/CODE_ESTRU_CS_010.cs,65,baselines_work/cohorte/csharp/CODE_IDENT_CS_011_COPY/CODE_IDENT_CS_011.cs,0.47058823529411764,96,10,33,63
4402,29,baselines_work/cohorte/csharp/CODE_ESTRU_CS_013/CODE_ESTRU_CS_013.cs,61,baselines_work/cohorte/csharp/CODE_IDENT_CS_008/CODE_IDENT_CS_008.cs,0.47058823529411764,96,16,52,44
4403,29,baselines_work/cohorte/csharp/CODE_ESTRU_CS_013/CODE_ESTRU_CS_013.cs,62,baselines_work/cohorte/csharp/CODE_IDENT_CS_008_COPY/CODE_IDENT_CS_008.cs,0.47058823529411764,96,16,52,44
5279,51,baselines_work/cohorte/csharp/CODE_IDENT_CS_005/CODE_IDENT_CS_005.cs,63,baselines_work/cohorte/csharp/CODE_IDENT_CS_011/CODE_IDENT_CS_011.cs,0.6274509803921569,96,12,29,67
5280,51,baselines_work/cohorte/csharp/CODE_IDENT_CS_005/CODE_IDENT_CS_005.cs,65,baselines_work/cohorte/csharp/CODE_IDENT_CS_011_COPY/CODE_IDENT_CS_011.cs,0.6274509803921569,96,12,29,67
5299,52,baselines_work/cohorte/csharp/CODE_IDENT_CS_005_COPY/CODE_IDENT_CS_005.cs,63,baselines_work/cohorte/csharp/CODE_IDENT_CS_011/CODE_IDENT_CS_011.cs,0.6274509803921569,96,12,29,67
5300,52,baselines_work/cohorte/csharp/CODE_IDENT_CS_005_COPY/CODE_IDENT_CS_005.cs,65,baselines_work/cohorte/csharp/CODE_IDENT_CS_011_COPY/CODE_IDENT_CS_011.cs,0.6274509803921569,96,12,29,67
5434,67,baselines_work/cohorte/csharp/CODE_IDENT_CS_010/CODE_IDENT_CS_010.cs,63,baselines_work/cohorte/csharp/CODE_IDENT_CS_011/CODE_IDENT_CS_011.cs,0.47058823529411764,96,10,33,63
5435,67,baselines_work/cohorte/csharp/CODE_IDENT_CS_010/CODE_IDENT_CS_010.cs,65,baselines_work/cohorte/csharp/CODE_IDENT_CS_011_COPY/CODE_IDENT_CS_011.cs,0.47058823529411764,96,10,33,63
5444,64,baselines_work/cohorte/csharp/CODE_IDENT_CS_010_COPY/CODE_IDENT_CS_010.cs,63,baselines_work/cohorte/csharp/CODE_IDENT_CS_011/CODE_IDENT_CS_011.cs,0.47058823529411764,96,10,33,63
5445,64,baselines_work/cohorte/csharp/CODE_IDENT_CS_010_COPY/CODE_IDENT_CS_010.cs,65,baselines_work/cohorte/csharp/CODE_IDENT_CS_011_COPY/CODE_IDENT_CS_011.cs,0.47058823529411764,96,10,33,63
2923,2,baselines_work/cohorte/csharp/CODE_DIF_CS_003/CODE_DIF_CS_003.cs,57,baselines_work/cohorte/csharp/CODE_IDENT_CS_006/CODE_IDENT_CS_006.cs,0.25132275132275134,95,4,71,24
2924,2,baselines_work/cohorte/csharp/CODE_DIF_CS_003/CODE_DIF_CS_003.cs,56,baselines_work/cohorte/csharp/CODE_IDENT_CS_006_COPY/CODE_IDENT_CS_006.cs,0.25132275132275134,95,4,71,24
3297,7,baselines_work/cohorte/csharp/CODE_DIF_CS_009/CODE_DIF_CS_009.cs,17,baselines_work/cohorte/csharp/CODE_ESTRU_CS_004/CODE_ESTRU_CS_004.cs,0.20042194092827004,95,4,44,51
3544,9,baselines_work/cohorte/csharp/CODE_DIF_CS_012/CODE_DIF_CS_012.cs,74,baselines_work/cohorte/csharp/CODE_IDENT_CS_015/CODE_IDENT_CS_015.cs,0.23170731707317074,95,9,52,43
3545,9,baselines_work/cohorte/csharp/CODE_DIF_CS_012/CODE_DIF_CS_012.cs,73,baselines_work/cohorte/csharp/CODE_IDENT_CS_015_COPY/CODE_IDENT_CS_015.cs,0.23170731707317074,95,9,52,43
3559,10,baselines_work/cohorte/csharp/CODE_DIF_CS_013/CODE_DIF_CS_013.cs,28,baselines_work/cohorte/csharp/CODE_ESTRU_CS_012/CODE_ESTRU_CS_012.cs,0.16843971631205673,95,5,68,27
3600,10,baselines_work/cohorte/csharp/CODE_DIF_CS_013/CODE_DIF_CS_013.cs,69,baselines_work/cohorte/csharp/CODE_IDENT_CS_012/CODE_IDENT_CS_012.cs,0.16843971631205673,95,5,68,27
3601,10,baselines_work/cohorte/csharp/CODE_DIF_CS_013/CODE_DIF_CS_013.cs,70,baselines_work/cohorte/csharp/CODE_IDENT_CS_012_COPY/CODE_IDENT_CS_012.cs,0.16843971631205673,95,5,68,27
4258,25,baselines_work/cohorte/csharp/CODE_ESTRU_CS_010/CODE_ESTRU_CS_010.cs,61,baselines_work/cohorte/csharp/CODE_IDENT_CS_008/CODE_IDENT_CS_008.cs,0.4318181818181818,95,10,38,57
4259,25,baselines_work/cohorte/csharp/CODE_ESTRU_CS_010/CODE_ESTRU_CS_010.cs,62,baselines_work/cohorte/csharp/CODE_IDENT_CS_008_COPY/CODE_IDENT_CS_008.cs,0.4318181818181818,95,10,38,57
4902,41,baselines_work/cohorte/csharp/CODE_FUN_CS_010/CODE_FUN_CS_010.cs,74,baselines_work/cohorte/csharp/CODE_IDENT_CS_015/CODE_IDENT_CS_015.cs,0.45893719806763283,95,11,42,53
4903,41,baselines_work/cohorte/csharp/CODE_FUN_CS_010/CODE_FUN_CS_010.cs,73,baselines_work/cohorte/csharp/CODE_IDENT_CS_015_COPY/CODE_IDENT_CS_015.cs,0.45893719806763283,95,11,42,53
5382,61,baselines_work/cohorte/csharp/CODE_IDENT_CS_008/CODE_IDENT_CS_008.cs,67,baselines_work/cohorte/csharp/CODE_IDENT_CS_010/CODE_IDENT_CS_010.cs,0.4318181818181818,95,10,57,38
5383,61,baselines_work/cohorte/csharp/CODE_IDENT_CS_008/CODE_IDENT_CS_008.cs,64,baselines_work/cohorte/csharp/CODE_IDENT_CS_010_COPY/CODE_IDENT_CS_010.cs,0.4318181818181818,95,10,57,38
5396,62,baselines_work/cohorte/csharp/CODE_IDENT_CS_008_COPY/CODE_IDENT_CS_008.cs,67,baselines_work/cohorte/csharp/CODE_IDENT_CS_010/CODE_IDENT_CS_010.cs,0.4318181818181818,95,10,57,38
5397,62,baselines_work/cohorte/csharp/CODE_IDENT_CS_008_COPY/CODE_IDENT_CS_008.cs,64,baselines_work/cohorte/csharp/CODE_IDENT_CS_010_COPY/CODE_IDENT_CS_010.cs,0.4318181818181818,95,10,57,38
2806,4,baselines_work/cohorte/csharp/CODE_DIF_CS_002/CODE_DIF_CS_002.cs,8,baselines_work/cohorte/csharp/CODE_DIF_CS_011/CODE_DIF_CS_011.cs,0.20614035087719298,94,8,44,50
2818,4,baselines_work/cohorte/csharp/CODE_DIF_CS_002/CODE_DIF_CS_002.cs,21,baselines_work/cohorte/csharp/CODE_ESTRU_CS_008/CODE_ESTRU_CS_008.cs,0.3715415019762846,94,8,43,51
2855,4,baselines_work/cohorte/csharp/CODE_DIF_CS_002/CODE_DIF_CS_002.cs,61,baselines_work/cohorte/csharp/CODE_IDENT_CS_008/CODE_IDENT_CS_008.cs,0.3671875,94,8,43,51
2856,4,baselines_work/cohorte/csharp/CODE_DIF_CS_002/CODE_DIF_CS_002.cs,62,baselines_work/cohorte/csharp/CODE_IDENT_CS_008_COPY/CODE_IDENT_CS_008.cs,0.3671875,94,8,43,51
3185,5,baselines_work/cohorte/csharp/CODE_DIF_CS_007/CODE_DIF_CS_007.cs,41,baselines_work/cohorte/csharp/CODE_FUN_CS_010/CODE_FUN_CS_010.cs,0.21709006928406466,94,6,70,24
3230,23,baselines_work/cohorte/csharp/CODE_DIF_CS_008/CODE_DIF_CS_008.cs,15,baselines_work/cohorte/csharp/CODE_ESTRU_CS_003/CODE_ESTRU_CS_003.cs,0.16845878136200718,94,3,76,18
3362,11,baselines_work/cohorte/csharp/CODE_DIF_CS_010/CODE_DIF_CS_010.cs,17,baselines_work/cohorte/csharp/CODE_ESTRU_CS_004/CODE_ESTRU_CS_004.cs,0.17184643510054845,94,4,42,52
3556,10,baselines_work/cohorte/csharp/CODE_DIF_CS_013/CODE_DIF_CS_013.cs,24,baselines_work/cohorte/csharp/CODE_ESTRU_CS_009/CODE_ESTRU_CS_009.cs,0.16967509025270758,94,5,69,25
3560,10,baselines_work/cohorte/csharp/CODE_DIF_CS_013/CODE_DIF_CS_013.cs,29,baselines_work/cohorte/csharp/CODE_ESTRU_CS_013/CODE_ESTRU_CS_013.cs,0.17028985507246377,94,16,56,38
3573,10,baselines_work/cohorte/csharp/CODE_DIF_CS_013/CODE_DIF_CS_013.cs,42,baselines_work/cohorte/csharp/CODE_FUN_CS_011/CODE_FUN_CS_011.cs,0.15692821368948248,94,4,59,35
3594,10,baselines_work/cohorte/csharp/CODE_DIF_CS_013/CODE_DIF_CS_013.cs,60,baselines_work/cohorte/csharp/CODE_IDENT_CS_009/CODE_IDENT_CS_009.cs,0.16967509025270758,94,5,69,25
3595,10,baselines_work/cohorte/csharp/CODE_DIF_CS_013/CODE_DIF_CS_013.cs,59,baselines_work/cohorte/csharp/CODE_IDENT_CS_009_COPY/CODE_IDENT_CS_009.cs,0.16967509025270758,94,5,69,25
2804,4,baselines_work/cohorte/csharp/CODE_DIF_CS_002/CODE_DIF_CS_002.cs,7,baselines_work/cohorte/csharp/CODE_DIF_CS_009/CODE_DIF_CS_009.cs,0.27761194029850744,93,8,46,47
2822,4,baselines_work/cohorte/csharp/CODE_DIF_CS_002/CODE_DIF_CS_002.cs,28,baselines_work/cohorte/csharp/CODE_ESTRU_CS_012/CODE_ESTRU_CS_012.cs,0.3974358974358974,93,8,53,40
3088,6,baselines_work/cohorte/csharp/CODE_DIF_CS_006/CODE_DIF_CS_006.cs,8,baselines_work/cohorte/csharp/CODE_DIF_CS_011/CODE_DIF_CS_011.cs,0.17714285714285713,93,5,39,54
3174,5,baselines_work/cohorte/csharp/CODE_DIF_CS_007/CODE_DIF_CS_007.cs,27,baselines_work/cohorte/csharp/CODE_ESTRU_CS_014/CODE_ESTRU_CS_014.cs,0.229064039408867,93,7,67,26
3614,12,baselines_work/cohorte/csharp/CODE_DIF_CS_014/CODE_DIF_CS_014.cs,19,baselines_work/cohorte/csharp/CODE_ESTRU_CS_006/CODE_ESTRU_CS_006.cs,0.25977653631284914,93,6,62,31
5476,69,baselines_work/cohorte/csharp/CODE_IDENT_CS_012/CODE_IDENT_CS_012.cs,74,baselines_work/cohorte/csharp/CODE_IDENT_CS_015/CODE_IDENT_CS_015.cs,0.465,93,8,42,51
5477,69,baselines_work/cohorte/csharp/CODE_IDENT_CS_012/CODE_IDENT_CS_012.cs,73,baselines_work/cohorte/csharp/CODE_IDENT_CS_015_COPY/CODE_IDENT_CS_015.cs,0.465,93,8,42,51
5482,70,baselines_work/cohorte/csharp/CODE_IDENT_CS_012_COPY/CODE_IDENT_CS_012.cs,74,baselines_work/cohorte/csharp/CODE_IDENT_CS_015/CODE_IDENT_CS_015.cs,0.465,93,8,42,51
5483,70,baselines_work/cohorte/csharp/CODE_IDENT_CS_012_COPY/CODE_IDENT_CS_012.cs,73,baselines_work/cohorte/csharp/CODE_IDENT_CS_015_COPY/CODE_IDENT_CS_015.cs,0.465,93,8,42,51
3619,12,baselines_work/cohorte/csharp/CODE_DIF_CS_014/CODE_DIF_CS_014.cs,22,baselines_work/cohorte/csharp/CODE_ESTRU_CS_011/CODE_ESTRU_CS_011.cs,0.23772609819121446,92,18,51,41
3681,13,baselines_work/cohorte/csharp/CODE_DIF_CS_015/CODE_DIF_CS_015.cs,29,baselines_work/cohorte/csharp/CODE_ESTRU_CS_013/CODE_ESTRU_CS_013.cs,0.2076749435665914,92,18,59,33
3992,18,baselines_work/cohorte/csharp/CODE_ESTRU_CS_005/CODE_ESTRU_CS_005.cs,51,baselines_work/cohorte/csharp/CODE_IDENT_CS_005/CODE_IDENT_CS_005.cs,0.8363636363636363,92,24,50,42
3993,18,baselines_work/cohorte/csharp/CODE_ESTRU_CS_005/CODE_ESTRU_CS_005.cs,52,baselines_work/cohorte/csharp/CODE_IDENT_CS_005_COPY/CODE_IDENT_CS_005.cs,0.8363636363636363,92,24,50,42
4099,20,baselines_work/cohorte/csharp/CODE_ESTRU_CS_007/CODE_ESTRU_CS_007.cs,51,baselines_work/cohorte/csharp/CODE_IDENT_CS_005/CODE_IDENT_CS_005.cs,0.8518518518518519,92,26,50,42
4100,20,baselines_work/cohorte/csharp/CODE_ESTRU_CS_007/CODE_ESTRU_CS_007.cs,52,baselines_work/cohorte/csharp/CODE_IDENT_CS_005_COPY/CODE_IDENT_CS_005.cs,0.8518518518518519,92,26,50,42
5271,51,baselines_work/cohorte/csharp/CODE_IDENT_CS_005/CODE_IDENT_CS_005.cs,54,baselines_work/cohorte/csharp/CODE_IDENT_CS_007/CODE_IDENT_CS_007.cs,0.8518518518518519,92,26,42,50
5272,51,baselines_work/cohorte/csharp/CODE_IDENT_CS_005/CODE_IDENT_CS_005.cs,58,baselines_work/cohorte/csharp/CODE_IDENT_CS_007_COPY/CODE_IDENT_CS_007.cs,0.8518518518518519,92,26,42,50
5291,52,baselines_work/cohorte/csharp/CODE_IDENT_CS_005_COPY/CODE_IDENT_CS_005.cs,54,baselines_work/cohorte/csharp/CODE_IDENT_CS_007/CODE_IDENT_CS_007.cs,0.8518518518518519,92,26,42,50
5292,52,baselines_work/cohorte/csharp/CODE_IDENT_CS_005_COPY/CODE_IDENT_CS_005.cs,58,baselines_work/cohorte/csharp/CODE_IDENT_CS_007_COPY/CODE_IDENT_CS_007.cs,0.8518518518518519,92,26,42,50
2799,4,baselines_work/cohorte/csharp/CODE_DIF_CS_002/CODE_DIF_CS_002.cs,0,baselines_work/cohorte/csharp/CODE_DIF_CS_004/CODE_DIF_CS_004.cs,0.16134751773049646,91,5,47,44
2884,2,baselines_work/cohorte/csharp/CODE_DIF_CS_003/CODE_DIF_CS_003.cs,16,baselines_work/cohorte/csharp/CODE_ESTRU_CS_002/CODE_ESTRU_CS_002.cs,0.25,91,3,71,20
3217,5,baselines_work/cohorte/csharp/CODE_DIF_CS_007/CODE_DIF_CS_007.cs,68,baselines_work/cohorte/csharp/CODE_IDENT_CS_014/CODE_IDENT_CS_014.cs,0.22413793103448276,91,7,65,26
3218,5,baselines_work/cohorte/csharp/CODE_DIF_CS_007/CODE_DIF_CS_007.cs,72,baselines_work/cohorte/csharp/CODE_IDENT_CS_014_COPY/CODE_IDENT_CS_014.cs,0.22413793103448276,91,7,65,26
3499,9,baselines_work/cohorte/csharp/CODE_DIF_CS_012/CODE_DIF_CS_012.cs,27,baselines_work/cohorte/csharp/CODE_ESTRU_CS_014/CODE_ESTRU_CS_014.cs,0.23697916666666666,91,8,58,33
3637,12,baselines_work/cohorte/csharp/CODE_DIF_CS_014/CODE_DIF_CS_014.cs,47,baselines_work/cohorte/csharp/CODE_FUN_CS_014/CODE_FUN_CS_014.cs,0.23214285714285715,91,5,66,25
3961,18,baselines_work/cohorte/csharp/CODE_ESTRU_CS_005/CODE_ESTRU_CS_005.cs,21,baselines_work/cohorte/csharp/CODE_ESTRU_CS_008/CODE_ESTRU_CS_008.cs,0.5170454545454546,91,8,36,55
4167,21,baselines_work/cohorte/csharp/CODE_ESTRU_CS_008/CODE_ESTRU_CS_008.cs,66,baselines_work/cohorte/csharp/CODE_IDENT_CS_013/CODE_IDENT_CS_013.cs,0.4375,91,16,41,50
4168,21,baselines_work/cohorte/csharp/CODE_ESTRU_CS_008/CODE_ESTRU_CS_008.cs,71,baselines_work/cohorte/csharp/CODE_IDENT_CS_013_COPY/CODE_IDENT_CS_013.cs,0.4375,91,16,41,50
4398,29,baselines_work/cohorte/csharp/CODE_ESTRU_CS_013/CODE_ESTRU_CS_013.cs,57,baselines_work/cohorte/csharp/CODE_IDENT_CS_006/CODE_IDENT_CS_006.cs,0.5833333333333334,91,12,55,36
4399,29,baselines_work/cohorte/csharp/CODE_ESTRU_CS_013/CODE_ESTRU_CS_013.cs,56,baselines_work/cohorte/csharp/CODE_IDENT_CS_006_COPY/CODE_IDENT_CS_006.cs,0.5833333333333334,91,12,55,36
5388,61,baselines_work/cohorte/csharp/CODE_IDENT_CS_008/CODE_IDENT_CS_008.cs,66,baselines_work/cohorte/csharp/CODE_IDENT_CS_013/CODE_IDENT_CS_013.cs,0.4312796208530806,91,16,41,50
5389,61,baselines_work/cohorte/csharp/CODE_IDENT_CS_008/CODE_IDENT_CS_008.cs,71,baselines_work/cohorte/csharp/CODE_IDENT_CS_013_COPY/CODE_IDENT_CS_013.cs,0.4312796208530806,91,16,41,50
5402,62,baselines_work/cohorte/csharp/CODE_IDENT_CS_008_COPY/CODE_IDENT_CS_008.cs,66,baselines_work/cohorte/csharp/CODE_IDENT_CS_013/CODE_IDENT_CS_013.cs,0.4312796208530806,91,16,41,50
5403,62,baselines_work/cohorte/csharp/CODE_IDENT_CS_008_COPY/CODE_IDENT_CS_008.cs,71,baselines_work/cohorte/csharp/CODE_IDENT_CS_013_COPY/CODE_IDENT_CS_013.cs,0.4312796208530806,91,16,41,50
2906,2,baselines_work/cohorte/csharp/CODE_DIF_CS_003/CODE_DIF_CS_003.cs,37,baselines_work/cohorte/csharp/CODE_FUN_CS_009/CODE_FUN_CS_009.cs,0.2222222222222222,90,3,73,17
2961,0,baselines_work/cohorte/csharp/CODE_DIF_CS_004/CODE_DIF_CS_004.cs,21,baselines_work/cohorte/csharp/CODE_ESTRU_CS_008/CODE_ESTRU_CS_008.cs,0.16574585635359115,90,5,38,52
3031,3,baselines_work/cohorte/csharp/CODE_DIF_CS_005/CODE_DIF_CS_005.cs,21,baselines_work/cohorte/csharp/CODE_ESTRU_CS_008/CODE_ESTRU_CS_008.cs,0.2719033232628399,90,16,45,45
3076,3,baselines_work/cohorte/csharp/CODE_DIF_CS_005/CODE_DIF_CS_005.cs,69,baselines_work/cohorte/csharp/CODE_IDENT_CS_012/CODE_IDENT_CS_012.cs,0.28846153846153844,90,5,55,35
3077,3,baselines_work/cohorte/csharp/CODE_DIF_CS_005/CODE_DIF_CS_005.cs,70,baselines_work/cohorte/csharp/CODE_IDENT_CS_012_COPY/CODE_IDENT_CS_012.cs,0.28846153846153844,90,5,55,35
3186,5,baselines_work/cohorte/csharp/CODE_DIF_CS_007/CODE_DIF_CS_007.cs,42,baselines_work/cohorte/csharp/CODE_FUN_CS_011/CODE_FUN_CS_011.cs,0.19522776572668113,90,4,55,35
3201,5,baselines_work/cohorte/csharp/CODE_DIF_CS_007/CODE_DIF_CS_007.cs,57,baselines_work/cohorte/csharp/CODE_IDENT_CS_006/CODE_IDENT_CS_006.cs,0.225,90,6,61,29
3202,5,baselines_work/cohorte/csharp/CODE_DIF_CS_007/CODE_DIF_CS_007.cs,56,baselines_work/cohorte/csharp/CODE_IDENT_CS_006_COPY/CODE_IDENT_CS_006.cs,0.225,90,6,61,29
3369,11,baselines_work/cohorte/csharp/CODE_DIF_CS_010/CODE_DIF_CS_010.cs,22,baselines_work/cohorte/csharp/CODE_ESTRU_CS_011/CODE_ESTRU_CS_011.cs,0.24,90,15,41,49
3515,9,baselines_work/cohorte/csharp/CODE_DIF_CS_012/CODE_DIF_CS_012.cs,44,baselines_work/cohorte/csharp/CODE_FUN_CS_015/CODE_FUN_CS_015.cs,0.20833333333333334,90,9,52,38
3568,10,baselines_work/cohorte/csharp/CODE_DIF_CS_013/CODE_DIF_CS_013.cs,38,baselines_work/cohorte/csharp/CODE_FUN_CS_006/CODE_FUN_CS_006.cs,0.15517241379310345,90,13,61,29
3569,10,baselines_work/cohorte/csharp/CODE_DIF_CS_013/CODE_DIF_CS_013.cs,34,baselines_work/cohorte/csharp/CODE_FUN_CS_007/CODE_FUN_CS_007.cs,0.1595744680851064,90,7,69,21
4062,19,baselines_work/cohorte/csharp/CODE_ESTRU_CS_006/CODE_ESTRU_CS_006.cs,66,baselines_work/cohorte/csharp/CODE_IDENT_CS_013/CODE_IDENT_CS_013.cs,0.5389221556886228,90,12,38,52
4063,19,baselines_work/cohorte/csharp/CODE_ESTRU_CS_006/CODE_ESTRU_CS_006.cs,71,baselines_work/cohorte/csharp/CODE_IDENT_CS_013_COPY/CODE_IDENT_CS_013.cs,0.5389221556886228,90,12,38,52
4073,20,baselines_work/cohorte/csharp/CODE_ESTRU_CS_007/CODE_ESTRU_CS_007.cs,29,baselines_work/cohorte/csharp/CODE_ESTRU_CS_013/CODE_ESTRU_CS_013.cs,0.6293706293706294,90,12,35,55
4400,29,baselines_work/cohorte/csharp/CODE_ESTRU_CS_013/CODE_ESTRU_CS_013.cs,54,baselines_work/cohorte/csharp/CODE_IDENT_CS_007/CODE_IDENT_CS_007.cs,0.6293706293706294,90,12,55,35
4401,29,baselines_work/cohorte/csharp/CODE_ESTRU_CS_013/CODE_ESTRU_CS_013.cs,58,baselines_work/cohorte/csharp/CODE_IDENT_CS_007_COPY/CODE_IDENT_CS_007.cs,0.6293706293706294,90,12,55,35
5121,45,baselines_work/cohorte/csharp/CODE_IDENT_CS_002/CODE_IDENT_CS_002.cs,53,baselines_work/cohorte/csharp/CODE_IDENT_CS_002_COPY/CODE_IDENT_CS_002.cs,1,90,45,45,45
2869,4,baselines_work/cohorte/csharp/CODE_DIF_CS_002/CODE_DIF_CS_002.cs,74,baselines_work/cohorte/csharp/CODE_IDENT_CS_015/CODE_IDENT_CS_015.cs,0.37083333333333335,89,5,46,43
2870,4,baselines_work/cohorte/csharp/CODE_DIF_CS_002/CODE_DIF_CS_002.cs,73,baselines_work/cohorte/csharp/CODE_IDENT_CS_015_COPY/CODE_IDENT_CS_015.cs,0.37083333333333335,89,5,46,43
2885,2,baselines_work/cohorte/csharp/CODE_DIF_CS_003/CODE_DIF_CS_003.cs,15,baselines_work/cohorte/csharp/CODE_ESTRU_CS_003/CODE_ESTRU_CS_003.cs,0.23544973544973544,89,3,69,20
3100,6,baselines_work/cohorte/csharp/CODE_DIF_CS_006/CODE_DIF_CS_006.cs,21,baselines_work/cohorte/csharp/CODE_ESTRU_CS_008/CODE_ESTRU_CS_008.cs,0.27639751552795033,89,6,37,52
3175,5,baselines_work/cohorte/csharp/CODE_DIF_CS_007/CODE_DIF_CS_007.cs,26,baselines_work/cohorte/csharp/CODE_ESTRU_CS_015/CODE_ESTRU_CS_015.cs,0.20794392523364486,89,7,56,33
3366,11,baselines_work/cohorte/csharp/CODE_DIF_CS_010/CODE_DIF_CS_010.cs,21,baselines_work/cohorte/csharp/CODE_ESTRU_CS_008/CODE_ESTRU_CS_008.cs,0.22997416020671835,89,13,46,43
3403,11,baselines_work/cohorte/csharp/CODE_DIF_CS_010/CODE_DIF_CS_010.cs,61,baselines_work/cohorte/csharp/CODE_IDENT_CS_008/CODE_IDENT_CS_008.cs,0.2282051282051282,89,13,46,43
3404,11,baselines_work/cohorte/csharp/CODE_DIF_CS_010/CODE_DIF_CS_010.cs,62,baselines_work/cohorte/csharp/CODE_IDENT_CS_008_COPY/CODE_IDENT_CS_008.cs,0.2282051282051282,89,13,46,43
3409,11,baselines_work/cohorte/csharp/CODE_DIF_CS_010/CODE_DIF_CS_010.cs,63,baselines_work/cohorte/csharp/CODE_IDENT_CS_011/CODE_IDENT_CS_011.cs,0.23796791443850268,89,15,41,48
3410,11,baselines_work/cohorte/csharp/CODE_DIF_CS_010/CODE_DIF_CS_010.cs,65,baselines_work/cohorte/csharp/CODE_IDENT_CS_011_COPY/CODE_IDENT_CS_011.cs,0.23796791443850268,89,15,41,48
3430,8,baselines_work/cohorte/csharp/CODE_DIF_CS_011/CODE_DIF_CS_011.cs,21,baselines_work/cohorte/csharp/CODE_ESTRU_CS_008/CODE_ESTRU_CS_008.cs,0.2045977011494253,89,13,46,43
3542,9,baselines_work/cohorte/csharp/CODE_DIF_CS_012/CODE_DIF_CS_012.cs,68,baselines_work/cohorte/csharp/CODE_IDENT_CS_014/CODE_IDENT_CS_014.cs,0.23177083333333334,89,8,57,32
3543,9,baselines_work/cohorte/csharp/CODE_DIF_CS_012/CODE_DIF_CS_012.cs,72,baselines_work/cohorte/csharp/CODE_IDENT_CS_014_COPY/CODE_IDENT_CS_014.cs,0.23177083333333334,89,8,57,32
3572,10,baselines_work/cohorte/csharp/CODE_DIF_CS_013/CODE_DIF_CS_013.cs,41,baselines_work/cohorte/csharp/CODE_FUN_CS_010/CODE_FUN_CS_010.cs,0.15586690017513136,89,4,66,23
3622,12,baselines_work/cohorte/csharp/CODE_DIF_CS_014/CODE_DIF_CS_014.cs,27,baselines_work/cohorte/csharp/CODE_ESTRU_CS_014/CODE_ESTRU_CS_014.cs,0.24722222222222223,89,7,62,27
3659,12,baselines_work/cohorte/csharp/CODE_DIF_CS_014/CODE_DIF_CS_014.cs,63,baselines_work/cohorte/csharp/CODE_IDENT_CS_011/CODE_IDENT_CS_011.cs,0.23056994818652848,89,18,50,39
3660,12,baselines_work/cohorte/csharp/CODE_DIF_CS_014/CODE_DIF_CS_014.cs,65,baselines_work/cohorte/csharp/CODE_IDENT_CS_011_COPY/CODE_IDENT_CS_011.cs,0.23056994818652848,89,18,50,39
3682,13,baselines_work/cohorte/csharp/CODE_DIF_CS_015/CODE_DIF_CS_015.cs,27,baselines_work/cohorte/csharp/CODE_ESTRU_CS_014/CODE_ESTRU_CS_014.cs,0.2045977011494253,89,7,63,26
3725,13,baselines_work/cohorte/csharp/CODE_DIF_CS_015/CODE_DIF_CS_015.cs,68,baselines_work/cohorte/csharp/CODE_IDENT_CS_014/CODE_IDENT_CS_014.cs,0.2045977011494253,89,7,63,26
3726,13,baselines_work/cohorte/csharp/CODE_DIF_CS_015/CODE_DIF_CS_015.cs,72,baselines_work/cohorte/csharp/CODE_IDENT_CS_014_COPY/CODE_IDENT_CS_014.cs,0.2045977011494253,89,7,63,26
4068,20,baselines_work/cohorte/csharp/CODE_ESTRU_CS_007/CODE_ESTRU_CS_007.cs,21,baselines_work/cohorte/csharp/CODE_ESTRU_CS_008/CODE_ESTRU_CS_008.cs,0.5114942528735632,89,8,36,53
4155,21,baselines_work/cohorte/csharp/CODE_ESTRU_CS_008/CODE_ESTRU_CS_008.cs,54,baselines_work/cohorte/csharp/CODE_IDENT_CS_007/CODE_IDENT_CS_007.cs,0.5114942528735632,89,8,53,36
4156,21,baselines_work/cohorte/csharp/CODE_ESTRU_CS_008/CODE_ESTRU_CS_008.cs,58,baselines_work/cohorte/csharp/CODE_IDENT_CS_007_COPY/CODE_IDENT_CS_007.cs,0.5114942528735632,89,8,53,36
4283,22,baselines_work/cohorte/csharp/CODE_ESTRU_CS_011/CODE_ESTRU_CS_011.cs,38,baselines_work/cohorte/csharp/CODE_FUN_CS_006/CODE_FUN_CS_006.cs,0.41013824884792627,89,15,55,34
4553,33,baselines_work/cohorte/csharp/CODE_FUN_CS_002/CODE_FUN_CS_002.cs,31,baselines_work/cohorte/csharp/CODE_FUN_CS_003/CODE_FUN_CS_003.cs,0.7606837606837606,89,16,43,46
4888,41,baselines_work/cohorte/csharp/CODE_FUN_CS_010/CODE_FUN_CS_010.cs,61,baselines_work/cohorte/csharp/CODE_IDENT_CS_008/CODE_IDENT_CS_008.cs,0.3991031390134529,89,10,32,57
4889,41,baselines_work/cohorte/csharp/CODE_FUN_CS_010/CODE_FUN_CS_010.cs,62,baselines_work/cohorte/csharp/CODE_IDENT_CS_008_COPY/CODE_IDENT_CS_008.cs,0.3991031390134529,89,10,32,57
2732,1,baselines_work/cohorte/csharp/CODE_DIF_CS_001/CODE_DIF_CS_001.cs,11,baselines_work/cohorte/csharp/CODE_DIF_CS_010/CODE_DIF_CS_010.cs,0.22564102564102564,88,5,39,49
2820,4,baselines_work/cohorte/csharp/CODE_DIF_CS_002/CODE_DIF_CS_002.cs,25,baselines_work/cohorte/csharp/CODE_ESTRU_CS_010/CODE_ESTRU_CS_010.cs,0.3697478991596639,88,7,49,39
2833,4,baselines_work/cohorte/csharp/CODE_DIF_CS_002/CODE_DIF_CS_002.cs,35,baselines_work/cohorte/csharp/CODE_FUN_CS_008/CODE_FUN_CS_008.cs,0.292358803986711,88,13,50,38
2859,4,baselines_work/cohorte/csharp/CODE_DIF_CS_002/CODE_DIF_CS_002.cs,67,baselines_work/cohorte/csharp/CODE_IDENT_CS_010/CODE_IDENT_CS_010.cs,0.3697478991596639,88,7,49,39
2860,4,baselines_work/cohorte/csharp/CODE_DIF_CS_002/CODE_DIF_CS_002.cs,64,baselines_work/cohorte/csharp/CODE_IDENT_CS_010_COPY/CODE_IDENT_CS_010.cs,0.3697478991596639,88,7,49,39
2902,2,baselines_work/cohorte/csharp/CODE_DIF_CS_003/CODE_DIF_CS_003.cs,36,baselines_work/cohorte/csharp/CODE_FUN_CS_005/CODE_FUN_CS_005.cs,0.2297650130548303,88,3,66,22
2904,2,baselines_work/cohorte/csharp/CODE_DIF_CS_003/CODE_DIF_CS_003.cs,34,baselines_work/cohorte/csharp/CODE_FUN_CS_007/CODE_FUN_CS_007.cs,0.21782178217821782,88,3,66,22
3035,3,baselines_work/cohorte/csharp/CODE_DIF_CS_005/CODE_DIF_CS_005.cs,28,baselines_work/cohorte/csharp/CODE_ESTRU_CS_012/CODE_ESTRU_CS_012.cs,0.28205128205128205,88,5,54,34
3189,5,baselines_work/cohorte/csharp/CODE_DIF_CS_007/CODE_DIF_CS_007.cs,47,baselines_work/cohorte/csharp/CODE_FUN_CS_014/CODE_FUN_CS_014.cs,0.2009132420091324,88,5,66,22
3506,9,baselines_work/cohorte/csharp/CODE_DIF_CS_012/CODE_DIF_CS_012.cs,38,baselines_work/cohorte/csharp/CODE_FUN_CS_006/CODE_FUN_CS_006.cs,0.20952380952380953,88,10,49,39
3618,12,baselines_work/cohorte/csharp/CODE_DIF_CS_014/CODE_DIF_CS_014.cs,25,baselines_work/cohorte/csharp/CODE_ESTRU_CS_010/CODE_ESTRU_CS_010.cs,0.22916666666666666,88,7,58,30
3657,12,baselines_work/cohorte/csharp/CODE_DIF_CS_014/CODE_DIF_CS_014.cs,67,baselines_work/cohorte/csharp/CODE_IDENT_CS_010/CODE_IDENT_CS_010.cs,0.22916666666666666,88,7,58,30
3658,12,baselines_work/cohorte/csharp/CODE_DIF_CS_014/CODE_DIF_CS_014.cs,64,baselines_work/cohorte/csharp/CODE_IDENT_CS_010_COPY/CODE_IDENT_CS_010.cs,0.22916666666666666,88,7,58,30
4014,19,baselines_work/cohorte/csharp/CODE_ESTRU_CS_006/CODE_ESTRU_CS_006.cs,20,baselines_work/cohorte/csharp/CODE_ESTRU_CS_007/CODE_ESTRU_CS_007.cs,0.6616541353383458,88,25,47,41
4050,19,baselines_work/cohorte/csharp/CODE_ESTRU_CS_006/CODE_ESTRU_CS_006.cs,54,baselines_work/cohorte/csharp/CODE_IDENT_CS_007/CODE_IDENT_CS_007.cs,0.6616541353383458,88,25,47,41
4051,19,baselines_work/cohorte/csharp/CODE_ESTRU_CS_006/CODE_ESTRU_CS_006.cs,58,baselines_work/cohorte/csharp/CODE_IDENT_CS_007_COPY/CODE_IDENT_CS_007.cs,0.6616541353383458,88,25,47,41
4133,21,baselines_work/cohorte/csharp/CODE_ESTRU_CS_008/CODE_ESTRU_CS_008.cs,38,baselines_work/cohorte/csharp/CODE_FUN_CS_006/CODE_FUN_CS_006.cs,0.38427947598253276,88,13,51,37
4748,38,baselines_work/cohorte/csharp/CODE_FUN_CS_006/CODE_FUN_CS_006.cs,63,baselines_work/cohorte/csharp/CODE_IDENT_CS_011/CODE_IDENT_CS_011.cs,0.4074074074074074,88,15,34,54
4749,38,baselines_work/cohorte/csharp/CODE_FUN_CS_006/CODE_FUN_CS_006.cs,65,baselines_work/cohorte/csharp/CODE_IDENT_CS_011_COPY/CODE_IDENT_CS_011.cs,0.4074074074074074,88,15,34,54
2998,0,baselines_work/cohorte/csharp/CODE_DIF_CS_004/CODE_DIF_CS_004.cs,61,baselines_work/cohorte/csharp/CODE_IDENT_CS_008/CODE_IDENT_CS_008.cs,0.15934065934065933,87,5,38,49
2999,0,baselines_work/cohorte/csharp/CODE_DIF_CS_004/CODE_DIF_CS_004.cs,62,baselines_work/cohorte/csharp/CODE_IDENT_CS_008_COPY/CODE_IDENT_CS_008.cs,0.15934065934065933,87,5,38,49
3086,6,baselines_work/cohorte/csharp/CODE_DIF_CS_006/CODE_DIF_CS_006.cs,7,baselines_work/cohorte/csharp/CODE_DIF_CS_009/CODE_DIF_CS_009.cs,0.21534653465346534,87,5,40,47
3087,6,baselines_work/cohorte/csharp/CODE_DIF_CS_006/CODE_DIF_CS_006.cs,11,baselines_work/cohorte/csharp/CODE_DIF_CS_010/CODE_DIF_CS_010.cs,0.18238993710691823,87,5,38,49
3162,5,baselines_work/cohorte/csharp/CODE_DIF_CS_007/CODE_DIF_CS_007.cs,16,baselines_work/cohorte/csharp/CODE_ESTRU_CS_002/CODE_ESTRU_CS_002.cs,0.22538860103626943,87,5,64,23
3567,10,baselines_work/cohorte/csharp/CODE_DIF_CS_013/CODE_DIF_CS_013.cs,36,baselines_work/cohorte/csharp/CODE_FUN_CS_005/CODE_FUN_CS_005.cs,0.16022099447513813,87,7,66,21
3621,12,baselines_work/cohorte/csharp/CODE_DIF_CS_014/CODE_DIF_CS_014.cs,29,baselines_work/cohorte/csharp/CODE_ESTRU_CS_013/CODE_ESTRU_CS_013.cs,0.23641304347826086,87,18,51,36
3687,13,baselines_work/cohorte/csharp/CODE_DIF_CS_015/CODE_DIF_CS_015.cs,32,baselines_work/cohorte/csharp/CODE_FUN_CS_004/CODE_FUN_CS_004.cs,0.15703971119133575,87,4,58,29
3966,18,baselines_work/cohorte/csharp/CODE_ESTRU_CS_005/CODE_ESTRU_CS_005.cs,29,baselines_work/cohorte/csharp/CODE_ESTRU_CS_013/CODE_ESTRU_CS_013.cs,0.6,87,12,34,53
4171,21,baselines_work/cohorte/csharp/CODE_ESTRU_CS_008/CODE_ESTRU_CS_008.cs,74,baselines_work/cohorte/csharp/CODE_IDENT_CS_015/CODE_IDENT_CS_015.cs,0.3972602739726027,87,13,48,39
4172,21,baselines_work/cohorte/csharp/CODE_ESTRU_CS_008/CODE_ESTRU_CS_008.cs,73,baselines_work/cohorte/csharp/CODE_IDENT_CS_015_COPY/CODE_IDENT_CS_015.cs,0.3972602739726027,87,13,48,39
4220,24,baselines_work/cohorte/csharp/CODE_ESTRU_CS_009/CODE_ESTRU_CS_009.cs,68,baselines_work/cohorte/csharp/CODE_IDENT_CS_014/CODE_IDENT_CS_014.cs,0.5304878048780488,87,7,41,46
4221,24,baselines_work/cohorte/csharp/CODE_ESTRU_CS_009/CODE_ESTRU_CS_009.cs,72,baselines_work/cohorte/csharp/CODE_IDENT_CS_014_COPY/CODE_IDENT_CS_014.cs,0.5304878048780488,87,7,41,46
4268,25,baselines_work/cohorte/csharp/CODE_ESTRU_CS_010/CODE_ESTRU_CS_010.cs,66,baselines_work/cohorte/csharp/CODE_IDENT_CS_013/CODE_IDENT_CS_013.cs,0.45077720207253885,87,10,32,55
4269,25,baselines_work/cohorte/csharp/CODE_ESTRU_CS_010/CODE_ESTRU_CS_010.cs,71,baselines_work/cohorte/csharp/CODE_IDENT_CS_013_COPY/CODE_IDENT_CS_013.cs,0.45077720207253885,87,10,32,55
4369,28,baselines_work/cohorte/csharp/CODE_ESTRU_CS_012/CODE_ESTRU_CS_012.cs,74,baselines_work/cohorte/csharp/CODE_IDENT_CS_015/CODE_IDENT_CS_015.cs,0.435,87,6,39,48
4370,28,baselines_work/cohorte/csharp/CODE_ESTRU_CS_012/CODE_ESTRU_CS_012.cs,73,baselines_work/cohorte/csharp/CODE_IDENT_CS_015_COPY/CODE_IDENT_CS_015.cs,0.435,87,6,39,48
5417,60,baselines_work/cohorte/csharp/CODE_IDENT_CS_009/CODE_IDENT_CS_009.cs,68,baselines_work/cohorte/csharp/CODE_IDENT_CS_014/CODE_IDENT_CS_014.cs,0.5304878048780488,87,7,41,46
5418,60,baselines_work/cohorte/csharp/CODE_IDENT_CS_009/CODE_IDENT_CS_009.cs,72,baselines_work/cohorte/csharp/CODE_IDENT_CS_014_COPY/CODE_IDENT_CS_014.cs,0.5304878048780488,87,7,41,46
5429,59,baselines_work/cohorte/csharp/CODE_IDENT_CS_009_COPY/CODE_IDENT_CS_009.cs,68,baselines_work/cohorte/csharp/CODE_IDENT_CS_014/CODE_IDENT_CS_014.cs,0.5304878048780488,87,7,41,46
5430,59,baselines_work/cohorte/csharp/CODE_IDENT_CS_009_COPY/CODE_IDENT_CS_009.cs,72,baselines_work/cohorte/csharp/CODE_IDENT_CS_014_COPY/CODE_IDENT_CS_014.cs,0.5304878048780488,87,7,41,46
5438,67,baselines_work/cohorte/csharp/CODE_IDENT_CS_010/CODE_IDENT_CS_010.cs,66,baselines_work/cohorte/csharp/CODE_IDENT_CS_013/CODE_IDENT_CS_013.cs,0.45077720207253885,87,10,32,55
5439,67,baselines_work/cohorte/csharp/CODE_IDENT_CS_010/CODE_IDENT_CS_010.cs,71,baselines_work/cohorte/csharp/CODE_IDENT_CS_013_COPY/CODE_IDENT_CS_013.cs,0.45077720207253885,87,10,32,55
5448,64,baselines_work/cohorte/csharp/CODE_IDENT_CS_010_COPY/CODE_IDENT_CS_010.cs,66,baselines_work/cohorte/csharp/CODE_IDENT_CS_013/CODE_IDENT_CS_013.cs,0.45077720207253885,87,10,32,55
5449,64,baselines_work/cohorte/csharp/CODE_IDENT_CS_010_COPY/CODE_IDENT_CS_010.cs,71,baselines_work/cohorte/csharp/CODE_IDENT_CS_013_COPY/CODE_IDENT_CS_013.cs,0.45077720207253885,87,10,32,55
3038,3,baselines_work/cohorte/csharp/CODE_DIF_CS_005/CODE_DIF_CS_005.cs,26,baselines_work/cohorte/csharp/CODE_ESTRU_CS_015/CODE_ESTRU_CS_015.cs,0.27388535031847133,86,5,48,38
3082,3,baselines_work/cohorte/csharp/CODE_DIF_CS_005/CODE_DIF_CS_005.cs,74,baselines_work/cohorte/csharp/CODE_IDENT_CS_015/CODE_IDENT_CS_015.cs,0.27044025157232704,86,5,49,37
3083,3,baselines_work/cohorte/csharp/CODE_DIF_CS_005/CODE_DIF_CS_005.cs,73,baselines_work/cohorte/csharp/CODE_IDENT_CS_015_COPY/CODE_IDENT_CS_015.cs,0.27044025157232704,86,5,49,37
3629,12,baselines_work/cohorte/csharp/CODE_DIF_CS_014/CODE_DIF_CS_014.cs,38,baselines_work/cohorte/csharp/CODE_FUN_CS_006/CODE_FUN_CS_006.cs,0.21717171717171718,86,15,57,29
3665,12,baselines_work/cohorte/csharp/CODE_DIF_CS_014/CODE_DIF_CS_014.cs,68,baselines_work/cohorte/csharp/CODE_IDENT_CS_014/CODE_IDENT_CS_014.cs,0.2388888888888889,86,7,60,26
3666,12,baselines_work/cohorte/csharp/CODE_DIF_CS_014/CODE_DIF_CS_014.cs,72,baselines_work/cohorte/csharp/CODE_IDENT_CS_014_COPY/CODE_IDENT_CS_014.cs,0.2388888888888889,86,7,60,26
3684,13,baselines_work/cohorte/csharp/CODE_DIF_CS_015/CODE_DIF_CS_015.cs,30,baselines_work/cohorte/csharp/CODE_FUN_CS_001/CODE_FUN_CS_001.cs,0.19196428571428573,86,5,61,25
3690,13,baselines_work/cohorte/csharp/CODE_DIF_CS_015/CODE_DIF_CS_015.cs,34,baselines_work/cohorte/csharp/CODE_FUN_CS_007/CODE_FUN_CS_007.cs,0.189010989010989,86,8,60,26
3694,13,baselines_work/cohorte/csharp/CODE_DIF_CS_015/CODE_DIF_CS_015.cs,42,baselines_work/cohorte/csharp/CODE_FUN_CS_011/CODE_FUN_CS_011.cs,0.17551020408163265,86,3,51,35
3697,13,baselines_work/cohorte/csharp/CODE_DIF_CS_015/CODE_DIF_CS_015.cs,47,baselines_work/cohorte/csharp/CODE_FUN_CS_014/CODE_FUN_CS_014.cs,0.1841541755888651,86,6,63,23
3723,13,baselines_work/cohorte/csharp/CODE_DIF_CS_015/CODE_DIF_CS_015.cs,66,baselines_work/cohorte/csharp/CODE_IDENT_CS_013/CODE_IDENT_CS_013.cs,0.19111111111111112,86,18,53,33
3724,13,baselines_work/cohorte/csharp/CODE_DIF_CS_015/CODE_DIF_CS_015.cs,71,baselines_work/cohorte/csharp/CODE_IDENT_CS_013_COPY/CODE_IDENT_CS_013.cs,0.19111111111111112,86,18,53,33
4008,18,baselines_work/cohorte/csharp/CODE_ESTRU_CS_005/CODE_ESTRU_CS_005.cs,66,baselines_work/cohorte/csharp/CODE_IDENT_CS_013/CODE_IDENT_CS_013.cs,0.5657894736842105,86,12,33,53
4009,18,baselines_work/cohorte/csharp/CODE_ESTRU_CS_005/CODE_ESTRU_CS_005.cs,71,baselines_work/cohorte/csharp/CODE_IDENT_CS_013_COPY/CODE_IDENT_CS_013.cs,0.5657894736842105,86,12,33,53
4105,20,baselines_work/cohorte/csharp/CODE_ESTRU_CS_007/CODE_ESTRU_CS_007.cs,61,baselines_work/cohorte/csharp/CODE_IDENT_CS_008/CODE_IDENT_CS_008.cs,0.4858757062146893,86,8,36,50
4106,20,baselines_work/cohorte/csharp/CODE_ESTRU_CS_007/CODE_ESTRU_CS_007.cs,62,baselines_work/cohorte/csharp/CODE_IDENT_CS_008_COPY/CODE_IDENT_CS_008.cs,0.4858757062146893,86,8,36,50
4433,27,baselines_work/cohorte/csharp/CODE_ESTRU_CS_014/CODE_ESTRU_CS_014.cs,44,baselines_work/cohorte/csharp/CODE_FUN_CS_015/CODE_FUN_CS_015.cs,0.42574257425742573,86,10,38,48
5347,54,baselines_work/cohorte/csharp/CODE_IDENT_CS_007/CODE_IDENT_CS_007.cs,61,baselines_work/cohorte/csharp/CODE_IDENT_CS_008/CODE_IDENT_CS_008.cs,0.4858757062146893,86,8,36,50
5348,54,baselines_work/cohorte/csharp/CODE_IDENT_CS_007/CODE_IDENT_CS_007.cs,62,baselines_work/cohorte/csharp/CODE_IDENT_CS_008_COPY/CODE_IDENT_CS_008.cs,0.4858757062146893,86,8,36,50
5363,58,baselines_work/cohorte/csharp/CODE_IDENT_CS_007_COPY/CODE_IDENT_CS_007.cs,61,baselines_work/cohorte/csharp/CODE_IDENT_CS_008/CODE_IDENT_CS_008.cs,0.4858757062146893,86,8,36,50
5364,58,baselines_work/cohorte/csharp/CODE_IDENT_CS_007_COPY/CODE_IDENT_CS_007.cs,62,baselines_work/cohorte/csharp/CODE_IDENT_CS_008_COPY/CODE_IDENT_CS_008.cs,0.4858757062146893,86,8,36,50
2825,4,baselines_work/cohorte/csharp/CODE_DIF_CS_002/CODE_DIF_CS_002.cs,26,baselines_work/cohorte/csharp/CODE_ESTRU_CS_015/CODE_ESTRU_CS_015.cs,0.3601694915254237,85,5,45,40
3188,5,baselines_work/cohorte/csharp/CODE_DIF_CS_007/CODE_DIF_CS_007.cs,40,baselines_work/cohorte/csharp/CODE_FUN_CS_013/CODE_FUN_CS_013.cs,0.18681318681318682,85,4,51,34
3228,23,baselines_work/cohorte/csharp/CODE_DIF_CS_008/CODE_DIF_CS_008.cs,14,baselines_work/cohorte/csharp/CODE_ESTRU_CS_001/CODE_ESTRU_CS_001.cs,0.14358108108108109,85,7,59,26
3330,7,baselines_work/cohorte/csharp/CODE_DIF_CS_009/CODE_DIF_CS_009.cs,50,baselines_work/cohorte/csharp/CODE_IDENT_CS_004/CODE_IDENT_CS_004.cs,0.23035230352303523,85,6,52,33
3331,7,baselines_work/cohorte/csharp/CODE_DIF_CS_009/CODE_DIF_CS_009.cs,49,baselines_work/cohorte/csharp/CODE_IDENT_CS_004_COPY/CODE_IDENT_CS_004.cs,0.23035230352303523,85,6,52,33
3552,10,baselines_work/cohorte/csharp/CODE_DIF_CS_013/CODE_DIF_CS_013.cs,18,baselines_work/cohorte/csharp/CODE_ESTRU_CS_005/CODE_ESTRU_CS_005.cs,0.16129032258064516,85,5,65,20
3571,10,baselines_work/cohorte/csharp/CODE_DIF_CS_013/CODE_DIF_CS_013.cs,37,baselines_work/cohorte/csharp/CODE_FUN_CS_009/CODE_FUN_CS_009.cs,0.1504424778761062,85,4,64,21
4115,20,baselines_work/cohorte/csharp/CODE_ESTRU_CS_007/CODE_ESTRU_CS_007.cs,66,baselines_work/cohorte/csharp/CODE_IDENT_CS_013/CODE_IDENT_CS_013.cs,0.5666666666666667,85,12,33,52
4116,20,baselines_work/cohorte/csharp/CODE_ESTRU_CS_007/CODE_ESTRU_CS_007.cs,71,baselines_work/cohorte/csharp/CODE_IDENT_CS_013_COPY/CODE_IDENT_CS_013.cs,0.5666666666666667,85,12,33,52
4151,21,baselines_work/cohorte/csharp/CODE_ESTRU_CS_008/CODE_ESTRU_CS_008.cs,51,baselines_work/cohorte/csharp/CODE_IDENT_CS_005/CODE_IDENT_CS_005.cs,0.5120481927710844,85,8,55,30
4152,21,baselines_work/cohorte/csharp/CODE_ESTRU_CS_008/CODE_ESTRU_CS_008.cs,52,baselines_work/cohorte/csharp/CODE_IDENT_CS_005_COPY/CODE_IDENT_CS_005.cs,0.5120481927710844,85,8,55,30
4226,25,baselines_work/cohorte/csharp/CODE_ESTRU_CS_010/CODE_ESTRU_CS_010.cs,29,baselines_work/cohorte/csharp/CODE_ESTRU_CS_013/CODE_ESTRU_CS_013.cs,0.45698924731182794,85,10,33,52
4406,29,baselines_work/cohorte/csharp/CODE_ESTRU_CS_013/CODE_ESTRU_CS_013.cs,67,baselines_work/cohorte/csharp/CODE_IDENT_CS_010/CODE_IDENT_CS_010.cs,0.45698924731182794,85,10,52,33
4407,29,baselines_work/cohorte/csharp/CODE_ESTRU_CS_013/CODE_ESTRU_CS_013.cs,64,baselines_work/cohorte/csharp/CODE_IDENT_CS_010_COPY/CODE_IDENT_CS_010.cs,0.45698924731182794,85,10,52,33
4456,27,baselines_work/cohorte/csharp/CODE_ESTRU_CS_014/CODE_ESTRU_CS_014.cs,69,baselines_work/cohorte/csharp/CODE_IDENT_CS_012/CODE_IDENT_CS_012.cs,0.4885057471264368,85,6,43,42
4457,27,baselines_work/cohorte/csharp/CODE_ESTRU_CS_014/CODE_ESTRU_CS_014.cs,70,baselines_work/cohorte/csharp/CODE_IDENT_CS_012_COPY/CODE_IDENT_CS_012.cs,0.4885057471264368,85,6,43,42
4501,26,baselines_work/cohorte/csharp/CODE_ESTRU_CS_015/CODE_ESTRU_CS_015.cs,69,baselines_work/cohorte/csharp/CODE_IDENT_CS_012/CODE_IDENT_CS_012.cs,0.4336734693877551,85,6,46,39
4502,26,baselines_work/cohorte/csharp/CODE_ESTRU_CS_015/CODE_ESTRU_CS_015.cs,70,baselines_work/cohorte/csharp/CODE_IDENT_CS_012_COPY/CODE_IDENT_CS_012.cs,0.4336734693877551,85,6,46,39
4742,38,baselines_work/cohorte/csharp/CODE_FUN_CS_006/CODE_FUN_CS_006.cs,61,baselines_work/cohorte/csharp/CODE_IDENT_CS_008/CODE_IDENT_CS_008.cs,0.36637931034482757,85,13,37,48
4743,38,baselines_work/cohorte/csharp/CODE_FUN_CS_006/CODE_FUN_CS_006.cs,62,baselines_work/cohorte/csharp/CODE_IDENT_CS_008_COPY/CODE_IDENT_CS_008.cs,0.36637931034482757,85,13,37,48
4837,37,baselines_work/cohorte/csharp/CODE_FUN_CS_009/CODE_FUN_CS_009.cs,47,baselines_work/cohorte/csharp/CODE_FUN_CS_014/CODE_FUN_CS_014.cs,0.4106280193236715,85,15,45,40
4939,39,baselines_work/cohorte/csharp/CODE_FUN_CS_012/CODE_FUN_CS_012.cs,47,baselines_work/cohorte/csharp/CODE_FUN_CS_014/CODE_FUN_CS_014.cs,0.37280701754385964,85,15,44,41
5357,54,baselines_work/cohorte/csharp/CODE_IDENT_CS_007/CODE_IDENT_CS_007.cs,66,baselines_work/cohorte/csharp/CODE_IDENT_CS_013/CODE_IDENT_CS_013.cs,0.5666666666666667,85,12,33,52
5358,54,baselines_work/cohorte/csharp/CODE_IDENT_CS_007/CODE_IDENT_CS_007.cs,71,baselines_work/cohorte/csharp/CODE_IDENT_CS_013_COPY/CODE_IDENT_CS_013.cs,0.5666666666666667,85,12,33,52
5373,58,baselines_work/cohorte/csharp/CODE_IDENT_CS_007_COPY/CODE_IDENT_CS_007.cs,66,baselines_work/cohorte/csharp/CODE_IDENT_CS_013/CODE_IDENT_CS_013.cs,0.5666666666666667,85,12,33,52
5374,58,baselines_work/cohorte/csharp/CODE_IDENT_CS_007_COPY/CODE_IDENT_CS_007.cs,71,baselines_work/cohorte/csharp/CODE_IDENT_CS_013_COPY/CODE_IDENT_CS_013.cs,0.5666666666666667,85,12,33,52
2727,1,baselines_work/cohorte/csharp/CODE_DIF_CS_001/CODE_DIF_CS_001.cs,3,baselines_work/cohorte/csharp/CODE_DIF_CS_005/CODE_DIF_CS_005.cs,0.25149700598802394,84,5,36,48
3033,3,baselines_work/cohorte/csharp/CODE_DIF_CS_005/CODE_DIF_CS_005.cs,25,baselines_work/cohorte/csharp/CODE_ESTRU_CS_010/CODE_ESTRU_CS_010.cs,0.26582278481012656,84,6,49,35
3072,3,baselines_work/cohorte/csharp/CODE_DIF_CS_005/CODE_DIF_CS_005.cs,67,baselines_work/cohorte/csharp/CODE_IDENT_CS_010/CODE_IDENT_CS_010.cs,0.26582278481012656,84,6,49,35
3073,3,baselines_work/cohorte/csharp/CODE_DIF_CS_005/CODE_DIF_CS_005.cs,64,baselines_work/cohorte/csharp/CODE_IDENT_CS_010_COPY/CODE_IDENT_CS_010.cs,0.26582278481012656,84,6,49,35
3262,23,baselines_work/cohorte/csharp/CODE_DIF_CS_008/CODE_DIF_CS_008.cs,48,baselines_work/cohorte/csharp/CODE_IDENT_CS_003/CODE_IDENT_CS_003.cs,0.15555555555555556,84,3,69,15
3263,23,baselines_work/cohorte/csharp/CODE_DIF_CS_008/CODE_DIF_CS_008.cs,55,baselines_work/cohorte/csharp/CODE_IDENT_CS_003_COPY/CODE_IDENT_CS_003.cs,0.15555555555555556,84,3,69,15
3381,11,baselines_work/cohorte/csharp/CODE_DIF_CS_010/CODE_DIF_CS_010.cs,35,baselines_work/cohorte/csharp/CODE_FUN_CS_008/CODE_FUN_CS_008.cs,0.19310344827586207,84,5,49,35
3508,9,baselines_work/cohorte/csharp/CODE_DIF_CS_012/CODE_DIF_CS_012.cs,35,baselines_work/cohorte/csharp/CODE_FUN_CS_008/CODE_FUN_CS_008.cs,0.17834394904458598,84,5,48,36
3586,10,baselines_work/cohorte/csharp/CODE_DIF_CS_013/CODE_DIF_CS_013.cs,51,baselines_work/cohorte/csharp/CODE_IDENT_CS_005/CODE_IDENT_CS_005.cs,0.16247582205029013,84,5,66,18
3587,10,baselines_work/cohorte/csharp/CODE_DIF_CS_013/CODE_DIF_CS_013.cs,52,baselines_work/cohorte/csharp/CODE_IDENT_CS_005_COPY/CODE_IDENT_CS_005.cs,0.16247582205029013,84,5,66,18
3623,12,baselines_work/cohorte/csharp/CODE_DIF_CS_014/CODE_DIF_CS_014.cs,26,baselines_work/cohorte/csharp/CODE_ESTRU_CS_015/CODE_ESTRU_CS_015.cs,0.2198952879581152,84,7,51,33
3998,18,baselines_work/cohorte/csharp/CODE_ESTRU_CS_005/CODE_ESTRU_CS_005.cs,61,baselines_work/cohorte/csharp/CODE_IDENT_CS_008/CODE_IDENT_CS_008.cs,0.4692737430167598,84,8,35,49
3999,18,baselines_work/cohorte/csharp/CODE_ESTRU_CS_005/CODE_ESTRU_CS_005.cs,62,baselines_work/cohorte/csharp/CODE_IDENT_CS_008_COPY/CODE_IDENT_CS_008.cs,0.4692737430167598,84,8,35,49
4178,24,baselines_work/cohorte/csharp/CODE_ESTRU_CS_009/CODE_ESTRU_CS_009.cs,26,baselines_work/cohorte/csharp/CODE_ESTRU_CS_015/CODE_ESTRU_CS_015.cs,0.45161290322580644,84,6,37,47
4222,24,baselines_work/cohorte/csharp/CODE_ESTRU_CS_009/CODE_ESTRU_CS_009.cs,74,baselines_work/cohorte/csharp/CODE_IDENT_CS_015/CODE_IDENT_CS_015.cs,0.4421052631578947,84,6,36,48
4223,24,baselines_work/cohorte/csharp/CODE_ESTRU_CS_009/CODE_ESTRU_CS_009.cs,73,baselines_work/cohorte/csharp/CODE_IDENT_CS_015_COPY/CODE_IDENT_CS_015.cs,0.4421052631578947,84,6,36,48
4495,26,baselines_work/cohorte/csharp/CODE_ESTRU_CS_015/CODE_ESTRU_CS_015.cs,60,baselines_work/cohorte/csharp/CODE_IDENT_CS_009/CODE_IDENT_CS_009.cs,0.45161290322580644,84,6,47,37
4496,26,baselines_work/cohorte/csharp/CODE_ESTRU_CS_015/CODE_ESTRU_CS_015.cs,59,baselines_work/cohorte/csharp/CODE_IDENT_CS_009_COPY/CODE_IDENT_CS_009.cs,0.45161290322580644,84,6,47,37
4798,35,baselines_work/cohorte/csharp/CODE_FUN_CS_008/CODE_FUN_CS_008.cs,42,baselines_work/cohorte/csharp/CODE_FUN_CS_011/CODE_FUN_CS_011.cs,0.28378378378378377,84,15,34,50
5419,60,baselines_work/cohorte/csharp/CODE_IDENT_CS_009/CODE_IDENT_CS_009.cs,74,baselines_work/cohorte/csharp/CODE_IDENT_CS_015/CODE_IDENT_CS_015.cs,0.4421052631578947,84,6,36,48
5420,60,baselines_work/cohorte/csharp/CODE_IDENT_CS_009/CODE_IDENT_CS_009.cs,73,baselines_work/cohorte/csharp/CODE_IDENT_CS_015_COPY/CODE_IDENT_CS_015.cs,0.4421052631578947,84,6,36,48
5431,59,baselines_work/cohorte/csharp/CODE_IDENT_CS_009_COPY/CODE_IDENT_CS_009.cs,74,baselines_work/cohorte/csharp/CODE_IDENT_CS_015/CODE_IDENT_CS_015.cs,0.4421052631578947,84,6,36,48
5432,59,baselines_work/cohorte/csharp/CODE_IDENT_CS_009_COPY/CODE_IDENT_CS_009.cs,73,baselines_work/cohorte/csharp/CODE_IDENT_CS_015_COPY/CODE_IDENT_CS_015.cs,0.4421052631578947,84,6,36,48
3032,3,baselines_work/cohorte/csharp/CODE_DIF_CS_005/CODE_DIF_CS_005.cs,24,baselines_work/cohorte/csharp/CODE_ESTRU_CS_009/CODE_ESTRU_CS_009.cs,0.27483443708609273,83,5,53,30
3070,3,baselines_work/cohorte/csharp/CODE_DIF_CS_005/CODE_DIF_CS_005.cs,60,baselines_work/cohorte/csharp/CODE_IDENT_CS_009/CODE_IDENT_CS_009.cs,0.27483443708609273,83,5,53,30
3071,3,baselines_work/cohorte/csharp/CODE_DIF_CS_005/CODE_DIF_CS_005.cs,59,baselines_work/cohorte/csharp/CODE_IDENT_CS_009_COPY/CODE_IDENT_CS_009.cs,0.27483443708609273,83,5,53,30
3301,7,baselines_work/cohorte/csharp/CODE_DIF_CS_009/CODE_DIF_CS_009.cs,21,baselines_work/cohorte/csharp/CODE_ESTRU_CS_008/CODE_ESTRU_CS_008.cs,0.2643312101910828,83,16,40,43
3312,7,baselines_work/cohorte/csharp/CODE_DIF_CS_009/CODE_DIF_CS_009.cs,32,baselines_work/cohorte/csharp/CODE_FUN_CS_004/CODE_FUN_CS_004.cs,0.21065989847715735,83,8,48,35
3338,7,baselines_work/cohorte/csharp/CODE_DIF_CS_009/CODE_DIF_CS_009.cs,61,baselines_work/cohorte/csharp/CODE_IDENT_CS_008/CODE_IDENT_CS_008.cs,0.2618296529968454,83,16,40,43
3339,7,baselines_work/cohorte/csharp/CODE_DIF_CS_009/CODE_DIF_CS_009.cs,62,baselines_work/cohorte/csharp/CODE_IDENT_CS_008_COPY/CODE_IDENT_CS_008.cs,0.2618296529968454,83,16,40,43
3379,11,baselines_work/cohorte/csharp/CODE_DIF_CS_010/CODE_DIF_CS_010.cs,38,baselines_work/cohorte/csharp/CODE_FUN_CS_006/CODE_FUN_CS_006.cs,0.21614583333333334,83,15,47,36
3384,11,baselines_work/cohorte/csharp/CODE_DIF_CS_010/CODE_DIF_CS_010.cs,42,baselines_work/cohorte/csharp/CODE_FUN_CS_011/CODE_FUN_CS_011.cs,0.20595533498759305,83,3,40,43
3467,8,baselines_work/cohorte/csharp/CODE_DIF_CS_011/CODE_DIF_CS_011.cs,61,baselines_work/cohorte/csharp/CODE_IDENT_CS_008/CODE_IDENT_CS_008.cs,0.18949771689497716,83,13,43,40
3468,8,baselines_work/cohorte/csharp/CODE_DIF_CS_011/CODE_DIF_CS_011.cs,62,baselines_work/cohorte/csharp/CODE_IDENT_CS_008_COPY/CODE_IDENT_CS_008.cs,0.18949771689497716,83,13,43,40
3554,10,baselines_work/cohorte/csharp/CODE_DIF_CS_013/CODE_DIF_CS_013.cs,20,baselines_work/cohorte/csharp/CODE_ESTRU_CS_007/CODE_ESTRU_CS_007.cs,0.1580952380952381,83,5,60,23
3590,10,baselines_work/cohorte/csharp/CODE_DIF_CS_013/CODE_DIF_CS_013.cs,54,baselines_work/cohorte/csharp/CODE_IDENT_CS_007/CODE_IDENT_CS_007.cs,0.1580952380952381,83,5,60,23
3591,10,baselines_work/cohorte/csharp/CODE_DIF_CS_013/CODE_DIF_CS_013.cs,58,baselines_work/cohorte/csharp/CODE_IDENT_CS_007_COPY/CODE_IDENT_CS_007.cs,0.1580952380952381,83,5,60,23
3675,13,baselines_work/cohorte/csharp/CODE_DIF_CS_015/CODE_DIF_CS_015.cs,20,baselines_work/cohorte/csharp/CODE_ESTRU_CS_007/CODE_ESTRU_CS_007.cs,0.19951923076923078,83,6,61,22
3711,13,baselines_work/cohorte/csharp/CODE_DIF_CS_015/CODE_DIF_CS_015.cs,54,baselines_work/cohorte/csharp/CODE_IDENT_CS_007/CODE_IDENT_CS_007.cs,0.19951923076923078,83,6,61,22
3712,13,baselines_work/cohorte/csharp/CODE_DIF_CS_015/CODE_DIF_CS_015.cs,58,baselines_work/cohorte/csharp/CODE_IDENT_CS_007_COPY/CODE_IDENT_CS_007.cs,0.19951923076923078,83,6,61,22
4325,28,baselines_work/cohorte/csharp/CODE_ESTRU_CS_012/CODE_ESTRU_CS_012.cs,26,baselines_work/cohorte/csharp/CODE_ESTRU_CS_015/CODE_ESTRU_CS_015.cs,0.42346938775510207,83,6,38,45
2976,0,baselines_work/cohorte/csharp/CODE_DIF_CS_004/CODE_DIF_CS_004.cs,35,baselines_work/cohorte/csharp/CODE_FUN_CS_008/CODE_FUN_CS_008.cs,0.13874788494077833,82,7,47,35
3096,6,baselines_work/cohorte/csharp/CODE_DIF_CS_006/CODE_DIF_CS_006.cs,17,baselines_work/cohorte/csharp/CODE_ESTRU_CS_004/CODE_ESTRU_CS_004.cs,0.17012448132780084,82,4,36,46
3137,6,baselines_work/cohorte/csharp/CODE_DIF_CS_006/CODE_DIF_CS_006.cs,61,baselines_work/cohorte/csharp/CODE_IDENT_CS_008/CODE_IDENT_CS_008.cs,0.2523076923076923,82,5,36,46
3138,6,baselines_work/cohorte/csharp/CODE_DIF_CS_006/CODE_DIF_CS_006.cs,62,baselines_work/cohorte/csharp/CODE_IDENT_CS_008_COPY/CODE_IDENT_CS_008.cs,0.2523076923076923,82,5,36,46
3163,5,baselines_work/cohorte/csharp/CODE_DIF_CS_007/CODE_DIF_CS_007.cs,15,baselines_work/cohorte/csharp/CODE_ESTRU_CS_003/CODE_ESTRU_CS_003.cs,0.205,82,5,58,24
3504,9,baselines_work/cohorte/csharp/CODE_DIF_CS_012/CODE_DIF_CS_012.cs,32,baselines_work/cohorte/csharp/CODE_FUN_CS_004/CODE_FUN_CS_004.cs,0.16302186878727634,82,4,51,31
3663,12,baselines_work/cohorte/csharp/CODE_DIF_CS_014/CODE_DIF_CS_014.cs,66,baselines_work/cohorte/csharp/CODE_IDENT_CS_013/CODE_IDENT_CS_013.cs,0.21866666666666668,82,18,46,36
3664,12,baselines_work/cohorte/csharp/CODE_DIF_CS_014/CODE_DIF_CS_014.cs,71,baselines_work/cohorte/csharp/CODE_IDENT_CS_013_COPY/CODE_IDENT_CS_013.cs,0.21866666666666668,82,18,46,36
4066,19,baselines_work/cohorte/csharp/CODE_ESTRU_CS_006/CODE_ESTRU_CS_006.cs,74,baselines_work/cohorte/csharp/CODE_IDENT_CS_015/CODE_IDENT_CS_015.cs,0.4606741573033708,82,9,39,43
4067,19,baselines_work/cohorte/csharp/CODE_ESTRU_CS_006/CODE_ESTRU_CS_006.cs,73,baselines_work/cohorte/csharp/CODE_IDENT_CS_015_COPY/CODE_IDENT_CS_015.cs,0.4606741573033708,82,9,39,43
4122,21,baselines_work/cohorte/csharp/CODE_ESTRU_CS_008/CODE_ESTRU_CS_008.cs,25,baselines_work/cohorte/csharp/CODE_ESTRU_CS_010/CODE_ESTRU_CS_010.cs,0.3778801843317972,82,6,48,34
4161,21,baselines_work/cohorte/csharp/CODE_ESTRU_CS_008/CODE_ESTRU_CS_008.cs,67,baselines_work/cohorte/csharp/CODE_IDENT_CS_010/CODE_IDENT_CS_010.cs,0.3778801843317972,82,6,48,34
4162,21,baselines_work/cohorte/csharp/CODE_ESTRU_CS_008/CODE_ESTRU_CS_008.cs,64,baselines_work/cohorte/csharp/CODE_IDENT_CS_010_COPY/CODE_IDENT_CS_010.cs,0.3778801843317972,82,6,48,34
2819,4,baselines_work/cohorte/csharp/CODE_DIF_CS_002/CODE_DIF_CS_002.cs,24,baselines_work/cohorte/csharp/CODE_ESTRU_CS_009/CODE_ESTRU_CS_009.cs,0.36160714285714285,81,7,48,33
2857,4,baselines_work/cohorte/csharp/CODE_DIF_CS_002/CODE_DIF_CS_002.cs,60,baselines_work/cohorte/csharp/CODE_IDENT_CS_009/CODE_IDENT_CS_009.cs,0.36160714285714285,81,7,48,33
2858,4,baselines_work/cohorte/csharp/CODE_DIF_CS_002/CODE_DIF_CS_002.cs,59,baselines_work/cohorte/csharp/CODE_IDENT_CS_009_COPY/CODE_IDENT_CS_009.cs,0.36160714285714285,81,7,48,33
2969,0,baselines_work/cohorte/csharp/CODE_DIF_CS_004/CODE_DIF_CS_004.cs,30,baselines_work/cohorte/csharp/CODE_FUN_CS_001/CODE_FUN_CS_001.cs,0.15667311411992263,81,5,49,32
3118,6,baselines_work/cohorte/csharp/CODE_DIF_CS_006/CODE_DIF_CS_006.cs,42,baselines_work/cohorte/csharp/CODE_FUN_CS_011/CODE_FUN_CS_011.cs,0.23964497041420119,81,6,37,44
3371,11,baselines_work/cohorte/csharp/CODE_DIF_CS_010/CODE_DIF_CS_010.cs,29,baselines_work/cohorte/csharp/CODE_ESTRU_CS_013/CODE_ESTRU_CS_013.cs,0.22752808988764045,81,15,41,40
3609,12,baselines_work/cohorte/csharp/CODE_DIF_CS_014/CODE_DIF_CS_014.cs,14,baselines_work/cohorte/csharp/CODE_ESTRU_CS_001/CODE_ESTRU_CS_001.cs,0.20876288659793815,81,8,52,29
3673,13,baselines_work/cohorte/csharp/CODE_DIF_CS_015/CODE_DIF_CS_015.cs,18,baselines_work/cohorte/csharp/CODE_ESTRU_CS_005/CODE_ESTRU_CS_005.cs,0.1937799043062201,81,6,62,19
4153,21,baselines_work/cohorte/csharp/CODE_ESTRU_CS_008/CODE_ESTRU_CS_008.cs,57,baselines_work/cohorte/csharp/CODE_IDENT_CS_006/CODE_IDENT_CS_006.cs,0.43315508021390375,81,8,46,35
4154,21,baselines_work/cohorte/csharp/CODE_ESTRU_CS_008/CODE_ESTRU_CS_008.cs,56,baselines_work/cohorte/csharp/CODE_IDENT_CS_006_COPY/CODE_IDENT_CS_006.cs,0.43315508021390375,81,8,46,35
4321,22,baselines_work/cohorte/csharp/CODE_ESTRU_CS_011/CODE_ESTRU_CS_011.cs,74,baselines_work/cohorte/csharp/CODE_IDENT_CS_015/CODE_IDENT_CS_015.cs,0.391304347826087,81,7,50,31
4322,22,baselines_work/cohorte/csharp/CODE_ESTRU_CS_011/CODE_ESTRU_CS_011.cs,73,baselines_work/cohorte/csharp/CODE_IDENT_CS_015_COPY/CODE_IDENT_CS_015.cs,0.391304347826087,81,7,50,31
4396,29,baselines_work/cohorte/csharp/CODE_ESTRU_CS_013/CODE_ESTRU_CS_013.cs,51,baselines_work/cohorte/csharp/CODE_IDENT_CS_005/CODE_IDENT_CS_005.cs,0.6,81,12,53,28
4397,29,baselines_work/cohorte/csharp/CODE_ESTRU_CS_013/CODE_ESTRU_CS_013.cs,52,baselines_work/cohorte/csharp/CODE_IDENT_CS_005_COPY/CODE_IDENT_CS_005.cs,0.6,81,12,53,28
5312,57,baselines_work/cohorte/csharp/CODE_IDENT_CS_006/CODE_IDENT_CS_006.cs,61,baselines_work/cohorte/csharp/CODE_IDENT_CS_008/CODE_IDENT_CS_008.cs,0.4263157894736842,81,8,35,46
5313,57,baselines_work/cohorte/csharp/CODE_IDENT_CS_006/CODE_IDENT_CS_006.cs,62,baselines_work/cohorte/csharp/CODE_IDENT_CS_008_COPY/CODE_IDENT_CS_008.cs,0.4263157894736842,81,8,35,46
5330,56,baselines_work/cohorte/csharp/CODE_IDENT_CS_006_COPY/CODE_IDENT_CS_006.cs,61,baselines_work/cohorte/csharp/CODE_IDENT_CS_008/CODE_IDENT_CS_008.cs,0.4263157894736842,81,8,35,46
5331,56,baselines_work/cohorte/csharp/CODE_IDENT_CS_006_COPY/CODE_IDENT_CS_006.cs,62,baselines_work/cohorte/csharp/CODE_IDENT_CS_008_COPY/CODE_IDENT_CS_008.cs,0.4263157894736842,81,8,35,46
5392,61,baselines_work/cohorte/csharp/CODE_IDENT_CS_008/CODE_IDENT_CS_008.cs,74,baselines_work/cohorte/csharp/CODE_IDENT_CS_015/CODE_IDENT_CS_015.cs,0.36486486486486486,81,5,45,36
5393,61,baselines_work/cohorte/csharp/CODE_IDENT_CS_008/CODE_IDENT_CS_008.cs,73,baselines_work/cohorte/csharp/CODE_IDENT_CS_015_COPY/CODE_IDENT_CS_015.cs,0.36486486486486486,81,5,45,36
5406,62,baselines_work/cohorte/csharp/CODE_IDENT_CS_008_COPY/CODE_IDENT_CS_008.cs,74,baselines_work/cohorte/csharp/CODE_IDENT_CS_015/CODE_IDENT_CS_015.cs,0.36486486486486486,81,5,45,36
5407,62,baselines_work/cohorte/csharp/CODE_IDENT_CS_008_COPY/CODE_IDENT_CS_008.cs,73,baselines_work/cohorte/csharp/CODE_IDENT_CS_015_COPY/CODE_IDENT_CS_015.cs,0.36486486486486486,81,5,45,36
2909,2,baselines_work/cohorte/csharp/CODE_DIF_CS_003/CODE_DIF_CS_003.cs,39,baselines_work/cohorte/csharp/CODE_FUN_CS_012/CODE_FUN_CS_012.cs,0.18779342723004694,80,4,57,23
2983,0,baselines_work/cohorte/csharp/CODE_DIF_CS_004/CODE_DIF_CS_004.cs,44,baselines_work/cohorte/csharp/CODE_FUN_CS_015/CODE_FUN_CS_015.cs,0.14492753623188406,80,4,42,38
3034,3,baselines_work/cohorte/csharp/CODE_DIF_CS_005/CODE_DIF_CS_005.cs,22,baselines_work/cohorte/csharp/CODE_ESTRU_CS_011/CODE_ESTRU_CS_011.cs,0.2507836990595611,80,16,37,43
3258,23,baselines_work/cohorte/csharp/CODE_DIF_CS_008/CODE_DIF_CS_008.cs,43,baselines_work/cohorte/csharp/CODE_IDENT_CS_001/CODE_IDENT_CS_001.cs,0.14109347442680775,80,7,58,22
3259,23,baselines_work/cohorte/csharp/CODE_DIF_CS_008/CODE_DIF_CS_008.cs,46,baselines_work/cohorte/csharp/CODE_IDENT_CS_001_COPY/CODE_IDENT_CS_001.cs,0.14109347442680775,80,7,58,22
3613,12,baselines_work/cohorte/csharp/CODE_DIF_CS_014/CODE_DIF_CS_014.cs,18,baselines_work/cohorte/csharp/CODE_ESTRU_CS_005/CODE_ESTRU_CS_005.cs,0.23323615160349853,80,6,59,21
3959,18,baselines_work/cohorte/csharp/CODE_ESTRU_CS_005/CODE_ESTRU_CS_005.cs,19,baselines_work/cohorte/csharp/CODE_ESTRU_CS_006/CODE_ESTRU_CS_006.cs,0.5925925925925926,80,24,38,42
5060,44,baselines_work/cohorte/csharp/CODE_FUN_CS_015/CODE_FUN_CS_015.cs,68,baselines_work/cohorte/csharp/CODE_IDENT_CS_014/CODE_IDENT_CS_014.cs,0.39603960396039606,80,10,45,35
5061,44,baselines_work/cohorte/csharp/CODE_FUN_CS_015/CODE_FUN_CS_015.cs,72,baselines_work/cohorte/csharp/CODE_IDENT_CS_014_COPY/CODE_IDENT_CS_014.cs,0.39603960396039606,80,10,45,35
5455,63,baselines_work/cohorte/csharp/CODE_IDENT_CS_011/CODE_IDENT_CS_011.cs,69,baselines_work/cohorte/csharp/CODE_IDENT_CS_012/CODE_IDENT_CS_012.cs,0.4,80,7,53,27
5456,63,baselines_work/cohorte/csharp/CODE_IDENT_CS_011/CODE_IDENT_CS_011.cs,70,baselines_work/cohorte/csharp/CODE_IDENT_CS_012_COPY/CODE_IDENT_CS_012.cs,0.4,80,7,53,27
5461,63,baselines_work/cohorte/csharp/CODE_IDENT_CS_011/CODE_IDENT_CS_011.cs,74,baselines_work/cohorte/csharp/CODE_IDENT_CS_015/CODE_IDENT_CS_015.cs,0.3883495145631068,80,7,49,31
5462,63,baselines_work/cohorte/csharp/CODE_IDENT_CS_011/CODE_IDENT_CS_011.cs,73,baselines_work/cohorte/csharp/CODE_IDENT_CS_015_COPY/CODE_IDENT_CS_015.cs,0.3883495145631068,80,7,49,31
5463,65,baselines_work/cohorte/csharp/CODE_IDENT_CS_011_COPY/CODE_IDENT_CS_011.cs,69,baselines_work/cohorte/csharp/CODE_IDENT_CS_012/CODE_IDENT_CS_012.cs,0.4,80,7,53,27
5464,65,baselines_work/cohorte/csharp/CODE_IDENT_CS_011_COPY/CODE_IDENT_CS_011.cs,70,baselines_work/cohorte/csharp/CODE_IDENT_CS_012_COPY/CODE_IDENT_CS_012.cs,0.4,80,7,53,27
5469,65,baselines_work/cohorte/csharp/CODE_IDENT_CS_011_COPY/CODE_IDENT_CS_011.cs,74,baselines_work/cohorte/csharp/CODE_IDENT_CS_015/CODE_IDENT_CS_015.cs,0.3883495145631068,80,7,49,31
5470,65,baselines_work/cohorte/csharp/CODE_IDENT_CS_011_COPY/CODE_IDENT_CS_011.cs,73,baselines_work/cohorte/csharp/CODE_IDENT_CS_015_COPY/CODE_IDENT_CS_015.cs,0.3883495145631068,80,7,49,31
2917,2,baselines_work/cohorte/csharp/CODE_DIF_CS_003/CODE_DIF_CS_003.cs,48,baselines_work/cohorte/csharp/CODE_IDENT_CS_003/CODE_IDENT_CS_003.cs,0.21944444444444444,79,3,61,18
2918,2,baselines_work/cohorte/csharp/CODE_DIF_CS_003/CODE_DIF_CS_003.cs,55,baselines_work/cohorte/csharp/CODE_IDENT_CS_003_COPY/CODE_IDENT_CS_003.cs,0.21944444444444444,79,3,61,18
3049,3,baselines_work/cohorte/csharp/CODE_DIF_CS_005/CODE_DIF_CS_005.cs,42,baselines_work/cohorte/csharp/CODE_FUN_CS_011/CODE_FUN_CS_011.cs,0.2276657060518732,79,9,37,42
3074,3,baselines_work/cohorte/csharp/CODE_DIF_CS_005/CODE_DIF_CS_005.cs,63,baselines_work/cohorte/csharp/CODE_IDENT_CS_011/CODE_IDENT_CS_011.cs,0.24842767295597484,79,16,37,42
3075,3,baselines_work/cohorte/csharp/CODE_DIF_CS_005/CODE_DIF_CS_005.cs,65,baselines_work/cohorte/csharp/CODE_IDENT_CS_011_COPY/CODE_IDENT_CS_011.cs,0.24842767295597484,79,16,37,42
3151,6,baselines_work/cohorte/csharp/CODE_DIF_CS_006/CODE_DIF_CS_006.cs,74,baselines_work/cohorte/csharp/CODE_IDENT_CS_015/CODE_IDENT_CS_015.cs,0.255663430420712,79,6,35,44
3152,6,baselines_work/cohorte/csharp/CODE_DIF_CS_006/CODE_DIF_CS_006.cs,73,baselines_work/cohorte/csharp/CODE_IDENT_CS_015_COPY/CODE_IDENT_CS_015.cs,0.255663430420712,79,6,35,44
3182,5,baselines_work/cohorte/csharp/CODE_DIF_CS_007/CODE_DIF_CS_007.cs,34,baselines_work/cohorte/csharp/CODE_FUN_CS_007/CODE_FUN_CS_007.cs,0.18544600938967137,79,6,59,20
3260,23,baselines_work/cohorte/csharp/CODE_DIF_CS_008/CODE_DIF_CS_008.cs,45,baselines_work/cohorte/csharp/CODE_IDENT_CS_002/CODE_IDENT_CS_002.cs,0.14849624060150377,79,2,65,14
3261,23,baselines_work/cohorte/csharp/CODE_DIF_CS_008/CODE_DIF_CS_008.cs,53,baselines_work/cohorte/csharp/CODE_IDENT_CS_002_COPY/CODE_IDENT_CS_002.cs,0.14849624060150377,79,2,65,14
3417,11,baselines_work/cohorte/csharp/CODE_DIF_CS_010/CODE_DIF_CS_010.cs,74,baselines_work/cohorte/csharp/CODE_IDENT_CS_015/CODE_IDENT_CS_015.cs,0.21122994652406418,79,7,44,35
3418,11,baselines_work/cohorte/csharp/CODE_DIF_CS_010/CODE_DIF_CS_010.cs,73,baselines_work/cohorte/csharp/CODE_IDENT_CS_015_COPY/CODE_IDENT_CS_015.cs,0.21122994652406418,79,7,44,35
3615,12,baselines_work/cohorte/csharp/CODE_DIF_CS_014/CODE_DIF_CS_014.cs,20,baselines_work/cohorte/csharp/CODE_ESTRU_CS_007/CODE_ESTRU_CS_007.cs,0.2316715542521994,79,6,56,23
3651,12,baselines_work/cohorte/csharp/CODE_DIF_CS_014/CODE_DIF_CS_014.cs,54,baselines_work/cohorte/csharp/CODE_IDENT_CS_007/CODE_IDENT_CS_007.cs,0.2316715542521994,79,6,56,23
3652,12,baselines_work/cohorte/csharp/CODE_DIF_CS_014/CODE_DIF_CS_014.cs,58,baselines_work/cohorte/csharp/CODE_IDENT_CS_007_COPY/CODE_IDENT_CS_007.cs,0.2316715542521994,79,6,56,23
3709,13,baselines_work/cohorte/csharp/CODE_DIF_CS_015/CODE_DIF_CS_015.cs,57,baselines_work/cohorte/csharp/CODE_IDENT_CS_006/CODE_IDENT_CS_006.cs,0.18414918414918416,79,6,56,23
3710,13,baselines_work/cohorte/csharp/CODE_DIF_CS_015/CODE_DIF_CS_015.cs,56,baselines_work/cohorte/csharp/CODE_IDENT_CS_006_COPY/CODE_IDENT_CS_006.cs,0.18414918414918416,79,6,56,23
4017,19,baselines_work/cohorte/csharp/CODE_ESTRU_CS_006/CODE_ESTRU_CS_006.cs,25,baselines_work/cohorte/csharp/CODE_ESTRU_CS_010/CODE_ESTRU_CS_010.cs,0.44886363636363635,79,9,40,39
4056,19,baselines_work/cohorte/csharp/CODE_ESTRU_CS_006/CODE_ESTRU_CS_006.cs,67,baselines_work/cohorte/csharp/CODE_IDENT_CS_010/CODE_IDENT_CS_010.cs,0.44886363636363635,79,9,40,39
4057,19,baselines_work/cohorte/csharp/CODE_ESTRU_CS_006/CODE_ESTRU_CS_006.cs,64,baselines_work/cohorte/csharp/CODE_IDENT_CS_010_COPY/CODE_IDENT_CS_010.cs,0.44886363636363635,79,9,40,39
4277,22,baselines_work/cohorte/csharp/CODE_ESTRU_CS_011/CODE_ESTRU_CS_011.cs,26,baselines_work/cohorte/csharp/CODE_ESTRU_CS_015/CODE_ESTRU_CS_015.cs,0.3891625615763547,79,7,49,30
4315,22,baselines_work/cohorte/csharp/CODE_ESTRU_CS_011/CODE_ESTRU_CS_011.cs,69,baselines_work/cohorte/csharp/CODE_IDENT_CS_012/CODE_IDENT_CS_012.cs,0.39303482587064675,79,7,53,26
4316,22,baselines_work/cohorte/csharp/CODE_ESTRU_CS_011/CODE_ESTRU_CS_011.cs,70,baselines_work/cohorte/csharp/CODE_IDENT_CS_012_COPY/CODE_IDENT_CS_012.cs,0.39303482587064675,79,7,53,26
5032,47,baselines_work/cohorte/csharp/CODE_FUN_CS_014/CODE_FUN_CS_014.cs,74,baselines_work/cohorte/csharp/CODE_IDENT_CS_015/CODE_IDENT_CS_015.cs,0.37264150943396224,79,10,30,49
5033,47,baselines_work/cohorte/csharp/CODE_FUN_CS_014/CODE_FUN_CS_014.cs,73,baselines_work/cohorte/csharp/CODE_IDENT_CS_015_COPY/CODE_IDENT_CS_015.cs,0.37264150943396224,79,10,30,49
3044,3,baselines_work/cohorte/csharp/CODE_DIF_CS_005/CODE_DIF_CS_005.cs,38,baselines_work/cohorte/csharp/CODE_FUN_CS_006/CODE_FUN_CS_006.cs,0.23780487804878048,78,13,42,36
3108,6,baselines_work/cohorte/csharp/CODE_DIF_CS_006/CODE_DIF_CS_006.cs,30,baselines_work/cohorte/csharp/CODE_FUN_CS_001/CODE_FUN_CS_001.cs,0.2635135135135135,78,6,42,36
3304,7,baselines_work/cohorte/csharp/CODE_DIF_CS_009/CODE_DIF_CS_009.cs,22,baselines_work/cohorte/csharp/CODE_ESTRU_CS_011/CODE_ESTRU_CS_011.cs,0.2582781456953642,78,16,36,42
3368,11,baselines_work/cohorte/csharp/CODE_DIF_CS_010/CODE_DIF_CS_010.cs,25,baselines_work/cohorte/csharp/CODE_ESTRU_CS_010/CODE_ESTRU_CS_010.cs,0.20967741935483872,78,7,47,31
3407,11,baselines_work/cohorte/csharp/CODE_DIF_CS_010/CODE_DIF_CS_010.cs,67,baselines_work/cohorte/csharp/CODE_IDENT_CS_010/CODE_IDENT_CS_010.cs,0.20967741935483872,78,7,47,31
3408,11,baselines_work/cohorte/csharp/CODE_DIF_CS_010/CODE_DIF_CS_010.cs,64,baselines_work/cohorte/csharp/CODE_IDENT_CS_010_COPY/CODE_IDENT_CS_010.cs,0.20967741935483872,78,7,47,31
3495,9,baselines_work/cohorte/csharp/CODE_DIF_CS_012/CODE_DIF_CS_012.cs,25,baselines_work/cohorte/csharp/CODE_ESTRU_CS_010/CODE_ESTRU_CS_010.cs,0.19117647058823528,78,6,46,32
3496,9,baselines_work/cohorte/csharp/CODE_DIF_CS_012/CODE_DIF_CS_012.cs,22,baselines_work/cohorte/csharp/CODE_ESTRU_CS_011/CODE_ESTRU_CS_011.cs,0.1897810218978102,78,10,37,41
3514,9,baselines_work/cohorte/csharp/CODE_DIF_CS_012/CODE_DIF_CS_012.cs,47,baselines_work/cohorte/csharp/CODE_FUN_CS_014/CODE_FUN_CS_014.cs,0.1875,78,8,53,25
3534,9,baselines_work/cohorte/csharp/CODE_DIF_CS_012/CODE_DIF_CS_012.cs,67,baselines_work/cohorte/csharp/CODE_IDENT_CS_010/CODE_IDENT_CS_010.cs,0.19117647058823528,78,6,46,32
3535,9,baselines_work/cohorte/csharp/CODE_DIF_CS_012/CODE_DIF_CS_012.cs,64,baselines_work/cohorte/csharp/CODE_IDENT_CS_010_COPY/CODE_IDENT_CS_010.cs,0.19117647058823528,78,6,46,32
3669,13,baselines_work/cohorte/csharp/CODE_DIF_CS_015/CODE_DIF_CS_015.cs,14,baselines_work/cohorte/csharp/CODE_ESTRU_CS_001/CODE_ESTRU_CS_001.cs,0.16846652267818574,78,14,52,26
3707,13,baselines_work/cohorte/csharp/CODE_DIF_CS_015/CODE_DIF_CS_015.cs,51,baselines_work/cohorte/csharp/CODE_IDENT_CS_005/CODE_IDENT_CS_005.cs,0.19117647058823528,78,6,62,16
3708,13,baselines_work/cohorte/csharp/CODE_DIF_CS_015/CODE_DIF_CS_015.cs,52,baselines_work/cohorte/csharp/CODE_IDENT_CS_005_COPY/CODE_IDENT_CS_005.cs,0.19117647058823528,78,6,62,16
4324,28,baselines_work/cohorte/csharp/CODE_ESTRU_CS_012/CODE_ESTRU_CS_012.cs,27,baselines_work/cohorte/csharp/CODE_ESTRU_CS_014/CODE_ESTRU_CS_014.cs,0.4482758620689655,78,6,39,39
4367,28,baselines_work/cohorte/csharp/CODE_ESTRU_CS_012/CODE_ESTRU_CS_012.cs,68,baselines_work/cohorte/csharp/CODE_IDENT_CS_014/CODE_IDENT_CS_014.cs,0.4482758620689655,78,6,39,39
4368,28,baselines_work/cohorte/csharp/CODE_ESTRU_CS_012/CODE_ESTRU_CS_012.cs,72,baselines_work/cohorte/csharp/CODE_IDENT_CS_014_COPY/CODE_IDENT_CS_014.cs,0.4482758620689655,78,6,39,39
4499,26,baselines_work/cohorte/csharp/CODE_ESTRU_CS_015/CODE_ESTRU_CS_015.cs,63,baselines_work/cohorte/csharp/CODE_IDENT_CS_011/CODE_IDENT_CS_011.cs,0.38613861386138615,78,7,30,48
4500,26,baselines_work/cohorte/csharp/CODE_ESTRU_CS_015/CODE_ESTRU_CS_015.cs,65,baselines_work/cohorte/csharp/CODE_IDENT_CS_011_COPY/CODE_IDENT_CS_011.cs,0.38613861386138615,78,7,30,48
5273,51,baselines_work/cohorte/csharp/CODE_IDENT_CS_005/CODE_IDENT_CS_005.cs,61,baselines_work/cohorte/csharp/CODE_IDENT_CS_008/CODE_IDENT_CS_008.cs,0.46153846153846156,78,8,29,49
5274,51,baselines_work/cohorte/csharp/CODE_IDENT_CS_005/CODE_IDENT_CS_005.cs,62,baselines_work/cohorte/csharp/CODE_IDENT_CS_008_COPY/CODE_IDENT_CS_008.cs,0.46153846153846156,78,8,29,49
5293,52,baselines_work/cohorte/csharp/CODE_IDENT_CS_005_COPY/CODE_IDENT_CS_005.cs,61,baselines_work/cohorte/csharp/CODE_IDENT_CS_008/CODE_IDENT_CS_008.cs,0.46153846153846156,78,8,29,49
5294,52,baselines_work/cohorte/csharp/CODE_IDENT_CS_005_COPY/CODE_IDENT_CS_005.cs,62,baselines_work/cohorte/csharp/CODE_IDENT_CS_008_COPY/CODE_IDENT_CS_008.cs,0.46153846153846156,78,8,29,49
5474,69,baselines_work/cohorte/csharp/CODE_IDENT_CS_012/CODE_IDENT_CS_012.cs,68,baselines_work/cohorte/csharp/CODE_IDENT_CS_014/CODE_IDENT_CS_014.cs,0.4482758620689655,78,6,39,39
5475,69,baselines_work/cohorte/csharp/CODE_IDENT_CS_012/CODE_IDENT_CS_012.cs,72,baselines_work/cohorte/csharp/CODE_IDENT_CS_014_COPY/CODE_IDENT_CS_014.cs,0.4482758620689655,78,6,39,39
5480,70,baselines_work/cohorte/csharp/CODE_IDENT_CS_012_COPY/CODE_IDENT_CS_012.cs,68,baselines_work/cohorte/csharp/CODE_IDENT_CS_014/CODE_IDENT_CS_014.cs,0.4482758620689655,78,6,39,39
5481,70,baselines_work/cohorte/csharp/CODE_IDENT_CS_012_COPY/CODE_IDENT_CS_012.cs,72,baselines_work/cohorte/csharp/CODE_IDENT_CS_014_COPY/CODE_IDENT_CS_014.cs,0.4482758620689655,78,6,39,39
2824,4,baselines_work/cohorte/csharp/CODE_DIF_CS_002/CODE_DIF_CS_002.cs,27,baselines_work/cohorte/csharp/CODE_ESTRU_CS_014/CODE_ESTRU_CS_014.cs,0.3598130841121495,77,5,44,33
2915,2,baselines_work/cohorte/csharp/CODE_DIF_CS_003/CODE_DIF_CS_003.cs,45,baselines_work/cohorte/csharp/CODE_IDENT_CS_002/CODE_IDENT_CS_002.cs,0.21875,77,3,59,18
2916,2,baselines_work/cohorte/csharp/CODE_DIF_CS_003/CODE_DIF_CS_003.cs,53,baselines_work/cohorte/csharp/CODE_IDENT_CS_002_COPY/CODE_IDENT_CS_002.cs,0.21875,77,3,59,18
3012,0,baselines_work/cohorte/csharp/CODE_DIF_CS_004/CODE_DIF_CS_004.cs,74,baselines_work/cohorte/csharp/CODE_IDENT_CS_015/CODE_IDENT_CS_015.cs,0.14528301886792452,77,5,37,40
3013,0,baselines_work/cohorte/csharp/CODE_DIF_CS_004/CODE_DIF_CS_004.cs,73,baselines_work/cohorte/csharp/CODE_IDENT_CS_015_COPY/CODE_IDENT_CS_015.cs,0.14528301886792452,77,5,37,40
3048,3,baselines_work/cohorte/csharp/CODE_DIF_CS_005/CODE_DIF_CS_005.cs,41,baselines_work/cohorte/csharp/CODE_FUN_CS_010/CODE_FUN_CS_010.cs,0.2413793103448276,77,5,47,30
3180,5,baselines_work/cohorte/csharp/CODE_DIF_CS_007/CODE_DIF_CS_007.cs,36,baselines_work/cohorte/csharp/CODE_FUN_CS_005/CODE_FUN_CS_005.cs,0.19012345679012346,77,5,58,19
3344,7,baselines_work/cohorte/csharp/CODE_DIF_CS_009/CODE_DIF_CS_009.cs,63,baselines_work/cohorte/csharp/CODE_IDENT_CS_011/CODE_IDENT_CS_011.cs,0.2558139534883721,77,16,36,41
3345,7,baselines_work/cohorte/csharp/CODE_DIF_CS_009/CODE_DIF_CS_009.cs,65,baselines_work/cohorte/csharp/CODE_IDENT_CS_011_COPY/CODE_IDENT_CS_011.cs,0.2558139534883721,77,16,36,41
3511,9,baselines_work/cohorte/csharp/CODE_DIF_CS_012/CODE_DIF_CS_012.cs,42,baselines_work/cohorte/csharp/CODE_FUN_CS_011/CODE_FUN_CS_011.cs,0.17539863325740318,77,4,39,38
3536,9,baselines_work/cohorte/csharp/CODE_DIF_CS_012/CODE_DIF_CS_012.cs,63,baselines_work/cohorte/csharp/CODE_IDENT_CS_011/CODE_IDENT_CS_011.cs,0.1878048780487805,77,10,37,40
3537,9,baselines_work/cohorte/csharp/CODE_DIF_CS_012/CODE_DIF_CS_012.cs,65,baselines_work/cohorte/csharp/CODE_IDENT_CS_011_COPY/CODE_IDENT_CS_011.cs,0.1878048780487805,77,10,37,40
4378,29,baselines_work/cohorte/csharp/CODE_ESTRU_CS_013/CODE_ESTRU_CS_013.cs,38,baselines_work/cohorte/csharp/CODE_FUN_CS_006/CODE_FUN_CS_006.cs,0.3888888888888889,77,15,44,33
4800,35,baselines_work/cohorte/csharp/CODE_FUN_CS_008/CODE_FUN_CS_008.cs,40,baselines_work/cohorte/csharp/CODE_FUN_CS_013/CODE_FUN_CS_013.cs,0.2655172413793103,77,15,34,43
2745,1,baselines_work/cohorte/csharp/CODE_DIF_CS_001/CODE_DIF_CS_001.cs,21,baselines_work/cohorte/csharp/CODE_ESTRU_CS_008/CODE_ESTRU_CS_008.cs,0.32340425531914896,76,5,28,48
2835,4,baselines_work/cohorte/csharp/CODE_DIF_CS_002/CODE_DIF_CS_002.cs,41,baselines_work/cohorte/csharp/CODE_FUN_CS_010/CODE_FUN_CS_010.cs,0.3153526970954357,76,4,46,30
3113,6,baselines_work/cohorte/csharp/CODE_DIF_CS_006/CODE_DIF_CS_006.cs,38,baselines_work/cohorte/csharp/CODE_FUN_CS_006/CODE_FUN_CS_006.cs,0.23824451410658307,76,8,39,37
3364,11,baselines_work/cohorte/csharp/CODE_DIF_CS_010/CODE_DIF_CS_010.cs,19,baselines_work/cohorte/csharp/CODE_ESTRU_CS_006/CODE_ESTRU_CS_006.cs,0.21965317919075145,76,6,46,30
3853,15,baselines_work/cohorte/csharp/CODE_ESTRU_CS_003/CODE_ESTRU_CS_003.cs,22,baselines_work/cohorte/csharp/CODE_ESTRU_CS_011/CODE_ESTRU_CS_011.cs,0.4342857142857143,76,8,27,49
3877,15,baselines_work/cohorte/csharp/CODE_ESTRU_CS_003/CODE_ESTRU_CS_003.cs,48,baselines_work/cohorte/csharp/CODE_IDENT_CS_003/CODE_IDENT_CS_003.cs,0.6129032258064516,76,10,42,34
3878,15,baselines_work/cohorte/csharp/CODE_ESTRU_CS_003/CODE_ESTRU_CS_003.cs,55,baselines_work/cohorte/csharp/CODE_IDENT_CS_003_COPY/CODE_IDENT_CS_003.cs,0.6129032258064516,76,10,42,34
4028,19,baselines_work/cohorte/csharp/CODE_ESTRU_CS_006/CODE_ESTRU_CS_006.cs,38,baselines_work/cohorte/csharp/CODE_FUN_CS_006/CODE_FUN_CS_006.cs,0.40425531914893614,76,8,38,38
4046,19,baselines_work/cohorte/csharp/CODE_ESTRU_CS_006/CODE_ESTRU_CS_006.cs,51,baselines_work/cohorte/csharp/CODE_IDENT_CS_005/CODE_IDENT_CS_005.cs,0.608,76,25,44,32
4047,19,baselines_work/cohorte/csharp/CODE_ESTRU_CS_006/CODE_ESTRU_CS_006.cs,52,baselines_work/cohorte/csharp/CODE_IDENT_CS_005_COPY/CODE_IDENT_CS_005.cs,0.608,76,25,44,32
4287,22,baselines_work/cohorte/csharp/CODE_ESTRU_CS_011/CODE_ESTRU_CS_011.cs,41,baselines_work/cohorte/csharp/CODE_FUN_CS_010/CODE_FUN_CS_010.cs,0.36538461538461536,76,8,53,23
4361,28,baselines_work/cohorte/csharp/CODE_ESTRU_CS_012/CODE_ESTRU_CS_012.cs,63,baselines_work/cohorte/csharp/CODE_IDENT_CS_011/CODE_IDENT_CS_011.cs,0.38,76,5,25,51
4362,28,baselines_work/cohorte/csharp/CODE_ESTRU_CS_012/CODE_ESTRU_CS_012.cs,65,baselines_work/cohorte/csharp/CODE_IDENT_CS_011_COPY/CODE_IDENT_CS_011.cs,0.38,76,5,25,51
4752,38,baselines_work/cohorte/csharp/CODE_FUN_CS_006/CODE_FUN_CS_006.cs,66,baselines_work/cohorte/csharp/CODE_IDENT_CS_013/CODE_IDENT_CS_013.cs,0.37073170731707317,76,15,32,44
4753,38,baselines_work/cohorte/csharp/CODE_FUN_CS_006/CODE_FUN_CS_006.cs,71,baselines_work/cohorte/csharp/CODE_IDENT_CS_013_COPY/CODE_IDENT_CS_013.cs,0.37073170731707317,76,15,32,44
5283,51,baselines_work/cohorte/csharp/CODE_IDENT_CS_005/CODE_IDENT_CS_005.cs,66,baselines_work/cohorte/csharp/CODE_IDENT_CS_013/CODE_IDENT_CS_013.cs,0.5352112676056338,76,12,26,50
5284,51,baselines_work/cohorte/csharp/CODE_IDENT_CS_005/CODE_IDENT_CS_005.cs,71,baselines_work/cohorte/csharp/CODE_IDENT_CS_013_COPY/CODE_IDENT_CS_013.cs,0.5352112676056338,76,12,26,50
5303,52,baselines_work/cohorte/csharp/CODE_IDENT_CS_005_COPY/CODE_IDENT_CS_005.cs,66,baselines_work/cohorte/csharp/CODE_IDENT_CS_013/CODE_IDENT_CS_013.cs,0.5352112676056338,76,12,26,50
5304,52,baselines_work/cohorte/csharp/CODE_IDENT_CS_005_COPY/CODE_IDENT_CS_005.cs,71,baselines_work/cohorte/csharp/CODE_IDENT_CS_013_COPY/CODE_IDENT_CS_013.cs,0.5352112676056338,76,12,26,50
2867,4,baselines_work/cohorte/csharp/CODE_DIF_CS_002/CODE_DIF_CS_002.cs,68,baselines_work/cohorte/csharp/CODE_IDENT_CS_014/CODE_IDENT_CS_014.cs,0.35046728971962615,75,5,43,32
2868,4,baselines_work/cohorte/csharp/CODE_DIF_CS_002/CODE_DIF_CS_002.cs,72,baselines_work/cohorte/csharp/CODE_IDENT_CS_014_COPY/CODE_IDENT_CS_014.cs,0.35046728971962615,75,5,43,32
2974,0,baselines_work/cohorte/csharp/CODE_DIF_CS_004/CODE_DIF_CS_004.cs,38,baselines_work/cohorte/csharp/CODE_FUN_CS_006/CODE_FUN_CS_006.cs,0.1388888888888889,75,5,41,34
3388,11,baselines_work/cohorte/csharp/CODE_DIF_CS_010/CODE_DIF_CS_010.cs,44,baselines_work/cohorte/csharp/CODE_FUN_CS_015/CODE_FUN_CS_015.cs,0.1893939393939394,75,5,41,34
3411,11,baselines_work/cohorte/csharp/CODE_DIF_CS_010/CODE_DIF_CS_010.cs,69,baselines_work/cohorte/csharp/CODE_IDENT_CS_012/CODE_IDENT_CS_012.cs,0.20380434782608695,75,5,46,29
3412,11,baselines_work/cohorte/csharp/CODE_DIF_CS_010/CODE_DIF_CS_010.cs,70,baselines_work/cohorte/csharp/CODE_IDENT_CS_012_COPY/CODE_IDENT_CS_012.cs,0.20380434782608695,75,5,46,29
3413,11,baselines_work/cohorte/csharp/CODE_DIF_CS_010/CODE_DIF_CS_010.cs,66,baselines_work/cohorte/csharp/CODE_IDENT_CS_013/CODE_IDENT_CS_013.cs,0.2066115702479339,75,15,38,37
3414,11,baselines_work/cohorte/csharp/CODE_DIF_CS_010/CODE_DIF_CS_010.cs,71,baselines_work/cohorte/csharp/CODE_IDENT_CS_013_COPY/CODE_IDENT_CS_013.cs,0.2066115702479339,75,15,38,37
3501,9,baselines_work/cohorte/csharp/CODE_DIF_CS_012/CODE_DIF_CS_012.cs,30,baselines_work/cohorte/csharp/CODE_FUN_CS_001/CODE_FUN_CS_001.cs,0.1889168765743073,75,5,46,29
3548,10,baselines_work/cohorte/csharp/CODE_DIF_CS_013/CODE_DIF_CS_013.cs,14,baselines_work/cohorte/csharp/CODE_ESTRU_CS_001/CODE_ESTRU_CS_001.cs,0.13111888111888112,75,9,53,22
3602,10,baselines_work/cohorte/csharp/CODE_DIF_CS_013/CODE_DIF_CS_013.cs,66,baselines_work/cohorte/csharp/CODE_IDENT_CS_013/CODE_IDENT_CS_013.cs,0.13416815742397137,75,16,42,33
3603,10,baselines_work/cohorte/csharp/CODE_DIF_CS_013/CODE_DIF_CS_013.cs,71,baselines_work/cohorte/csharp/CODE_IDENT_CS_013_COPY/CODE_IDENT_CS_013.cs,0.13416815742397137,75,16,42,33
3647,12,baselines_work/cohorte/csharp/CODE_DIF_CS_014/CODE_DIF_CS_014.cs,51,baselines_work/cohorte/csharp/CODE_IDENT_CS_005/CODE_IDENT_CS_005.cs,0.22522522522522523,75,6,58,17
3648,12,baselines_work/cohorte/csharp/CODE_DIF_CS_014/CODE_DIF_CS_014.cs,52,baselines_work/cohorte/csharp/CODE_IDENT_CS_005_COPY/CODE_IDENT_CS_005.cs,0.22522522522522523,75,6,58,17
3699,13,baselines_work/cohorte/csharp/CODE_DIF_CS_015/CODE_DIF_CS_015.cs,43,baselines_work/cohorte/csharp/CODE_IDENT_CS_001/CODE_IDENT_CS_001.cs,0.17123287671232876,75,12,52,23
3700,13,baselines_work/cohorte/csharp/CODE_DIF_CS_015/CODE_DIF_CS_015.cs,46,baselines_work/cohorte/csharp/CODE_IDENT_CS_001_COPY/CODE_IDENT_CS_001.cs,0.17123287671232876,75,12,52,23
3893,15,baselines_work/cohorte/csharp/CODE_ESTRU_CS_003/CODE_ESTRU_CS_003.cs,63,baselines_work/cohorte/csharp/CODE_IDENT_CS_011/CODE_IDENT_CS_011.cs,0.43103448275862066,75,8,27,48
3894,15,baselines_work/cohorte/csharp/CODE_ESTRU_CS_003/CODE_ESTRU_CS_003.cs,65,baselines_work/cohorte/csharp/CODE_IDENT_CS_011_COPY/CODE_IDENT_CS_011.cs,0.43103448275862066,75,8,27,48
4021,19,baselines_work/cohorte/csharp/CODE_ESTRU_CS_006/CODE_ESTRU_CS_006.cs,27,baselines_work/cohorte/csharp/CODE_ESTRU_CS_014/CODE_ESTRU_CS_014.cs,0.4934210526315789,75,11,41,34
4101,20,baselines_work/cohorte/csharp/CODE_ESTRU_CS_007/CODE_ESTRU_CS_007.cs,57,baselines_work/cohorte/csharp/CODE_IDENT_CS_006/CODE_IDENT_CS_006.cs,0.5813953488372093,75,25,36,39
4102,20,baselines_work/cohorte/csharp/CODE_ESTRU_CS_007/CODE_ESTRU_CS_007.cs,56,baselines_work/cohorte/csharp/CODE_IDENT_CS_006_COPY/CODE_IDENT_CS_006.cs,0.5813953488372093,75,25,36,39
4142,21,baselines_work/cohorte/csharp/CODE_ESTRU_CS_008/CODE_ESTRU_CS_008.cs,44,baselines_work/cohorte/csharp/CODE_FUN_CS_015/CODE_FUN_CS_015.cs,0.3112033195020747,75,15,43,32
4177,24,baselines_work/cohorte/csharp/CODE_ESTRU_CS_009/CODE_ESTRU_CS_009.cs,27,baselines_work/cohorte/csharp/CODE_ESTRU_CS_014/CODE_ESTRU_CS_014.cs,0.4573170731707317,75,6,36,39
4274,22,baselines_work/cohorte/csharp/CODE_ESTRU_CS_011/CODE_ESTRU_CS_011.cs,28,baselines_work/cohorte/csharp/CODE_ESTRU_CS_012/CODE_ESTRU_CS_012.cs,0.373134328358209,75,5,51,24
4276,22,baselines_work/cohorte/csharp/CODE_ESTRU_CS_011/CODE_ESTRU_CS_011.cs,27,baselines_work/cohorte/csharp/CODE_ESTRU_CS_014/CODE_ESTRU_CS_014.cs,0.4143646408839779,75,7,50,25
4450,27,baselines_work/cohorte/csharp/CODE_ESTRU_CS_014/CODE_ESTRU_CS_014.cs,60,baselines_work/cohorte/csharp/CODE_IDENT_CS_009/CODE_IDENT_CS_009.cs,0.4573170731707317,75,6,39,36
4451,27,baselines_work/cohorte/csharp/CODE_ESTRU_CS_014/CODE_ESTRU_CS_014.cs,59,baselines_work/cohorte/csharp/CODE_IDENT_CS_009_COPY/CODE_IDENT_CS_009.cs,0.4573170731707317,75,6,39,36
4894,41,baselines_work/cohorte/csharp/CODE_FUN_CS_010/CODE_FUN_CS_010.cs,63,baselines_work/cohorte/csharp/CODE_IDENT_CS_011/CODE_IDENT_CS_011.cs,0.36231884057971014,75,8,23,52
4895,41,baselines_work/cohorte/csharp/CODE_FUN_CS_010/CODE_FUN_CS_010.cs,65,baselines_work/cohorte/csharp/CODE_IDENT_CS_011_COPY/CODE_IDENT_CS_011.cs,0.36231884057971014,75,8,23,52
5310,57,baselines_work/cohorte/csharp/CODE_IDENT_CS_006/CODE_IDENT_CS_006.cs,54,baselines_work/cohorte/csharp/CODE_IDENT_CS_007/CODE_IDENT_CS_007.cs,0.5813953488372093,75,25,39,36
5311,57,baselines_work/cohorte/csharp/CODE_IDENT_CS_006/CODE_IDENT_CS_006.cs,58,baselines_work/cohorte/csharp/CODE_IDENT_CS_007_COPY/CODE_IDENT_CS_007.cs,0.5813953488372093,75,25,39,36
5328,56,baselines_work/cohorte/csharp/CODE_IDENT_CS_006_COPY/CODE_IDENT_CS_006.cs,54,baselines_work/cohorte/csharp/CODE_IDENT_CS_007/CODE_IDENT_CS_007.cs,0.5813953488372093,75,25,39,36
5329,56,baselines_work/cohorte/csharp/CODE_IDENT_CS_006_COPY/CODE_IDENT_CS_006.cs,58,baselines_work/cohorte/csharp/CODE_IDENT_CS_007_COPY/CODE_IDENT_CS_007.cs,0.5813953488372093,75,25,39,36
2883,2,baselines_work/cohorte/csharp/CODE_DIF_CS_003/CODE_DIF_CS_003.cs,14,baselines_work/cohorte/csharp/CODE_ESTRU_CS_001/CODE_ESTRU_CS_001.cs,0.1796116504854369,74,3,57,17
3042,3,baselines_work/cohorte/csharp/CODE_DIF_CS_005/CODE_DIF_CS_005.cs,32,baselines_work/cohorte/csharp/CODE_FUN_CS_004/CODE_FUN_CS_004.cs,0.18004866180048662,74,4,41,33
3060,3,baselines_work/cohorte/csharp/CODE_DIF_CS_005/CODE_DIF_CS_005.cs,50,baselines_work/cohorte/csharp/CODE_IDENT_CS_004/CODE_IDENT_CS_004.cs,0.19170984455958548,74,4,46,28
3061,3,baselines_work/cohorte/csharp/CODE_DIF_CS_005/CODE_DIF_CS_005.cs,49,baselines_work/cohorte/csharp/CODE_IDENT_CS_004_COPY/CODE_IDENT_CS_004.cs,0.19170984455958548,74,4,46,28
3184,5,baselines_work/cohorte/csharp/CODE_DIF_CS_007/CODE_DIF_CS_007.cs,37,baselines_work/cohorte/csharp/CODE_FUN_CS_009/CODE_FUN_CS_009.cs,0.17330210772833723,74,6,56,18
3373,11,baselines_work/cohorte/csharp/CODE_DIF_CS_010/CODE_DIF_CS_010.cs,26,baselines_work/cohorte/csharp/CODE_ESTRU_CS_015/CODE_ESTRU_CS_015.cs,0.2,74,7,42,32
3441,8,baselines_work/cohorte/csharp/CODE_DIF_CS_011/CODE_DIF_CS_011.cs,32,baselines_work/cohorte/csharp/CODE_FUN_CS_004/CODE_FUN_CS_004.cs,0.1436893203883495,74,4,47,27
3522,9,baselines_work/cohorte/csharp/CODE_DIF_CS_012/CODE_DIF_CS_012.cs,50,baselines_work/cohorte/csharp/CODE_IDENT_CS_004/CODE_IDENT_CS_004.cs,0.15481171548117154,74,4,47,27
3523,9,baselines_work/cohorte/csharp/CODE_DIF_CS_012/CODE_DIF_CS_012.cs,49,baselines_work/cohorte/csharp/CODE_IDENT_CS_004_COPY/CODE_IDENT_CS_004.cs,0.15481171548117154,74,4,47,27
3549,10,baselines_work/cohorte/csharp/CODE_DIF_CS_013/CODE_DIF_CS_013.cs,16,baselines_work/cohorte/csharp/CODE_ESTRU_CS_002/CODE_ESTRU_CS_002.cs,0.14122137404580154,74,4,56,18
3633,12,baselines_work/cohorte/csharp/CODE_DIF_CS_014/CODE_DIF_CS_014.cs,41,baselines_work/cohorte/csharp/CODE_FUN_CS_010/CODE_FUN_CS_010.cs,0.19121447028423771,74,6,55,19
3634,12,baselines_work/cohorte/csharp/CODE_DIF_CS_014/CODE_DIF_CS_014.cs,42,baselines_work/cohorte/csharp/CODE_FUN_CS_011/CODE_FUN_CS_011.cs,0.1783132530120482,74,3,44,30
3649,12,baselines_work/cohorte/csharp/CODE_DIF_CS_014/CODE_DIF_CS_014.cs,57,baselines_work/cohorte/csharp/CODE_IDENT_CS_006/CODE_IDENT_CS_006.cs,0.20903954802259886,74,6,51,23
3650,12,baselines_work/cohorte/csharp/CODE_DIF_CS_014/CODE_DIF_CS_014.cs,56,baselines_work/cohorte/csharp/CODE_IDENT_CS_006_COPY/CODE_IDENT_CS_006.cs,0.20903954802259886,74,6,51,23
3692,13,baselines_work/cohorte/csharp/CODE_DIF_CS_015/CODE_DIF_CS_015.cs,37,baselines_work/cohorte/csharp/CODE_FUN_CS_009/CODE_FUN_CS_009.cs,0.16228070175438597,74,6,53,21
3696,13,baselines_work/cohorte/csharp/CODE_DIF_CS_015/CODE_DIF_CS_015.cs,40,baselines_work/cohorte/csharp/CODE_FUN_CS_013/CODE_FUN_CS_013.cs,0.15289256198347106,74,2,45,29
3796,16,baselines_work/cohorte/csharp/CODE_ESTRU_CS_002/CODE_ESTRU_CS_002.cs,22,baselines_work/cohorte/csharp/CODE_ESTRU_CS_011/CODE_ESTRU_CS_011.cs,0.45962732919254656,74,8,26,48
4081,20,baselines_work/cohorte/csharp/CODE_ESTRU_CS_007/CODE_ESTRU_CS_007.cs,38,baselines_work/cohorte/csharp/CODE_FUN_CS_006/CODE_FUN_CS_006.cs,0.4327485380116959,74,8,35,39
4454,27,baselines_work/cohorte/csharp/CODE_ESTRU_CS_014/CODE_ESTRU_CS_014.cs,63,baselines_work/cohorte/csharp/CODE_IDENT_CS_011/CODE_IDENT_CS_011.cs,0.4111111111111111,74,7,25,49
4455,27,baselines_work/cohorte/csharp/CODE_ESTRU_CS_014/CODE_ESTRU_CS_014.cs,65,baselines_work/cohorte/csharp/CODE_IDENT_CS_011_COPY/CODE_IDENT_CS_011.cs,0.4111111111111111,74,7,25,49
4478,26,baselines_work/cohorte/csharp/CODE_ESTRU_CS_015/CODE_ESTRU_CS_015.cs,44,baselines_work/cohorte/csharp/CODE_FUN_CS_015/CODE_FUN_CS_015.cs,0.33035714285714285,74,9,42,32
4493,26,baselines_work/cohorte/csharp/CODE_ESTRU_CS_015/CODE_ESTRU_CS_015.cs,61,baselines_work/cohorte/csharp/CODE_IDENT_CS_008/CODE_IDENT_CS_008.cs,0.3394495412844037,74,5,34,40
4494,26,baselines_work/cohorte/csharp/CODE_ESTRU_CS_015/CODE_ESTRU_CS_015.cs,62,baselines_work/cohorte/csharp/CODE_IDENT_CS_008_COPY/CODE_IDENT_CS_008.cs,0.3394495412844037,74,5,34,40
4740,38,baselines_work/cohorte/csharp/CODE_FUN_CS_006/CODE_FUN_CS_006.cs,54,baselines_work/cohorte/csharp/CODE_IDENT_CS_007/CODE_IDENT_CS_007.cs,0.4327485380116959,74,8,39,35
4741,38,baselines_work/cohorte/csharp/CODE_FUN_CS_006/CODE_FUN_CS_006.cs,58,baselines_work/cohorte/csharp/CODE_IDENT_CS_007_COPY/CODE_IDENT_CS_007.cs,0.4327485380116959,74,8,39,35
4780,34,baselines_work/cohorte/csharp/CODE_FUN_CS_007/CODE_FUN_CS_007.cs,61,baselines_work/cohorte/csharp/CODE_IDENT_CS_008/CODE_IDENT_CS_008.cs,0.3425925925925926,74,9,27,47
4781,34,baselines_work/cohorte/csharp/CODE_FUN_CS_007/CODE_FUN_CS_007.cs,62,baselines_work/cohorte/csharp/CODE_IDENT_CS_008_COPY/CODE_IDENT_CS_008.cs,0.3425925925925926,74,9,27,47
4907,42,baselines_work/cohorte/csharp/CODE_FUN_CS_011/CODE_FUN_CS_011.cs,44,baselines_work/cohorte/csharp/CODE_FUN_CS_015/CODE_FUN_CS_015.cs,0.28793774319066145,74,8,36,38
2733,1,baselines_work/cohorte/csharp/CODE_DIF_CS_001/CODE_DIF_CS_001.cs,8,baselines_work/cohorte/csharp/CODE_DIF_CS_011/CODE_DIF_CS_011.cs,0.16666666666666666,73,5,27,46
2767,1,baselines_work/cohorte/csharp/CODE_DIF_CS_001/CODE_DIF_CS_001.cs,44,baselines_work/cohorte/csharp/CODE_FUN_CS_015/CODE_FUN_CS_015.cs,0.29918032786885246,73,5,35,38
2836,4,baselines_work/cohorte/csharp/CODE_DIF_CS_002/CODE_DIF_CS_002.cs,42,baselines_work/cohorte/csharp/CODE_FUN_CS_011/CODE_FUN_CS_011.cs,0.27137546468401486,73,13,37,36
3036,3,baselines_work/cohorte/csharp/CODE_DIF_CS_005/CODE_DIF_CS_005.cs,29,baselines_work/cohorte/csharp/CODE_ESTRU_CS_013/CODE_ESTRU_CS_013.cs,0.24333333333333335,73,16,37,36
3037,3,baselines_work/cohorte/csharp/CODE_DIF_CS_005/CODE_DIF_CS_005.cs,27,baselines_work/cohorte/csharp/CODE_ESTRU_CS_014/CODE_ESTRU_CS_014.cs,0.25,73,5,47,26
3080,3,baselines_work/cohorte/csharp/CODE_DIF_CS_005/CODE_DIF_CS_005.cs,68,baselines_work/cohorte/csharp/CODE_IDENT_CS_014/CODE_IDENT_CS_014.cs,0.25,73,5,47,26
3081,3,baselines_work/cohorte/csharp/CODE_DIF_CS_005/CODE_DIF_CS_005.cs,72,baselines_work/cohorte/csharp/CODE_IDENT_CS_014_COPY/CODE_IDENT_CS_014.cs,0.25,73,5,47,26
3370,11,baselines_work/cohorte/csharp/CODE_DIF_CS_010/CODE_DIF_CS_010.cs,28,baselines_work/cohorte/csharp/CODE_ESTRU_CS_012/CODE_ESTRU_CS_012.cs,0.1983695652173913,73,5,45,28
3433,8,baselines_work/cohorte/csharp/CODE_DIF_CS_011/CODE_DIF_CS_011.cs,22,baselines_work/cohorte/csharp/CODE_ESTRU_CS_011/CODE_ESTRU_CS_011.cs,0.17257683215130024,73,13,33,40
3505,9,baselines_work/cohorte/csharp/CODE_DIF_CS_012/CODE_DIF_CS_012.cs,36,baselines_work/cohorte/csharp/CODE_FUN_CS_005/CODE_FUN_CS_005.cs,0.1906005221932115,73,7,49,24
3620,12,baselines_work/cohorte/csharp/CODE_DIF_CS_014/CODE_DIF_CS_014.cs,28,baselines_work/cohorte/csharp/CODE_ESTRU_CS_012/CODE_ESTRU_CS_012.cs,0.19210526315789472,73,5,52,21
3661,12,baselines_work/cohorte/csharp/CODE_DIF_CS_014/CODE_DIF_CS_014.cs,69,baselines_work/cohorte/csharp/CODE_IDENT_CS_012/CODE_IDENT_CS_012.cs,0.19210526315789472,73,5,52,21
3662,12,baselines_work/cohorte/csharp/CODE_DIF_CS_014/CODE_DIF_CS_014.cs,70,baselines_work/cohorte/csharp/CODE_IDENT_CS_012_COPY/CODE_IDENT_CS_012.cs,0.19210526315789472,73,5,52,21
3836,16,baselines_work/cohorte/csharp/CODE_ESTRU_CS_002/CODE_ESTRU_CS_002.cs,63,baselines_work/cohorte/csharp/CODE_IDENT_CS_011/CODE_IDENT_CS_011.cs,0.45625,73,8,26,47
3837,16,baselines_work/cohorte/csharp/CODE_ESTRU_CS_002/CODE_ESTRU_CS_002.cs,65,baselines_work/cohorte/csharp/CODE_IDENT_CS_011_COPY/CODE_IDENT_CS_011.cs,0.45625,73,8,26,47
4137,21,baselines_work/cohorte/csharp/CODE_ESTRU_CS_008/CODE_ESTRU_CS_008.cs,41,baselines_work/cohorte/csharp/CODE_FUN_CS_010/CODE_FUN_CS_010.cs,0.33181818181818185,73,4,48,25
4174,24,baselines_work/cohorte/csharp/CODE_ESTRU_CS_009/CODE_ESTRU_CS_009.cs,22,baselines_work/cohorte/csharp/CODE_ESTRU_CS_011/CODE_ESTRU_CS_011.cs,0.38219895287958117,73,5,22,51
4309,22,baselines_work/cohorte/csharp/CODE_ESTRU_CS_011/CODE_ESTRU_CS_011.cs,60,baselines_work/cohorte/csharp/CODE_IDENT_CS_009/CODE_IDENT_CS_009.cs,0.38219895287958117,73,5,51,22
4310,22,baselines_work/cohorte/csharp/CODE_ESTRU_CS_011/CODE_ESTRU_CS_011.cs,59,baselines_work/cohorte/csharp/CODE_IDENT_CS_009_COPY/CODE_IDENT_CS_009.cs,0.38219895287958117,73,5,51,22
2731,1,baselines_work/cohorte/csharp/CODE_DIF_CS_001/CODE_DIF_CS_001.cs,7,baselines_work/cohorte/csharp/CODE_DIF_CS_009/CODE_DIF_CS_009.cs,0.22712933753943218,72,5,32,40
3104,6,baselines_work/cohorte/csharp/CODE_DIF_CS_006/CODE_DIF_CS_006.cs,28,baselines_work/cohorte/csharp/CODE_ESTRU_CS_012/CODE_ESTRU_CS_012.cs,0.2376237623762376,72,6,39,33
3303,7,baselines_work/cohorte/csharp/CODE_DIF_CS_009/CODE_DIF_CS_009.cs,25,baselines_work/cohorte/csharp/CODE_ESTRU_CS_010/CODE_ESTRU_CS_010.cs,0.2408026755852843,72,6,43,29
3305,7,baselines_work/cohorte/csharp/CODE_DIF_CS_009/CODE_DIF_CS_009.cs,28,baselines_work/cohorte/csharp/CODE_ESTRU_CS_012/CODE_ESTRU_CS_012.cs,0.2440677966101695,72,5,45,27
3342,7,baselines_work/cohorte/csharp/CODE_DIF_CS_009/CODE_DIF_CS_009.cs,67,baselines_work/cohorte/csharp/CODE_IDENT_CS_010/CODE_IDENT_CS_010.cs,0.2408026755852843,72,6,43,29
3343,7,baselines_work/cohorte/csharp/CODE_DIF_CS_009/CODE_DIF_CS_009.cs,64,baselines_work/cohorte/csharp/CODE_IDENT_CS_010_COPY/CODE_IDENT_CS_010.cs,0.2408026755852843,72,6,43,29
3346,7,baselines_work/cohorte/csharp/CODE_DIF_CS_009/CODE_DIF_CS_009.cs,69,baselines_work/cohorte/csharp/CODE_IDENT_CS_012/CODE_IDENT_CS_012.cs,0.2440677966101695,72,5,45,27
3347,7,baselines_work/cohorte/csharp/CODE_DIF_CS_009/CODE_DIF_CS_009.cs,70,baselines_work/cohorte/csharp/CODE_IDENT_CS_012_COPY/CODE_IDENT_CS_012.cs,0.2440677966101695,72,5,45,27
3473,8,baselines_work/cohorte/csharp/CODE_DIF_CS_011/CODE_DIF_CS_011.cs,63,baselines_work/cohorte/csharp/CODE_IDENT_CS_011/CODE_IDENT_CS_011.cs,0.17061611374407584,72,13,33,39
3474,8,baselines_work/cohorte/csharp/CODE_DIF_CS_011/CODE_DIF_CS_011.cs,65,baselines_work/cohorte/csharp/CODE_IDENT_CS_011_COPY/CODE_IDENT_CS_011.cs,0.17061611374407584,72,13,33,39
3492,9,baselines_work/cohorte/csharp/CODE_DIF_CS_012/CODE_DIF_CS_012.cs,20,baselines_work/cohorte/csharp/CODE_ESTRU_CS_007/CODE_ESTRU_CS_007.cs,0.19726027397260273,72,5,44,28
3528,9,baselines_work/cohorte/csharp/CODE_DIF_CS_012/CODE_DIF_CS_012.cs,54,baselines_work/cohorte/csharp/CODE_IDENT_CS_007/CODE_IDENT_CS_007.cs,0.19726027397260273,72,5,44,28
3529,9,baselines_work/cohorte/csharp/CODE_DIF_CS_012/CODE_DIF_CS_012.cs,58,baselines_work/cohorte/csharp/CODE_IDENT_CS_007_COPY/CODE_IDENT_CS_007.cs,0.19726027397260273,72,5,44,28
3575,10,baselines_work/cohorte/csharp/CODE_DIF_CS_013/CODE_DIF_CS_013.cs,40,baselines_work/cohorte/csharp/CODE_FUN_CS_013/CODE_FUN_CS_013.cs,0.12141652613827993,72,4,46,26
3578,10,baselines_work/cohorte/csharp/CODE_DIF_CS_013/CODE_DIF_CS_013.cs,43,baselines_work/cohorte/csharp/CODE_IDENT_CS_001/CODE_IDENT_CS_001.cs,0.1316270566727605,72,7,53,19
3579,10,baselines_work/cohorte/csharp/CODE_DIF_CS_013/CODE_DIF_CS_013.cs,46,baselines_work/cohorte/csharp/CODE_IDENT_CS_001_COPY/CODE_IDENT_CS_001.cs,0.1316270566727605,72,7,53,19
3688,13,baselines_work/cohorte/csharp/CODE_DIF_CS_015/CODE_DIF_CS_015.cs,36,baselines_work/cohorte/csharp/CODE_FUN_CS_005/CODE_FUN_CS_005.cs,0.16589861751152074,72,3,52,20
3793,16,baselines_work/cohorte/csharp/CODE_ESTRU_CS_002/CODE_ESTRU_CS_002.cs,21,baselines_work/cohorte/csharp/CODE_ESTRU_CS_008/CODE_ESTRU_CS_008.cs,0.4161849710982659,72,9,26,46
4124,21,baselines_work/cohorte/csharp/CODE_ESTRU_CS_008/CODE_ESTRU_CS_008.cs,28,baselines_work/cohorte/csharp/CODE_ESTRU_CS_012/CODE_ESTRU_CS_012.cs,0.3380281690140845,72,5,45,27
4126,21,baselines_work/cohorte/csharp/CODE_ESTRU_CS_008/CODE_ESTRU_CS_008.cs,27,baselines_work/cohorte/csharp/CODE_ESTRU_CS_014/CODE_ESTRU_CS_014.cs,0.37305699481865284,72,5,47,25
4165,21,baselines_work/cohorte/csharp/CODE_ESTRU_CS_008/CODE_ESTRU_CS_008.cs,69,baselines_work/cohorte/csharp/CODE_IDENT_CS_012/CODE_IDENT_CS_012.cs,0.3380281690140845,72,5,45,27
4166,21,baselines_work/cohorte/csharp/CODE_ESTRU_CS_008/CODE_ESTRU_CS_008.cs,70,baselines_work/cohorte/csharp/CODE_IDENT_CS_012_COPY/CODE_IDENT_CS_012.cs,0.3380281690140845,72,5,45,27
4169,21,baselines_work/cohorte/csharp/CODE_ESTRU_CS_008/CODE_ESTRU_CS_008.cs,68,baselines_work/cohorte/csharp/CODE_IDENT_CS_014/CODE_IDENT_CS_014.cs,0.37305699481865284,72,5,47,25
4170,21,baselines_work/cohorte/csharp/CODE_ESTRU_CS_008/CODE_ESTRU_CS_008.cs,72,baselines_work/cohorte/csharp/CODE_IDENT_CS_014_COPY/CODE_IDENT_CS_014.cs,0.37305699481865284,72,5,47,25
4214,24,baselines_work/cohorte/csharp/CODE_ESTRU_CS_009/CODE_ESTRU_CS_009.cs,63,baselines_work/cohorte/csharp/CODE_IDENT_CS_011/CODE_IDENT_CS_011.cs,0.37894736842105264,72,5,22,50
4215,24,baselines_work/cohorte/csharp/CODE_ESTRU_CS_009/CODE_ESTRU_CS_009.cs,65,baselines_work/cohorte/csharp/CODE_IDENT_CS_011_COPY/CODE_IDENT_CS_011.cs,0.37894736842105264,72,5,22,50
4288,22,baselines_work/cohorte/csharp/CODE_ESTRU_CS_011/CODE_ESTRU_CS_011.cs,42,baselines_work/cohorte/csharp/CODE_FUN_CS_011/CODE_FUN_CS_011.cs,0.3050847457627119,72,5,39,33
4355,28,baselines_work/cohorte/csharp/CODE_ESTRU_CS_012/CODE_ESTRU_CS_012.cs,61,baselines_work/cohorte/csharp/CODE_IDENT_CS_008/CODE_IDENT_CS_008.cs,0.3333333333333333,72,5,27,45
4356,28,baselines_work/cohorte/csharp/CODE_ESTRU_CS_012/CODE_ESTRU_CS_012.cs,62,baselines_work/cohorte/csharp/CODE_IDENT_CS_008_COPY/CODE_IDENT_CS_008.cs,0.3333333333333333,72,5,27,45
5386,61,baselines_work/cohorte/csharp/CODE_IDENT_CS_008/CODE_IDENT_CS_008.cs,69,baselines_work/cohorte/csharp/CODE_IDENT_CS_012/CODE_IDENT_CS_012.cs,0.3333333333333333,72,5,45,27
5387,61,baselines_work/cohorte/csharp/CODE_IDENT_CS_008/CODE_IDENT_CS_008.cs,70,baselines_work/cohorte/csharp/CODE_IDENT_CS_012_COPY/CODE_IDENT_CS_012.cs,0.3333333333333333,72,5,45,27
5400,62,baselines_work/cohorte/csharp/CODE_IDENT_CS_008_COPY/CODE_IDENT_CS_008.cs,69,baselines_work/cohorte/csharp/CODE_IDENT_CS_012/CODE_IDENT_CS_012.cs,0.3333333333333333,72,5,45,27
5401,62,baselines_work/cohorte/csharp/CODE_IDENT_CS_008_COPY/CODE_IDENT_CS_008.cs,70,baselines_work/cohorte/csharp/CODE_IDENT_CS_012_COPY/CODE_IDENT_CS_012.cs,0.3333333333333333,72,5,45,27
5411,60,baselines_work/cohorte/csharp/CODE_IDENT_CS_009/CODE_IDENT_CS_009.cs,63,baselines_work/cohorte/csharp/CODE_IDENT_CS_011/CODE_IDENT_CS_011.cs,0.37894736842105264,72,5,22,50
5412,60,baselines_work/cohorte/csharp/CODE_IDENT_CS_009/CODE_IDENT_CS_009.cs,65,baselines_work/cohorte/csharp/CODE_IDENT_CS_011_COPY/CODE_IDENT_CS_011.cs,0.37894736842105264,72,5,22,50
5423,59,baselines_work/cohorte/csharp/CODE_IDENT_CS_009_COPY/CODE_IDENT_CS_009.cs,63,baselines_work/cohorte/csharp/CODE_IDENT_CS_011/CODE_IDENT_CS_011.cs,0.37894736842105264,72,5,22,50
5424,59,baselines_work/cohorte/csharp/CODE_IDENT_CS_009_COPY/CODE_IDENT_CS_009.cs,65,baselines_work/cohorte/csharp/CODE_IDENT_CS_011_COPY/CODE_IDENT_CS_011.cs,0.37894736842105264,72,5,22,50
3161,5,baselines_work/cohorte/csharp/CODE_DIF_CS_007/CODE_DIF_CS_007.cs,14,baselines_work/cohorte/csharp/CODE_ESTRU_CS_001/CODE_ESTRU_CS_001.cs,0.16359447004608296,71,3,50,21
3195,5,baselines_work/cohorte/csharp/CODE_DIF_CS_007/CODE_DIF_CS_007.cs,48,baselines_work/cohorte/csharp/CODE_IDENT_CS_003/CODE_IDENT_CS_003.cs,0.18586387434554974,71,5,53,18
3196,5,baselines_work/cohorte/csharp/CODE_DIF_CS_007/CODE_DIF_CS_007.cs,55,baselines_work/cohorte/csharp/CODE_IDENT_CS_003_COPY/CODE_IDENT_CS_003.cs,0.18586387434554974,71,5,53,18
3306,7,baselines_work/cohorte/csharp/CODE_DIF_CS_009/CODE_DIF_CS_009.cs,29,baselines_work/cohorte/csharp/CODE_ESTRU_CS_013/CODE_ESTRU_CS_013.cs,0.2508833922261484,71,16,36,35
3352,7,baselines_work/cohorte/csharp/CODE_DIF_CS_009/CODE_DIF_CS_009.cs,74,baselines_work/cohorte/csharp/CODE_IDENT_CS_015/CODE_IDENT_CS_015.cs,0.23588039867109634,71,5,39,32
3353,7,baselines_work/cohorte/csharp/CODE_DIF_CS_009/CODE_DIF_CS_009.cs,73,baselines_work/cohorte/csharp/CODE_IDENT_CS_015_COPY/CODE_IDENT_CS_015.cs,0.23588039867109634,71,5,39,32
3372,11,baselines_work/cohorte/csharp/CODE_DIF_CS_010/CODE_DIF_CS_010.cs,27,baselines_work/cohorte/csharp/CODE_ESTRU_CS_014/CODE_ESTRU_CS_014.cs,0.20402298850574713,71,7,45,26
3377,11,baselines_work/cohorte/csharp/CODE_DIF_CS_010/CODE_DIF_CS_010.cs,32,baselines_work/cohorte/csharp/CODE_FUN_CS_004/CODE_FUN_CS_004.cs,0.15203426124197003,71,3,42,29
3395,11,baselines_work/cohorte/csharp/CODE_DIF_CS_010/CODE_DIF_CS_010.cs,50,baselines_work/cohorte/csharp/CODE_IDENT_CS_004/CODE_IDENT_CS_004.cs,0.16063348416289594,71,4,46,25
3396,11,baselines_work/cohorte/csharp/CODE_DIF_CS_010/CODE_DIF_CS_010.cs,49,baselines_work/cohorte/csharp/CODE_IDENT_CS_004_COPY/CODE_IDENT_CS_004.cs,0.16063348416289594,71,4,46,25
3481,8,baselines_work/cohorte/csharp/CODE_DIF_CS_011/CODE_DIF_CS_011.cs,74,baselines_work/cohorte/csharp/CODE_IDENT_CS_015/CODE_IDENT_CS_015.cs,0.16824644549763032,71,5,38,33
3482,8,baselines_work/cohorte/csharp/CODE_DIF_CS_011/CODE_DIF_CS_011.cs,73,baselines_work/cohorte/csharp/CODE_IDENT_CS_015_COPY/CODE_IDENT_CS_015.cs,0.16824644549763032,71,5,38,33
3498,9,baselines_work/cohorte/csharp/CODE_DIF_CS_012/CODE_DIF_CS_012.cs,29,baselines_work/cohorte/csharp/CODE_ESTRU_CS_013/CODE_ESTRU_CS_013.cs,0.18112244897959184,71,10,37,34
3639,12,baselines_work/cohorte/csharp/CODE_DIF_CS_014/CODE_DIF_CS_014.cs,43,baselines_work/cohorte/csharp/CODE_IDENT_CS_001/CODE_IDENT_CS_001.cs,0.19559228650137742,71,9,49,22
3640,12,baselines_work/cohorte/csharp/CODE_DIF_CS_014/CODE_DIF_CS_014.cs,46,baselines_work/cohorte/csharp/CODE_IDENT_CS_001_COPY/CODE_IDENT_CS_001.cs,0.19559228650137742,71,9,49,22
3670,13,baselines_work/cohorte/csharp/CODE_DIF_CS_015/CODE_DIF_CS_015.cs,16,baselines_work/cohorte/csharp/CODE_ESTRU_CS_002/CODE_ESTRU_CS_002.cs,0.1710843373493976,71,3,54,17
3820,16,baselines_work/cohorte/csharp/CODE_ESTRU_CS_002/CODE_ESTRU_CS_002.cs,48,baselines_work/cohorte/csharp/CODE_IDENT_CS_003/CODE_IDENT_CS_003.cs,0.6454545454545455,71,10,38,33
3821,16,baselines_work/cohorte/csharp/CODE_ESTRU_CS_002/CODE_ESTRU_CS_002.cs,55,baselines_work/cohorte/csharp/CODE_IDENT_CS_003_COPY/CODE_IDENT_CS_003.cs,0.6454545454545455,71,10,38,33
3914,17,baselines_work/cohorte/csharp/CODE_ESTRU_CS_004/CODE_ESTRU_CS_004.cs,30,baselines_work/cohorte/csharp/CODE_FUN_CS_001/CODE_FUN_CS_001.cs,0.19398907103825136,71,6,41,30
4254,25,baselines_work/cohorte/csharp/CODE_ESTRU_CS_010/CODE_ESTRU_CS_010.cs,57,baselines_work/cohorte/csharp/CODE_IDENT_CS_006/CODE_IDENT_CS_006.cs,0.4127906976744186,71,9,36,35
4255,25,baselines_work/cohorte/csharp/CODE_ESTRU_CS_010/CODE_ESTRU_CS_010.cs,56,baselines_work/cohorte/csharp/CODE_IDENT_CS_006_COPY/CODE_IDENT_CS_006.cs,0.4127906976744186,71,9,36,35
4474,26,baselines_work/cohorte/csharp/CODE_ESTRU_CS_015/CODE_ESTRU_CS_015.cs,42,baselines_work/cohorte/csharp/CODE_FUN_CS_011/CODE_FUN_CS_011.cs,0.30735930735930733,71,5,31,40
4684,36,baselines_work/cohorte/csharp/CODE_FUN_CS_005/CODE_FUN_CS_005.cs,42,baselines_work/cohorte/csharp/CODE_FUN_CS_011/CODE_FUN_CS_011.cs,0.34134615384615385,71,10,27,44
4723,38,baselines_work/cohorte/csharp/CODE_FUN_CS_006/CODE_FUN_CS_006.cs,42,baselines_work/cohorte/csharp/CODE_FUN_CS_011/CODE_FUN_CS_011.cs,0.2897959183673469,71,6,31,40
4928,42,baselines_work/cohorte/csharp/CODE_FUN_CS_011/CODE_FUN_CS_011.cs,63,baselines_work/cohorte/csharp/CODE_IDENT_CS_011/CODE_IDENT_CS_011.cs,0.3021276595744681,71,5,33,38
4929,42,baselines_work/cohorte/csharp/CODE_FUN_CS_011/CODE_FUN_CS_011.cs,65,baselines_work/cohorte/csharp/CODE_IDENT_CS_011_COPY/CODE_IDENT_CS_011.cs,0.3021276595744681,71,5,33,38
5316,57,baselines_work/cohorte/csharp/CODE_IDENT_CS_006/CODE_IDENT_CS_006.cs,67,baselines_work/cohorte/csharp/CODE_IDENT_CS_010/CODE_IDENT_CS_010.cs,0.4127906976744186,71,9,35,36
5317,57,baselines_work/cohorte/csharp/CODE_IDENT_CS_006/CODE_IDENT_CS_006.cs,64,baselines_work/cohorte/csharp/CODE_IDENT_CS_010_COPY/CODE_IDENT_CS_010.cs,0.4127906976744186,71,9,35,36
5334,56,baselines_work/cohorte/csharp/CODE_IDENT_CS_006_COPY/CODE_IDENT_CS_006.cs,67,baselines_work/cohorte/csharp/CODE_IDENT_CS_010/CODE_IDENT_CS_010.cs,0.4127906976744186,71,9,35,36
5335,56,baselines_work/cohorte/csharp/CODE_IDENT_CS_006_COPY/CODE_IDENT_CS_006.cs,64,baselines_work/cohorte/csharp/CODE_IDENT_CS_010_COPY/CODE_IDENT_CS_010.cs,0.4127906976744186,71,9,35,36
2821,4,baselines_work/cohorte/csharp/CODE_DIF_CS_002/CODE_DIF_CS_002.cs,22,baselines_work/cohorte/csharp/CODE_ESTRU_CS_011/CODE_ESTRU_CS_011.cs,0.29045643153526973,70,8,33,37
2913,2,baselines_work/cohorte/csharp/CODE_DIF_CS_003/CODE_DIF_CS_003.cs,43,baselines_work/cohorte/csharp/CODE_IDENT_CS_001/CODE_IDENT_CS_001.cs,0.18087855297157623,70,3,55,15
2914,2,baselines_work/cohorte/csharp/CODE_DIF_CS_003/CODE_DIF_CS_003.cs,46,baselines_work/cohorte/csharp/CODE_IDENT_CS_001_COPY/CODE_IDENT_CS_001.cs,0.18087855297157623,70,3,55,15
3103,6,baselines_work/cohorte/csharp/CODE_DIF_CS_006/CODE_DIF_CS_006.cs,22,baselines_work/cohorte/csharp/CODE_ESTRU_CS_011/CODE_ESTRU_CS_011.cs,0.22580645161290322,70,5,27,43
3145,6,baselines_work/cohorte/csharp/CODE_DIF_CS_006/CODE_DIF_CS_006.cs,69,baselines_work/cohorte/csharp/CODE_IDENT_CS_012/CODE_IDENT_CS_012.cs,0.23102310231023102,70,6,38,32
3146,6,baselines_work/cohorte/csharp/CODE_DIF_CS_006/CODE_DIF_CS_006.cs,70,baselines_work/cohorte/csharp/CODE_IDENT_CS_012_COPY/CODE_IDENT_CS_012.cs,0.23102310231023102,70,6,38,32
3314,7,baselines_work/cohorte/csharp/CODE_DIF_CS_009/CODE_DIF_CS_009.cs,38,baselines_work/cohorte/csharp/CODE_FUN_CS_006/CODE_FUN_CS_006.cs,0.22508038585209003,70,13,38,32
3486,9,baselines_work/cohorte/csharp/CODE_DIF_CS_012/CODE_DIF_CS_012.cs,14,baselines_work/cohorte/csharp/CODE_ESTRU_CS_001/CODE_ESTRU_CS_001.cs,0.16990291262135923,70,6,41,29
3500,9,baselines_work/cohorte/csharp/CODE_DIF_CS_012/CODE_DIF_CS_012.cs,26,baselines_work/cohorte/csharp/CODE_ESTRU_CS_015/CODE_ESTRU_CS_015.cs,0.1724137931034483,70,5,39,31
3582,10,baselines_work/cohorte/csharp/CODE_DIF_CS_013/CODE_DIF_CS_013.cs,48,baselines_work/cohorte/csharp/CODE_IDENT_CS_003/CODE_IDENT_CS_003.cs,0.1346153846153846,70,4,55,15
3583,10,baselines_work/cohorte/csharp/CODE_DIF_CS_013/CODE_DIF_CS_013.cs,55,baselines_work/cohorte/csharp/CODE_IDENT_CS_003_COPY/CODE_IDENT_CS_003.cs,0.1346153846153846,70,4,55,15
3974,18,baselines_work/cohorte/csharp/CODE_ESTRU_CS_005/CODE_ESTRU_CS_005.cs,38,baselines_work/cohorte/csharp/CODE_FUN_CS_006/CODE_FUN_CS_006.cs,0.4046242774566474,70,8,32,38
4135,21,baselines_work/cohorte/csharp/CODE_ESTRU_CS_008/CODE_ESTRU_CS_008.cs,35,baselines_work/cohorte/csharp/CODE_FUN_CS_008/CODE_FUN_CS_008.cs,0.25,70,4,44,26
4319,22,baselines_work/cohorte/csharp/CODE_ESTRU_CS_011/CODE_ESTRU_CS_011.cs,68,baselines_work/cohorte/csharp/CODE_IDENT_CS_014/CODE_IDENT_CS_014.cs,0.3867403314917127,70,7,48,22
4320,22,baselines_work/cohorte/csharp/CODE_ESTRU_CS_011/CODE_ESTRU_CS_011.cs,72,baselines_work/cohorte/csharp/CODE_IDENT_CS_014_COPY/CODE_IDENT_CS_014.cs,0.3867403314917127,70,7,48,22
5183,48,baselines_work/cohorte/csharp/CODE_IDENT_CS_003/CODE_IDENT_CS_003.cs,61,baselines_work/cohorte/csharp/CODE_IDENT_CS_008/CODE_IDENT_CS_008.cs,0.4069767441860465,70,9,25,45
5184,48,baselines_work/cohorte/csharp/CODE_IDENT_CS_003/CODE_IDENT_CS_003.cs,62,baselines_work/cohorte/csharp/CODE_IDENT_CS_008_COPY/CODE_IDENT_CS_008.cs,0.4069767441860465,70,9,25,45
5207,55,baselines_work/cohorte/csharp/CODE_IDENT_CS_003_COPY/CODE_IDENT_CS_003.cs,61,baselines_work/cohorte/csharp/CODE_IDENT_CS_008/CODE_IDENT_CS_008.cs,0.4069767441860465,70,9,25,45
5208,55,baselines_work/cohorte/csharp/CODE_IDENT_CS_003_COPY/CODE_IDENT_CS_003.cs,62,baselines_work/cohorte/csharp/CODE_IDENT_CS_008_COPY/CODE_IDENT_CS_008.cs,0.4069767441860465,70,9,25,45
2816,4,baselines_work/cohorte/csharp/CODE_DIF_CS_002/CODE_DIF_CS_002.cs,19,baselines_work/cohorte/csharp/CODE_ESTRU_CS_006/CODE_ESTRU_CS_006.cs,0.32547169811320753,69,4,38,31
2861,4,baselines_work/cohorte/csharp/CODE_DIF_CS_002/CODE_DIF_CS_002.cs,63,baselines_work/cohorte/csharp/CODE_IDENT_CS_011/CODE_IDENT_CS_011.cs,0.2875,69,8,33,36
2862,4,baselines_work/cohorte/csharp/CODE_DIF_CS_002/CODE_DIF_CS_002.cs,65,baselines_work/cohorte/csharp/CODE_IDENT_CS_011_COPY/CODE_IDENT_CS_011.cs,0.2875,69,8,33,36
3029,3,baselines_work/cohorte/csharp/CODE_DIF_CS_005/CODE_DIF_CS_005.cs,19,baselines_work/cohorte/csharp/CODE_ESTRU_CS_006/CODE_ESTRU_CS_006.cs,0.23793103448275862,69,4,39,30
3051,3,baselines_work/cohorte/csharp/CODE_DIF_CS_005/CODE_DIF_CS_005.cs,40,baselines_work/cohorte/csharp/CODE_FUN_CS_013/CODE_FUN_CS_013.cs,0.20234604105571846,69,9,36,33
3078,3,baselines_work/cohorte/csharp/CODE_DIF_CS_005/CODE_DIF_CS_005.cs,66,baselines_work/cohorte/csharp/CODE_IDENT_CS_013/CODE_IDENT_CS_013.cs,0.2247557003257329,69,16,36,33
3079,3,baselines_work/cohorte/csharp/CODE_DIF_CS_005/CODE_DIF_CS_005.cs,71,baselines_work/cohorte/csharp/CODE_IDENT_CS_013_COPY/CODE_IDENT_CS_013.cs,0.2247557003257329,69,16,36,33
3117,6,baselines_work/cohorte/csharp/CODE_DIF_CS_006/CODE_DIF_CS_006.cs,41,baselines_work/cohorte/csharp/CODE_FUN_CS_010/CODE_FUN_CS_010.cs,0.22258064516129034,69,5,39,30
3143,6,baselines_work/cohorte/csharp/CODE_DIF_CS_006/CODE_DIF_CS_006.cs,63,baselines_work/cohorte/csharp/CODE_IDENT_CS_011/CODE_IDENT_CS_011.cs,0.22330097087378642,69,5,27,42
3144,6,baselines_work/cohorte/csharp/CODE_DIF_CS_006/CODE_DIF_CS_006.cs,65,baselines_work/cohorte/csharp/CODE_IDENT_CS_011_COPY/CODE_IDENT_CS_011.cs,0.22330097087378642,69,5,27,42
3302,7,baselines_work/cohorte/csharp/CODE_DIF_CS_009/CODE_DIF_CS_009.cs,24,baselines_work/cohorte/csharp/CODE_ESTRU_CS_009/CODE_ESTRU_CS_009.cs,0.24210526315789474,69,5,45,24
3340,7,baselines_work/cohorte/csharp/CODE_DIF_CS_009/CODE_DIF_CS_009.cs,60,baselines_work/cohorte/csharp/CODE_IDENT_CS_009/CODE_IDENT_CS_009.cs,0.24210526315789474,69,5,45,24
3341,7,baselines_work/cohorte/csharp/CODE_DIF_CS_009/CODE_DIF_CS_009.cs,59,baselines_work/cohorte/csharp/CODE_IDENT_CS_009_COPY/CODE_IDENT_CS_009.cs,0.24210526315789474,69,5,45,24
3526,9,baselines_work/cohorte/csharp/CODE_DIF_CS_012/CODE_DIF_CS_012.cs,57,baselines_work/cohorte/csharp/CODE_IDENT_CS_006/CODE_IDENT_CS_006.cs,0.18253968253968253,69,4,42,27
3527,9,baselines_work/cohorte/csharp/CODE_DIF_CS_012/CODE_DIF_CS_012.cs,56,baselines_work/cohorte/csharp/CODE_IDENT_CS_006_COPY/CODE_IDENT_CS_006.cs,0.18253968253968253,69,4,42,27
3588,10,baselines_work/cohorte/csharp/CODE_DIF_CS_013/CODE_DIF_CS_013.cs,57,baselines_work/cohorte/csharp/CODE_IDENT_CS_006/CODE_IDENT_CS_006.cs,0.12825278810408922,69,4,46,23
3589,10,baselines_work/cohorte/csharp/CODE_DIF_CS_013/CODE_DIF_CS_013.cs,56,baselines_work/cohorte/csharp/CODE_IDENT_CS_006_COPY/CODE_IDENT_CS_006.cs,0.12825278810408922,69,4,46,23
3671,13,baselines_work/cohorte/csharp/CODE_DIF_CS_015/CODE_DIF_CS_015.cs,15,baselines_work/cohorte/csharp/CODE_ESTRU_CS_003/CODE_ESTRU_CS_003.cs,0.16083916083916083,69,2,53,16
3695,13,baselines_work/cohorte/csharp/CODE_DIF_CS_015/CODE_DIF_CS_015.cs,39,baselines_work/cohorte/csharp/CODE_FUN_CS_012/CODE_FUN_CS_012.cs,0.14465408805031446,69,5,43,26
3703,13,baselines_work/cohorte/csharp/CODE_DIF_CS_015/CODE_DIF_CS_015.cs,48,baselines_work/cohorte/csharp/CODE_IDENT_CS_003/CODE_IDENT_CS_003.cs,0.1678832116788321,69,5,51,18
3704,13,baselines_work/cohorte/csharp/CODE_DIF_CS_015/CODE_DIF_CS_015.cs,55,baselines_work/cohorte/csharp/CODE_IDENT_CS_003_COPY/CODE_IDENT_CS_003.cs,0.1678832116788321,69,5,51,18
3830,16,baselines_work/cohorte/csharp/CODE_ESTRU_CS_002/CODE_ESTRU_CS_002.cs,61,baselines_work/cohorte/csharp/CODE_IDENT_CS_008/CODE_IDENT_CS_008.cs,0.39204545454545453,69,9,26,43
3831,16,baselines_work/cohorte/csharp/CODE_ESTRU_CS_002/CODE_ESTRU_CS_002.cs,62,baselines_work/cohorte/csharp/CODE_IDENT_CS_008_COPY/CODE_IDENT_CS_008.cs,0.39204545454545453,69,9,26,43
3855,15,baselines_work/cohorte/csharp/CODE_ESTRU_CS_003/CODE_ESTRU_CS_003.cs,29,baselines_work/cohorte/csharp/CODE_ESTRU_CS_013/CODE_ESTRU_CS_013.cs,0.4423076923076923,69,8,27,42
3897,15,baselines_work/cohorte/csharp/CODE_ESTRU_CS_003/CODE_ESTRU_CS_003.cs,66,baselines_work/cohorte/csharp/CODE_IDENT_CS_013/CODE_IDENT_CS_013.cs,0.4233128834355828,69,8,27,42
3898,15,baselines_work/cohorte/csharp/CODE_ESTRU_CS_003/CODE_ESTRU_CS_003.cs,71,baselines_work/cohorte/csharp/CODE_IDENT_CS_013_COPY/CODE_IDENT_CS_013.cs,0.4233128834355828,69,8,27,42
3963,18,baselines_work/cohorte/csharp/CODE_ESTRU_CS_005/CODE_ESTRU_CS_005.cs,25,baselines_work/cohorte/csharp/CODE_ESTRU_CS_010/CODE_ESTRU_CS_010.cs,0.42857142857142855,69,9,34,35
4002,18,baselines_work/cohorte/csharp/CODE_ESTRU_CS_005/CODE_ESTRU_CS_005.cs,67,baselines_work/cohorte/csharp/CODE_IDENT_CS_010/CODE_IDENT_CS_010.cs,0.42857142857142855,69,9,34,35
4003,18,baselines_work/cohorte/csharp/CODE_ESTRU_CS_005/CODE_ESTRU_CS_005.cs,64,baselines_work/cohorte/csharp/CODE_IDENT_CS_010_COPY/CODE_IDENT_CS_010.cs,0.42857142857142855,69,9,34,35
4070,20,baselines_work/cohorte/csharp/CODE_ESTRU_CS_007/CODE_ESTRU_CS_007.cs,25,baselines_work/cohorte/csharp/CODE_ESTRU_CS_010/CODE_ESTRU_CS_010.cs,0.4339622641509434,69,9,33,36
4109,20,baselines_work/cohorte/csharp/CODE_ESTRU_CS_007/CODE_ESTRU_CS_007.cs,67,baselines_work/cohorte/csharp/CODE_IDENT_CS_010/CODE_IDENT_CS_010.cs,0.4339622641509434,69,9,33,36
4110,20,baselines_work/cohorte/csharp/CODE_ESTRU_CS_007/CODE_ESTRU_CS_007.cs,64,baselines_work/cohorte/csharp/CODE_IDENT_CS_010_COPY/CODE_IDENT_CS_010.cs,0.4339622641509434,69,9,33,36
4132,21,baselines_work/cohorte/csharp/CODE_ESTRU_CS_008/CODE_ESTRU_CS_008.cs,36,baselines_work/cohorte/csharp/CODE_FUN_CS_005/CODE_FUN_CS_005.cs,0.359375,69,9,44,25
4134,21,baselines_work/cohorte/csharp/CODE_ESTRU_CS_008/CODE_ESTRU_CS_008.cs,34,baselines_work/cohorte/csharp/CODE_FUN_CS_007/CODE_FUN_CS_007.cs,0.323943661971831,69,9,44,25
4256,25,baselines_work/cohorte/csharp/CODE_ESTRU_CS_010/CODE_ESTRU_CS_010.cs,54,baselines_work/cohorte/csharp/CODE_IDENT_CS_007/CODE_IDENT_CS_007.cs,0.4339622641509434,69,9,36,33
4257,25,baselines_work/cohorte/csharp/CODE_ESTRU_CS_010/CODE_ESTRU_CS_010.cs,58,baselines_work/cohorte/csharp/CODE_IDENT_CS_007_COPY/CODE_IDENT_CS_007.cs,0.4339622641509434,69,9,36,33
4416,29,baselines_work/cohorte/csharp/CODE_ESTRU_CS_013/CODE_ESTRU_CS_013.cs,74,baselines_work/cohorte/csharp/CODE_IDENT_CS_015/CODE_IDENT_CS_015.cs,0.3670212765957447,69,7,39,30
4417,29,baselines_work/cohorte/csharp/CODE_ESTRU_CS_013/CODE_ESTRU_CS_013.cs,73,baselines_work/cohorte/csharp/CODE_IDENT_CS_015_COPY/CODE_IDENT_CS_015.cs,0.3670212765957447,69,7,39,30
4429,27,baselines_work/cohorte/csharp/CODE_ESTRU_CS_014/CODE_ESTRU_CS_014.cs,42,baselines_work/cohorte/csharp/CODE_FUN_CS_011/CODE_FUN_CS_011.cs,0.33014354066985646,69,5,27,42
4756,38,baselines_work/cohorte/csharp/CODE_FUN_CS_006/CODE_FUN_CS_006.cs,74,baselines_work/cohorte/csharp/CODE_IDENT_CS_015/CODE_IDENT_CS_015.cs,0.3194444444444444,69,9,32,37
4757,38,baselines_work/cohorte/csharp/CODE_FUN_CS_006/CODE_FUN_CS_006.cs,73,baselines_work/cohorte/csharp/CODE_IDENT_CS_015_COPY/CODE_IDENT_CS_015.cs,0.3194444444444444,69,9,32,37
4869,41,baselines_work/cohorte/csharp/CODE_FUN_CS_010/CODE_FUN_CS_010.cs,42,baselines_work/cohorte/csharp/CODE_FUN_CS_011/CODE_FUN_CS_011.cs,0.2923728813559322,69,6,25,44
4898,41,baselines_work/cohorte/csharp/CODE_FUN_CS_010/CODE_FUN_CS_010.cs,66,baselines_work/cohorte/csharp/CODE_IDENT_CS_013/CODE_IDENT_CS_013.cs,0.3520408163265306,69,8,22,47
4899,41,baselines_work/cohorte/csharp/CODE_FUN_CS_010/CODE_FUN_CS_010.cs,71,baselines_work/cohorte/csharp/CODE_IDENT_CS_013_COPY/CODE_IDENT_CS_013.cs,0.3520408163265306,69,8,22,47
4900,41,baselines_work/cohorte/csharp/CODE_FUN_CS_010/CODE_FUN_CS_010.cs,68,baselines_work/cohorte/csharp/CODE_IDENT_CS_014/CODE_IDENT_CS_014.cs,0.3812154696132597,69,11,33,36
4901,41,baselines_work/cohorte/csharp/CODE_FUN_CS_010/CODE_FUN_CS_010.cs,72,baselines_work/cohorte/csharp/CODE_IDENT_CS_014_COPY/CODE_IDENT_CS_014.cs,0.3812154696132597,69,11,33,36
4997,40,baselines_work/cohorte/csharp/CODE_FUN_CS_013/CODE_FUN_CS_013.cs,66,baselines_work/cohorte/csharp/CODE_IDENT_CS_013/CODE_IDENT_CS_013.cs,0.3165137614678899,69,4,32,37
4998,40,baselines_work/cohorte/csharp/CODE_FUN_CS_013/CODE_FUN_CS_013.cs,71,baselines_work/cohorte/csharp/CODE_IDENT_CS_013_COPY/CODE_IDENT_CS_013.cs,0.3165137614678899,69,4,32,37
5030,47,baselines_work/cohorte/csharp/CODE_FUN_CS_014/CODE_FUN_CS_014.cs,68,baselines_work/cohorte/csharp/CODE_IDENT_CS_014/CODE_IDENT_CS_014.cs,0.3709677419354839,69,10,32,37
5031,47,baselines_work/cohorte/csharp/CODE_FUN_CS_014/CODE_FUN_CS_014.cs,72,baselines_work/cohorte/csharp/CODE_IDENT_CS_014_COPY/CODE_IDENT_CS_014.cs,0.3709677419354839,69,10,32,37
5048,44,baselines_work/cohorte/csharp/CODE_FUN_CS_015/CODE_FUN_CS_015.cs,61,baselines_work/cohorte/csharp/CODE_IDENT_CS_008/CODE_IDENT_CS_008.cs,0.2827868852459016,69,5,29,40
5049,44,baselines_work/cohorte/csharp/CODE_FUN_CS_015/CODE_FUN_CS_015.cs,62,baselines_work/cohorte/csharp/CODE_IDENT_CS_008_COPY/CODE_IDENT_CS_008.cs,0.2827868852459016,69,5,29,40
5351,54,baselines_work/cohorte/csharp/CODE_IDENT_CS_007/CODE_IDENT_CS_007.cs,67,baselines_work/cohorte/csharp/CODE_IDENT_CS_010/CODE_IDENT_CS_010.cs,0.4339622641509434,69,9,33,36
5352,54,baselines_work/cohorte/csharp/CODE_IDENT_CS_007/CODE_IDENT_CS_007.cs,64,baselines_work/cohorte/csharp/CODE_IDENT_CS_010_COPY/CODE_IDENT_CS_010.cs,0.4339622641509434,69,9,33,36
5367,58,baselines_work/cohorte/csharp/CODE_IDENT_CS_007_COPY/CODE_IDENT_CS_007.cs,67,baselines_work/cohorte/csharp/CODE_IDENT_CS_010/CODE_IDENT_CS_010.cs,0.4339622641509434,69,9,33,36
5368,58,baselines_work/cohorte/csharp/CODE_IDENT_CS_007_COPY/CODE_IDENT_CS_007.cs,64,baselines_work/cohorte/csharp/CODE_IDENT_CS_010_COPY/CODE_IDENT_CS_010.cs,0.4339622641509434,69,9,33,36
5459,63,baselines_work/cohorte/csharp/CODE_IDENT_CS_011/CODE_IDENT_CS_011.cs,68,baselines_work/cohorte/csharp/CODE_IDENT_CS_014/CODE_IDENT_CS_014.cs,0.38333333333333336,69,7,47,22
5460,63,baselines_work/cohorte/csharp/CODE_IDENT_CS_011/CODE_IDENT_CS_011.cs,72,baselines_work/cohorte/csharp/CODE_IDENT_CS_014_COPY/CODE_IDENT_CS_014.cs,0.38333333333333336,69,7,47,22
5467,65,baselines_work/cohorte/csharp/CODE_IDENT_CS_011_COPY/CODE_IDENT_CS_011.cs,68,baselines_work/cohorte/csharp/CODE_IDENT_CS_014/CODE_IDENT_CS_014.cs,0.38333333333333336,69,7,47,22
5468,65,baselines_work/cohorte/csharp/CODE_IDENT_CS_011_COPY/CODE_IDENT_CS_011.cs,72,baselines_work/cohorte/csharp/CODE_IDENT_CS_014_COPY/CODE_IDENT_CS_014.cs,0.38333333333333336,69,7,47,22
2782,1,baselines_work/cohorte/csharp/CODE_DIF_CS_001/CODE_DIF_CS_001.cs,61,baselines_work/cohorte/csharp/CODE_IDENT_CS_008/CODE_IDENT_CS_008.cs,0.2857142857142857,68,5,26,42
2783,1,baselines_work/cohorte/csharp/CODE_DIF_CS_001/CODE_DIF_CS_001.cs,62,baselines_work/cohorte/csharp/CODE_IDENT_CS_008_COPY/CODE_IDENT_CS_008.cs,0.2857142857142857,68,5,26,42
3102,6,baselines_work/cohorte/csharp/CODE_DIF_CS_006/CODE_DIF_CS_006.cs,25,baselines_work/cohorte/csharp/CODE_ESTRU_CS_010/CODE_ESTRU_CS_010.cs,0.22149837133550487,68,5,35,33
3114,6,baselines_work/cohorte/csharp/CODE_DIF_CS_006/CODE_DIF_CS_006.cs,34,baselines_work/cohorte/csharp/CODE_FUN_CS_007/CODE_FUN_CS_007.cs,0.22442244224422442,68,8,39,29
3120,6,baselines_work/cohorte/csharp/CODE_DIF_CS_006/CODE_DIF_CS_006.cs,40,baselines_work/cohorte/csharp/CODE_FUN_CS_013/CODE_FUN_CS_013.cs,0.20481927710843373,68,6,33,35
3141,6,baselines_work/cohorte/csharp/CODE_DIF_CS_006/CODE_DIF_CS_006.cs,67,baselines_work/cohorte/csharp/CODE_IDENT_CS_010/CODE_IDENT_CS_010.cs,0.22149837133550487,68,5,35,33
3142,6,baselines_work/cohorte/csharp/CODE_DIF_CS_006/CODE_DIF_CS_006.cs,64,baselines_work/cohorte/csharp/CODE_IDENT_CS_010_COPY/CODE_IDENT_CS_010.cs,0.22149837133550487,68,5,35,33
3367,11,baselines_work/cohorte/csharp/CODE_DIF_CS_010/CODE_DIF_CS_010.cs,24,baselines_work/cohorte/csharp/CODE_ESTRU_CS_009/CODE_ESTRU_CS_009.cs,0.18994413407821228,68,5,44,24
3405,11,baselines_work/cohorte/csharp/CODE_DIF_CS_010/CODE_DIF_CS_010.cs,60,baselines_work/cohorte/csharp/CODE_IDENT_CS_009/CODE_IDENT_CS_009.cs,0.18994413407821228,68,5,44,24
3406,11,baselines_work/cohorte/csharp/CODE_DIF_CS_010/CODE_DIF_CS_010.cs,59,baselines_work/cohorte/csharp/CODE_IDENT_CS_009_COPY/CODE_IDENT_CS_009.cs,0.18994413407821228,68,5,44,24
3415,11,baselines_work/cohorte/csharp/CODE_DIF_CS_010/CODE_DIF_CS_010.cs,68,baselines_work/cohorte/csharp/CODE_IDENT_CS_014/CODE_IDENT_CS_014.cs,0.19540229885057472,68,7,43,25
3416,11,baselines_work/cohorte/csharp/CODE_DIF_CS_010/CODE_DIF_CS_010.cs,72,baselines_work/cohorte/csharp/CODE_IDENT_CS_014_COPY/CODE_IDENT_CS_014.cs,0.19540229885057472,68,7,43,25
3513,9,baselines_work/cohorte/csharp/CODE_DIF_CS_012/CODE_DIF_CS_012.cs,40,baselines_work/cohorte/csharp/CODE_FUN_CS_013/CODE_FUN_CS_013.cs,0.15704387990762125,68,3,35,33
3550,10,baselines_work/cohorte/csharp/CODE_DIF_CS_013/CODE_DIF_CS_013.cs,15,baselines_work/cohorte/csharp/CODE_ESTRU_CS_003/CODE_ESTRU_CS_003.cs,0.12639405204460966,68,2,52,16
3617,12,baselines_work/cohorte/csharp/CODE_DIF_CS_014/CODE_DIF_CS_014.cs,24,baselines_work/cohorte/csharp/CODE_ESTRU_CS_009/CODE_ESTRU_CS_009.cs,0.1837837837837838,68,5,50,18
3655,12,baselines_work/cohorte/csharp/CODE_DIF_CS_014/CODE_DIF_CS_014.cs,60,baselines_work/cohorte/csharp/CODE_IDENT_CS_009/CODE_IDENT_CS_009.cs,0.1837837837837838,68,5,50,18
3656,12,baselines_work/cohorte/csharp/CODE_DIF_CS_014/CODE_DIF_CS_014.cs,59,baselines_work/cohorte/csharp/CODE_IDENT_CS_009_COPY/CODE_IDENT_CS_009.cs,0.1837837837837838,68,5,50,18
4243,25,baselines_work/cohorte/csharp/CODE_ESTRU_CS_010/CODE_ESTRU_CS_010.cs,44,baselines_work/cohorte/csharp/CODE_FUN_CS_015/CODE_FUN_CS_015.cs,0.3008849557522124,68,9,34,34
4761,34,baselines_work/cohorte/csharp/CODE_FUN_CS_007/CODE_FUN_CS_007.cs,42,baselines_work/cohorte/csharp/CODE_FUN_CS_011/CODE_FUN_CS_011.cs,0.29694323144104806,68,10,26,42
4936,42,baselines_work/cohorte/csharp/CODE_FUN_CS_011/CODE_FUN_CS_011.cs,74,baselines_work/cohorte/csharp/CODE_IDENT_CS_015/CODE_IDENT_CS_015.cs,0.28936170212765955,68,5,38,30
4937,42,baselines_work/cohorte/csharp/CODE_FUN_CS_011/CODE_FUN_CS_011.cs,73,baselines_work/cohorte/csharp/CODE_IDENT_CS_015_COPY/CODE_IDENT_CS_015.cs,0.28936170212765955,68,5,38,30
5052,44,baselines_work/cohorte/csharp/CODE_FUN_CS_015/CODE_FUN_CS_015.cs,67,baselines_work/cohorte/csharp/CODE_IDENT_CS_010/CODE_IDENT_CS_010.cs,0.3008849557522124,68,9,34,34
5053,44,baselines_work/cohorte/csharp/CODE_FUN_CS_015/CODE_FUN_CS_015.cs,64,baselines_work/cohorte/csharp/CODE_IDENT_CS_010_COPY/CODE_IDENT_CS_010.cs,0.3008849557522124,68,9,34,34
5122,45,baselines_work/cohorte/csharp/CODE_IDENT_CS_002/CODE_IDENT_CS_002.cs,48,baselines_work/cohorte/csharp/CODE_IDENT_CS_003/CODE_IDENT_CS_003.cs,0.6938775510204082,68,11,36,32
5123,45,baselines_work/cohorte/csharp/CODE_IDENT_CS_002/CODE_IDENT_CS_002.cs,55,baselines_work/cohorte/csharp/CODE_IDENT_CS_003_COPY/CODE_IDENT_CS_003.cs,0.6938775510204082,68,11,36,32
5148,53,baselines_work/cohorte/csharp/CODE_IDENT_CS_002_COPY/CODE_IDENT_CS_002.cs,48,baselines_work/cohorte/csharp/CODE_IDENT_CS_003/CODE_IDENT_CS_003.cs,0.6938775510204082,68,11,36,32
5149,53,baselines_work/cohorte/csharp/CODE_IDENT_CS_002_COPY/CODE_IDENT_CS_002.cs,55,baselines_work/cohorte/csharp/CODE_IDENT_CS_003_COPY/CODE_IDENT_CS_003.cs,0.6938775510204082,68,11,36,32
2724,1,baselines_work/cohorte/csharp/CODE_DIF_CS_001/CODE_DIF_CS_001.cs,4,baselines_work/cohorte/csharp/CODE_DIF_CS_002/CODE_DIF_CS_002.cs,0.26171875,67,5,27,40
2756,1,baselines_work/cohorte/csharp/CODE_DIF_CS_001/CODE_DIF_CS_001.cs,32,baselines_work/cohorte/csharp/CODE_FUN_CS_004/CODE_FUN_CS_004.cs,0.2126984126984127,67,6,41,26
2831,4,baselines_work/cohorte/csharp/CODE_DIF_CS_002/CODE_DIF_CS_002.cs,38,baselines_work/cohorte/csharp/CODE_FUN_CS_006/CODE_FUN_CS_006.cs,0.268,67,8,37,30
3053,3,baselines_work/cohorte/csharp/CODE_DIF_CS_005/CODE_DIF_CS_005.cs,44,baselines_work/cohorte/csharp/CODE_FUN_CS_015/CODE_FUN_CS_015.cs,0.19705882352941176,67,5,39,28
3299,7,baselines_work/cohorte/csharp/CODE_DIF_CS_009/CODE_DIF_CS_009.cs,19,baselines_work/cohorte/csharp/CODE_ESTRU_CS_006/CODE_ESTRU_CS_006.cs,0.2454212454212454,67,4,39,28
3308,7,baselines_work/cohorte/csharp/CODE_DIF_CS_009/CODE_DIF_CS_009.cs,26,baselines_work/cohorte/csharp/CODE_ESTRU_CS_015/CODE_ESTRU_CS_015.cs,0.2255892255892256,67,5,38,29
3348,7,baselines_work/cohorte/csharp/CODE_DIF_CS_009/CODE_DIF_CS_009.cs,66,baselines_work/cohorte/csharp/CODE_IDENT_CS_013/CODE_IDENT_CS_013.cs,0.23103448275862068,67,16,35,32
3349,7,baselines_work/cohorte/csharp/CODE_DIF_CS_009/CODE_DIF_CS_009.cs,71,baselines_work/cohorte/csharp/CODE_IDENT_CS_013_COPY/CODE_IDENT_CS_013.cs,0.23103448275862068,67,16,35,32
3365,11,baselines_work/cohorte/csharp/CODE_DIF_CS_010/CODE_DIF_CS_010.cs,20,baselines_work/cohorte/csharp/CODE_ESTRU_CS_007/CODE_ESTRU_CS_007.cs,0.20364741641337386,67,7,43,24
3401,11,baselines_work/cohorte/csharp/CODE_DIF_CS_010/CODE_DIF_CS_010.cs,54,baselines_work/cohorte/csharp/CODE_IDENT_CS_007/CODE_IDENT_CS_007.cs,0.20364741641337386,67,7,43,24
3402,11,baselines_work/cohorte/csharp/CODE_DIF_CS_010/CODE_DIF_CS_010.cs,58,baselines_work/cohorte/csharp/CODE_IDENT_CS_007_COPY/CODE_IDENT_CS_007.cs,0.20364741641337386,67,7,43,24
3540,9,baselines_work/cohorte/csharp/CODE_DIF_CS_012/CODE_DIF_CS_012.cs,66,baselines_work/cohorte/csharp/CODE_IDENT_CS_013/CODE_IDENT_CS_013.cs,0.16791979949874686,67,10,33,34
3541,9,baselines_work/cohorte/csharp/CODE_DIF_CS_012/CODE_DIF_CS_012.cs,71,baselines_work/cohorte/csharp/CODE_IDENT_CS_013_COPY/CODE_IDENT_CS_013.cs,0.16791979949874686,67,10,33,34
3798,16,baselines_work/cohorte/csharp/CODE_ESTRU_CS_002/CODE_ESTRU_CS_002.cs,29,baselines_work/cohorte/csharp/CODE_ESTRU_CS_013/CODE_ESTRU_CS_013.cs,0.47183098591549294,67,8,26,41
3818,16,baselines_work/cohorte/csharp/CODE_ESTRU_CS_002/CODE_ESTRU_CS_002.cs,45,baselines_work/cohorte/csharp/CODE_IDENT_CS_002/CODE_IDENT_CS_002.cs,0.6568627450980392,67,14,34,33
3819,16,baselines_work/cohorte/csharp/CODE_ESTRU_CS_002/CODE_ESTRU_CS_002.cs,53,baselines_work/cohorte/csharp/CODE_IDENT_CS_002_COPY/CODE_IDENT_CS_002.cs,0.6568627450980392,67,14,34,33
3875,15,baselines_work/cohorte/csharp/CODE_ESTRU_CS_003/CODE_ESTRU_CS_003.cs,45,baselines_work/cohorte/csharp/CODE_IDENT_CS_002/CODE_IDENT_CS_002.cs,0.5775862068965517,67,14,34,33
3876,15,baselines_work/cohorte/csharp/CODE_ESTRU_CS_003/CODE_ESTRU_CS_003.cs,53,baselines_work/cohorte/csharp/CODE_IDENT_CS_002_COPY/CODE_IDENT_CS_002.cs,0.5775862068965517,67,14,34,33
3994,18,baselines_work/cohorte/csharp/CODE_ESTRU_CS_005/CODE_ESTRU_CS_005.cs,57,baselines_work/cohorte/csharp/CODE_IDENT_CS_006/CODE_IDENT_CS_006.cs,0.5114503816793893,67,24,34,33
3995,18,baselines_work/cohorte/csharp/CODE_ESTRU_CS_005/CODE_ESTRU_CS_005.cs,56,baselines_work/cohorte/csharp/CODE_IDENT_CS_006_COPY/CODE_IDENT_CS_006.cs,0.5114503816793893,67,24,34,33
4282,22,baselines_work/cohorte/csharp/CODE_ESTRU_CS_011/CODE_ESTRU_CS_011.cs,36,baselines_work/cohorte/csharp/CODE_FUN_CS_005/CODE_FUN_CS_005.cs,0.37222222222222223,67,8,45,22
4284,22,baselines_work/cohorte/csharp/CODE_ESTRU_CS_011/CODE_ESTRU_CS_011.cs,34,baselines_work/cohorte/csharp/CODE_FUN_CS_007/CODE_FUN_CS_007.cs,0.3333333333333333,67,8,45,22
4372,29,baselines_work/cohorte/csharp/CODE_ESTRU_CS_013/CODE_ESTRU_CS_013.cs,26,baselines_work/cohorte/csharp/CODE_ESTRU_CS_015/CODE_ESTRU_CS_015.cs,0.3641304347826087,67,7,38,29
4382,29,baselines_work/cohorte/csharp/CODE_ESTRU_CS_013/CODE_ESTRU_CS_013.cs,41,baselines_work/cohorte/csharp/CODE_FUN_CS_010/CODE_FUN_CS_010.cs,0.3544973544973545,67,8,44,23
4410,29,baselines_work/cohorte/csharp/CODE_ESTRU_CS_013/CODE_ESTRU_CS_013.cs,69,baselines_work/cohorte/csharp/CODE_IDENT_CS_012/CODE_IDENT_CS_012.cs,0.36813186813186816,67,7,42,25
4411,29,baselines_work/cohorte/csharp/CODE_ESTRU_CS_013/CODE_ESTRU_CS_013.cs,70,baselines_work/cohorte/csharp/CODE_IDENT_CS_012_COPY/CODE_IDENT_CS_012.cs,0.36813186813186816,67,7,42,25
4727,38,baselines_work/cohorte/csharp/CODE_FUN_CS_006/CODE_FUN_CS_006.cs,44,baselines_work/cohorte/csharp/CODE_FUN_CS_015/CODE_FUN_CS_015.cs,0.2815126050420168,67,5,32,35
4817,35,baselines_work/cohorte/csharp/CODE_FUN_CS_008/CODE_FUN_CS_008.cs,61,baselines_work/cohorte/csharp/CODE_IDENT_CS_008/CODE_IDENT_CS_008.cs,0.23674911660777384,67,4,26,41
4818,35,baselines_work/cohorte/csharp/CODE_FUN_CS_008/CODE_FUN_CS_008.cs,62,baselines_work/cohorte/csharp/CODE_IDENT_CS_008_COPY/CODE_IDENT_CS_008.cs,0.23674911660777384,67,4,26,41
2968,0,baselines_work/cohorte/csharp/CODE_DIF_CS_004/CODE_DIF_CS_004.cs,26,baselines_work/cohorte/csharp/CODE_ESTRU_CS_015/CODE_ESTRU_CS_015.cs,0.12547528517110265,66,5,32,34
2979,0,baselines_work/cohorte/csharp/CODE_DIF_CS_004/CODE_DIF_CS_004.cs,42,baselines_work/cohorte/csharp/CODE_FUN_CS_011/CODE_FUN_CS_011.cs,0.11806797853309481,66,3,34,32
3039,3,baselines_work/cohorte/csharp/CODE_DIF_CS_005/CODE_DIF_CS_005.cs,30,baselines_work/cohorte/csharp/CODE_FUN_CS_001/CODE_FUN_CS_001.cs,0.21639344262295082,66,5,42,24
3122,6,baselines_work/cohorte/csharp/CODE_DIF_CS_006/CODE_DIF_CS_006.cs,44,baselines_work/cohorte/csharp/CODE_FUN_CS_015/CODE_FUN_CS_015.cs,0.19939577039274925,66,6,31,35
3191,5,baselines_work/cohorte/csharp/CODE_DIF_CS_007/CODE_DIF_CS_007.cs,43,baselines_work/cohorte/csharp/CODE_IDENT_CS_001/CODE_IDENT_CS_001.cs,0.16136919315403422,66,3,48,18
3192,5,baselines_work/cohorte/csharp/CODE_DIF_CS_007/CODE_DIF_CS_007.cs,46,baselines_work/cohorte/csharp/CODE_IDENT_CS_001_COPY/CODE_IDENT_CS_001.cs,0.16136919315403422,66,3,48,18
3316,7,baselines_work/cohorte/csharp/CODE_DIF_CS_009/CODE_DIF_CS_009.cs,35,baselines_work/cohorte/csharp/CODE_FUN_CS_008/CODE_FUN_CS_008.cs,0.18232044198895028,66,4,38,28
3383,11,baselines_work/cohorte/csharp/CODE_DIF_CS_010/CODE_DIF_CS_010.cs,41,baselines_work/cohorte/csharp/CODE_FUN_CS_010/CODE_FUN_CS_010.cs,0.176,66,7,45,21
3428,8,baselines_work/cohorte/csharp/CODE_DIF_CS_011/CODE_DIF_CS_011.cs,19,baselines_work/cohorte/csharp/CODE_ESTRU_CS_006/CODE_ESTRU_CS_006.cs,0.16751269035532995,66,4,39,27
3434,8,baselines_work/cohorte/csharp/CODE_DIF_CS_011/CODE_DIF_CS_011.cs,28,baselines_work/cohorte/csharp/CODE_ESTRU_CS_012/CODE_ESTRU_CS_012.cs,0.15865384615384615,66,5,40,26
3435,8,baselines_work/cohorte/csharp/CODE_DIF_CS_011/CODE_DIF_CS_011.cs,29,baselines_work/cohorte/csharp/CODE_ESTRU_CS_013/CODE_ESTRU_CS_013.cs,0.16336633663366337,66,13,33,33
3475,8,baselines_work/cohorte/csharp/CODE_DIF_CS_011/CODE_DIF_CS_011.cs,69,baselines_work/cohorte/csharp/CODE_IDENT_CS_012/CODE_IDENT_CS_012.cs,0.15865384615384615,66,5,40,26
3476,8,baselines_work/cohorte/csharp/CODE_DIF_CS_011/CODE_DIF_CS_011.cs,70,baselines_work/cohorte/csharp/CODE_IDENT_CS_012_COPY/CODE_IDENT_CS_012.cs,0.15865384615384615,66,5,40,26
3524,9,baselines_work/cohorte/csharp/CODE_DIF_CS_012/CODE_DIF_CS_012.cs,51,baselines_work/cohorte/csharp/CODE_IDENT_CS_005/CODE_IDENT_CS_005.cs,0.18487394957983194,66,5,46,20
3525,9,baselines_work/cohorte/csharp/CODE_DIF_CS_012/CODE_DIF_CS_012.cs,52,baselines_work/cohorte/csharp/CODE_IDENT_CS_005_COPY/CODE_IDENT_CS_005.cs,0.18487394957983194,66,5,46,20
3574,10,baselines_work/cohorte/csharp/CODE_DIF_CS_013/CODE_DIF_CS_013.cs,39,baselines_work/cohorte/csharp/CODE_FUN_CS_012/CODE_FUN_CS_012.cs,0.11262798634812286,66,4,41,25
3628,12,baselines_work/cohorte/csharp/CODE_DIF_CS_014/CODE_DIF_CS_014.cs,36,baselines_work/cohorte/csharp/CODE_FUN_CS_005/CODE_FUN_CS_005.cs,0.18384401114206128,66,5,49,17
4027,19,baselines_work/cohorte/csharp/CODE_ESTRU_CS_006/CODE_ESTRU_CS_006.cs,36,baselines_work/cohorte/csharp/CODE_FUN_CS_005/CODE_FUN_CS_005.cs,0.4370860927152318,66,8,38,28
4119,20,baselines_work/cohorte/csharp/CODE_ESTRU_CS_007/CODE_ESTRU_CS_007.cs,74,baselines_work/cohorte/csharp/CODE_IDENT_CS_015/CODE_IDENT_CS_015.cs,0.40993788819875776,66,8,28,38
4120,20,baselines_work/cohorte/csharp/CODE_ESTRU_CS_007/CODE_ESTRU_CS_007.cs,73,baselines_work/cohorte/csharp/CODE_IDENT_CS_015_COPY/CODE_IDENT_CS_015.cs,0.40993788819875776,66,8,28,38
4127,21,baselines_work/cohorte/csharp/CODE_ESTRU_CS_008/CODE_ESTRU_CS_008.cs,26,baselines_work/cohorte/csharp/CODE_ESTRU_CS_015/CODE_ESTRU_CS_015.cs,0.30697674418604654,66,5,37,29
4297,22,baselines_work/cohorte/csharp/CODE_ESTRU_CS_011/CODE_ESTRU_CS_011.cs,48,baselines_work/cohorte/csharp/CODE_IDENT_CS_003/CODE_IDENT_CS_003.cs,0.42038216560509556,66,8,44,22
4298,22,baselines_work/cohorte/csharp/CODE_ESTRU_CS_011/CODE_ESTRU_CS_011.cs,55,baselines_work/cohorte/csharp/CODE_IDENT_CS_003_COPY/CODE_IDENT_CS_003.cs,0.42038216560509556,66,8,44,22
4709,36,baselines_work/cohorte/csharp/CODE_FUN_CS_005/CODE_FUN_CS_005.cs,63,baselines_work/cohorte/csharp/CODE_IDENT_CS_011/CODE_IDENT_CS_011.cs,0.3687150837988827,66,8,22,44
4710,36,baselines_work/cohorte/csharp/CODE_FUN_CS_005/CODE_FUN_CS_005.cs,65,baselines_work/cohorte/csharp/CODE_IDENT_CS_011_COPY/CODE_IDENT_CS_011.cs,0.3687150837988827,66,8,22,44
4786,34,baselines_work/cohorte/csharp/CODE_FUN_CS_007/CODE_FUN_CS_007.cs,63,baselines_work/cohorte/csharp/CODE_IDENT_CS_011/CODE_IDENT_CS_011.cs,0.33,66,8,22,44
4787,34,baselines_work/cohorte/csharp/CODE_FUN_CS_007/CODE_FUN_CS_007.cs,65,baselines_work/cohorte/csharp/CODE_IDENT_CS_011_COPY/CODE_IDENT_CS_011.cs,0.33,66,8,22,44
4873,41,baselines_work/cohorte/csharp/CODE_FUN_CS_010/CODE_FUN_CS_010.cs,44,baselines_work/cohorte/csharp/CODE_FUN_CS_015/CODE_FUN_CS_015.cs,0.28820960698689957,66,12,30,36
4906,42,baselines_work/cohorte/csharp/CODE_FUN_CS_011/CODE_FUN_CS_011.cs,47,baselines_work/cohorte/csharp/CODE_FUN_CS_014/CODE_FUN_CS_014.cs,0.27385892116182575,66,4,37,29
4934,42,baselines_work/cohorte/csharp/CODE_FUN_CS_011/CODE_FUN_CS_011.cs,68,baselines_work/cohorte/csharp/CODE_IDENT_CS_014/CODE_IDENT_CS_014.cs,0.3157894736842105,66,5,41,25
4935,42,baselines_work/cohorte/csharp/CODE_FUN_CS_011/CODE_FUN_CS_011.cs,72,baselines_work/cohorte/csharp/CODE_IDENT_CS_014_COPY/CODE_IDENT_CS_014.cs,0.3157894736842105,66,5,41,25
5361,54,baselines_work/cohorte/csharp/CODE_IDENT_CS_007/CODE_IDENT_CS_007.cs,74,baselines_work/cohorte/csharp/CODE_IDENT_CS_015/CODE_IDENT_CS_015.cs,0.40993788819875776,66,8,28,38
5362,54,baselines_work/cohorte/csharp/CODE_IDENT_CS_007/CODE_IDENT_CS_007.cs,73,baselines_work/cohorte/csharp/CODE_IDENT_CS_015_COPY/CODE_IDENT_CS_015.cs,0.40993788819875776,66,8,28,38
5377,58,baselines_work/cohorte/csharp/CODE_IDENT_CS_007_COPY/CODE_IDENT_CS_007.cs,74,baselines_work/cohorte/csharp/CODE_IDENT_CS_015/CODE_IDENT_CS_015.cs,0.40993788819875776,66,8,28,38
5378,58,baselines_work/cohorte/csharp/CODE_IDENT_CS_007_COPY/CODE_IDENT_CS_007.cs,73,baselines_work/cohorte/csharp/CODE_IDENT_CS_015_COPY/CODE_IDENT_CS_015.cs,0.40993788819875776,66,8,28,38
2823,4,baselines_work/cohorte/csharp/CODE_DIF_CS_002/CODE_DIF_CS_002.cs,29,baselines_work/cohorte/csharp/CODE_ESTRU_CS_013/CODE_ESTRU_CS_013.cs,0.2927927927927928,65,8,33,32
2840,4,baselines_work/cohorte/csharp/CODE_DIF_CS_002/CODE_DIF_CS_002.cs,44,baselines_work/cohorte/csharp/CODE_FUN_CS_015/CODE_FUN_CS_015.cs,0.2480916030534351,65,5,36,29
2965,0,baselines_work/cohorte/csharp/CODE_DIF_CS_004/CODE_DIF_CS_004.cs,28,baselines_work/cohorte/csharp/CODE_ESTRU_CS_012/CODE_ESTRU_CS_012.cs,0.12404580152671756,65,4,41,24
3006,0,baselines_work/cohorte/csharp/CODE_DIF_CS_004/CODE_DIF_CS_004.cs,69,baselines_work/cohorte/csharp/CODE_IDENT_CS_012/CODE_IDENT_CS_012.cs,0.12404580152671756,65,4,41,24
3007,0,baselines_work/cohorte/csharp/CODE_DIF_CS_004/CODE_DIF_CS_004.cs,70,baselines_work/cohorte/csharp/CODE_IDENT_CS_012_COPY/CODE_IDENT_CS_012.cs,0.12404580152671756,65,4,41,24
3052,3,baselines_work/cohorte/csharp/CODE_DIF_CS_005/CODE_DIF_CS_005.cs,47,baselines_work/cohorte/csharp/CODE_FUN_CS_014/CODE_FUN_CS_014.cs,0.2006172839506173,65,5,42,23
3098,6,baselines_work/cohorte/csharp/CODE_DIF_CS_006/CODE_DIF_CS_006.cs,19,baselines_work/cohorte/csharp/CODE_ESTRU_CS_006/CODE_ESTRU_CS_006.cs,0.2313167259786477,65,5,33,32
3101,6,baselines_work/cohorte/csharp/CODE_DIF_CS_006/CODE_DIF_CS_006.cs,24,baselines_work/cohorte/csharp/CODE_ESTRU_CS_009/CODE_ESTRU_CS_009.cs,0.22184300341296928,65,4,37,28
3106,6,baselines_work/cohorte/csharp/CODE_DIF_CS_006/CODE_DIF_CS_006.cs,27,baselines_work/cohorte/csharp/CODE_ESTRU_CS_014/CODE_ESTRU_CS_014.cs,0.22968197879858657,65,5,35,30
3139,6,baselines_work/cohorte/csharp/CODE_DIF_CS_006/CODE_DIF_CS_006.cs,60,baselines_work/cohorte/csharp/CODE_IDENT_CS_009/CODE_IDENT_CS_009.cs,0.22184300341296928,65,4,37,28
3140,6,baselines_work/cohorte/csharp/CODE_DIF_CS_006/CODE_DIF_CS_006.cs,59,baselines_work/cohorte/csharp/CODE_IDENT_CS_009_COPY/CODE_IDENT_CS_009.cs,0.22184300341296928,65,4,37,28
3149,6,baselines_work/cohorte/csharp/CODE_DIF_CS_006/CODE_DIF_CS_006.cs,68,baselines_work/cohorte/csharp/CODE_IDENT_CS_014/CODE_IDENT_CS_014.cs,0.22968197879858657,65,5,35,30
3150,6,baselines_work/cohorte/csharp/CODE_DIF_CS_006/CODE_DIF_CS_006.cs,72,baselines_work/cohorte/csharp/CODE_IDENT_CS_014_COPY/CODE_IDENT_CS_014.cs,0.22968197879858657,65,5,35,30
3193,5,baselines_work/cohorte/csharp/CODE_DIF_CS_007/CODE_DIF_CS_007.cs,45,baselines_work/cohorte/csharp/CODE_IDENT_CS_002/CODE_IDENT_CS_002.cs,0.17379679144385027,65,5,49,16
3194,5,baselines_work/cohorte/csharp/CODE_DIF_CS_007/CODE_DIF_CS_007.cs,53,baselines_work/cohorte/csharp/CODE_IDENT_CS_002_COPY/CODE_IDENT_CS_002.cs,0.17379679144385027,65,5,49,16
3307,7,baselines_work/cohorte/csharp/CODE_DIF_CS_009/CODE_DIF_CS_009.cs,27,baselines_work/cohorte/csharp/CODE_ESTRU_CS_014/CODE_ESTRU_CS_014.cs,0.23636363636363636,65,5,41,24
3386,11,baselines_work/cohorte/csharp/CODE_DIF_CS_010/CODE_DIF_CS_010.cs,40,baselines_work/cohorte/csharp/CODE_FUN_CS_013/CODE_FUN_CS_013.cs,0.163727959697733,65,2,36,29
3387,11,baselines_work/cohorte/csharp/CODE_DIF_CS_010/CODE_DIF_CS_010.cs,47,baselines_work/cohorte/csharp/CODE_FUN_CS_014/CODE_FUN_CS_014.cs,0.17105263157894737,65,5,41,24
3436,8,baselines_work/cohorte/csharp/CODE_DIF_CS_011/CODE_DIF_CS_011.cs,27,baselines_work/cohorte/csharp/CODE_ESTRU_CS_014/CODE_ESTRU_CS_014.cs,0.16414141414141414,65,5,41,24
3438,8,baselines_work/cohorte/csharp/CODE_DIF_CS_011/CODE_DIF_CS_011.cs,30,baselines_work/cohorte/csharp/CODE_FUN_CS_001/CODE_FUN_CS_001.cs,0.15892420537897312,65,5,41,24
3636,12,baselines_work/cohorte/csharp/CODE_DIF_CS_014/CODE_DIF_CS_014.cs,40,baselines_work/cohorte/csharp/CODE_FUN_CS_013/CODE_FUN_CS_013.cs,0.15892420537897312,65,3,40,25
4428,27,baselines_work/cohorte/csharp/CODE_ESTRU_CS_014/CODE_ESTRU_CS_014.cs,41,baselines_work/cohorte/csharp/CODE_FUN_CS_010/CODE_FUN_CS_010.cs,0.35911602209944754,65,11,34,31
4432,27,baselines_work/cohorte/csharp/CODE_ESTRU_CS_014/CODE_ESTRU_CS_014.cs,47,baselines_work/cohorte/csharp/CODE_FUN_CS_014/CODE_FUN_CS_014.cs,0.34946236559139787,65,10,35,30
4448,27,baselines_work/cohorte/csharp/CODE_ESTRU_CS_014/CODE_ESTRU_CS_014.cs,61,baselines_work/cohorte/csharp/CODE_IDENT_CS_008/CODE_IDENT_CS_008.cs,0.33163265306122447,65,5,24,41
4449,27,baselines_work/cohorte/csharp/CODE_ESTRU_CS_014/CODE_ESTRU_CS_014.cs,62,baselines_work/cohorte/csharp/CODE_IDENT_CS_008_COPY/CODE_IDENT_CS_008.cs,0.33163265306122447,65,5,24,41
4503,26,baselines_work/cohorte/csharp/CODE_ESTRU_CS_015/CODE_ESTRU_CS_015.cs,66,baselines_work/cohorte/csharp/CODE_IDENT_CS_013/CODE_IDENT_CS_013.cs,0.3403141361256545,65,7,27,38
4504,26,baselines_work/cohorte/csharp/CODE_ESTRU_CS_015/CODE_ESTRU_CS_015.cs,71,baselines_work/cohorte/csharp/CODE_IDENT_CS_013_COPY/CODE_IDENT_CS_013.cs,0.3403141361256545,65,7,27,38
4736,38,baselines_work/cohorte/csharp/CODE_FUN_CS_006/CODE_FUN_CS_006.cs,51,baselines_work/cohorte/csharp/CODE_IDENT_CS_005/CODE_IDENT_CS_005.cs,0.3987730061349693,65,8,38,27
4737,38,baselines_work/cohorte/csharp/CODE_FUN_CS_006/CODE_FUN_CS_006.cs,52,baselines_work/cohorte/csharp/CODE_IDENT_CS_005_COPY/CODE_IDENT_CS_005.cs,0.3987730061349693,65,8,38,27
4738,38,baselines_work/cohorte/csharp/CODE_FUN_CS_006/CODE_FUN_CS_006.cs,57,baselines_work/cohorte/csharp/CODE_IDENT_CS_006/CODE_IDENT_CS_006.cs,0.3532608695652174,65,8,34,31
4739,38,baselines_work/cohorte/csharp/CODE_FUN_CS_006/CODE_FUN_CS_006.cs,56,baselines_work/cohorte/csharp/CODE_IDENT_CS_006_COPY/CODE_IDENT_CS_006.cs,0.3532608695652174,65,8,34,31
4871,41,baselines_work/cohorte/csharp/CODE_FUN_CS_010/CODE_FUN_CS_010.cs,40,baselines_work/cohorte/csharp/CODE_FUN_CS_013/CODE_FUN_CS_013.cs,0.2826086956521739,65,5,25,40
5189,48,baselines_work/cohorte/csharp/CODE_IDENT_CS_003/CODE_IDENT_CS_003.cs,63,baselines_work/cohorte/csharp/CODE_IDENT_CS_011/CODE_IDENT_CS_011.cs,0.4166666666666667,65,8,22,43
5190,48,baselines_work/cohorte/csharp/CODE_IDENT_CS_003/CODE_IDENT_CS_003.cs,65,baselines_work/cohorte/csharp/CODE_IDENT_CS_011_COPY/CODE_IDENT_CS_011.cs,0.4166666666666667,65,8,22,43
5213,55,baselines_work/cohorte/csharp/CODE_IDENT_CS_003_COPY/CODE_IDENT_CS_003.cs,63,baselines_work/cohorte/csharp/CODE_IDENT_CS_011/CODE_IDENT_CS_011.cs,0.4166666666666667,65,8,22,43
5214,55,baselines_work/cohorte/csharp/CODE_IDENT_CS_003_COPY/CODE_IDENT_CS_003.cs,65,baselines_work/cohorte/csharp/CODE_IDENT_CS_011_COPY/CODE_IDENT_CS_011.cs,0.4166666666666667,65,8,22,43
5390,61,baselines_work/cohorte/csharp/CODE_IDENT_CS_008/CODE_IDENT_CS_008.cs,68,baselines_work/cohorte/csharp/CODE_IDENT_CS_014/CODE_IDENT_CS_014.cs,0.33163265306122447,65,5,41,24
5391,61,baselines_work/cohorte/csharp/CODE_IDENT_CS_008/CODE_IDENT_CS_008.cs,72,baselines_work/cohorte/csharp/CODE_IDENT_CS_014_COPY/CODE_IDENT_CS_014.cs,0.33163265306122447,65,5,41,24
5404,62,baselines_work/cohorte/csharp/CODE_IDENT_CS_008_COPY/CODE_IDENT_CS_008.cs,68,baselines_work/cohorte/csharp/CODE_IDENT_CS_014/CODE_IDENT_CS_014.cs,0.33163265306122447,65,5,41,24
5405,62,baselines_work/cohorte/csharp/CODE_IDENT_CS_008_COPY/CODE_IDENT_CS_008.cs,72,baselines_work/cohorte/csharp/CODE_IDENT_CS_014_COPY/CODE_IDENT_CS_014.cs,0.33163265306122447,65,5,41,24
3030,3,baselines_work/cohorte/csharp/CODE_DIF_CS_005/CODE_DIF_CS_005.cs,20,baselines_work/cohorte/csharp/CODE_ESTRU_CS_007/CODE_ESTRU_CS_007.cs,0.23443223443223443,64,5,39,25
3066,3,baselines_work/cohorte/csharp/CODE_DIF_CS_005/CODE_DIF_CS_005.cs,54,baselines_work/cohorte/csharp/CODE_IDENT_CS_007/CODE_IDENT_CS_007.cs,0.23443223443223443,64,5,39,25
3067,3,baselines_work/cohorte/csharp/CODE_DIF_CS_005/CODE_DIF_CS_005.cs,58,baselines_work/cohorte/csharp/CODE_IDENT_CS_007_COPY/CODE_IDENT_CS_007.cs,0.23443223443223443,64,5,39,25
3099,6,baselines_work/cohorte/csharp/CODE_DIF_CS_006/CODE_DIF_CS_006.cs,20,baselines_work/cohorte/csharp/CODE_ESTRU_CS_007/CODE_ESTRU_CS_007.cs,0.24242424242424243,64,5,35,29
3107,6,baselines_work/cohorte/csharp/CODE_DIF_CS_006/CODE_DIF_CS_006.cs,26,baselines_work/cohorte/csharp/CODE_ESTRU_CS_015/CODE_ESTRU_CS_015.cs,0.2098360655737705,64,5,30,34
3135,6,baselines_work/cohorte/csharp/CODE_DIF_CS_006/CODE_DIF_CS_006.cs,54,baselines_work/cohorte/csharp/CODE_IDENT_CS_007/CODE_IDENT_CS_007.cs,0.24242424242424243,64,5,35,29
3136,6,baselines_work/cohorte/csharp/CODE_DIF_CS_006/CODE_DIF_CS_006.cs,58,baselines_work/cohorte/csharp/CODE_IDENT_CS_007_COPY/CODE_IDENT_CS_007.cs,0.24242424242424243,64,5,35,29
3187,5,baselines_work/cohorte/csharp/CODE_DIF_CS_007/CODE_DIF_CS_007.cs,39,baselines_work/cohorte/csharp/CODE_FUN_CS_012/CODE_FUN_CS_012.cs,0.14285714285714285,64,3,42,22
3437,8,baselines_work/cohorte/csharp/CODE_DIF_CS_011/CODE_DIF_CS_011.cs,26,baselines_work/cohorte/csharp/CODE_ESTRU_CS_015/CODE_ESTRU_CS_015.cs,0.15311004784688995,64,5,35,29
3448,8,baselines_work/cohorte/csharp/CODE_DIF_CS_011/CODE_DIF_CS_011.cs,42,baselines_work/cohorte/csharp/CODE_FUN_CS_011/CODE_FUN_CS_011.cs,0.1419068736141907,64,2,32,32
3452,8,baselines_work/cohorte/csharp/CODE_DIF_CS_011/CODE_DIF_CS_011.cs,44,baselines_work/cohorte/csharp/CODE_FUN_CS_015/CODE_FUN_CS_015.cs,0.14414414414414414,64,5,38,26
3507,9,baselines_work/cohorte/csharp/CODE_DIF_CS_012/CODE_DIF_CS_012.cs,34,baselines_work/cohorte/csharp/CODE_FUN_CS_007/CODE_FUN_CS_007.cs,0.15841584158415842,64,4,41,23
3610,12,baselines_work/cohorte/csharp/CODE_DIF_CS_014/CODE_DIF_CS_014.cs,16,baselines_work/cohorte/csharp/CODE_ESTRU_CS_002/CODE_ESTRU_CS_002.cs,0.18823529411764706,64,4,49,15
3630,12,baselines_work/cohorte/csharp/CODE_DIF_CS_014/CODE_DIF_CS_014.cs,34,baselines_work/cohorte/csharp/CODE_FUN_CS_007/CODE_FUN_CS_007.cs,0.16842105263157894,64,6,48,16
3632,12,baselines_work/cohorte/csharp/CODE_DIF_CS_014/CODE_DIF_CS_014.cs,37,baselines_work/cohorte/csharp/CODE_FUN_CS_009/CODE_FUN_CS_009.cs,0.1679790026246719,64,3,48,16
4012,18,baselines_work/cohorte/csharp/CODE_ESTRU_CS_005/CODE_ESTRU_CS_005.cs,74,baselines_work/cohorte/csharp/CODE_IDENT_CS_015/CODE_IDENT_CS_015.cs,0.39263803680981596,64,6,25,39
4013,18,baselines_work/cohorte/csharp/CODE_ESTRU_CS_005/CODE_ESTRU_CS_005.cs,73,baselines_work/cohorte/csharp/CODE_IDENT_CS_015_COPY/CODE_IDENT_CS_015.cs,0.39263803680981596,64,6,25,39
4060,19,baselines_work/cohorte/csharp/CODE_ESTRU_CS_006/CODE_ESTRU_CS_006.cs,69,baselines_work/cohorte/csharp/CODE_IDENT_CS_012/CODE_IDENT_CS_012.cs,0.37209302325581395,64,5,35,29
4061,19,baselines_work/cohorte/csharp/CODE_ESTRU_CS_006/CODE_ESTRU_CS_006.cs,70,baselines_work/cohorte/csharp/CODE_IDENT_CS_012_COPY/CODE_IDENT_CS_012.cs,0.37209302325581395,64,5,35,29
4511,30,baselines_work/cohorte/csharp/CODE_FUN_CS_001/CODE_FUN_CS_001.cs,32,baselines_work/cohorte/csharp/CODE_FUN_CS_004/CODE_FUN_CS_004.cs,0.22377622377622378,64,7,32,32
4717,36,baselines_work/cohorte/csharp/CODE_FUN_CS_005/CODE_FUN_CS_005.cs,74,baselines_work/cohorte/csharp/CODE_IDENT_CS_015/CODE_IDENT_CS_015.cs,0.3575418994413408,64,9,23,41
4718,36,baselines_work/cohorte/csharp/CODE_FUN_CS_005/CODE_FUN_CS_005.cs,73,baselines_work/cohorte/csharp/CODE_IDENT_CS_015_COPY/CODE_IDENT_CS_015.cs,0.3575418994413408,64,9,23,41
4831,35,baselines_work/cohorte/csharp/CODE_FUN_CS_008/CODE_FUN_CS_008.cs,74,baselines_work/cohorte/csharp/CODE_IDENT_CS_015/CODE_IDENT_CS_015.cs,0.2397003745318352,64,4,25,39
4832,35,baselines_work/cohorte/csharp/CODE_FUN_CS_008/CODE_FUN_CS_008.cs,73,baselines_work/cohorte/csharp/CODE_IDENT_CS_015_COPY/CODE_IDENT_CS_015.cs,0.2397003745318352,64,4,25,39
5472,69,baselines_work/cohorte/csharp/CODE_IDENT_CS_012/CODE_IDENT_CS_012.cs,66,baselines_work/cohorte/csharp/CODE_IDENT_CS_013/CODE_IDENT_CS_013.cs,0.3386243386243386,64,7,24,40
5473,69,baselines_work/cohorte/csharp/CODE_IDENT_CS_012/CODE_IDENT_CS_012.cs,71,baselines_work/cohorte/csharp/CODE_IDENT_CS_013_COPY/CODE_IDENT_CS_013.cs,0.3386243386243386,64,7,24,40
5478,70,baselines_work/cohorte/csharp/CODE_IDENT_CS_012_COPY/CODE_IDENT_CS_012.cs,66,baselines_work/cohorte/csharp/CODE_IDENT_CS_013/CODE_IDENT_CS_013.cs,0.3386243386243386,64,7,24,40
5479,70,baselines_work/cohorte/csharp/CODE_IDENT_CS_012_COPY/CODE_IDENT_CS_012.cs,71,baselines_work/cohorte/csharp/CODE_IDENT_CS_013_COPY/CODE_IDENT_CS_013.cs,0.3386243386243386,64,7,24,40
2766,1,baselines_work/cohorte/csharp/CODE_DIF_CS_001/CODE_DIF_CS_001.cs,47,baselines_work/cohorte/csharp/CODE_FUN_CS_014/CODE_FUN_CS_014.cs,0.27631578947368424,63,5,37,26
2814,4,baselines_work/cohorte/csharp/CODE_DIF_CS_002/CODE_DIF_CS_002.cs,17,baselines_work/cohorte/csharp/CODE_ESTRU_CS_004/CODE_ESTRU_CS_004.cs,0.15254237288135594,63,6,28,35
2963,0,baselines_work/cohorte/csharp/CODE_DIF_CS_004/CODE_DIF_CS_004.cs,25,baselines_work/cohorte/csharp/CODE_ESTRU_CS_010/CODE_ESTRU_CS_010.cs,0.11931818181818182,63,5,35,28
2967,0,baselines_work/cohorte/csharp/CODE_DIF_CS_004/CODE_DIF_CS_004.cs,27,baselines_work/cohorte/csharp/CODE_ESTRU_CS_014/CODE_ESTRU_CS_014.cs,0.125,63,5,37,26
3002,0,baselines_work/cohorte/csharp/CODE_DIF_CS_004/CODE_DIF_CS_004.cs,67,baselines_work/cohorte/csharp/CODE_IDENT_CS_010/CODE_IDENT_CS_010.cs,0.11931818181818182,63,5,35,28
3003,0,baselines_work/cohorte/csharp/CODE_DIF_CS_004/CODE_DIF_CS_004.cs,64,baselines_work/cohorte/csharp/CODE_IDENT_CS_010_COPY/CODE_IDENT_CS_010.cs,0.11931818181818182,63,5,35,28
3010,0,baselines_work/cohorte/csharp/CODE_DIF_CS_004/CODE_DIF_CS_004.cs,68,baselines_work/cohorte/csharp/CODE_IDENT_CS_014/CODE_IDENT_CS_014.cs,0.125,63,5,37,26
3011,0,baselines_work/cohorte/csharp/CODE_DIF_CS_004/CODE_DIF_CS_004.cs,72,baselines_work/cohorte/csharp/CODE_IDENT_CS_014_COPY/CODE_IDENT_CS_014.cs,0.125,63,5,37,26
3105,6,baselines_work/cohorte/csharp/CODE_DIF_CS_006/CODE_DIF_CS_006.cs,29,baselines_work/cohorte/csharp/CODE_ESTRU_CS_013/CODE_ESTRU_CS_013.cs,0.21649484536082475,63,5,27,36
3111,6,baselines_work/cohorte/csharp/CODE_DIF_CS_006/CODE_DIF_CS_006.cs,32,baselines_work/cohorte/csharp/CODE_FUN_CS_004/CODE_FUN_CS_004.cs,0.15671641791044777,63,4,36,27
3319,7,baselines_work/cohorte/csharp/CODE_DIF_CS_009/CODE_DIF_CS_009.cs,42,baselines_work/cohorte/csharp/CODE_FUN_CS_011/CODE_FUN_CS_011.cs,0.19090909090909092,63,3,32,31
3363,11,baselines_work/cohorte/csharp/CODE_DIF_CS_010/CODE_DIF_CS_010.cs,18,baselines_work/cohorte/csharp/CODE_ESTRU_CS_005/CODE_ESTRU_CS_005.cs,0.1903323262839879,63,7,42,21
3374,11,baselines_work/cohorte/csharp/CODE_DIF_CS_010/CODE_DIF_CS_010.cs,30,baselines_work/cohorte/csharp/CODE_FUN_CS_001/CODE_FUN_CS_001.cs,0.1745152354570637,63,5,40,23
3380,11,baselines_work/cohorte/csharp/CODE_DIF_CS_010/CODE_DIF_CS_010.cs,34,baselines_work/cohorte/csharp/CODE_FUN_CS_007/CODE_FUN_CS_007.cs,0.17119565217391305,63,3,40,23
3431,8,baselines_work/cohorte/csharp/CODE_DIF_CS_011/CODE_DIF_CS_011.cs,24,baselines_work/cohorte/csharp/CODE_ESTRU_CS_009/CODE_ESTRU_CS_009.cs,0.15517241379310345,63,5,40,23
3432,8,baselines_work/cohorte/csharp/CODE_DIF_CS_011/CODE_DIF_CS_011.cs,25,baselines_work/cohorte/csharp/CODE_ESTRU_CS_010/CODE_ESTRU_CS_010.cs,0.15,63,6,38,25
3469,8,baselines_work/cohorte/csharp/CODE_DIF_CS_011/CODE_DIF_CS_011.cs,60,baselines_work/cohorte/csharp/CODE_IDENT_CS_009/CODE_IDENT_CS_009.cs,0.15517241379310345,63,5,40,23
3470,8,baselines_work/cohorte/csharp/CODE_DIF_CS_011/CODE_DIF_CS_011.cs,59,baselines_work/cohorte/csharp/CODE_IDENT_CS_009_COPY/CODE_IDENT_CS_009.cs,0.15517241379310345,63,5,40,23
3471,8,baselines_work/cohorte/csharp/CODE_DIF_CS_011/CODE_DIF_CS_011.cs,67,baselines_work/cohorte/csharp/CODE_IDENT_CS_010/CODE_IDENT_CS_010.cs,0.15,63,6,38,25
3472,8,baselines_work/cohorte/csharp/CODE_DIF_CS_011/CODE_DIF_CS_011.cs,64,baselines_work/cohorte/csharp/CODE_IDENT_CS_010_COPY/CODE_IDENT_CS_010.cs,0.15,63,6,38,25
3490,9,baselines_work/cohorte/csharp/CODE_DIF_CS_012/CODE_DIF_CS_012.cs,18,baselines_work/cohorte/csharp/CODE_ESTRU_CS_005/CODE_ESTRU_CS_005.cs,0.17166212534059946,63,5,42,21
3494,9,baselines_work/cohorte/csharp/CODE_DIF_CS_012/CODE_DIF_CS_012.cs,24,baselines_work/cohorte/csharp/CODE_ESTRU_CS_009/CODE_ESTRU_CS_009.cs,0.1598984771573604,63,5,42,21
3532,9,baselines_work/cohorte/csharp/CODE_DIF_CS_012/CODE_DIF_CS_012.cs,60,baselines_work/cohorte/csharp/CODE_IDENT_CS_009/CODE_IDENT_CS_009.cs,0.1598984771573604,63,5,42,21
3533,9,baselines_work/cohorte/csharp/CODE_DIF_CS_012/CODE_DIF_CS_012.cs,59,baselines_work/cohorte/csharp/CODE_IDENT_CS_009_COPY/CODE_IDENT_CS_009.cs,0.1598984771573604,63,5,42,21
3538,9,baselines_work/cohorte/csharp/CODE_DIF_CS_012/CODE_DIF_CS_012.cs,69,baselines_work/cohorte/csharp/CODE_IDENT_CS_012/CODE_IDENT_CS_012.cs,0.15594059405940594,63,5,40,23
3539,9,baselines_work/cohorte/csharp/CODE_DIF_CS_012/CODE_DIF_CS_012.cs,70,baselines_work/cohorte/csharp/CODE_IDENT_CS_012_COPY/CODE_IDENT_CS_012.cs,0.15594059405940594,63,5,40,23
3840,16,baselines_work/cohorte/csharp/CODE_ESTRU_CS_002/CODE_ESTRU_CS_002.cs,66,baselines_work/cohorte/csharp/CODE_IDENT_CS_013/CODE_IDENT_CS_013.cs,0.4228187919463087,63,8,25,38
3841,16,baselines_work/cohorte/csharp/CODE_ESTRU_CS_002/CODE_ESTRU_CS_002.cs,71,baselines_work/cohorte/csharp/CODE_IDENT_CS_013_COPY/CODE_IDENT_CS_013.cs,0.4228187919463087,63,8,25,38
4037,19,baselines_work/cohorte/csharp/CODE_ESTRU_CS_006/CODE_ESTRU_CS_006.cs,44,baselines_work/cohorte/csharp/CODE_FUN_CS_015/CODE_FUN_CS_015.cs,0.315,63,9,31,32
4064,19,baselines_work/cohorte/csharp/CODE_ESTRU_CS_006/CODE_ESTRU_CS_006.cs,68,baselines_work/cohorte/csharp/CODE_IDENT_CS_014/CODE_IDENT_CS_014.cs,0.4144736842105263,63,9,35,28
4065,19,baselines_work/cohorte/csharp/CODE_ESTRU_CS_006/CODE_ESTRU_CS_006.cs,72,baselines_work/cohorte/csharp/CODE_IDENT_CS_014_COPY/CODE_IDENT_CS_014.cs,0.4144736842105263,63,9,35,28
4121,21,baselines_work/cohorte/csharp/CODE_ESTRU_CS_008/CODE_ESTRU_CS_008.cs,24,baselines_work/cohorte/csharp/CODE_ESTRU_CS_009/CODE_ESTRU_CS_009.cs,0.3103448275862069,63,5,41,22
4128,21,baselines_work/cohorte/csharp/CODE_ESTRU_CS_008/CODE_ESTRU_CS_008.cs,30,baselines_work/cohorte/csharp/CODE_FUN_CS_001/CODE_FUN_CS_001.cs,0.3058252427184466,63,10,42,21
4159,21,baselines_work/cohorte/csharp/CODE_ESTRU_CS_008/CODE_ESTRU_CS_008.cs,60,baselines_work/cohorte/csharp/CODE_IDENT_CS_009/CODE_IDENT_CS_009.cs,0.3103448275862069,63,5,41,22
4160,21,baselines_work/cohorte/csharp/CODE_ESTRU_CS_008/CODE_ESTRU_CS_008.cs,59,baselines_work/cohorte/csharp/CODE_IDENT_CS_009_COPY/CODE_IDENT_CS_009.cs,0.3103448275862069,63,5,41,22
4208,24,baselines_work/cohorte/csharp/CODE_ESTRU_CS_009/CODE_ESTRU_CS_009.cs,61,baselines_work/cohorte/csharp/CODE_IDENT_CS_008/CODE_IDENT_CS_008.cs,0.3058252427184466,63,5,22,41
4209,24,baselines_work/cohorte/csharp/CODE_ESTRU_CS_009/CODE_ESTRU_CS_009.cs,62,baselines_work/cohorte/csharp/CODE_IDENT_CS_008_COPY/CODE_IDENT_CS_008.cs,0.3058252427184466,63,5,22,41
4323,28,baselines_work/cohorte/csharp/CODE_ESTRU_CS_012/CODE_ESTRU_CS_012.cs,29,baselines_work/cohorte/csharp/CODE_ESTRU_CS_013/CODE_ESTRU_CS_013.cs,0.34615384615384615,63,5,23,40
4371,29,baselines_work/cohorte/csharp/CODE_ESTRU_CS_013/CODE_ESTRU_CS_013.cs,27,baselines_work/cohorte/csharp/CODE_ESTRU_CS_014/CODE_ESTRU_CS_014.cs,0.3888888888888889,63,7,39,24
4476,26,baselines_work/cohorte/csharp/CODE_ESTRU_CS_015/CODE_ESTRU_CS_015.cs,40,baselines_work/cohorte/csharp/CODE_FUN_CS_013/CODE_FUN_CS_013.cs,0.28,63,4,32,31
4551,30,baselines_work/cohorte/csharp/CODE_FUN_CS_001/CODE_FUN_CS_001.cs,74,baselines_work/cohorte/csharp/CODE_IDENT_CS_015/CODE_IDENT_CS_015.cs,0.32642487046632124,63,10,25,38
4552,30,baselines_work/cohorte/csharp/CODE_FUN_CS_001/CODE_FUN_CS_001.cs,73,baselines_work/cohorte/csharp/CODE_IDENT_CS_015_COPY/CODE_IDENT_CS_015.cs,0.32642487046632124,63,10,25,38
4797,35,baselines_work/cohorte/csharp/CODE_FUN_CS_008/CODE_FUN_CS_008.cs,41,baselines_work/cohorte/csharp/CODE_FUN_CS_010/CODE_FUN_CS_010.cs,0.23507462686567165,63,6,32,31
4963,39,baselines_work/cohorte/csharp/CODE_FUN_CS_012/CODE_FUN_CS_012.cs,69,baselines_work/cohorte/csharp/CODE_IDENT_CS_012/CODE_IDENT_CS_012.cs,0.2916666666666667,63,7,32,31
4964,39,baselines_work/cohorte/csharp/CODE_FUN_CS_012/CODE_FUN_CS_012.cs,70,baselines_work/cohorte/csharp/CODE_IDENT_CS_012_COPY/CODE_IDENT_CS_012.cs,0.2916666666666667,63,7,32,31
5380,61,baselines_work/cohorte/csharp/CODE_IDENT_CS_008/CODE_IDENT_CS_008.cs,60,baselines_work/cohorte/csharp/CODE_IDENT_CS_009/CODE_IDENT_CS_009.cs,0.3058252427184466,63,5,41,22
5381,61,baselines_work/cohorte/csharp/CODE_IDENT_CS_008/CODE_IDENT_CS_008.cs,59,baselines_work/cohorte/csharp/CODE_IDENT_CS_009_COPY/CODE_IDENT_CS_009.cs,0.3058252427184466,63,5,41,22
5394,62,baselines_work/cohorte/csharp/CODE_IDENT_CS_008_COPY/CODE_IDENT_CS_008.cs,60,baselines_work/cohorte/csharp/CODE_IDENT_CS_009/CODE_IDENT_CS_009.cs,0.3058252427184466,63,5,41,22
5395,62,baselines_work/cohorte/csharp/CODE_IDENT_CS_008_COPY/CODE_IDENT_CS_008.cs,59,baselines_work/cohorte/csharp/CODE_IDENT_CS_009_COPY/CODE_IDENT_CS_009.cs,0.3058252427184466,63,5,41,22
2728,1,baselines_work/cohorte/csharp/CODE_DIF_CS_001/CODE_DIF_CS_001.cs,6,baselines_work/cohorte/csharp/CODE_DIF_CS_006/CODE_DIF_CS_006.cs,0.19076923076923077,62,5,28,34
2774,1,baselines_work/cohorte/csharp/CODE_DIF_CS_001/CODE_DIF_CS_001.cs,50,baselines_work/cohorte/csharp/CODE_IDENT_CS_004/CODE_IDENT_CS_004.cs,0.21379310344827587,62,5,34,28
2775,1,baselines_work/cohorte/csharp/CODE_DIF_CS_001/CODE_DIF_CS_001.cs,49,baselines_work/cohorte/csharp/CODE_IDENT_CS_004_COPY/CODE_IDENT_CS_004.cs,0.21379310344827587,62,5,34,28
2838,4,baselines_work/cohorte/csharp/CODE_DIF_CS_002/CODE_DIF_CS_002.cs,40,baselines_work/cohorte/csharp/CODE_FUN_CS_013/CODE_FUN_CS_013.cs,0.23574144486692014,62,13,35,27
2962,0,baselines_work/cohorte/csharp/CODE_DIF_CS_004/CODE_DIF_CS_004.cs,24,baselines_work/cohorte/csharp/CODE_ESTRU_CS_009/CODE_ESTRU_CS_009.cs,0.12062256809338522,62,4,41,21
3000,0,baselines_work/cohorte/csharp/CODE_DIF_CS_004/CODE_DIF_CS_004.cs,60,baselines_work/cohorte/csharp/CODE_IDENT_CS_009/CODE_IDENT_CS_009.cs,0.12062256809338522,62,4,41,21
3001,0,baselines_work/cohorte/csharp/CODE_DIF_CS_004/CODE_DIF_CS_004.cs,59,baselines_work/cohorte/csharp/CODE_IDENT_CS_009_COPY/CODE_IDENT_CS_009.cs,0.12062256809338522,62,4,41,21
3309,7,baselines_work/cohorte/csharp/CODE_DIF_CS_009/CODE_DIF_CS_009.cs,30,baselines_work/cohorte/csharp/CODE_FUN_CS_001/CODE_FUN_CS_001.cs,0.2152777777777778,62,5,39,23
3350,7,baselines_work/cohorte/csharp/CODE_DIF_CS_009/CODE_DIF_CS_009.cs,68,baselines_work/cohorte/csharp/CODE_IDENT_CS_014/CODE_IDENT_CS_014.cs,0.22545454545454546,62,5,39,23
3351,7,baselines_work/cohorte/csharp/CODE_DIF_CS_009/CODE_DIF_CS_009.cs,72,baselines_work/cohorte/csharp/CODE_IDENT_CS_014_COPY/CODE_IDENT_CS_014.cs,0.22545454545454546,62,5,39,23
3451,8,baselines_work/cohorte/csharp/CODE_DIF_CS_011/CODE_DIF_CS_011.cs,47,baselines_work/cohorte/csharp/CODE_FUN_CS_014/CODE_FUN_CS_014.cs,0.14485981308411214,62,5,41,21
3850,15,baselines_work/cohorte/csharp/CODE_ESTRU_CS_003/CODE_ESTRU_CS_003.cs,21,baselines_work/cohorte/csharp/CODE_ESTRU_CS_008/CODE_ESTRU_CS_008.cs,0.3315508021390374,62,9,24,38
3887,15,baselines_work/cohorte/csharp/CODE_ESTRU_CS_003/CODE_ESTRU_CS_003.cs,61,baselines_work/cohorte/csharp/CODE_IDENT_CS_008/CODE_IDENT_CS_008.cs,0.3263157894736842,62,9,24,38
3888,15,baselines_work/cohorte/csharp/CODE_ESTRU_CS_003/CODE_ESTRU_CS_003.cs,62,baselines_work/cohorte/csharp/CODE_IDENT_CS_008_COPY/CODE_IDENT_CS_008.cs,0.3263157894736842,62,9,24,38
4703,36,baselines_work/cohorte/csharp/CODE_FUN_CS_005/CODE_FUN_CS_005.cs,61,baselines_work/cohorte/csharp/CODE_IDENT_CS_008/CODE_IDENT_CS_008.cs,0.31794871794871793,62,9,24,38
4704,36,baselines_work/cohorte/csharp/CODE_FUN_CS_005/CODE_FUN_CS_005.cs,62,baselines_work/cohorte/csharp/CODE_IDENT_CS_008_COPY/CODE_IDENT_CS_008.cs,0.31794871794871793,62,9,24,38
4760,34,baselines_work/cohorte/csharp/CODE_FUN_CS_007/CODE_FUN_CS_007.cs,41,baselines_work/cohorte/csharp/CODE_FUN_CS_010/CODE_FUN_CS_010.cs,0.30845771144278605,62,6,29,33
4794,34,baselines_work/cohorte/csharp/CODE_FUN_CS_007/CODE_FUN_CS_007.cs,74,baselines_work/cohorte/csharp/CODE_IDENT_CS_015/CODE_IDENT_CS_015.cs,0.31,62,7,22,40
4795,34,baselines_work/cohorte/csharp/CODE_FUN_CS_007/CODE_FUN_CS_007.cs,73,baselines_work/cohorte/csharp/CODE_IDENT_CS_015_COPY/CODE_IDENT_CS_015.cs,0.31,62,7,22,40
4904,42,baselines_work/cohorte/csharp/CODE_FUN_CS_011/CODE_FUN_CS_011.cs,39,baselines_work/cohorte/csharp/CODE_FUN_CS_012/CODE_FUN_CS_012.cs,0.24701195219123506,62,8,34,28
4972,40,baselines_work/cohorte/csharp/CODE_FUN_CS_013/CODE_FUN_CS_013.cs,44,baselines_work/cohorte/csharp/CODE_FUN_CS_015/CODE_FUN_CS_015.cs,0.24701195219123506,62,8,30,32
3244,23,baselines_work/cohorte/csharp/CODE_DIF_CS_008/CODE_DIF_CS_008.cs,33,baselines_work/cohorte/csharp/CODE_FUN_CS_002/CODE_FUN_CS_002.cs,0.11254612546125461,61,2,53,8
3443,8,baselines_work/cohorte/csharp/CODE_DIF_CS_011/CODE_DIF_CS_011.cs,38,baselines_work/cohorte/csharp/CODE_FUN_CS_006/CODE_FUN_CS_006.cs,0.1412037037037037,61,13,35,26
3479,8,baselines_work/cohorte/csharp/CODE_DIF_CS_011/CODE_DIF_CS_011.cs,68,baselines_work/cohorte/csharp/CODE_IDENT_CS_014/CODE_IDENT_CS_014.cs,0.15404040404040403,61,5,38,23
3480,8,baselines_work/cohorte/csharp/CODE_DIF_CS_011/CODE_DIF_CS_011.cs,72,baselines_work/cohorte/csharp/CODE_IDENT_CS_014_COPY/CODE_IDENT_CS_014.cs,0.15404040404040403,61,5,38,23
3497,9,baselines_work/cohorte/csharp/CODE_DIF_CS_012/CODE_DIF_CS_012.cs,28,baselines_work/cohorte/csharp/CODE_ESTRU_CS_012/CODE_ESTRU_CS_012.cs,0.15099009900990099,61,5,39,22
3924,17,baselines_work/cohorte/csharp/CODE_ESTRU_CS_004/CODE_ESTRU_CS_004.cs,42,baselines_work/cohorte/csharp/CODE_FUN_CS_011/CODE_FUN_CS_011.cs,0.14950980392156862,61,3,32,29
3968,18,baselines_work/cohorte/csharp/CODE_ESTRU_CS_005/CODE_ESTRU_CS_005.cs,26,baselines_work/cohorte/csharp/CODE_ESTRU_CS_015/CODE_ESTRU_CS_015.cs,0.3836477987421384,61,6,24,37
4032,19,baselines_work/cohorte/csharp/CODE_ESTRU_CS_006/CODE_ESTRU_CS_006.cs,41,baselines_work/cohorte/csharp/CODE_FUN_CS_010/CODE_FUN_CS_010.cs,0.3407821229050279,61,10,35,26
4176,24,baselines_work/cohorte/csharp/CODE_ESTRU_CS_009/CODE_ESTRU_CS_009.cs,29,baselines_work/cohorte/csharp/CODE_ESTRU_CS_013/CODE_ESTRU_CS_013.cs,0.3546511627906977,61,5,21,40
4234,25,baselines_work/cohorte/csharp/CODE_ESTRU_CS_010/CODE_ESTRU_CS_010.cs,38,baselines_work/cohorte/csharp/CODE_FUN_CS_006/CODE_FUN_CS_006.cs,0.2850467289719626,61,7,29,32
4404,29,baselines_work/cohorte/csharp/CODE_ESTRU_CS_013/CODE_ESTRU_CS_013.cs,60,baselines_work/cohorte/csharp/CODE_IDENT_CS_009/CODE_IDENT_CS_009.cs,0.3546511627906977,61,5,40,21
4405,29,baselines_work/cohorte/csharp/CODE_ESTRU_CS_013/CODE_ESTRU_CS_013.cs,59,baselines_work/cohorte/csharp/CODE_IDENT_CS_009_COPY/CODE_IDENT_CS_009.cs,0.3546511627906977,61,5,40,21
4522,30,baselines_work/cohorte/csharp/CODE_FUN_CS_001/CODE_FUN_CS_001.cs,44,baselines_work/cohorte/csharp/CODE_FUN_CS_015/CODE_FUN_CS_015.cs,0.2837209302325581,61,10,26,35
4722,38,baselines_work/cohorte/csharp/CODE_FUN_CS_006/CODE_FUN_CS_006.cs,41,baselines_work/cohorte/csharp/CODE_FUN_CS_010/CODE_FUN_CS_010.cs,0.28110599078341014,61,8,36,25
4746,38,baselines_work/cohorte/csharp/CODE_FUN_CS_006/CODE_FUN_CS_006.cs,67,baselines_work/cohorte/csharp/CODE_IDENT_CS_010/CODE_IDENT_CS_010.cs,0.2850467289719626,61,7,32,29
4747,38,baselines_work/cohorte/csharp/CODE_FUN_CS_006/CODE_FUN_CS_006.cs,64,baselines_work/cohorte/csharp/CODE_IDENT_CS_010_COPY/CODE_IDENT_CS_010.cs,0.2850467289719626,61,7,32,29
4872,41,baselines_work/cohorte/csharp/CODE_FUN_CS_010/CODE_FUN_CS_010.cs,47,baselines_work/cohorte/csharp/CODE_FUN_CS_014/CODE_FUN_CS_014.cs,0.2863849765258216,61,12,32,29
4896,41,baselines_work/cohorte/csharp/CODE_FUN_CS_010/CODE_FUN_CS_010.cs,69,baselines_work/cohorte/csharp/CODE_IDENT_CS_012/CODE_IDENT_CS_012.cs,0.3034825870646766,61,5,30,31
4897,41,baselines_work/cohorte/csharp/CODE_FUN_CS_010/CODE_FUN_CS_010.cs,70,baselines_work/cohorte/csharp/CODE_IDENT_CS_012_COPY/CODE_IDENT_CS_012.cs,0.3034825870646766,61,5,30,31
5287,51,baselines_work/cohorte/csharp/CODE_IDENT_CS_005/CODE_IDENT_CS_005.cs,74,baselines_work/cohorte/csharp/CODE_IDENT_CS_015/CODE_IDENT_CS_015.cs,0.39869281045751637,61,6,21,40
5288,51,baselines_work/cohorte/csharp/CODE_IDENT_CS_005/CODE_IDENT_CS_005.cs,73,baselines_work/cohorte/csharp/CODE_IDENT_CS_015_COPY/CODE_IDENT_CS_015.cs,0.39869281045751637,61,6,21,40
5307,52,baselines_work/cohorte/csharp/CODE_IDENT_CS_005_COPY/CODE_IDENT_CS_005.cs,74,baselines_work/cohorte/csharp/CODE_IDENT_CS_015/CODE_IDENT_CS_015.cs,0.39869281045751637,61,6,21,40
5308,52,baselines_work/cohorte/csharp/CODE_IDENT_CS_005_COPY/CODE_IDENT_CS_005.cs,73,baselines_work/cohorte/csharp/CODE_IDENT_CS_015_COPY/CODE_IDENT_CS_015.cs,0.39869281045751637,61,6,21,40
2847,4,baselines_work/cohorte/csharp/CODE_DIF_CS_002/CODE_DIF_CS_002.cs,50,baselines_work/cohorte/csharp/CODE_IDENT_CS_004/CODE_IDENT_CS_004.cs,0.19480519480519481,60,5,40,20
2848,4,baselines_work/cohorte/csharp/CODE_DIF_CS_002/CODE_DIF_CS_002.cs,49,baselines_work/cohorte/csharp/CODE_IDENT_CS_004_COPY/CODE_IDENT_CS_004.cs,0.19480519480519481,60,5,40,20
2865,4,baselines_work/cohorte/csharp/CODE_DIF_CS_002/CODE_DIF_CS_002.cs,66,baselines_work/cohorte/csharp/CODE_IDENT_CS_013/CODE_IDENT_CS_013.cs,0.26200873362445415,60,8,31,29
2866,4,baselines_work/cohorte/csharp/CODE_DIF_CS_002/CODE_DIF_CS_002.cs,71,baselines_work/cohorte/csharp/CODE_IDENT_CS_013_COPY/CODE_IDENT_CS_013.cs,0.26200873362445415,60,8,31,29
3064,3,baselines_work/cohorte/csharp/CODE_DIF_CS_005/CODE_DIF_CS_005.cs,57,baselines_work/cohorte/csharp/CODE_IDENT_CS_006/CODE_IDENT_CS_006.cs,0.2097902097902098,60,4,37,23
3065,3,baselines_work/cohorte/csharp/CODE_DIF_CS_005/CODE_DIF_CS_005.cs,56,baselines_work/cohorte/csharp/CODE_IDENT_CS_006_COPY/CODE_IDENT_CS_006.cs,0.2097902097902098,60,4,37,23
3300,7,baselines_work/cohorte/csharp/CODE_DIF_CS_009/CODE_DIF_CS_009.cs,20,baselines_work/cohorte/csharp/CODE_ESTRU_CS_007/CODE_ESTRU_CS_007.cs,0.234375,60,5,37,23
3323,7,baselines_work/cohorte/csharp/CODE_DIF_CS_009/CODE_DIF_CS_009.cs,44,baselines_work/cohorte/csharp/CODE_FUN_CS_015/CODE_FUN_CS_015.cs,0.18575851393188855,60,5,35,25
3336,7,baselines_work/cohorte/csharp/CODE_DIF_CS_009/CODE_DIF_CS_009.cs,54,baselines_work/cohorte/csharp/CODE_IDENT_CS_007/CODE_IDENT_CS_007.cs,0.234375,60,5,37,23
3337,7,baselines_work/cohorte/csharp/CODE_DIF_CS_009/CODE_DIF_CS_009.cs,58,baselines_work/cohorte/csharp/CODE_IDENT_CS_007_COPY/CODE_IDENT_CS_007.cs,0.234375,60,5,37,23
3399,11,baselines_work/cohorte/csharp/CODE_DIF_CS_010/CODE_DIF_CS_010.cs,57,baselines_work/cohorte/csharp/CODE_IDENT_CS_006/CODE_IDENT_CS_006.cs,0.17543859649122806,60,6,39,21
3400,11,baselines_work/cohorte/csharp/CODE_DIF_CS_010/CODE_DIF_CS_010.cs,56,baselines_work/cohorte/csharp/CODE_IDENT_CS_006_COPY/CODE_IDENT_CS_006.cs,0.17543859649122806,60,6,39,21
3580,10,baselines_work/cohorte/csharp/CODE_DIF_CS_013/CODE_DIF_CS_013.cs,45,baselines_work/cohorte/csharp/CODE_IDENT_CS_002/CODE_IDENT_CS_002.cs,0.1171875,60,3,48,12
3581,10,baselines_work/cohorte/csharp/CODE_DIF_CS_013/CODE_DIF_CS_013.cs,53,baselines_work/cohorte/csharp/CODE_IDENT_CS_002_COPY/CODE_IDENT_CS_002.cs,0.1171875,60,3,48,12
3611,12,baselines_work/cohorte/csharp/CODE_DIF_CS_014/CODE_DIF_CS_014.cs,15,baselines_work/cohorte/csharp/CODE_ESTRU_CS_003/CODE_ESTRU_CS_003.cs,0.1694915254237288,60,3,46,14
3921,17,baselines_work/cohorte/csharp/CODE_ESTRU_CS_004/CODE_ESTRU_CS_004.cs,35,baselines_work/cohorte/csharp/CODE_FUN_CS_008/CODE_FUN_CS_008.cs,0.13636363636363635,60,6,32,28
3926,17,baselines_work/cohorte/csharp/CODE_ESTRU_CS_004/CODE_ESTRU_CS_004.cs,40,baselines_work/cohorte/csharp/CODE_FUN_CS_013/CODE_FUN_CS_013.cs,0.14925373134328357,60,3,32,28
4022,19,baselines_work/cohorte/csharp/CODE_ESTRU_CS_006/CODE_ESTRU_CS_006.cs,26,baselines_work/cohorte/csharp/CODE_ESTRU_CS_015/CODE_ESTRU_CS_015.cs,0.3448275862068966,60,6,29,31
4113,20,baselines_work/cohorte/csharp/CODE_ESTRU_CS_007/CODE_ESTRU_CS_007.cs,69,baselines_work/cohorte/csharp/CODE_IDENT_CS_012/CODE_IDENT_CS_012.cs,0.3870967741935484,60,8,31,29
4114,20,baselines_work/cohorte/csharp/CODE_ESTRU_CS_007/CODE_ESTRU_CS_007.cs,70,baselines_work/cohorte/csharp/CODE_IDENT_CS_012_COPY/CODE_IDENT_CS_012.cs,0.3870967741935484,60,8,31,29
4141,21,baselines_work/cohorte/csharp/CODE_ESTRU_CS_008/CODE_ESTRU_CS_008.cs,47,baselines_work/cohorte/csharp/CODE_FUN_CS_014/CODE_FUN_CS_014.cs,0.26666666666666666,60,5,43,17
4188,24,baselines_work/cohorte/csharp/CODE_ESTRU_CS_009/CODE_ESTRU_CS_009.cs,41,baselines_work/cohorte/csharp/CODE_FUN_CS_010/CODE_FUN_CS_010.cs,0.31413612565445026,60,5,29,31
4239,25,baselines_work/cohorte/csharp/CODE_ESTRU_CS_010/CODE_ESTRU_CS_010.cs,42,baselines_work/cohorte/csharp/CODE_FUN_CS_011/CODE_FUN_CS_011.cs,0.2575107296137339,60,3,24,36
4252,25,baselines_work/cohorte/csharp/CODE_ESTRU_CS_010/CODE_ESTRU_CS_010.cs,51,baselines_work/cohorte/csharp/CODE_IDENT_CS_005/CODE_IDENT_CS_005.cs,0.3973509933774834,60,9,34,26
4253,25,baselines_work/cohorte/csharp/CODE_ESTRU_CS_010/CODE_ESTRU_CS_010.cs,52,baselines_work/cohorte/csharp/CODE_IDENT_CS_005_COPY/CODE_IDENT_CS_005.cs,0.3973509933774834,60,9,34,26
4285,22,baselines_work/cohorte/csharp/CODE_ESTRU_CS_011/CODE_ESTRU_CS_011.cs,35,baselines_work/cohorte/csharp/CODE_FUN_CS_008/CODE_FUN_CS_008.cs,0.22388059701492538,60,5,40,20
4365,28,baselines_work/cohorte/csharp/CODE_ESTRU_CS_012/CODE_ESTRU_CS_012.cs,66,baselines_work/cohorte/csharp/CODE_IDENT_CS_013/CODE_IDENT_CS_013.cs,0.31746031746031744,60,5,22,38
4366,28,baselines_work/cohorte/csharp/CODE_ESTRU_CS_012/CODE_ESTRU_CS_012.cs,71,baselines_work/cohorte/csharp/CODE_IDENT_CS_013_COPY/CODE_IDENT_CS_013.cs,0.31746031746031744,60,5,22,38
4424,27,baselines_work/cohorte/csharp/CODE_ESTRU_CS_014/CODE_ESTRU_CS_014.cs,38,baselines_work/cohorte/csharp/CODE_FUN_CS_006/CODE_FUN_CS_006.cs,0.3157894736842105,60,9,27,33
4469,26,baselines_work/cohorte/csharp/CODE_ESTRU_CS_015/CODE_ESTRU_CS_015.cs,38,baselines_work/cohorte/csharp/CODE_FUN_CS_006/CODE_FUN_CS_006.cs,0.2830188679245283,60,9,31,29
4471,26,baselines_work/cohorte/csharp/CODE_ESTRU_CS_015/CODE_ESTRU_CS_015.cs,35,baselines_work/cohorte/csharp/CODE_FUN_CS_008/CODE_FUN_CS_008.cs,0.22813688212927757,60,3,37,23
4477,26,baselines_work/cohorte/csharp/CODE_ESTRU_CS_015/CODE_ESTRU_CS_015.cs,47,baselines_work/cohorte/csharp/CODE_FUN_CS_014/CODE_FUN_CS_014.cs,0.28846153846153844,60,9,36,24
4754,38,baselines_work/cohorte/csharp/CODE_FUN_CS_006/CODE_FUN_CS_006.cs,68,baselines_work/cohorte/csharp/CODE_IDENT_CS_014/CODE_IDENT_CS_014.cs,0.3157894736842105,60,9,33,27
4755,38,baselines_work/cohorte/csharp/CODE_FUN_CS_006/CODE_FUN_CS_006.cs,72,baselines_work/cohorte/csharp/CODE_IDENT_CS_014_COPY/CODE_IDENT_CS_014.cs,0.3157894736842105,60,9,33,27
4890,41,baselines_work/cohorte/csharp/CODE_FUN_CS_010/CODE_FUN_CS_010.cs,60,baselines_work/cohorte/csharp/CODE_IDENT_CS_009/CODE_IDENT_CS_009.cs,0.31413612565445026,60,5,31,29
4891,41,baselines_work/cohorte/csharp/CODE_FUN_CS_010/CODE_FUN_CS_010.cs,59,baselines_work/cohorte/csharp/CODE_IDENT_CS_009_COPY/CODE_IDENT_CS_009.cs,0.31413612565445026,60,5,31,29
4926,42,baselines_work/cohorte/csharp/CODE_FUN_CS_011/CODE_FUN_CS_011.cs,67,baselines_work/cohorte/csharp/CODE_IDENT_CS_010/CODE_IDENT_CS_010.cs,0.2575107296137339,60,3,36,24
4927,42,baselines_work/cohorte/csharp/CODE_FUN_CS_011/CODE_FUN_CS_011.cs,64,baselines_work/cohorte/csharp/CODE_IDENT_CS_010_COPY/CODE_IDENT_CS_010.cs,0.2575107296137339,60,3,36,24
5269,51,baselines_work/cohorte/csharp/CODE_IDENT_CS_005/CODE_IDENT_CS_005.cs,57,baselines_work/cohorte/csharp/CODE_IDENT_CS_006/CODE_IDENT_CS_006.cs,0.49586776859504134,60,25,27,33
5270,51,baselines_work/cohorte/csharp/CODE_IDENT_CS_005/CODE_IDENT_CS_005.cs,56,baselines_work/cohorte/csharp/CODE_IDENT_CS_006_COPY/CODE_IDENT_CS_006.cs,0.49586776859504134,60,25,27,33
5277,51,baselines_work/cohorte/csharp/CODE_IDENT_CS_005/CODE_IDENT_CS_005.cs,67,baselines_work/cohorte/csharp/CODE_IDENT_CS_010/CODE_IDENT_CS_010.cs,0.3973509933774834,60,9,26,34
5278,51,baselines_work/cohorte/csharp/CODE_IDENT_CS_005/CODE_IDENT_CS_005.cs,64,baselines_work/cohorte/csharp/CODE_IDENT_CS_010_COPY/CODE_IDENT_CS_010.cs,0.3973509933774834,60,9,26,34
5289,52,baselines_work/cohorte/csharp/CODE_IDENT_CS_005_COPY/CODE_IDENT_CS_005.cs,57,baselines_work/cohorte/csharp/CODE_IDENT_CS_006/CODE_IDENT_CS_006.cs,0.49586776859504134,60,25,27,33
5290,52,baselines_work/cohorte/csharp/CODE_IDENT_CS_005_COPY/CODE_IDENT_CS_005.cs,56,baselines_work/cohorte/csharp/CODE_IDENT_CS_006_COPY/CODE_IDENT_CS_006.cs,0.49586776859504134,60,25,27,33
5297,52,baselines_work/cohorte/csharp/CODE_IDENT_CS_005_COPY/CODE_IDENT_CS_005.cs,67,baselines_work/cohorte/csharp/CODE_IDENT_CS_010/CODE_IDENT_CS_010.cs,0.3973509933774834,60,9,26,34
5298,52,baselines_work/cohorte/csharp/CODE_IDENT_CS_005_COPY/CODE_IDENT_CS_005.cs,64,baselines_work/cohorte/csharp/CODE_IDENT_CS_010_COPY/CODE_IDENT_CS_010.cs,0.3973509933774834,60,9,26,34
5355,54,baselines_work/cohorte/csharp/CODE_IDENT_CS_007/CODE_IDENT_CS_007.cs,69,baselines_work/cohorte/csharp/CODE_IDENT_CS_012/CODE_IDENT_CS_012.cs,0.3870967741935484,60,8,31,29
5356,54,baselines_work/cohorte/csharp/CODE_IDENT_CS_007/CODE_IDENT_CS_007.cs,70,baselines_work/cohorte/csharp/CODE_IDENT_CS_012_COPY/CODE_IDENT_CS_012.cs,0.3870967741935484,60,8,31,29
5371,58,baselines_work/cohorte/csharp/CODE_IDENT_CS_007_COPY/CODE_IDENT_CS_007.cs,69,baselines_work/cohorte/csharp/CODE_IDENT_CS_012/CODE_IDENT_CS_012.cs,0.3870967741935484,60,8,31,29
5372,58,baselines_work/cohorte/csharp/CODE_IDENT_CS_007_COPY/CODE_IDENT_CS_007.cs,70,baselines_work/cohorte/csharp/CODE_IDENT_CS_012_COPY/CODE_IDENT_CS_012.cs,0.3870967741935484,60,8,31,29
5487,66,baselines_work/cohorte/csharp/CODE_IDENT_CS_013/CODE_IDENT_CS_013.cs,74,baselines_work/cohorte/csharp/CODE_IDENT_CS_015/CODE_IDENT_CS_015.cs,0.3076923076923077,60,7,36,24
5488,66,baselines_work/cohorte/csharp/CODE_IDENT_CS_013/CODE_IDENT_CS_013.cs,73,baselines_work/cohorte/csharp/CODE_IDENT_CS_015_COPY/CODE_IDENT_CS_015.cs,0.3076923076923077,60,7,36,24
5491,71,baselines_work/cohorte/csharp/CODE_IDENT_CS_013_COPY/CODE_IDENT_CS_013.cs,74,baselines_work/cohorte/csharp/CODE_IDENT_CS_015/CODE_IDENT_CS_015.cs,0.3076923076923077,60,7,36,24
5492,71,baselines_work/cohorte/csharp/CODE_IDENT_CS_013_COPY/CODE_IDENT_CS_013.cs,73,baselines_work/cohorte/csharp/CODE_IDENT_CS_015_COPY/CODE_IDENT_CS_015.cs,0.3076923076923077,60,7,36,24
2758,1,baselines_work/cohorte/csharp/CODE_DIF_CS_001/CODE_DIF_CS_001.cs,38,baselines_work/cohorte/csharp/CODE_FUN_CS_006/CODE_FUN_CS_006.cs,0.2543103448275862,59,5,30,29
2839,4,baselines_work/cohorte/csharp/CODE_DIF_CS_002/CODE_DIF_CS_002.cs,47,baselines_work/cohorte/csharp/CODE_FUN_CS_014/CODE_FUN_CS_014.cs,0.23983739837398374,59,5,38,21
2851,4,baselines_work/cohorte/csharp/CODE_DIF_CS_002/CODE_DIF_CS_002.cs,57,baselines_work/cohorte/csharp/CODE_IDENT_CS_006/CODE_IDENT_CS_006.cs,0.28365384615384615,59,4,35,24
2852,4,baselines_work/cohorte/csharp/CODE_DIF_CS_002/CODE_DIF_CS_002.cs,56,baselines_work/cohorte/csharp/CODE_IDENT_CS_006_COPY/CODE_IDENT_CS_006.cs,0.28365384615384615,59,4,35,24
2959,0,baselines_work/cohorte/csharp/CODE_DIF_CS_004/CODE_DIF_CS_004.cs,19,baselines_work/cohorte/csharp/CODE_ESTRU_CS_006/CODE_ESTRU_CS_006.cs,0.11752988047808766,59,4,32,27
2964,0,baselines_work/cohorte/csharp/CODE_DIF_CS_004/CODE_DIF_CS_004.cs,22,baselines_work/cohorte/csharp/CODE_ESTRU_CS_011/CODE_ESTRU_CS_011.cs,0.1111111111111111,59,5,25,34
3028,3,baselines_work/cohorte/csharp/CODE_DIF_CS_005/CODE_DIF_CS_005.cs,18,baselines_work/cohorte/csharp/CODE_ESTRU_CS_005/CODE_ESTRU_CS_005.cs,0.21454545454545454,59,4,38,21
3045,3,baselines_work/cohorte/csharp/CODE_DIF_CS_005/CODE_DIF_CS_005.cs,34,baselines_work/cohorte/csharp/CODE_FUN_CS_007/CODE_FUN_CS_007.cs,0.1891025641025641,59,5,34,25
3121,6,baselines_work/cohorte/csharp/CODE_DIF_CS_006/CODE_DIF_CS_006.cs,47,baselines_work/cohorte/csharp/CODE_FUN_CS_014/CODE_FUN_CS_014.cs,0.1873015873015873,59,4,35,24
3129,6,baselines_work/cohorte/csharp/CODE_DIF_CS_006/CODE_DIF_CS_006.cs,50,baselines_work/cohorte/csharp/CODE_IDENT_CS_004/CODE_IDENT_CS_004.cs,0.15649867374005305,59,4,34,25
3130,6,baselines_work/cohorte/csharp/CODE_DIF_CS_006/CODE_DIF_CS_006.cs,49,baselines_work/cohorte/csharp/CODE_IDENT_CS_004_COPY/CODE_IDENT_CS_004.cs,0.15649867374005305,59,4,34,25
3360,11,baselines_work/cohorte/csharp/CODE_DIF_CS_010/CODE_DIF_CS_010.cs,16,baselines_work/cohorte/csharp/CODE_ESTRU_CS_002/CODE_ESTRU_CS_002.cs,0.1798780487804878,59,3,38,21
3397,11,baselines_work/cohorte/csharp/CODE_DIF_CS_010/CODE_DIF_CS_010.cs,51,baselines_work/cohorte/csharp/CODE_IDENT_CS_005/CODE_IDENT_CS_005.cs,0.1838006230529595,59,7,42,17
3398,11,baselines_work/cohorte/csharp/CODE_DIF_CS_010/CODE_DIF_CS_010.cs,52,baselines_work/cohorte/csharp/CODE_IDENT_CS_005_COPY/CODE_IDENT_CS_005.cs,0.1838006230529595,59,7,42,17
3516,9,baselines_work/cohorte/csharp/CODE_DIF_CS_012/CODE_DIF_CS_012.cs,43,baselines_work/cohorte/csharp/CODE_IDENT_CS_001/CODE_IDENT_CS_001.cs,0.1524547803617571,59,4,38,21
3517,9,baselines_work/cohorte/csharp/CODE_DIF_CS_012/CODE_DIF_CS_012.cs,46,baselines_work/cohorte/csharp/CODE_IDENT_CS_001_COPY/CODE_IDENT_CS_001.cs,0.1524547803617571,59,4,38,21
3928,17,baselines_work/cohorte/csharp/CODE_ESTRU_CS_004/CODE_ESTRU_CS_004.cs,44,baselines_work/cohorte/csharp/CODE_FUN_CS_015/CODE_FUN_CS_015.cs,0.14713216957605985,59,2,32,27
4033,19,baselines_work/cohorte/csharp/CODE_ESTRU_CS_006/CODE_ESTRU_CS_006.cs,42,baselines_work/cohorte/csharp/CODE_FUN_CS_011/CODE_FUN_CS_011.cs,0.28502415458937197,59,5,24,35
4086,20,baselines_work/cohorte/csharp/CODE_ESTRU_CS_007/CODE_ESTRU_CS_007.cs,42,baselines_work/cohorte/csharp/CODE_FUN_CS_011/CODE_FUN_CS_011.cs,0.3105263157894737,59,6,22,37
4236,25,baselines_work/cohorte/csharp/CODE_ESTRU_CS_010/CODE_ESTRU_CS_010.cs,35,baselines_work/cohorte/csharp/CODE_FUN_CS_008/CODE_FUN_CS_008.cs,0.22264150943396227,59,4,32,27
4335,28,baselines_work/cohorte/csharp/CODE_ESTRU_CS_012/CODE_ESTRU_CS_012.cs,41,baselines_work/cohorte/csharp/CODE_FUN_CS_010/CODE_FUN_CS_010.cs,0.2935323383084577,59,5,30,29
4383,29,baselines_work/cohorte/csharp/CODE_ESTRU_CS_013/CODE_ESTRU_CS_013.cs,42,baselines_work/cohorte/csharp/CODE_FUN_CS_011/CODE_FUN_CS_011.cs,0.271889400921659,59,3,28,31
4392,29,baselines_work/cohorte/csharp/CODE_ESTRU_CS_013/CODE_ESTRU_CS_013.cs,48,baselines_work/cohorte/csharp/CODE_IDENT_CS_003/CODE_IDENT_CS_003.cs,0.427536231884058,59,8,37,22
4393,29,baselines_work/cohorte/csharp/CODE_ESTRU_CS_013/CODE_ESTRU_CS_013.cs,55,baselines_work/cohorte/csharp/CODE_IDENT_CS_003_COPY/CODE_IDENT_CS_003.cs,0.427536231884058,59,8,37,22
4688,36,baselines_work/cohorte/csharp/CODE_FUN_CS_005/CODE_FUN_CS_005.cs,44,baselines_work/cohorte/csharp/CODE_FUN_CS_015/CODE_FUN_CS_015.cs,0.2935323383084577,59,9,20,39
4802,35,baselines_work/cohorte/csharp/CODE_FUN_CS_008/CODE_FUN_CS_008.cs,44,baselines_work/cohorte/csharp/CODE_FUN_CS_015/CODE_FUN_CS_015.cs,0.2041522491349481,59,4,26,33
4821,35,baselines_work/cohorte/csharp/CODE_FUN_CS_008/CODE_FUN_CS_008.cs,67,baselines_work/cohorte/csharp/CODE_IDENT_CS_010/CODE_IDENT_CS_010.cs,0.22264150943396227,59,4,27,32
4822,35,baselines_work/cohorte/csharp/CODE_FUN_CS_008/CODE_FUN_CS_008.cs,64,baselines_work/cohorte/csharp/CODE_IDENT_CS_010_COPY/CODE_IDENT_CS_010.cs,0.22264150943396227,59,4,27,32
4823,35,baselines_work/cohorte/csharp/CODE_FUN_CS_008/CODE_FUN_CS_008.cs,63,baselines_work/cohorte/csharp/CODE_IDENT_CS_011/CODE_IDENT_CS_011.cs,0.2209737827715356,59,5,20,39
4824,35,baselines_work/cohorte/csharp/CODE_FUN_CS_008/CODE_FUN_CS_008.cs,65,baselines_work/cohorte/csharp/CODE_IDENT_CS_011_COPY/CODE_IDENT_CS_011.cs,0.2209737827715356,59,5,20,39
4920,42,baselines_work/cohorte/csharp/CODE_FUN_CS_011/CODE_FUN_CS_011.cs,54,baselines_work/cohorte/csharp/CODE_IDENT_CS_007/CODE_IDENT_CS_007.cs,0.3105263157894737,59,6,37,22
4921,42,baselines_work/cohorte/csharp/CODE_FUN_CS_011/CODE_FUN_CS_011.cs,58,baselines_work/cohorte/csharp/CODE_IDENT_CS_007_COPY/CODE_IDENT_CS_007.cs,0.3105263157894737,59,6,37,22
2817,4,baselines_work/cohorte/csharp/CODE_DIF_CS_002/CODE_DIF_CS_002.cs,20,baselines_work/cohorte/csharp/CODE_ESTRU_CS_007/CODE_ESTRU_CS_007.cs,0.29743589743589743,58,5,35,23
2853,4,baselines_work/cohorte/csharp/CODE_DIF_CS_002/CODE_DIF_CS_002.cs,54,baselines_work/cohorte/csharp/CODE_IDENT_CS_007/CODE_IDENT_CS_007.cs,0.29743589743589743,58,5,35,23
2854,4,baselines_work/cohorte/csharp/CODE_DIF_CS_002/CODE_DIF_CS_002.cs,58,baselines_work/cohorte/csharp/CODE_IDENT_CS_007_COPY/CODE_IDENT_CS_007.cs,0.29743589743589743,58,5,35,23
3004,0,baselines_work/cohorte/csharp/CODE_DIF_CS_004/CODE_DIF_CS_004.cs,63,baselines_work/cohorte/csharp/CODE_IDENT_CS_011/CODE_IDENT_CS_011.cs,0.10943396226415095,58,5,25,33
3005,0,baselines_work/cohorte/csharp/CODE_DIF_CS_004/CODE_DIF_CS_004.cs,65,baselines_work/cohorte/csharp/CODE_IDENT_CS_011_COPY/CODE_IDENT_CS_011.cs,0.10943396226415095,58,5,25,33
3094,6,baselines_work/cohorte/csharp/CODE_DIF_CS_006/CODE_DIF_CS_006.cs,16,baselines_work/cohorte/csharp/CODE_ESTRU_CS_002/CODE_ESTRU_CS_002.cs,0.22053231939163498,58,5,34,24
3334,7,baselines_work/cohorte/csharp/CODE_DIF_CS_009/CODE_DIF_CS_009.cs,57,baselines_work/cohorte/csharp/CODE_IDENT_CS_006/CODE_IDENT_CS_006.cs,0.21561338289962825,58,4,37,21
3335,7,baselines_work/cohorte/csharp/CODE_DIF_CS_009/CODE_DIF_CS_009.cs,56,baselines_work/cohorte/csharp/CODE_IDENT_CS_006_COPY/CODE_IDENT_CS_006.cs,0.21561338289962825,58,4,37,21
3423,8,baselines_work/cohorte/csharp/CODE_DIF_CS_011/CODE_DIF_CS_011.cs,14,baselines_work/cohorte/csharp/CODE_ESTRU_CS_001/CODE_ESTRU_CS_001.cs,0.13679245283018868,58,5,36,22
3446,8,baselines_work/cohorte/csharp/CODE_DIF_CS_011/CODE_DIF_CS_011.cs,37,baselines_work/cohorte/csharp/CODE_FUN_CS_009/CODE_FUN_CS_009.cs,0.13908872901678657,58,4,38,20
3477,8,baselines_work/cohorte/csharp/CODE_DIF_CS_011/CODE_DIF_CS_011.cs,66,baselines_work/cohorte/csharp/CODE_IDENT_CS_013/CODE_IDENT_CS_013.cs,0.1411192214111922,58,13,28,30
3478,8,baselines_work/cohorte/csharp/CODE_DIF_CS_011/CODE_DIF_CS_011.cs,71,baselines_work/cohorte/csharp/CODE_IDENT_CS_013_COPY/CODE_IDENT_CS_013.cs,0.1411192214111922,58,13,28,30
3919,17,baselines_work/cohorte/csharp/CODE_ESTRU_CS_004/CODE_ESTRU_CS_004.cs,38,baselines_work/cohorte/csharp/CODE_FUN_CS_006/CODE_FUN_CS_006.cs,0.14910025706940874,58,2,32,26
4016,19,baselines_work/cohorte/csharp/CODE_ESTRU_CS_006/CODE_ESTRU_CS_006.cs,24,baselines_work/cohorte/csharp/CODE_ESTRU_CS_009/CODE_ESTRU_CS_009.cs,0.35802469135802467,58,5,33,25
4029,19,baselines_work/cohorte/csharp/CODE_ESTRU_CS_006/CODE_ESTRU_CS_006.cs,34,baselines_work/cohorte/csharp/CODE_FUN_CS_007/CODE_FUN_CS_007.cs,0.3372093023255814,58,8,33,25
4054,19,baselines_work/cohorte/csharp/CODE_ESTRU_CS_006/CODE_ESTRU_CS_006.cs,60,baselines_work/cohorte/csharp/CODE_IDENT_CS_009/CODE_IDENT_CS_009.cs,0.35802469135802467,58,5,33,25
4055,19,baselines_work/cohorte/csharp/CODE_ESTRU_CS_006/CODE_ESTRU_CS_006.cs,59,baselines_work/cohorte/csharp/CODE_IDENT_CS_009_COPY/CODE_IDENT_CS_009.cs,0.35802469135802467,58,5,33,25
4147,21,baselines_work/cohorte/csharp/CODE_ESTRU_CS_008/CODE_ESTRU_CS_008.cs,48,baselines_work/cohorte/csharp/CODE_IDENT_CS_003/CODE_IDENT_CS_003.cs,0.3431952662721893,58,9,36,22
4148,21,baselines_work/cohorte/csharp/CODE_ESTRU_CS_008/CODE_ESTRU_CS_008.cs,55,baselines_work/cohorte/csharp/CODE_IDENT_CS_003_COPY/CODE_IDENT_CS_003.cs,0.3431952662721893,58,9,36,22
4414,29,baselines_work/cohorte/csharp/CODE_ESTRU_CS_013/CODE_ESTRU_CS_013.cs,68,baselines_work/cohorte/csharp/CODE_IDENT_CS_014/CODE_IDENT_CS_014.cs,0.35802469135802467,58,7,37,21
4415,29,baselines_work/cohorte/csharp/CODE_ESTRU_CS_013/CODE_ESTRU_CS_013.cs,72,baselines_work/cohorte/csharp/CODE_IDENT_CS_014_COPY/CODE_IDENT_CS_014.cs,0.35802469135802467,58,7,37,21
2796,1,baselines_work/cohorte/csharp/CODE_DIF_CS_001/CODE_DIF_CS_001.cs,74,baselines_work/cohorte/csharp/CODE_IDENT_CS_015/CODE_IDENT_CS_015.cs,0.25675675675675674,57,5,22,35
2797,1,baselines_work/cohorte/csharp/CODE_DIF_CS_001/CODE_DIF_CS_001.cs,73,baselines_work/cohorte/csharp/CODE_IDENT_CS_015_COPY/CODE_IDENT_CS_015.cs,0.25675675675675674,57,5,22,35
3097,6,baselines_work/cohorte/csharp/CODE_DIF_CS_006/CODE_DIF_CS_006.cs,18,baselines_work/cohorte/csharp/CODE_ESTRU_CS_005/CODE_ESTRU_CS_005.cs,0.21428571428571427,57,6,33,24
3298,7,baselines_work/cohorte/csharp/CODE_DIF_CS_009/CODE_DIF_CS_009.cs,18,baselines_work/cohorte/csharp/CODE_ESTRU_CS_005/CODE_ESTRU_CS_005.cs,0.22093023255813954,57,4,37,20
3378,11,baselines_work/cohorte/csharp/CODE_DIF_CS_010/CODE_DIF_CS_010.cs,36,baselines_work/cohorte/csharp/CODE_FUN_CS_005/CODE_FUN_CS_005.cs,0.1642651296829971,57,3,37,20
3510,9,baselines_work/cohorte/csharp/CODE_DIF_CS_012/CODE_DIF_CS_012.cs,41,baselines_work/cohorte/csharp/CODE_FUN_CS_010/CODE_FUN_CS_010.cs,0.1386861313868613,57,5,39,18
3701,13,baselines_work/cohorte/csharp/CODE_DIF_CS_015/CODE_DIF_CS_015.cs,45,baselines_work/cohorte/csharp/CODE_IDENT_CS_002/CODE_IDENT_CS_002.cs,0.141439205955335,57,2,45,12
3702,13,baselines_work/cohorte/csharp/CODE_DIF_CS_015/CODE_DIF_CS_015.cs,53,baselines_work/cohorte/csharp/CODE_IDENT_CS_002_COPY/CODE_IDENT_CS_002.cs,0.141439205955335,57,2,45,12
3806,16,baselines_work/cohorte/csharp/CODE_ESTRU_CS_002/CODE_ESTRU_CS_002.cs,38,baselines_work/cohorte/csharp/CODE_FUN_CS_006/CODE_FUN_CS_006.cs,0.3352941176470588,57,9,25,32
3978,18,baselines_work/cohorte/csharp/CODE_ESTRU_CS_005/CODE_ESTRU_CS_005.cs,41,baselines_work/cohorte/csharp/CODE_FUN_CS_010/CODE_FUN_CS_010.cs,0.3475609756097561,57,10,30,27
4019,19,baselines_work/cohorte/csharp/CODE_ESTRU_CS_006/CODE_ESTRU_CS_006.cs,28,baselines_work/cohorte/csharp/CODE_ESTRU_CS_012/CODE_ESTRU_CS_012.cs,0.3313953488372093,57,5,31,26
4085,20,baselines_work/cohorte/csharp/CODE_ESTRU_CS_007/CODE_ESTRU_CS_007.cs,41,baselines_work/cohorte/csharp/CODE_FUN_CS_010/CODE_FUN_CS_010.cs,0.35185185185185186,57,10,31,26
4295,22,baselines_work/cohorte/csharp/CODE_ESTRU_CS_011/CODE_ESTRU_CS_011.cs,45,baselines_work/cohorte/csharp/CODE_IDENT_CS_002/CODE_IDENT_CS_002.cs,0.3825503355704698,57,8,37,20
4296,22,baselines_work/cohorte/csharp/CODE_ESTRU_CS_011/CODE_ESTRU_CS_011.cs,53,baselines_work/cohorte/csharp/CODE_IDENT_CS_002_COPY/CODE_IDENT_CS_002.cs,0.3825503355704698,57,8,37,20
4337,28,baselines_work/cohorte/csharp/CODE_ESTRU_CS_012/CODE_ESTRU_CS_012.cs,39,baselines_work/cohorte/csharp/CODE_FUN_CS_012/CODE_FUN_CS_012.cs,0.2638888888888889,57,7,28,29
4458,27,baselines_work/cohorte/csharp/CODE_ESTRU_CS_014/CODE_ESTRU_CS_014.cs,66,baselines_work/cohorte/csharp/CODE_IDENT_CS_013/CODE_IDENT_CS_013.cs,0.33727810650887574,57,7,21,36
4459,27,baselines_work/cohorte/csharp/CODE_ESTRU_CS_014/CODE_ESTRU_CS_014.cs,71,baselines_work/cohorte/csharp/CODE_IDENT_CS_013_COPY/CODE_IDENT_CS_013.cs,0.33727810650887574,57,7,21,36
4725,38,baselines_work/cohorte/csharp/CODE_FUN_CS_006/CODE_FUN_CS_006.cs,40,baselines_work/cohorte/csharp/CODE_FUN_CS_013/CODE_FUN_CS_013.cs,0.2384937238493724,57,4,29,28
4765,34,baselines_work/cohorte/csharp/CODE_FUN_CS_007/CODE_FUN_CS_007.cs,44,baselines_work/cohorte/csharp/CODE_FUN_CS_015/CODE_FUN_CS_015.cs,0.25675675675675674,57,7,19,38
4886,41,baselines_work/cohorte/csharp/CODE_FUN_CS_010/CODE_FUN_CS_010.cs,54,baselines_work/cohorte/csharp/CODE_IDENT_CS_007/CODE_IDENT_CS_007.cs,0.35185185185185186,57,10,26,31
4887,41,baselines_work/cohorte/csharp/CODE_FUN_CS_010/CODE_FUN_CS_010.cs,58,baselines_work/cohorte/csharp/CODE_IDENT_CS_007_COPY/CODE_IDENT_CS_007.cs,0.35185185185185186,57,10,26,31
2812,4,baselines_work/cohorte/csharp/CODE_DIF_CS_002/CODE_DIF_CS_002.cs,16,baselines_work/cohorte/csharp/CODE_ESTRU_CS_002/CODE_ESTRU_CS_002.cs,0.28865979381443296,56,4,34,22
2982,0,baselines_work/cohorte/csharp/CODE_DIF_CS_004/CODE_DIF_CS_004.cs,47,baselines_work/cohorte/csharp/CODE_FUN_CS_014/CODE_FUN_CS_014.cs,0.1044776119402985,56,4,36,20
3062,3,baselines_work/cohorte/csharp/CODE_DIF_CS_005/CODE_DIF_CS_005.cs,51,baselines_work/cohorte/csharp/CODE_IDENT_CS_005/CODE_IDENT_CS_005.cs,0.21132075471698114,56,4,38,18
3063,3,baselines_work/cohorte/csharp/CODE_DIF_CS_005/CODE_DIF_CS_005.cs,52,baselines_work/cohorte/csharp/CODE_IDENT_CS_005_COPY/CODE_IDENT_CS_005.cs,0.21132075471698114,56,4,38,18
3112,6,baselines_work/cohorte/csharp/CODE_DIF_CS_006/CODE_DIF_CS_006.cs,36,baselines_work/cohorte/csharp/CODE_FUN_CS_005/CODE_FUN_CS_005.cs,0.19858156028368795,56,6,34,22
3127,6,baselines_work/cohorte/csharp/CODE_DIF_CS_006/CODE_DIF_CS_006.cs,48,baselines_work/cohorte/csharp/CODE_IDENT_CS_003/CODE_IDENT_CS_003.cs,0.21621621621621623,56,5,33,23
3128,6,baselines_work/cohorte/csharp/CODE_DIF_CS_006/CODE_DIF_CS_006.cs,55,baselines_work/cohorte/csharp/CODE_IDENT_CS_003_COPY/CODE_IDENT_CS_003.cs,0.21621621621621623,56,5,33,23
3147,6,baselines_work/cohorte/csharp/CODE_DIF_CS_006/CODE_DIF_CS_006.cs,66,baselines_work/cohorte/csharp/CODE_IDENT_CS_013/CODE_IDENT_CS_013.cs,0.18791946308724833,56,5,23,33
3148,6,baselines_work/cohorte/csharp/CODE_DIF_CS_006/CODE_DIF_CS_006.cs,71,baselines_work/cohorte/csharp/CODE_IDENT_CS_013_COPY/CODE_IDENT_CS_013.cs,0.18791946308724833,56,5,23,33
3318,7,baselines_work/cohorte/csharp/CODE_DIF_CS_009/CODE_DIF_CS_009.cs,41,baselines_work/cohorte/csharp/CODE_FUN_CS_010/CODE_FUN_CS_010.cs,0.18543046357615894,56,4,38,18
3361,11,baselines_work/cohorte/csharp/CODE_DIF_CS_010/CODE_DIF_CS_010.cs,15,baselines_work/cohorte/csharp/CODE_ESTRU_CS_003/CODE_ESTRU_CS_003.cs,0.16374269005847952,56,2,36,20
4074,20,baselines_work/cohorte/csharp/CODE_ESTRU_CS_007/CODE_ESTRU_CS_007.cs,27,baselines_work/cohorte/csharp/CODE_ESTRU_CS_014/CODE_ESTRU_CS_014.cs,0.4148148148148148,56,7,28,28
4192,24,baselines_work/cohorte/csharp/CODE_ESTRU_CS_009/CODE_ESTRU_CS_009.cs,47,baselines_work/cohorte/csharp/CODE_FUN_CS_014/CODE_FUN_CS_014.cs,0.2857142857142857,56,7,28,28
4242,25,baselines_work/cohorte/csharp/CODE_ESTRU_CS_010/CODE_ESTRU_CS_010.cs,47,baselines_work/cohorte/csharp/CODE_FUN_CS_014/CODE_FUN_CS_014.cs,0.26666666666666666,56,9,32,24
4446,27,baselines_work/cohorte/csharp/CODE_ESTRU_CS_014/CODE_ESTRU_CS_014.cs,54,baselines_work/cohorte/csharp/CODE_IDENT_CS_007/CODE_IDENT_CS_007.cs,0.4148148148148148,56,7,28,28
4447,27,baselines_work/cohorte/csharp/CODE_ESTRU_CS_014/CODE_ESTRU_CS_014.cs,58,baselines_work/cohorte/csharp/CODE_IDENT_CS_007_COPY/CODE_IDENT_CS_007.cs,0.4148148148148148,56,7,28,28
4971,40,baselines_work/cohorte/csharp/CODE_FUN_CS_013/CODE_FUN_CS_013.cs,47,baselines_work/cohorte/csharp/CODE_FUN_CS_014/CODE_FUN_CS_014.cs,0.23829787234042554,56,4,30,26
5020,47,baselines_work/cohorte/csharp/CODE_FUN_CS_014/CODE_FUN_CS_014.cs,60,baselines_work/cohorte/csharp/CODE_IDENT_CS_009/CODE_IDENT_CS_009.cs,0.2857142857142857,56,7,28,28
5021,47,baselines_work/cohorte/csharp/CODE_FUN_CS_014/CODE_FUN_CS_014.cs,59,baselines_work/cohorte/csharp/CODE_IDENT_CS_009_COPY/CODE_IDENT_CS_009.cs,0.2857142857142857,56,7,28,28
5022,47,baselines_work/cohorte/csharp/CODE_FUN_CS_014/CODE_FUN_CS_014.cs,67,baselines_work/cohorte/csharp/CODE_IDENT_CS_010/CODE_IDENT_CS_010.cs,0.26666666666666666,56,9,24,32
5023,47,baselines_work/cohorte/csharp/CODE_FUN_CS_014/CODE_FUN_CS_014.cs,64,baselines_work/cohorte/csharp/CODE_IDENT_CS_010_COPY/CODE_IDENT_CS_010.cs,0.26666666666666666,56,9,24,32
5138,45,baselines_work/cohorte/csharp/CODE_IDENT_CS_002/CODE_IDENT_CS_002.cs,63,baselines_work/cohorte/csharp/CODE_IDENT_CS_011/CODE_IDENT_CS_011.cs,0.3783783783783784,56,8,20,36
5139,45,baselines_work/cohorte/csharp/CODE_IDENT_CS_002/CODE_IDENT_CS_002.cs,65,baselines_work/cohorte/csharp/CODE_IDENT_CS_011_COPY/CODE_IDENT_CS_011.cs,0.3783783783783784,56,8,20,36
5164,53,baselines_work/cohorte/csharp/CODE_IDENT_CS_002_COPY/CODE_IDENT_CS_002.cs,63,baselines_work/cohorte/csharp/CODE_IDENT_CS_011/CODE_IDENT_CS_011.cs,0.3783783783783784,56,8,20,36
5165,53,baselines_work/cohorte/csharp/CODE_IDENT_CS_002_COPY/CODE_IDENT_CS_002.cs,65,baselines_work/cohorte/csharp/CODE_IDENT_CS_011_COPY/CODE_IDENT_CS_011.cs,0.3783783783783784,56,8,20,36
2826,4,baselines_work/cohorte/csharp/CODE_DIF_CS_002/CODE_DIF_CS_002.cs,30,baselines_work/cohorte/csharp/CODE_FUN_CS_001/CODE_FUN_CS_001.cs,0.2422907488986784,55,5,35,20
2978,0,baselines_work/cohorte/csharp/CODE_DIF_CS_004/CODE_DIF_CS_004.cs,41,baselines_work/cohorte/csharp/CODE_FUN_CS_010/CODE_FUN_CS_010.cs,0.10357815442561205,55,4,34,21
3453,8,baselines_work/cohorte/csharp/CODE_DIF_CS_011/CODE_DIF_CS_011.cs,43,baselines_work/cohorte/csharp/CODE_IDENT_CS_001/CODE_IDENT_CS_001.cs,0.13784461152882205,55,5,36,19
3454,8,baselines_work/cohorte/csharp/CODE_DIF_CS_011/CODE_DIF_CS_011.cs,46,baselines_work/cohorte/csharp/CODE_IDENT_CS_001_COPY/CODE_IDENT_CS_001.cs,0.13784461152882205,55,5,36,19
3791,16,baselines_work/cohorte/csharp/CODE_ESTRU_CS_002/CODE_ESTRU_CS_002.cs,19,baselines_work/cohorte/csharp/CODE_ESTRU_CS_006/CODE_ESTRU_CS_006.cs,0.4166666666666667,55,8,24,31
3906,17,baselines_work/cohorte/csharp/CODE_ESTRU_CS_004/CODE_ESTRU_CS_004.cs,21,baselines_work/cohorte/csharp/CODE_ESTRU_CS_008/CODE_ESTRU_CS_008.cs,0.14030612244897958,55,7,29,26
3973,18,baselines_work/cohorte/csharp/CODE_ESTRU_CS_005/CODE_ESTRU_CS_005.cs,36,baselines_work/cohorte/csharp/CODE_FUN_CS_005/CODE_FUN_CS_005.cs,0.40441176470588236,55,8,30,25
3975,18,baselines_work/cohorte/csharp/CODE_ESTRU_CS_005/CODE_ESTRU_CS_005.cs,34,baselines_work/cohorte/csharp/CODE_FUN_CS_007/CODE_FUN_CS_007.cs,0.3503184713375796,55,8,30,25
4040,19,baselines_work/cohorte/csharp/CODE_ESTRU_CS_006/CODE_ESTRU_CS_006.cs,45,baselines_work/cohorte/csharp/CODE_IDENT_CS_002/CODE_IDENT_CS_002.cs,0.4583333333333333,55,8,31,24
4041,19,baselines_work/cohorte/csharp/CODE_ESTRU_CS_006/CODE_ESTRU_CS_006.cs,53,baselines_work/cohorte/csharp/CODE_IDENT_CS_002_COPY/CODE_IDENT_CS_002.cs,0.4583333333333333,55,8,31,24
4075,20,baselines_work/cohorte/csharp/CODE_ESTRU_CS_007/CODE_ESTRU_CS_007.cs,26,baselines_work/cohorte/csharp/CODE_ESTRU_CS_015/CODE_ESTRU_CS_015.cs,0.3503184713375796,55,6,24,31
4218,24,baselines_work/cohorte/csharp/CODE_ESTRU_CS_009/CODE_ESTRU_CS_009.cs,66,baselines_work/cohorte/csharp/CODE_IDENT_CS_013/CODE_IDENT_CS_013.cs,0.30726256983240224,55,5,18,37
4219,24,baselines_work/cohorte/csharp/CODE_ESTRU_CS_009/CODE_ESTRU_CS_009.cs,71,baselines_work/cohorte/csharp/CODE_IDENT_CS_013_COPY/CODE_IDENT_CS_013.cs,0.30726256983240224,55,5,18,37
4235,25,baselines_work/cohorte/csharp/CODE_ESTRU_CS_010/CODE_ESTRU_CS_010.cs,34,baselines_work/cohorte/csharp/CODE_FUN_CS_007/CODE_FUN_CS_007.cs,0.2777777777777778,55,6,31,24
4241,25,baselines_work/cohorte/csharp/CODE_ESTRU_CS_010/CODE_ESTRU_CS_010.cs,40,baselines_work/cohorte/csharp/CODE_FUN_CS_013/CODE_FUN_CS_013.cs,0.2422907488986784,55,2,23,32
4333,28,baselines_work/cohorte/csharp/CODE_ESTRU_CS_012/CODE_ESTRU_CS_012.cs,35,baselines_work/cohorte/csharp/CODE_FUN_CS_008/CODE_FUN_CS_008.cs,0.210727969348659,55,6,28,27
4377,29,baselines_work/cohorte/csharp/CODE_ESTRU_CS_013/CODE_ESTRU_CS_013.cs,36,baselines_work/cohorte/csharp/CODE_FUN_CS_005/CODE_FUN_CS_005.cs,0.3416149068322981,55,8,34,21
4379,29,baselines_work/cohorte/csharp/CODE_ESTRU_CS_013/CODE_ESTRU_CS_013.cs,34,baselines_work/cohorte/csharp/CODE_FUN_CS_007/CODE_FUN_CS_007.cs,0.3021978021978022,55,8,34,21
4491,26,baselines_work/cohorte/csharp/CODE_ESTRU_CS_015/CODE_ESTRU_CS_015.cs,54,baselines_work/cohorte/csharp/CODE_IDENT_CS_007/CODE_IDENT_CS_007.cs,0.3503184713375796,55,6,31,24
4492,26,baselines_work/cohorte/csharp/CODE_ESTRU_CS_015/CODE_ESTRU_CS_015.cs,58,baselines_work/cohorte/csharp/CODE_IDENT_CS_007_COPY/CODE_IDENT_CS_007.cs,0.3503184713375796,55,6,31,24
4784,34,baselines_work/cohorte/csharp/CODE_FUN_CS_007/CODE_FUN_CS_007.cs,67,baselines_work/cohorte/csharp/CODE_IDENT_CS_010/CODE_IDENT_CS_010.cs,0.2777777777777778,55,6,24,31
4785,34,baselines_work/cohorte/csharp/CODE_FUN_CS_007/CODE_FUN_CS_007.cs,64,baselines_work/cohorte/csharp/CODE_IDENT_CS_010_COPY/CODE_IDENT_CS_010.cs,0.2777777777777778,55,6,24,31
4801,35,baselines_work/cohorte/csharp/CODE_FUN_CS_008/CODE_FUN_CS_008.cs,47,baselines_work/cohorte/csharp/CODE_FUN_CS_014/CODE_FUN_CS_014.cs,0.20146520146520147,55,4,29,26
4825,35,baselines_work/cohorte/csharp/CODE_FUN_CS_008/CODE_FUN_CS_008.cs,69,baselines_work/cohorte/csharp/CODE_IDENT_CS_012/CODE_IDENT_CS_012.cs,0.210727969348659,55,6,27,28
4826,35,baselines_work/cohorte/csharp/CODE_FUN_CS_008/CODE_FUN_CS_008.cs,70,baselines_work/cohorte/csharp/CODE_IDENT_CS_012_COPY/CODE_IDENT_CS_012.cs,0.210727969348659,55,6,27,28
4834,37,baselines_work/cohorte/csharp/CODE_FUN_CS_009/CODE_FUN_CS_009.cs,42,baselines_work/cohorte/csharp/CODE_FUN_CS_011/CODE_FUN_CS_011.cs,0.2391304347826087,55,8,21,34
4938,39,baselines_work/cohorte/csharp/CODE_FUN_CS_012/CODE_FUN_CS_012.cs,40,baselines_work/cohorte/csharp/CODE_FUN_CS_013/CODE_FUN_CS_013.cs,0.22448979591836735,55,8,26,29
4991,40,baselines_work/cohorte/csharp/CODE_FUN_CS_013/CODE_FUN_CS_013.cs,67,baselines_work/cohorte/csharp/CODE_IDENT_CS_010/CODE_IDENT_CS_010.cs,0.2422907488986784,55,2,32,23
4992,40,baselines_work/cohorte/csharp/CODE_FUN_CS_013/CODE_FUN_CS_013.cs,64,baselines_work/cohorte/csharp/CODE_IDENT_CS_010_COPY/CODE_IDENT_CS_010.cs,0.2422907488986784,55,2,32,23
5415,60,baselines_work/cohorte/csharp/CODE_IDENT_CS_009/CODE_IDENT_CS_009.cs,66,baselines_work/cohorte/csharp/CODE_IDENT_CS_013/CODE_IDENT_CS_013.cs,0.30726256983240224,55,5,18,37
5416,60,baselines_work/cohorte/csharp/CODE_IDENT_CS_009/CODE_IDENT_CS_009.cs,71,baselines_work/cohorte/csharp/CODE_IDENT_CS_013_COPY/CODE_IDENT_CS_013.cs,0.30726256983240224,55,5,18,37
5427,59,baselines_work/cohorte/csharp/CODE_IDENT_CS_009_COPY/CODE_IDENT_CS_009.cs,66,baselines_work/cohorte/csharp/CODE_IDENT_CS_013/CODE_IDENT_CS_013.cs,0.30726256983240224,55,5,18,37
5428,59,baselines_work/cohorte/csharp/CODE_IDENT_CS_009_COPY/CODE_IDENT_CS_009.cs,71,baselines_work/cohorte/csharp/CODE_IDENT_CS_013_COPY/CODE_IDENT_CS_013.cs,0.30726256983240224,55,5,18,37
2813,4,baselines_work/cohorte/csharp/CODE_DIF_CS_002/CODE_DIF_CS_002.cs,15,baselines_work/cohorte/csharp/CODE_ESTRU_CS_003/CODE_ESTRU_CS_003.cs,0.25961538461538464,54,4,33,21
2832,4,baselines_work/cohorte/csharp/CODE_DIF_CS_002/CODE_DIF_CS_002.cs,34,baselines_work/cohorte/csharp/CODE_FUN_CS_007/CODE_FUN_CS_007.cs,0.23076923076923078,54,3,34,20
2966,0,baselines_work/cohorte/csharp/CODE_DIF_CS_004/CODE_DIF_CS_004.cs,29,baselines_work/cohorte/csharp/CODE_ESTRU_CS_013/CODE_ESTRU_CS_013.cs,0.10546875,54,5,25,29
2973,0,baselines_work/cohorte/csharp/CODE_DIF_CS_004/CODE_DIF_CS_004.cs,36,baselines_work/cohorte/csharp/CODE_FUN_CS_005/CODE_FUN_CS_005.cs,0.1073558648111332,54,3,34,20
2975,0,baselines_work/cohorte/csharp/CODE_DIF_CS_004/CODE_DIF_CS_004.cs,34,baselines_work/cohorte/csharp/CODE_FUN_CS_007/CODE_FUN_CS_007.cs,0.10305343511450382,54,3,34,20
3131,6,baselines_work/cohorte/csharp/CODE_DIF_CS_006/CODE_DIF_CS_006.cs,51,baselines_work/cohorte/csharp/CODE_IDENT_CS_005/CODE_IDENT_CS_005.cs,0.2109375,54,6,33,21
3132,6,baselines_work/cohorte/csharp/CODE_DIF_CS_006/CODE_DIF_CS_006.cs,52,baselines_work/cohorte/csharp/CODE_IDENT_CS_005_COPY/CODE_IDENT_CS_005.cs,0.2109375,54,6,33,21
3322,7,baselines_work/cohorte/csharp/CODE_DIF_CS_009/CODE_DIF_CS_009.cs,47,baselines_work/cohorte/csharp/CODE_FUN_CS_014/CODE_FUN_CS_014.cs,0.1758957654723127,54,5,36,18
3332,7,baselines_work/cohorte/csharp/CODE_DIF_CS_009/CODE_DIF_CS_009.cs,51,baselines_work/cohorte/csharp/CODE_IDENT_CS_005/CODE_IDENT_CS_005.cs,0.21774193548387097,54,4,37,17
3333,7,baselines_work/cohorte/csharp/CODE_DIF_CS_009/CODE_DIF_CS_009.cs,52,baselines_work/cohorte/csharp/CODE_IDENT_CS_005_COPY/CODE_IDENT_CS_005.cs,0.21774193548387097,54,4,37,17
3427,8,baselines_work/cohorte/csharp/CODE_DIF_CS_011/CODE_DIF_CS_011.cs,18,baselines_work/cohorte/csharp/CODE_ESTRU_CS_005/CODE_ESTRU_CS_005.cs,0.1424802110817942,54,4,36,18
3643,12,baselines_work/cohorte/csharp/CODE_DIF_CS_014/CODE_DIF_CS_014.cs,48,baselines_work/cohorte/csharp/CODE_IDENT_CS_003/CODE_IDENT_CS_003.cs,0.16071428571428573,54,3,41,13
3644,12,baselines_work/cohorte/csharp/CODE_DIF_CS_014/CODE_DIF_CS_014.cs,55,baselines_work/cohorte/csharp/CODE_IDENT_CS_003_COPY/CODE_IDENT_CS_003.cs,0.16071428571428573,54,3,41,13
3920,17,baselines_work/cohorte/csharp/CODE_ESTRU_CS_004/CODE_ESTRU_CS_004.cs,34,baselines_work/cohorte/csharp/CODE_FUN_CS_007/CODE_FUN_CS_007.cs,0.1447721179624665,54,2,32,22
3979,18,baselines_work/cohorte/csharp/CODE_ESTRU_CS_005/CODE_ESTRU_CS_005.cs,42,baselines_work/cohorte/csharp/CODE_FUN_CS_011/CODE_FUN_CS_011.cs,0.28125,54,5,21,33
4069,20,baselines_work/cohorte/csharp/CODE_ESTRU_CS_007/CODE_ESTRU_CS_007.cs,24,baselines_work/cohorte/csharp/CODE_ESTRU_CS_009/CODE_ESTRU_CS_009.cs,0.3724137931034483,54,5,29,25
4072,20,baselines_work/cohorte/csharp/CODE_ESTRU_CS_007/CODE_ESTRU_CS_007.cs,28,baselines_work/cohorte/csharp/CODE_ESTRU_CS_012/CODE_ESTRU_CS_012.cs,0.34838709677419355,54,5,28,26
4080,20,baselines_work/cohorte/csharp/CODE_ESTRU_CS_007/CODE_ESTRU_CS_007.cs,36,baselines_work/cohorte/csharp/CODE_FUN_CS_005/CODE_FUN_CS_005.cs,0.40298507462686567,54,8,29,25
4082,20,baselines_work/cohorte/csharp/CODE_ESTRU_CS_007/CODE_ESTRU_CS_007.cs,34,baselines_work/cohorte/csharp/CODE_FUN_CS_007/CODE_FUN_CS_007.cs,0.34838709677419355,54,8,29,25
4107,20,baselines_work/cohorte/csharp/CODE_ESTRU_CS_007/CODE_ESTRU_CS_007.cs,60,baselines_work/cohorte/csharp/CODE_IDENT_CS_009/CODE_IDENT_CS_009.cs,0.3724137931034483,54,5,29,25
4108,20,baselines_work/cohorte/csharp/CODE_ESTRU_CS_007/CODE_ESTRU_CS_007.cs,59,baselines_work/cohorte/csharp/CODE_IDENT_CS_009_COPY/CODE_IDENT_CS_009.cs,0.3724137931034483,54,5,29,25
4138,21,baselines_work/cohorte/csharp/CODE_ESTRU_CS_008/CODE_ESTRU_CS_008.cs,42,baselines_work/cohorte/csharp/CODE_FUN_CS_011/CODE_FUN_CS_011.cs,0.21774193548387097,54,2,25,29
4187,24,baselines_work/cohorte/csharp/CODE_ESTRU_CS_009/CODE_ESTRU_CS_009.cs,37,baselines_work/cohorte/csharp/CODE_FUN_CS_009/CODE_FUN_CS_009.cs,0.2918918918918919,54,7,29,25
4206,24,baselines_work/cohorte/csharp/CODE_ESTRU_CS_009/CODE_ESTRU_CS_009.cs,54,baselines_work/cohorte/csharp/CODE_IDENT_CS_007/CODE_IDENT_CS_007.cs,0.3724137931034483,54,5,25,29
4207,24,baselines_work/cohorte/csharp/CODE_ESTRU_CS_009/CODE_ESTRU_CS_009.cs,58,baselines_work/cohorte/csharp/CODE_IDENT_CS_007_COPY/CODE_IDENT_CS_007.cs,0.3724137931034483,54,5,25,29
4290,22,baselines_work/cohorte/csharp/CODE_ESTRU_CS_011/CODE_ESTRU_CS_011.cs,40,baselines_work/cohorte/csharp/CODE_FUN_CS_013/CODE_FUN_CS_013.cs,0.23478260869565218,54,2,34,20
4353,28,baselines_work/cohorte/csharp/CODE_ESTRU_CS_012/CODE_ESTRU_CS_012.cs,54,baselines_work/cohorte/csharp/CODE_IDENT_CS_007/CODE_IDENT_CS_007.cs,0.34838709677419355,54,5,26,28
4354,28,baselines_work/cohorte/csharp/CODE_ESTRU_CS_012/CODE_ESTRU_CS_012.cs,58,baselines_work/cohorte/csharp/CODE_IDENT_CS_007_COPY/CODE_IDENT_CS_007.cs,0.34838709677419355,54,5,26,28
4537,30,baselines_work/cohorte/csharp/CODE_FUN_CS_001/CODE_FUN_CS_001.cs,61,baselines_work/cohorte/csharp/CODE_IDENT_CS_008/CODE_IDENT_CS_008.cs,0.2583732057416268,54,5,18,36
4538,30,baselines_work/cohorte/csharp/CODE_FUN_CS_001/CODE_FUN_CS_001.cs,62,baselines_work/cohorte/csharp/CODE_IDENT_CS_008_COPY/CODE_IDENT_CS_008.cs,0.2583732057416268,54,5,18,36
4701,36,baselines_work/cohorte/csharp/CODE_FUN_CS_005/CODE_FUN_CS_005.cs,54,baselines_work/cohorte/csharp/CODE_IDENT_CS_007/CODE_IDENT_CS_007.cs,0.40298507462686567,54,8,25,29
4702,36,baselines_work/cohorte/csharp/CODE_FUN_CS_005/CODE_FUN_CS_005.cs,58,baselines_work/cohorte/csharp/CODE_IDENT_CS_007_COPY/CODE_IDENT_CS_007.cs,0.40298507462686567,54,8,25,29
4720,38,baselines_work/cohorte/csharp/CODE_FUN_CS_006/CODE_FUN_CS_006.cs,35,baselines_work/cohorte/csharp/CODE_FUN_CS_008/CODE_FUN_CS_008.cs,0.19494584837545126,54,4,30,24
4778,34,baselines_work/cohorte/csharp/CODE_FUN_CS_007/CODE_FUN_CS_007.cs,54,baselines_work/cohorte/csharp/CODE_IDENT_CS_007/CODE_IDENT_CS_007.cs,0.34838709677419355,54,8,25,29
4779,34,baselines_work/cohorte/csharp/CODE_FUN_CS_007/CODE_FUN_CS_007.cs,58,baselines_work/cohorte/csharp/CODE_IDENT_CS_007_COPY/CODE_IDENT_CS_007.cs,0.34838709677419355,54,8,25,29
4799,35,baselines_work/cohorte/csharp/CODE_FUN_CS_008/CODE_FUN_CS_008.cs,39,baselines_work/cohorte/csharp/CODE_FUN_CS_012/CODE_FUN_CS_012.cs,0.19081272084805653,54,7,28,26
4855,37,baselines_work/cohorte/csharp/CODE_FUN_CS_009/CODE_FUN_CS_009.cs,60,baselines_work/cohorte/csharp/CODE_IDENT_CS_009/CODE_IDENT_CS_009.cs,0.2918918918918919,54,7,25,29
4856,37,baselines_work/cohorte/csharp/CODE_FUN_CS_009/CODE_FUN_CS_009.cs,59,baselines_work/cohorte/csharp/CODE_IDENT_CS_009_COPY/CODE_IDENT_CS_009.cs,0.2918918918918919,54,7,25,29
4870,41,baselines_work/cohorte/csharp/CODE_FUN_CS_010/CODE_FUN_CS_010.cs,39,baselines_work/cohorte/csharp/CODE_FUN_CS_012/CODE_FUN_CS_012.cs,0.242152466367713,54,12,26,28
4922,42,baselines_work/cohorte/csharp/CODE_FUN_CS_011/CODE_FUN_CS_011.cs,61,baselines_work/cohorte/csharp/CODE_IDENT_CS_008/CODE_IDENT_CS_008.cs,0.2151394422310757,54,2,29,25
4923,42,baselines_work/cohorte/csharp/CODE_FUN_CS_011/CODE_FUN_CS_011.cs,62,baselines_work/cohorte/csharp/CODE_IDENT_CS_008_COPY/CODE_IDENT_CS_008.cs,0.2151394422310757,54,2,29,25
5193,48,baselines_work/cohorte/csharp/CODE_IDENT_CS_003/CODE_IDENT_CS_003.cs,66,baselines_work/cohorte/csharp/CODE_IDENT_CS_013/CODE_IDENT_CS_013.cs,0.3724137931034483,54,8,20,34
5194,48,baselines_work/cohorte/csharp/CODE_IDENT_CS_003/CODE_IDENT_CS_003.cs,71,baselines_work/cohorte/csharp/CODE_IDENT_CS_013_COPY/CODE_IDENT_CS_013.cs,0.3724137931034483,54,8,20,34
5217,55,baselines_work/cohorte/csharp/CODE_IDENT_CS_003_COPY/CODE_IDENT_CS_003.cs,66,baselines_work/cohorte/csharp/CODE_IDENT_CS_013/CODE_IDENT_CS_013.cs,0.3724137931034483,54,8,20,34
5218,55,baselines_work/cohorte/csharp/CODE_IDENT_CS_003_COPY/CODE_IDENT_CS_003.cs,71,baselines_work/cohorte/csharp/CODE_IDENT_CS_013_COPY/CODE_IDENT_CS_013.cs,0.3724137931034483,54,8,20,34
5320,57,baselines_work/cohorte/csharp/CODE_IDENT_CS_006/CODE_IDENT_CS_006.cs,69,baselines_work/cohorte/csharp/CODE_IDENT_CS_012/CODE_IDENT_CS_012.cs,0.32142857142857145,54,5,28,26
5321,57,baselines_work/cohorte/csharp/CODE_IDENT_CS_006/CODE_IDENT_CS_006.cs,70,baselines_work/cohorte/csharp/CODE_IDENT_CS_012_COPY/CODE_IDENT_CS_012.cs,0.32142857142857145,54,5,28,26
5338,56,baselines_work/cohorte/csharp/CODE_IDENT_CS_006_COPY/CODE_IDENT_CS_006.cs,69,baselines_work/cohorte/csharp/CODE_IDENT_CS_012/CODE_IDENT_CS_012.cs,0.32142857142857145,54,5,28,26
5339,56,baselines_work/cohorte/csharp/CODE_IDENT_CS_006_COPY/CODE_IDENT_CS_006.cs,70,baselines_work/cohorte/csharp/CODE_IDENT_CS_012_COPY/CODE_IDENT_CS_012.cs,0.32142857142857145,54,5,28,26
5349,54,baselines_work/cohorte/csharp/CODE_IDENT_CS_007/CODE_IDENT_CS_007.cs,60,baselines_work/cohorte/csharp/CODE_IDENT_CS_009/CODE_IDENT_CS_009.cs,0.3724137931034483,54,5,29,25
5350,54,baselines_work/cohorte/csharp/CODE_IDENT_CS_007/CODE_IDENT_CS_007.cs,59,baselines_work/cohorte/csharp/CODE_IDENT_CS_009_COPY/CODE_IDENT_CS_009.cs,0.3724137931034483,54,5,29,25
5365,58,baselines_work/cohorte/csharp/CODE_IDENT_CS_007_COPY/CODE_IDENT_CS_007.cs,60,baselines_work/cohorte/csharp/CODE_IDENT_CS_009/CODE_IDENT_CS_009.cs,0.3724137931034483,54,5,29,25
5366,58,baselines_work/cohorte/csharp/CODE_IDENT_CS_007_COPY/CODE_IDENT_CS_007.cs,59,baselines_work/cohorte/csharp/CODE_IDENT_CS_009_COPY/CODE_IDENT_CS_009.cs,0.3724137931034483,54,5,29,25
2753,1,baselines_work/cohorte/csharp/CODE_DIF_CS_001/CODE_DIF_CS_001.cs,30,baselines_work/cohorte/csharp/CODE_FUN_CS_001/CODE_FUN_CS_001.cs,0.2535885167464115,53,5,27,26
2960,0,baselines_work/cohorte/csharp/CODE_DIF_CS_004/CODE_DIF_CS_004.cs,20,baselines_work/cohorte/csharp/CODE_ESTRU_CS_007/CODE_ESTRU_CS_007.cs,0.10927835051546392,53,4,32,21
2996,0,baselines_work/cohorte/csharp/CODE_DIF_CS_004/CODE_DIF_CS_004.cs,54,baselines_work/cohorte/csharp/CODE_IDENT_CS_007/CODE_IDENT_CS_007.cs,0.10927835051546392,53,4,32,21
2997,0,baselines_work/cohorte/csharp/CODE_DIF_CS_004/CODE_DIF_CS_004.cs,58,baselines_work/cohorte/csharp/CODE_IDENT_CS_007_COPY/CODE_IDENT_CS_007.cs,0.10927835051546392,53,4,32,21
3294,7,baselines_work/cohorte/csharp/CODE_DIF_CS_009/CODE_DIF_CS_009.cs,14,baselines_work/cohorte/csharp/CODE_ESTRU_CS_001/CODE_ESTRU_CS_001.cs,0.17491749174917492,53,6,31,22
3321,7,baselines_work/cohorte/csharp/CODE_DIF_CS_009/CODE_DIF_CS_009.cs,40,baselines_work/cohorte/csharp/CODE_FUN_CS_013/CODE_FUN_CS_013.cs,0.16358024691358025,53,3,31,22
3487,9,baselines_work/cohorte/csharp/CODE_DIF_CS_012/CODE_DIF_CS_012.cs,16,baselines_work/cohorte/csharp/CODE_ESTRU_CS_002/CODE_ESTRU_CS_002.cs,0.14560439560439561,53,4,37,16
3488,9,baselines_work/cohorte/csharp/CODE_DIF_CS_012/CODE_DIF_CS_012.cs,15,baselines_work/cohorte/csharp/CODE_ESTRU_CS_003/CODE_ESTRU_CS_003.cs,0.1402116402116402,53,2,36,17
3764,14,baselines_work/cohorte/csharp/CODE_ESTRU_CS_001/CODE_ESTRU_CS_001.cs,50,baselines_work/cohorte/csharp/CODE_IDENT_CS_004/CODE_IDENT_CS_004.cs,0.19202898550724637,53,8,27,26
3765,14,baselines_work/cohorte/csharp/CODE_ESTRU_CS_001/CODE_ESTRU_CS_001.cs,49,baselines_work/cohorte/csharp/CODE_IDENT_CS_004_COPY/CODE_IDENT_CS_004.cs,0.19202898550724637,53,8,27,26
3792,16,baselines_work/cohorte/csharp/CODE_ESTRU_CS_002/CODE_ESTRU_CS_002.cs,20,baselines_work/cohorte/csharp/CODE_ESTRU_CS_007/CODE_ESTRU_CS_007.cs,0.4608695652173913,53,8,25,28
3828,16,baselines_work/cohorte/csharp/CODE_ESTRU_CS_002/CODE_ESTRU_CS_002.cs,54,baselines_work/cohorte/csharp/CODE_IDENT_CS_007/CODE_IDENT_CS_007.cs,0.4608695652173913,53,8,25,28
3829,16,baselines_work/cohorte/csharp/CODE_ESTRU_CS_002/CODE_ESTRU_CS_002.cs,58,baselines_work/cohorte/csharp/CODE_IDENT_CS_007_COPY/CODE_IDENT_CS_007.cs,0.4608695652173913,53,8,25,28
3848,15,baselines_work/cohorte/csharp/CODE_ESTRU_CS_003/CODE_ESTRU_CS_003.cs,19,baselines_work/cohorte/csharp/CODE_ESTRU_CS_006/CODE_ESTRU_CS_006.cs,0.363013698630137,53,8,23,30
3857,15,baselines_work/cohorte/csharp/CODE_ESTRU_CS_003/CODE_ESTRU_CS_003.cs,26,baselines_work/cohorte/csharp/CODE_ESTRU_CS_015/CODE_ESTRU_CS_015.cs,0.31176470588235294,53,4,19,34
4145,21,baselines_work/cohorte/csharp/CODE_ESTRU_CS_008/CODE_ESTRU_CS_008.cs,45,baselines_work/cohorte/csharp/CODE_IDENT_CS_002/CODE_IDENT_CS_002.cs,0.32919254658385094,53,9,32,21
4146,21,baselines_work/cohorte/csharp/CODE_ESTRU_CS_008/CODE_ESTRU_CS_008.cs,53,baselines_work/cohorte/csharp/CODE_IDENT_CS_002_COPY/CODE_IDENT_CS_002.cs,0.32919254658385094,53,9,32,21
4186,24,baselines_work/cohorte/csharp/CODE_ESTRU_CS_009/CODE_ESTRU_CS_009.cs,35,baselines_work/cohorte/csharp/CODE_FUN_CS_008/CODE_FUN_CS_008.cs,0.21115537848605578,53,4,26,27
4340,28,baselines_work/cohorte/csharp/CODE_ESTRU_CS_012/CODE_ESTRU_CS_012.cs,44,baselines_work/cohorte/csharp/CODE_FUN_CS_015/CODE_FUN_CS_015.cs,0.23873873873873874,53,5,24,29
4380,29,baselines_work/cohorte/csharp/CODE_ESTRU_CS_013/CODE_ESTRU_CS_013.cs,35,baselines_work/cohorte/csharp/CODE_FUN_CS_008/CODE_FUN_CS_008.cs,0.21285140562248997,53,5,33,20
4444,27,baselines_work/cohorte/csharp/CODE_ESTRU_CS_014/CODE_ESTRU_CS_014.cs,57,baselines_work/cohorte/csharp/CODE_IDENT_CS_006/CODE_IDENT_CS_006.cs,0.3581081081081081,53,11,26,27
4445,27,baselines_work/cohorte/csharp/CODE_ESTRU_CS_014/CODE_ESTRU_CS_014.cs,56,baselines_work/cohorte/csharp/CODE_IDENT_CS_006_COPY/CODE_IDENT_CS_006.cs,0.3581081081081081,53,11,26,27
4470,26,baselines_work/cohorte/csharp/CODE_ESTRU_CS_015/CODE_ESTRU_CS_015.cs,34,baselines_work/cohorte/csharp/CODE_FUN_CS_007/CODE_FUN_CS_007.cs,0.27040816326530615,53,5,34,19
4819,35,baselines_work/cohorte/csharp/CODE_FUN_CS_008/CODE_FUN_CS_008.cs,60,baselines_work/cohorte/csharp/CODE_IDENT_CS_009/CODE_IDENT_CS_009.cs,0.21115537848605578,53,4,27,26
4820,35,baselines_work/cohorte/csharp/CODE_FUN_CS_008/CODE_FUN_CS_008.cs,59,baselines_work/cohorte/csharp/CODE_IDENT_CS_009_COPY/CODE_IDENT_CS_009.cs,0.21115537848605578,53,4,27,26
4827,35,baselines_work/cohorte/csharp/CODE_FUN_CS_008/CODE_FUN_CS_008.cs,66,baselines_work/cohorte/csharp/CODE_IDENT_CS_013/CODE_IDENT_CS_013.cs,0.20703125,53,5,19,34
4828,35,baselines_work/cohorte/csharp/CODE_FUN_CS_008/CODE_FUN_CS_008.cs,71,baselines_work/cohorte/csharp/CODE_IDENT_CS_013_COPY/CODE_IDENT_CS_013.cs,0.20703125,53,5,19,34
4878,41,baselines_work/cohorte/csharp/CODE_FUN_CS_010/CODE_FUN_CS_010.cs,48,baselines_work/cohorte/csharp/CODE_IDENT_CS_003/CODE_IDENT_CS_003.cs,0.3375796178343949,53,9,29,24
4879,41,baselines_work/cohorte/csharp/CODE_FUN_CS_010/CODE_FUN_CS_010.cs,55,baselines_work/cohorte/csharp/CODE_IDENT_CS_003_COPY/CODE_IDENT_CS_003.cs,0.3375796178343949,53,9,29,24
4932,42,baselines_work/cohorte/csharp/CODE_FUN_CS_011/CODE_FUN_CS_011.cs,66,baselines_work/cohorte/csharp/CODE_IDENT_CS_013/CODE_IDENT_CS_013.cs,0.23660714285714285,53,3,28,25
4933,42,baselines_work/cohorte/csharp/CODE_FUN_CS_011/CODE_FUN_CS_011.cs,71,baselines_work/cohorte/csharp/CODE_IDENT_CS_013_COPY/CODE_IDENT_CS_013.cs,0.23660714285714285,53,3,28,25
4993,40,baselines_work/cohorte/csharp/CODE_FUN_CS_013/CODE_FUN_CS_013.cs,63,baselines_work/cohorte/csharp/CODE_IDENT_CS_011/CODE_IDENT_CS_011.cs,0.2314410480349345,53,2,20,33
4994,40,baselines_work/cohorte/csharp/CODE_FUN_CS_013/CODE_FUN_CS_013.cs,65,baselines_work/cohorte/csharp/CODE_IDENT_CS_011_COPY/CODE_IDENT_CS_011.cs,0.2314410480349345,53,2,20,33
5018,47,baselines_work/cohorte/csharp/CODE_FUN_CS_014/CODE_FUN_CS_014.cs,61,baselines_work/cohorte/csharp/CODE_IDENT_CS_008/CODE_IDENT_CS_008.cs,0.2324561403508772,53,5,16,37
5019,47,baselines_work/cohorte/csharp/CODE_FUN_CS_014/CODE_FUN_CS_014.cs,62,baselines_work/cohorte/csharp/CODE_IDENT_CS_008_COPY/CODE_IDENT_CS_008.cs,0.2324561403508772,53,5,16,37
5056,44,baselines_work/cohorte/csharp/CODE_FUN_CS_015/CODE_FUN_CS_015.cs,69,baselines_work/cohorte/csharp/CODE_IDENT_CS_012/CODE_IDENT_CS_012.cs,0.23873873873873874,53,5,29,24
5057,44,baselines_work/cohorte/csharp/CODE_FUN_CS_015/CODE_FUN_CS_015.cs,70,baselines_work/cohorte/csharp/CODE_IDENT_CS_012_COPY/CODE_IDENT_CS_012.cs,0.23873873873873874,53,5,29,24
5132,45,baselines_work/cohorte/csharp/CODE_IDENT_CS_002/CODE_IDENT_CS_002.cs,61,baselines_work/cohorte/csharp/CODE_IDENT_CS_008/CODE_IDENT_CS_008.cs,0.3231707317073171,53,9,21,32
5133,45,baselines_work/cohorte/csharp/CODE_IDENT_CS_002/CODE_IDENT_CS_002.cs,62,baselines_work/cohorte/csharp/CODE_IDENT_CS_008_COPY/CODE_IDENT_CS_008.cs,0.3231707317073171,53,9,21,32
5158,53,baselines_work/cohorte/csharp/CODE_IDENT_CS_002_COPY/CODE_IDENT_CS_002.cs,61,baselines_work/cohorte/csharp/CODE_IDENT_CS_008/CODE_IDENT_CS_008.cs,0.3231707317073171,53,9,21,32
5159,53,baselines_work/cohorte/csharp/CODE_IDENT_CS_002_COPY/CODE_IDENT_CS_002.cs,62,baselines_work/cohorte/csharp/CODE_IDENT_CS_008_COPY/CODE_IDENT_CS_008.cs,0.3231707317073171,53,9,21,32
2815,4,baselines_work/cohorte/csharp/CODE_DIF_CS_002/CODE_DIF_CS_002.cs,18,baselines_work/cohorte/csharp/CODE_ESTRU_CS_005/CODE_ESTRU_CS_005.cs,0.2639593908629442,52,4,34,18
2829,4,baselines_work/cohorte/csharp/CODE_DIF_CS_002/CODE_DIF_CS_002.cs,32,baselines_work/cohorte/csharp/CODE_FUN_CS_004/CODE_FUN_CS_004.cs,0.15615615615615616,52,5,32,20
2899,2,baselines_work/cohorte/csharp/CODE_DIF_CS_003/CODE_DIF_CS_003.cs,33,baselines_work/cohorte/csharp/CODE_FUN_CS_002/CODE_FUN_CS_002.cs,0.143646408839779,52,2,43,9
3095,6,baselines_work/cohorte/csharp/CODE_DIF_CS_006/CODE_DIF_CS_006.cs,15,baselines_work/cohorte/csharp/CODE_ESTRU_CS_003/CODE_ESTRU_CS_003.cs,0.18772563176895307,52,5,30,22
3317,7,baselines_work/cohorte/csharp/CODE_DIF_CS_009/CODE_DIF_CS_009.cs,37,baselines_work/cohorte/csharp/CODE_FUN_CS_009/CODE_FUN_CS_009.cs,0.17567567567567569,52,5,35,17
3382,11,baselines_work/cohorte/csharp/CODE_DIF_CS_010/CODE_DIF_CS_010.cs,37,baselines_work/cohorte/csharp/CODE_FUN_CS_009/CODE_FUN_CS_009.cs,0.14092140921409213,52,4,35,17
3429,8,baselines_work/cohorte/csharp/CODE_DIF_CS_011/CODE_DIF_CS_011.cs,20,baselines_work/cohorte/csharp/CODE_ESTRU_CS_007/CODE_ESTRU_CS_007.cs,0.13793103448275862,52,5,33,19
3465,8,baselines_work/cohorte/csharp/CODE_DIF_CS_011/CODE_DIF_CS_011.cs,54,baselines_work/cohorte/csharp/CODE_IDENT_CS_007/CODE_IDENT_CS_007.cs,0.13793103448275862,52,5,33,19
3466,8,baselines_work/cohorte/csharp/CODE_DIF_CS_011/CODE_DIF_CS_011.cs,58,baselines_work/cohorte/csharp/CODE_IDENT_CS_007_COPY/CODE_IDENT_CS_007.cs,0.13793103448275862,52,5,33,19
3635,12,baselines_work/cohorte/csharp/CODE_DIF_CS_014/CODE_DIF_CS_014.cs,39,baselines_work/cohorte/csharp/CODE_FUN_CS_012/CODE_FUN_CS_012.cs,0.12935323383084577,52,3,34,18
3641,12,baselines_work/cohorte/csharp/CODE_DIF_CS_014/CODE_DIF_CS_014.cs,45,baselines_work/cohorte/csharp/CODE_IDENT_CS_002/CODE_IDENT_CS_002.cs,0.15853658536585366,52,2,40,12
3642,12,baselines_work/cohorte/csharp/CODE_DIF_CS_014/CODE_DIF_CS_014.cs,53,baselines_work/cohorte/csharp/CODE_IDENT_CS_002_COPY/CODE_IDENT_CS_002.cs,0.15853658536585366,52,2,40,12
3849,15,baselines_work/cohorte/csharp/CODE_ESTRU_CS_003/CODE_ESTRU_CS_003.cs,20,baselines_work/cohorte/csharp/CODE_ESTRU_CS_007/CODE_ESTRU_CS_007.cs,0.40310077519379844,52,8,26,26
3863,15,baselines_work/cohorte/csharp/CODE_ESTRU_CS_003/CODE_ESTRU_CS_003.cs,38,baselines_work/cohorte/csharp/CODE_FUN_CS_006/CODE_FUN_CS_006.cs,0.2826086956521739,52,9,23,29
3885,15,baselines_work/cohorte/csharp/CODE_ESTRU_CS_003/CODE_ESTRU_CS_003.cs,54,baselines_work/cohorte/csharp/CODE_IDENT_CS_007/CODE_IDENT_CS_007.cs,0.40310077519379844,52,8,26,26
3886,15,baselines_work/cohorte/csharp/CODE_ESTRU_CS_003/CODE_ESTRU_CS_003.cs,58,baselines_work/cohorte/csharp/CODE_IDENT_CS_007_COPY/CODE_IDENT_CS_007.cs,0.40310077519379844,52,8,26,26
4042,19,baselines_work/cohorte/csharp/CODE_ESTRU_CS_006/CODE_ESTRU_CS_006.cs,48,baselines_work/cohorte/csharp/CODE_IDENT_CS_003/CODE_IDENT_CS_003.cs,0.40625,52,8,29,23
4043,19,baselines_work/cohorte/csharp/CODE_ESTRU_CS_006/CODE_ESTRU_CS_006.cs,55,baselines_work/cohorte/csharp/CODE_IDENT_CS_003_COPY/CODE_IDENT_CS_003.cs,0.40625,52,8,29,23
4292,22,baselines_work/cohorte/csharp/CODE_ESTRU_CS_011/CODE_ESTRU_CS_011.cs,44,baselines_work/cohorte/csharp/CODE_FUN_CS_015/CODE_FUN_CS_015.cs,0.22707423580786026,52,5,33,19
4334,28,baselines_work/cohorte/csharp/CODE_ESTRU_CS_012/CODE_ESTRU_CS_012.cs,37,baselines_work/cohorte/csharp/CODE_FUN_CS_009/CODE_FUN_CS_009.cs,0.26666666666666666,52,6,29,23
4697,36,baselines_work/cohorte/csharp/CODE_FUN_CS_005/CODE_FUN_CS_005.cs,51,baselines_work/cohorte/csharp/CODE_IDENT_CS_005/CODE_IDENT_CS_005.cs,0.4126984126984127,52,8,26,26
4698,36,baselines_work/cohorte/csharp/CODE_FUN_CS_005/CODE_FUN_CS_005.cs,52,baselines_work/cohorte/csharp/CODE_IDENT_CS_005_COPY/CODE_IDENT_CS_005.cs,0.4126984126984127,52,8,26,26
4861,37,baselines_work/cohorte/csharp/CODE_FUN_CS_009/CODE_FUN_CS_009.cs,69,baselines_work/cohorte/csharp/CODE_IDENT_CS_012/CODE_IDENT_CS_012.cs,0.26666666666666666,52,6,23,29
4862,37,baselines_work/cohorte/csharp/CODE_FUN_CS_009/CODE_FUN_CS_009.cs,70,baselines_work/cohorte/csharp/CODE_IDENT_CS_012_COPY/CODE_IDENT_CS_012.cs,0.26666666666666666,52,6,23,29
4916,42,baselines_work/cohorte/csharp/CODE_FUN_CS_011/CODE_FUN_CS_011.cs,51,baselines_work/cohorte/csharp/CODE_IDENT_CS_005/CODE_IDENT_CS_005.cs,0.2857142857142857,52,5,35,17
4917,42,baselines_work/cohorte/csharp/CODE_FUN_CS_011/CODE_FUN_CS_011.cs,52,baselines_work/cohorte/csharp/CODE_IDENT_CS_005_COPY/CODE_IDENT_CS_005.cs,0.2857142857142857,52,5,35,17
5326,57,baselines_work/cohorte/csharp/CODE_IDENT_CS_006/CODE_IDENT_CS_006.cs,74,baselines_work/cohorte/csharp/CODE_IDENT_CS_015/CODE_IDENT_CS_015.cs,0.2988505747126437,52,6,25,27
5327,57,baselines_work/cohorte/csharp/CODE_IDENT_CS_006/CODE_IDENT_CS_006.cs,73,baselines_work/cohorte/csharp/CODE_IDENT_CS_015_COPY/CODE_IDENT_CS_015.cs,0.2988505747126437,52,6,25,27
5344,56,baselines_work/cohorte/csharp/CODE_IDENT_CS_006_COPY/CODE_IDENT_CS_006.cs,74,baselines_work/cohorte/csharp/CODE_IDENT_CS_015/CODE_IDENT_CS_015.cs,0.2988505747126437,52,6,25,27
5345,56,baselines_work/cohorte/csharp/CODE_IDENT_CS_006_COPY/CODE_IDENT_CS_006.cs,73,baselines_work/cohorte/csharp/CODE_IDENT_CS_015_COPY/CODE_IDENT_CS_015.cs,0.2988505747126437,52,6,25,27
5485,66,baselines_work/cohorte/csharp/CODE_IDENT_CS_013/CODE_IDENT_CS_013.cs,68,baselines_work/cohorte/csharp/CODE_IDENT_CS_014/CODE_IDENT_CS_014.cs,0.3076923076923077,52,7,34,18
5486,66,baselines_work/cohorte/csharp/CODE_IDENT_CS_013/CODE_IDENT_CS_013.cs,72,baselines_work/cohorte/csharp/CODE_IDENT_CS_014_COPY/CODE_IDENT_CS_014.cs,0.3076923076923077,52,7,34,18
5489,71,baselines_work/cohorte/csharp/CODE_IDENT_CS_013_COPY/CODE_IDENT_CS_013.cs,68,baselines_work/cohorte/csharp/CODE_IDENT_CS_014/CODE_IDENT_CS_014.cs,0.3076923076923077,52,7,34,18
5490,71,baselines_work/cohorte/csharp/CODE_IDENT_CS_013_COPY/CODE_IDENT_CS_013.cs,72,baselines_work/cohorte/csharp/CODE_IDENT_CS_014_COPY/CODE_IDENT_CS_014.cs,0.3076923076923077,52,7,34,18
3025,3,baselines_work/cohorte/csharp/CODE_DIF_CS_005/CODE_DIF_CS_005.cs,16,baselines_work/cohorte/csharp/CODE_ESTRU_CS_002/CODE_ESTRU_CS_002.cs,0.1875,51,5,33,18
3043,3,baselines_work/cohorte/csharp/CODE_DIF_CS_005/CODE_DIF_CS_005.cs,36,baselines_work/cohorte/csharp/CODE_FUN_CS_005/CODE_FUN_CS_005.cs,0.17525773195876287,51,5,30,21
3119,6,baselines_work/cohorte/csharp/CODE_DIF_CS_006/CODE_DIF_CS_006.cs,39,baselines_work/cohorte/csharp/CODE_FUN_CS_012/CODE_FUN_CS_012.cs,0.15692307692307692,51,4,27,24
3315,7,baselines_work/cohorte/csharp/CODE_DIF_CS_009/CODE_DIF_CS_009.cs,34,baselines_work/cohorte/csharp/CODE_FUN_CS_007/CODE_FUN_CS_007.cs,0.17288135593220338,51,3,31,20
3461,8,baselines_work/cohorte/csharp/CODE_DIF_CS_011/CODE_DIF_CS_011.cs,51,baselines_work/cohorte/csharp/CODE_IDENT_CS_005/CODE_IDENT_CS_005.cs,0.13821138211382114,51,4,36,15
3462,8,baselines_work/cohorte/csharp/CODE_DIF_CS_011/CODE_DIF_CS_011.cs,52,baselines_work/cohorte/csharp/CODE_IDENT_CS_005_COPY/CODE_IDENT_CS_005.cs,0.13821138211382114,51,4,36,15
3790,16,baselines_work/cohorte/csharp/CODE_ESTRU_CS_002/CODE_ESTRU_CS_002.cs,18,baselines_work/cohorte/csharp/CODE_ESTRU_CS_005/CODE_ESTRU_CS_005.cs,0.4358974358974359,51,8,25,26
3943,17,baselines_work/cohorte/csharp/CODE_ESTRU_CS_004/CODE_ESTRU_CS_004.cs,61,baselines_work/cohorte/csharp/CODE_IDENT_CS_008/CODE_IDENT_CS_008.cs,0.1291139240506329,51,7,28,23
3944,17,baselines_work/cohorte/csharp/CODE_ESTRU_CS_004/CODE_ESTRU_CS_004.cs,62,baselines_work/cohorte/csharp/CODE_IDENT_CS_008_COPY/CODE_IDENT_CS_008.cs,0.1291139240506329,51,7,28,23
3965,18,baselines_work/cohorte/csharp/CODE_ESTRU_CS_005/CODE_ESTRU_CS_005.cs,28,baselines_work/cohorte/csharp/CODE_ESTRU_CS_012/CODE_ESTRU_CS_012.cs,0.3248407643312102,51,5,26,25
4006,18,baselines_work/cohorte/csharp/CODE_ESTRU_CS_005/CODE_ESTRU_CS_005.cs,69,baselines_work/cohorte/csharp/CODE_IDENT_CS_012/CODE_IDENT_CS_012.cs,0.3248407643312102,51,5,26,25
4007,18,baselines_work/cohorte/csharp/CODE_ESTRU_CS_005/CODE_ESTRU_CS_005.cs,70,baselines_work/cohorte/csharp/CODE_IDENT_CS_012_COPY/CODE_IDENT_CS_012.cs,0.3248407643312102,51,5,26,25
4117,20,baselines_work/cohorte/csharp/CODE_ESTRU_CS_007/CODE_ESTRU_CS_007.cs,68,baselines_work/cohorte/csharp/CODE_IDENT_CS_014/CODE_IDENT_CS_014.cs,0.37777777777777777,51,6,26,25
4118,20,baselines_work/cohorte/csharp/CODE_ESTRU_CS_007/CODE_ESTRU_CS_007.cs,72,baselines_work/cohorte/csharp/CODE_IDENT_CS_014_COPY/CODE_IDENT_CS_014.cs,0.37777777777777777,51,6,26,25
4331,28,baselines_work/cohorte/csharp/CODE_ESTRU_CS_012/CODE_ESTRU_CS_012.cs,38,baselines_work/cohorte/csharp/CODE_FUN_CS_006/CODE_FUN_CS_006.cs,0.24285714285714285,51,5,23,28
4426,27,baselines_work/cohorte/csharp/CODE_ESTRU_CS_014/CODE_ESTRU_CS_014.cs,35,baselines_work/cohorte/csharp/CODE_FUN_CS_008/CODE_FUN_CS_008.cs,0.21161825726141079,51,4,27,24
4750,38,baselines_work/cohorte/csharp/CODE_FUN_CS_006/CODE_FUN_CS_006.cs,69,baselines_work/cohorte/csharp/CODE_IDENT_CS_012/CODE_IDENT_CS_012.cs,0.24285714285714285,51,5,28,23
4751,38,baselines_work/cohorte/csharp/CODE_FUN_CS_006/CODE_FUN_CS_006.cs,70,baselines_work/cohorte/csharp/CODE_IDENT_CS_012_COPY/CODE_IDENT_CS_012.cs,0.24285714285714285,51,5,28,23
4763,34,baselines_work/cohorte/csharp/CODE_FUN_CS_007/CODE_FUN_CS_007.cs,40,baselines_work/cohorte/csharp/CODE_FUN_CS_013/CODE_FUN_CS_013.cs,0.22869955156950672,51,5,24,27
4770,34,baselines_work/cohorte/csharp/CODE_FUN_CS_007/CODE_FUN_CS_007.cs,48,baselines_work/cohorte/csharp/CODE_IDENT_CS_003/CODE_IDENT_CS_003.cs,0.34,51,9,25,26
4771,34,baselines_work/cohorte/csharp/CODE_FUN_CS_007/CODE_FUN_CS_007.cs,55,baselines_work/cohorte/csharp/CODE_IDENT_CS_003_COPY/CODE_IDENT_CS_003.cs,0.34,51,9,25,26
4790,34,baselines_work/cohorte/csharp/CODE_FUN_CS_007/CODE_FUN_CS_007.cs,66,baselines_work/cohorte/csharp/CODE_IDENT_CS_013/CODE_IDENT_CS_013.cs,0.2698412698412698,51,8,20,31
4791,34,baselines_work/cohorte/csharp/CODE_FUN_CS_007/CODE_FUN_CS_007.cs,71,baselines_work/cohorte/csharp/CODE_IDENT_CS_013_COPY/CODE_IDENT_CS_013.cs,0.2698412698412698,51,8,20,31
4829,35,baselines_work/cohorte/csharp/CODE_FUN_CS_008/CODE_FUN_CS_008.cs,68,baselines_work/cohorte/csharp/CODE_IDENT_CS_014/CODE_IDENT_CS_014.cs,0.21161825726141079,51,4,24,27
4830,35,baselines_work/cohorte/csharp/CODE_FUN_CS_008/CODE_FUN_CS_008.cs,72,baselines_work/cohorte/csharp/CODE_IDENT_CS_014_COPY/CODE_IDENT_CS_014.cs,0.21161825726141079,51,4,24,27
4833,37,baselines_work/cohorte/csharp/CODE_FUN_CS_009/CODE_FUN_CS_009.cs,41,baselines_work/cohorte/csharp/CODE_FUN_CS_010/CODE_FUN_CS_010.cs,0.2524752475247525,51,12,26,25
4865,37,baselines_work/cohorte/csharp/CODE_FUN_CS_009/CODE_FUN_CS_009.cs,68,baselines_work/cohorte/csharp/CODE_IDENT_CS_014/CODE_IDENT_CS_014.cs,0.2914285714285714,51,9,24,27
4866,37,baselines_work/cohorte/csharp/CODE_FUN_CS_009/CODE_FUN_CS_009.cs,72,baselines_work/cohorte/csharp/CODE_IDENT_CS_014_COPY/CODE_IDENT_CS_014.cs,0.2914285714285714,51,9,24,27
4882,41,baselines_work/cohorte/csharp/CODE_FUN_CS_010/CODE_FUN_CS_010.cs,51,baselines_work/cohorte/csharp/CODE_IDENT_CS_005/CODE_IDENT_CS_005.cs,0.33116883116883117,51,10,26,25
4883,41,baselines_work/cohorte/csharp/CODE_FUN_CS_010/CODE_FUN_CS_010.cs,52,baselines_work/cohorte/csharp/CODE_IDENT_CS_005_COPY/CODE_IDENT_CS_005.cs,0.33116883116883117,51,10,26,25
4884,41,baselines_work/cohorte/csharp/CODE_FUN_CS_010/CODE_FUN_CS_010.cs,57,baselines_work/cohorte/csharp/CODE_IDENT_CS_006/CODE_IDENT_CS_006.cs,0.2914285714285714,51,10,22,29
4885,41,baselines_work/cohorte/csharp/CODE_FUN_CS_010/CODE_FUN_CS_010.cs,56,baselines_work/cohorte/csharp/CODE_IDENT_CS_006_COPY/CODE_IDENT_CS_006.cs,0.2914285714285714,51,10,22,29
5054,44,baselines_work/cohorte/csharp/CODE_FUN_CS_015/CODE_FUN_CS_015.cs,63,baselines_work/cohorte/csharp/CODE_IDENT_CS_011/CODE_IDENT_CS_011.cs,0.2236842105263158,51,5,19,32
5055,44,baselines_work/cohorte/csharp/CODE_FUN_CS_015/CODE_FUN_CS_015.cs,65,baselines_work/cohorte/csharp/CODE_IDENT_CS_011_COPY/CODE_IDENT_CS_011.cs,0.2236842105263158,51,5,19,32
5359,54,baselines_work/cohorte/csharp/CODE_IDENT_CS_007/CODE_IDENT_CS_007.cs,68,baselines_work/cohorte/csharp/CODE_IDENT_CS_014/CODE_IDENT_CS_014.cs,0.37777777777777777,51,6,26,25
5360,54,baselines_work/cohorte/csharp/CODE_IDENT_CS_007/CODE_IDENT_CS_007.cs,72,baselines_work/cohorte/csharp/CODE_IDENT_CS_014_COPY/CODE_IDENT_CS_014.cs,0.37777777777777777,51,6,26,25
5375,58,baselines_work/cohorte/csharp/CODE_IDENT_CS_007_COPY/CODE_IDENT_CS_007.cs,68,baselines_work/cohorte/csharp/CODE_IDENT_CS_014/CODE_IDENT_CS_014.cs,0.37777777777777777,51,6,26,25
5376,58,baselines_work/cohorte/csharp/CODE_IDENT_CS_007_COPY/CODE_IDENT_CS_007.cs,72,baselines_work/cohorte/csharp/CODE_IDENT_CS_014_COPY/CODE_IDENT_CS_014.cs,0.37777777777777777,51,6,26,25
2849,4,baselines_work/cohorte/csharp/CODE_DIF_CS_002/CODE_DIF_CS_002.cs,51,baselines_work/cohorte/csharp/CODE_IDENT_CS_005/CODE_IDENT_CS_005.cs,0.26737967914438504,50,4,34,16
2850,4,baselines_work/cohorte/csharp/CODE_DIF_CS_002/CODE_DIF_CS_002.cs,52,baselines_work/cohorte/csharp/CODE_IDENT_CS_005_COPY/CODE_IDENT_CS_005.cs,0.26737967914438504,50,4,34,16
3295,7,baselines_work/cohorte/csharp/CODE_DIF_CS_009/CODE_DIF_CS_009.cs,16,baselines_work/cohorte/csharp/CODE_ESTRU_CS_002/CODE_ESTRU_CS_002.cs,0.19607843137254902,50,2,32,18
3324,7,baselines_work/cohorte/csharp/CODE_DIF_CS_009/CODE_DIF_CS_009.cs,43,baselines_work/cohorte/csharp/CODE_IDENT_CS_001/CODE_IDENT_CS_001.cs,0.17985611510791366,50,6,31,19
3325,7,baselines_work/cohorte/csharp/CODE_DIF_CS_009/CODE_DIF_CS_009.cs,46,baselines_work/cohorte/csharp/CODE_IDENT_CS_001_COPY/CODE_IDENT_CS_001.cs,0.17985611510791366,50,6,31,19
3385,11,baselines_work/cohorte/csharp/CODE_DIF_CS_010/CODE_DIF_CS_010.cs,39,baselines_work/cohorte/csharp/CODE_FUN_CS_012/CODE_FUN_CS_012.cs,0.1282051282051282,50,3,29,21
3449,8,baselines_work/cohorte/csharp/CODE_DIF_CS_011/CODE_DIF_CS_011.cs,39,baselines_work/cohorte/csharp/CODE_FUN_CS_012/CODE_FUN_CS_012.cs,0.1141552511415525,50,3,28,22
3450,8,baselines_work/cohorte/csharp/CODE_DIF_CS_011/CODE_DIF_CS_011.cs,40,baselines_work/cohorte/csharp/CODE_FUN_CS_013/CODE_FUN_CS_013.cs,0.11235955056179775,50,2,27,23
3463,8,baselines_work/cohorte/csharp/CODE_DIF_CS_011/CODE_DIF_CS_011.cs,57,baselines_work/cohorte/csharp/CODE_IDENT_CS_006/CODE_IDENT_CS_006.cs,0.1282051282051282,50,4,31,19
3464,8,baselines_work/cohorte/csharp/CODE_DIF_CS_011/CODE_DIF_CS_011.cs,56,baselines_work/cohorte/csharp/CODE_IDENT_CS_006_COPY/CODE_IDENT_CS_006.cs,0.1282051282051282,50,4,31,19
3957,17,baselines_work/cohorte/csharp/CODE_ESTRU_CS_004/CODE_ESTRU_CS_004.cs,74,baselines_work/cohorte/csharp/CODE_IDENT_CS_015/CODE_IDENT_CS_015.cs,0.13192612137203166,50,3,23,27
3958,17,baselines_work/cohorte/csharp/CODE_ESTRU_CS_004/CODE_ESTRU_CS_004.cs,73,baselines_work/cohorte/csharp/CODE_IDENT_CS_015_COPY/CODE_IDENT_CS_015.cs,0.13192612137203166,50,3,23,27
3967,18,baselines_work/cohorte/csharp/CODE_ESTRU_CS_005/CODE_ESTRU_CS_005.cs,27,baselines_work/cohorte/csharp/CODE_ESTRU_CS_014/CODE_ESTRU_CS_014.cs,0.36496350364963503,50,6,25,25
4010,18,baselines_work/cohorte/csharp/CODE_ESTRU_CS_005/CODE_ESTRU_CS_005.cs,68,baselines_work/cohorte/csharp/CODE_IDENT_CS_014/CODE_IDENT_CS_014.cs,0.36496350364963503,50,6,25,25
4011,18,baselines_work/cohorte/csharp/CODE_ESTRU_CS_005/CODE_ESTRU_CS_005.cs,72,baselines_work/cohorte/csharp/CODE_IDENT_CS_014_COPY/CODE_IDENT_CS_014.cs,0.36496350364963503,50,6,25,25
4090,20,baselines_work/cohorte/csharp/CODE_ESTRU_CS_007/CODE_ESTRU_CS_007.cs,44,baselines_work/cohorte/csharp/CODE_FUN_CS_015/CODE_FUN_CS_015.cs,0.273224043715847,50,5,21,29
4189,24,baselines_work/cohorte/csharp/CODE_ESTRU_CS_009/CODE_ESTRU_CS_009.cs,42,baselines_work/cohorte/csharp/CODE_FUN_CS_011/CODE_FUN_CS_011.cs,0.228310502283105,50,4,22,28
4193,24,baselines_work/cohorte/csharp/CODE_ESTRU_CS_009/CODE_ESTRU_CS_009.cs,44,baselines_work/cohorte/csharp/CODE_FUN_CS_015/CODE_FUN_CS_015.cs,0.2358490566037736,50,5,21,29
4390,29,baselines_work/cohorte/csharp/CODE_ESTRU_CS_013/CODE_ESTRU_CS_013.cs,45,baselines_work/cohorte/csharp/CODE_IDENT_CS_002/CODE_IDENT_CS_002.cs,0.38461538461538464,50,8,30,20
4391,29,baselines_work/cohorte/csharp/CODE_ESTRU_CS_013/CODE_ESTRU_CS_013.cs,53,baselines_work/cohorte/csharp/CODE_IDENT_CS_002_COPY/CODE_IDENT_CS_002.cs,0.38461538461538464,50,8,30,20
4423,27,baselines_work/cohorte/csharp/CODE_ESTRU_CS_014/CODE_ESTRU_CS_014.cs,36,baselines_work/cohorte/csharp/CODE_FUN_CS_005/CODE_FUN_CS_005.cs,0.32679738562091504,50,9,27,23
4431,27,baselines_work/cohorte/csharp/CODE_ESTRU_CS_014/CODE_ESTRU_CS_014.cs,40,baselines_work/cohorte/csharp/CODE_FUN_CS_013/CODE_FUN_CS_013.cs,0.24630541871921183,50,5,23,27
4472,26,baselines_work/cohorte/csharp/CODE_ESTRU_CS_015/CODE_ESTRU_CS_015.cs,37,baselines_work/cohorte/csharp/CODE_FUN_CS_009/CODE_FUN_CS_009.cs,0.25380710659898476,50,9,30,20
4713,36,baselines_work/cohorte/csharp/CODE_FUN_CS_005/CODE_FUN_CS_005.cs,66,baselines_work/cohorte/csharp/CODE_IDENT_CS_013/CODE_IDENT_CS_013.cs,0.2976190476190476,50,8,19,31
4714,36,baselines_work/cohorte/csharp/CODE_FUN_CS_005/CODE_FUN_CS_005.cs,71,baselines_work/cohorte/csharp/CODE_IDENT_CS_013_COPY/CODE_IDENT_CS_013.cs,0.2976190476190476,50,8,19,31
4715,36,baselines_work/cohorte/csharp/CODE_FUN_CS_005/CODE_FUN_CS_005.cs,68,baselines_work/cohorte/csharp/CODE_IDENT_CS_014/CODE_IDENT_CS_014.cs,0.32679738562091504,50,9,23,27
4716,36,baselines_work/cohorte/csharp/CODE_FUN_CS_005/CODE_FUN_CS_005.cs,72,baselines_work/cohorte/csharp/CODE_IDENT_CS_014_COPY/CODE_IDENT_CS_014.cs,0.32679738562091504,50,9,23,27
4732,38,baselines_work/cohorte/csharp/CODE_FUN_CS_006/CODE_FUN_CS_006.cs,48,baselines_work/cohorte/csharp/CODE_IDENT_CS_003/CODE_IDENT_CS_003.cs,0.30120481927710846,50,9,28,22
4733,38,baselines_work/cohorte/csharp/CODE_FUN_CS_006/CODE_FUN_CS_006.cs,55,baselines_work/cohorte/csharp/CODE_IDENT_CS_003_COPY/CODE_IDENT_CS_003.cs,0.30120481927710846,50,9,28,22
4774,34,baselines_work/cohorte/csharp/CODE_FUN_CS_007/CODE_FUN_CS_007.cs,51,baselines_work/cohorte/csharp/CODE_IDENT_CS_005/CODE_IDENT_CS_005.cs,0.3401360544217687,50,8,25,25
4775,34,baselines_work/cohorte/csharp/CODE_FUN_CS_007/CODE_FUN_CS_007.cs,52,baselines_work/cohorte/csharp/CODE_IDENT_CS_005_COPY/CODE_IDENT_CS_005.cs,0.3401360544217687,50,8,25,25
4796,35,baselines_work/cohorte/csharp/CODE_FUN_CS_008/CODE_FUN_CS_008.cs,37,baselines_work/cohorte/csharp/CODE_FUN_CS_009/CODE_FUN_CS_009.cs,0.19083969465648856,50,7,28,22
4867,37,baselines_work/cohorte/csharp/CODE_FUN_CS_009/CODE_FUN_CS_009.cs,74,baselines_work/cohorte/csharp/CODE_IDENT_CS_015/CODE_IDENT_CS_015.cs,0.24875621890547264,50,9,20,30
4868,37,baselines_work/cohorte/csharp/CODE_FUN_CS_009/CODE_FUN_CS_009.cs,73,baselines_work/cohorte/csharp/CODE_IDENT_CS_015_COPY/CODE_IDENT_CS_015.cs,0.24875621890547264,50,9,20,30
4924,42,baselines_work/cohorte/csharp/CODE_FUN_CS_011/CODE_FUN_CS_011.cs,60,baselines_work/cohorte/csharp/CODE_IDENT_CS_009/CODE_IDENT_CS_009.cs,0.228310502283105,50,4,28,22
4925,42,baselines_work/cohorte/csharp/CODE_FUN_CS_011/CODE_FUN_CS_011.cs,59,baselines_work/cohorte/csharp/CODE_IDENT_CS_009_COPY/CODE_IDENT_CS_009.cs,0.228310502283105,50,4,28,22
5046,44,baselines_work/cohorte/csharp/CODE_FUN_CS_015/CODE_FUN_CS_015.cs,54,baselines_work/cohorte/csharp/CODE_IDENT_CS_007/CODE_IDENT_CS_007.cs,0.273224043715847,50,5,29,21
5047,44,baselines_work/cohorte/csharp/CODE_FUN_CS_015/CODE_FUN_CS_015.cs,58,baselines_work/cohorte/csharp/CODE_IDENT_CS_007_COPY/CODE_IDENT_CS_007.cs,0.273224043715847,50,5,29,21
5050,44,baselines_work/cohorte/csharp/CODE_FUN_CS_015/CODE_FUN_CS_015.cs,60,baselines_work/cohorte/csharp/CODE_IDENT_CS_009/CODE_IDENT_CS_009.cs,0.2358490566037736,50,5,29,21
5051,44,baselines_work/cohorte/csharp/CODE_FUN_CS_015/CODE_FUN_CS_015.cs,59,baselines_work/cohorte/csharp/CODE_IDENT_CS_009_COPY/CODE_IDENT_CS_009.cs,0.2358490566037736,50,5,29,21
2763,1,baselines_work/cohorte/csharp/CODE_DIF_CS_001/CODE_DIF_CS_001.cs,42,baselines_work/cohorte/csharp/CODE_FUN_CS_011/CODE_FUN_CS_011.cs,0.1952191235059761,49,3,29,20
2830,4,baselines_work/cohorte/csharp/CODE_DIF_CS_002/CODE_DIF_CS_002.cs,36,baselines_work/cohorte/csharp/CODE_FUN_CS_005/CODE_FUN_CS_005.cs,0.2300469483568075,49,3,31,18
2845,4,baselines_work/cohorte/csharp/CODE_DIF_CS_002/CODE_DIF_CS_002.cs,48,baselines_work/cohorte/csharp/CODE_IDENT_CS_003/CODE_IDENT_CS_003.cs,0.2578947368421053,49,4,29,20
2846,4,baselines_work/cohorte/csharp/CODE_DIF_CS_002/CODE_DIF_CS_002.cs,55,baselines_work/cohorte/csharp/CODE_IDENT_CS_003_COPY/CODE_IDENT_CS_003.cs,0.2578947368421053,49,4,29,20
2981,0,baselines_work/cohorte/csharp/CODE_DIF_CS_004/CODE_DIF_CS_004.cs,40,baselines_work/cohorte/csharp/CODE_FUN_CS_013/CODE_FUN_CS_013.cs,0.08860759493670886,49,2,27,22
3026,3,baselines_work/cohorte/csharp/CODE_DIF_CS_005/CODE_DIF_CS_005.cs,15,baselines_work/cohorte/csharp/CODE_ESTRU_CS_003/CODE_ESTRU_CS_003.cs,0.17132867132867133,49,5,32,17
3313,7,baselines_work/cohorte/csharp/CODE_DIF_CS_009/CODE_DIF_CS_009.cs,36,baselines_work/cohorte/csharp/CODE_FUN_CS_005/CODE_FUN_CS_005.cs,0.17883211678832117,49,3,30,19
3444,8,baselines_work/cohorte/csharp/CODE_DIF_CS_011/CODE_DIF_CS_011.cs,34,baselines_work/cohorte/csharp/CODE_FUN_CS_007/CODE_FUN_CS_007.cs,0.11778846153846154,49,3,33,16
3447,8,baselines_work/cohorte/csharp/CODE_DIF_CS_011/CODE_DIF_CS_011.cs,41,baselines_work/cohorte/csharp/CODE_FUN_CS_010/CODE_FUN_CS_010.cs,0.11583924349881797,49,4,34,15
3509,9,baselines_work/cohorte/csharp/CODE_DIF_CS_012/CODE_DIF_CS_012.cs,37,baselines_work/cohorte/csharp/CODE_FUN_CS_009/CODE_FUN_CS_009.cs,0.12098765432098765,49,3,34,15
3520,9,baselines_work/cohorte/csharp/CODE_DIF_CS_012/CODE_DIF_CS_012.cs,48,baselines_work/cohorte/csharp/CODE_IDENT_CS_003/CODE_IDENT_CS_003.cs,0.1361111111111111,49,3,34,15
3521,9,baselines_work/cohorte/csharp/CODE_DIF_CS_012/CODE_DIF_CS_012.cs,55,baselines_work/cohorte/csharp/CODE_IDENT_CS_003_COPY/CODE_IDENT_CS_003.cs,0.1361111111111111,49,3,34,15
3731,14,baselines_work/cohorte/csharp/CODE_ESTRU_CS_001/CODE_ESTRU_CS_001.cs,17,baselines_work/cohorte/csharp/CODE_ESTRU_CS_004/CODE_ESTRU_CS_004.cs,0.12860892388451445,49,3,22,27
3847,15,baselines_work/cohorte/csharp/CODE_ESTRU_CS_003/CODE_ESTRU_CS_003.cs,18,baselines_work/cohorte/csharp/CODE_ESTRU_CS_005/CODE_ESTRU_CS_005.cs,0.37404580152671757,49,8,24,25
3867,15,baselines_work/cohorte/csharp/CODE_ESTRU_CS_003/CODE_ESTRU_CS_003.cs,41,baselines_work/cohorte/csharp/CODE_FUN_CS_010/CODE_FUN_CS_010.cs,0.28,49,4,26,23
3962,18,baselines_work/cohorte/csharp/CODE_ESTRU_CS_005/CODE_ESTRU_CS_005.cs,24,baselines_work/cohorte/csharp/CODE_ESTRU_CS_009/CODE_ESTRU_CS_009.cs,0.3333333333333333,49,5,26,23
4000,18,baselines_work/cohorte/csharp/CODE_ESTRU_CS_005/CODE_ESTRU_CS_005.cs,60,baselines_work/cohorte/csharp/CODE_IDENT_CS_009/CODE_IDENT_CS_009.cs,0.3333333333333333,49,5,26,23
4001,18,baselines_work/cohorte/csharp/CODE_ESTRU_CS_005/CODE_ESTRU_CS_005.cs,59,baselines_work/cohorte/csharp/CODE_IDENT_CS_009_COPY/CODE_IDENT_CS_009.cs,0.3333333333333333,49,5,26,23
4036,19,baselines_work/cohorte/csharp/CODE_ESTRU_CS_006/CODE_ESTRU_CS_006.cs,47,baselines_work/cohorte/csharp/CODE_FUN_CS_014/CODE_FUN_CS_014.cs,0.266304347826087,49,9,30,19
4095,20,baselines_work/cohorte/csharp/CODE_ESTRU_CS_007/CODE_ESTRU_CS_007.cs,48,baselines_work/cohorte/csharp/CODE_IDENT_CS_003/CODE_IDENT_CS_003.cs,0.44144144144144143,49,8,26,23
4096,20,baselines_work/cohorte/csharp/CODE_ESTRU_CS_007/CODE_ESTRU_CS_007.cs,55,baselines_work/cohorte/csharp/CODE_IDENT_CS_003_COPY/CODE_IDENT_CS_003.cs,0.44144144144144143,49,8,26,23
4184,24,baselines_work/cohorte/csharp/CODE_ESTRU_CS_009/CODE_ESTRU_CS_009.cs,38,baselines_work/cohorte/csharp/CODE_FUN_CS_006/CODE_FUN_CS_006.cs,0.245,49,5,21,28
4419,27,baselines_work/cohorte/csharp/CODE_ESTRU_CS_014/CODE_ESTRU_CS_014.cs,30,baselines_work/cohorte/csharp/CODE_FUN_CS_001/CODE_FUN_CS_001.cs,0.2934131736526946,49,5,24,25
4549,30,baselines_work/cohorte/csharp/CODE_FUN_CS_001/CODE_FUN_CS_001.cs,68,baselines_work/cohorte/csharp/CODE_IDENT_CS_014/CODE_IDENT_CS_014.cs,0.2934131736526946,49,5,25,24
4550,30,baselines_work/cohorte/csharp/CODE_FUN_CS_001/CODE_FUN_CS_001.cs,72,baselines_work/cohorte/csharp/CODE_IDENT_CS_014_COPY/CODE_IDENT_CS_014.cs,0.2934131736526946,49,5,25,24
4686,36,baselines_work/cohorte/csharp/CODE_FUN_CS_005/CODE_FUN_CS_005.cs,40,baselines_work/cohorte/csharp/CODE_FUN_CS_013/CODE_FUN_CS_013.cs,0.24257425742574257,49,5,22,27
4744,38,baselines_work/cohorte/csharp/CODE_FUN_CS_006/CODE_FUN_CS_006.cs,60,baselines_work/cohorte/csharp/CODE_IDENT_CS_009/CODE_IDENT_CS_009.cs,0.245,49,5,28,21
4745,38,baselines_work/cohorte/csharp/CODE_FUN_CS_006/CODE_FUN_CS_006.cs,59,baselines_work/cohorte/csharp/CODE_IDENT_CS_009_COPY/CODE_IDENT_CS_009.cs,0.245,49,5,28,21
4983,40,baselines_work/cohorte/csharp/CODE_FUN_CS_013/CODE_FUN_CS_013.cs,57,baselines_work/cohorte/csharp/CODE_IDENT_CS_006/CODE_IDENT_CS_006.cs,0.24873096446700507,49,3,30,19
4984,40,baselines_work/cohorte/csharp/CODE_FUN_CS_013/CODE_FUN_CS_013.cs,56,baselines_work/cohorte/csharp/CODE_IDENT_CS_006_COPY/CODE_IDENT_CS_006.cs,0.24873096446700507,49,3,30,19
5181,48,baselines_work/cohorte/csharp/CODE_IDENT_CS_003/CODE_IDENT_CS_003.cs,54,baselines_work/cohorte/csharp/CODE_IDENT_CS_007/CODE_IDENT_CS_007.cs,0.44144144144144143,49,8,23,26
5182,48,baselines_work/cohorte/csharp/CODE_IDENT_CS_003/CODE_IDENT_CS_003.cs,58,baselines_work/cohorte/csharp/CODE_IDENT_CS_007_COPY/CODE_IDENT_CS_007.cs,0.44144144144144143,49,8,23,26
5205,55,baselines_work/cohorte/csharp/CODE_IDENT_CS_003_COPY/CODE_IDENT_CS_003.cs,54,baselines_work/cohorte/csharp/CODE_IDENT_CS_007/CODE_IDENT_CS_007.cs,0.44144144144144143,49,8,23,26
5206,55,baselines_work/cohorte/csharp/CODE_IDENT_CS_003_COPY/CODE_IDENT_CS_003.cs,58,baselines_work/cohorte/csharp/CODE_IDENT_CS_007_COPY/CODE_IDENT_CS_007.cs,0.44144144144144143,49,8,23,26
5285,51,baselines_work/cohorte/csharp/CODE_IDENT_CS_005/CODE_IDENT_CS_005.cs,68,baselines_work/cohorte/csharp/CODE_IDENT_CS_014/CODE_IDENT_CS_014.cs,0.3858267716535433,49,6,22,27
5286,51,baselines_work/cohorte/csharp/CODE_IDENT_CS_005/CODE_IDENT_CS_005.cs,72,baselines_work/cohorte/csharp/CODE_IDENT_CS_014_COPY/CODE_IDENT_CS_014.cs,0.3858267716535433,49,6,22,27
5305,52,baselines_work/cohorte/csharp/CODE_IDENT_CS_005_COPY/CODE_IDENT_CS_005.cs,68,baselines_work/cohorte/csharp/CODE_IDENT_CS_014/CODE_IDENT_CS_014.cs,0.3858267716535433,49,6,22,27
5306,52,baselines_work/cohorte/csharp/CODE_IDENT_CS_005_COPY/CODE_IDENT_CS_005.cs,72,baselines_work/cohorte/csharp/CODE_IDENT_CS_014_COPY/CODE_IDENT_CS_014.cs,0.3858267716535433,49,6,22,27
2743,1,baselines_work/cohorte/csharp/CODE_DIF_CS_001/CODE_DIF_CS_001.cs,19,baselines_work/cohorte/csharp/CODE_ESTRU_CS_006/CODE_ESTRU_CS_006.cs,0.24742268041237114,48,4,23,25
2765,1,baselines_work/cohorte/csharp/CODE_DIF_CS_001/CODE_DIF_CS_001.cs,40,baselines_work/cohorte/csharp/CODE_FUN_CS_013/CODE_FUN_CS_013.cs,0.19591836734693877,48,3,28,20
3058,3,baselines_work/cohorte/csharp/CODE_DIF_CS_005/CODE_DIF_CS_005.cs,48,baselines_work/cohorte/csharp/CODE_IDENT_CS_003/CODE_IDENT_CS_003.cs,0.1791044776119403,48,5,29,19
3059,3,baselines_work/cohorte/csharp/CODE_DIF_CS_005/CODE_DIF_CS_005.cs,55,baselines_work/cohorte/csharp/CODE_IDENT_CS_003_COPY/CODE_IDENT_CS_003.cs,0.1791044776119403,48,5,29,19
3125,6,baselines_work/cohorte/csharp/CODE_DIF_CS_006/CODE_DIF_CS_006.cs,45,baselines_work/cohorte/csharp/CODE_IDENT_CS_002/CODE_IDENT_CS_002.cs,0.19123505976095617,48,5,28,20
3126,6,baselines_work/cohorte/csharp/CODE_DIF_CS_006/CODE_DIF_CS_006.cs,53,baselines_work/cohorte/csharp/CODE_IDENT_CS_002_COPY/CODE_IDENT_CS_002.cs,0.19123505976095617,48,5,28,20
3133,6,baselines_work/cohorte/csharp/CODE_DIF_CS_006/CODE_DIF_CS_006.cs,57,baselines_work/cohorte/csharp/CODE_IDENT_CS_006/CODE_IDENT_CS_006.cs,0.17328519855595667,48,5,25,23
3134,6,baselines_work/cohorte/csharp/CODE_DIF_CS_006/CODE_DIF_CS_006.cs,56,baselines_work/cohorte/csharp/CODE_IDENT_CS_006_COPY/CODE_IDENT_CS_006.cs,0.17328519855595667,48,5,25,23
3296,7,baselines_work/cohorte/csharp/CODE_DIF_CS_009/CODE_DIF_CS_009.cs,15,baselines_work/cohorte/csharp/CODE_ESTRU_CS_003/CODE_ESTRU_CS_003.cs,0.17843866171003717,48,2,31,17
3518,9,baselines_work/cohorte/csharp/CODE_DIF_CS_012/CODE_DIF_CS_012.cs,45,baselines_work/cohorte/csharp/CODE_IDENT_CS_002/CODE_IDENT_CS_002.cs,0.13636363636363635,48,3,35,13
3519,9,baselines_work/cohorte/csharp/CODE_DIF_CS_012/CODE_DIF_CS_012.cs,53,baselines_work/cohorte/csharp/CODE_IDENT_CS_002_COPY/CODE_IDENT_CS_002.cs,0.13636363636363635,48,3,35,13
3852,15,baselines_work/cohorte/csharp/CODE_ESTRU_CS_003/CODE_ESTRU_CS_003.cs,25,baselines_work/cohorte/csharp/CODE_ESTRU_CS_010/CODE_ESTRU_CS_010.cs,0.27906976744186046,48,4,22,26
3891,15,baselines_work/cohorte/csharp/CODE_ESTRU_CS_003/CODE_ESTRU_CS_003.cs,67,baselines_work/cohorte/csharp/CODE_IDENT_CS_010/CODE_IDENT_CS_010.cs,0.27906976744186046,48,4,22,26
3892,15,baselines_work/cohorte/csharp/CODE_ESTRU_CS_003/CODE_ESTRU_CS_003.cs,64,baselines_work/cohorte/csharp/CODE_IDENT_CS_010_COPY/CODE_IDENT_CS_010.cs,0.27906976744186046,48,4,22,26
4202,24,baselines_work/cohorte/csharp/CODE_ESTRU_CS_009/CODE_ESTRU_CS_009.cs,51,baselines_work/cohorte/csharp/CODE_IDENT_CS_005/CODE_IDENT_CS_005.cs,0.35036496350364965,48,5,25,23
4203,24,baselines_work/cohorte/csharp/CODE_ESTRU_CS_009/CODE_ESTRU_CS_009.cs,52,baselines_work/cohorte/csharp/CODE_IDENT_CS_005_COPY/CODE_IDENT_CS_005.cs,0.35036496350364965,48,5,25,23
4237,25,baselines_work/cohorte/csharp/CODE_ESTRU_CS_010/CODE_ESTRU_CS_010.cs,37,baselines_work/cohorte/csharp/CODE_FUN_CS_009/CODE_FUN_CS_009.cs,0.24120603015075376,48,9,26,22
4240,25,baselines_work/cohorte/csharp/CODE_ESTRU_CS_010/CODE_ESTRU_CS_010.cs,39,baselines_work/cohorte/csharp/CODE_FUN_CS_012/CODE_FUN_CS_012.cs,0.21818181818181817,48,9,23,25
4336,28,baselines_work/cohorte/csharp/CODE_ESTRU_CS_012/CODE_ESTRU_CS_012.cs,42,baselines_work/cohorte/csharp/CODE_FUN_CS_011/CODE_FUN_CS_011.cs,0.2096069868995633,48,6,22,26
4339,28,baselines_work/cohorte/csharp/CODE_ESTRU_CS_012/CODE_ESTRU_CS_012.cs,47,baselines_work/cohorte/csharp/CODE_FUN_CS_014/CODE_FUN_CS_014.cs,0.23300970873786409,48,5,26,22
4430,27,baselines_work/cohorte/csharp/CODE_ESTRU_CS_014/CODE_ESTRU_CS_014.cs,39,baselines_work/cohorte/csharp/CODE_FUN_CS_012/CODE_FUN_CS_012.cs,0.24489795918367346,48,9,23,25
4487,26,baselines_work/cohorte/csharp/CODE_ESTRU_CS_015/CODE_ESTRU_CS_015.cs,51,baselines_work/cohorte/csharp/CODE_IDENT_CS_005/CODE_IDENT_CS_005.cs,0.3221476510067114,48,6,30,18
4488,26,baselines_work/cohorte/csharp/CODE_ESTRU_CS_015/CODE_ESTRU_CS_015.cs,52,baselines_work/cohorte/csharp/CODE_IDENT_CS_005_COPY/CODE_IDENT_CS_005.cs,0.3221476510067114,48,6,30,18
4489,26,baselines_work/cohorte/csharp/CODE_ESTRU_CS_015/CODE_ESTRU_CS_015.cs,57,baselines_work/cohorte/csharp/CODE_IDENT_CS_006/CODE_IDENT_CS_006.cs,0.2823529411764706,48,6,25,23
4490,26,baselines_work/cohorte/csharp/CODE_ESTRU_CS_015/CODE_ESTRU_CS_015.cs,56,baselines_work/cohorte/csharp/CODE_IDENT_CS_006_COPY/CODE_IDENT_CS_006.cs,0.2823529411764706,48,6,25,23
4683,36,baselines_work/cohorte/csharp/CODE_FUN_CS_005/CODE_FUN_CS_005.cs,41,baselines_work/cohorte/csharp/CODE_FUN_CS_010/CODE_FUN_CS_010.cs,0.26666666666666666,48,5,24,24
4726,38,baselines_work/cohorte/csharp/CODE_FUN_CS_006/CODE_FUN_CS_006.cs,47,baselines_work/cohorte/csharp/CODE_FUN_CS_014/CODE_FUN_CS_014.cs,0.21621621621621623,48,5,29,19
4758,34,baselines_work/cohorte/csharp/CODE_FUN_CS_007/CODE_FUN_CS_007.cs,35,baselines_work/cohorte/csharp/CODE_FUN_CS_008/CODE_FUN_CS_008.cs,0.1839080459770115,48,4,22,26
4809,35,baselines_work/cohorte/csharp/CODE_FUN_CS_008/CODE_FUN_CS_008.cs,50,baselines_work/cohorte/csharp/CODE_IDENT_CS_004/CODE_IDENT_CS_004.cs,0.14328358208955225,48,5,27,21
4810,35,baselines_work/cohorte/csharp/CODE_FUN_CS_008/CODE_FUN_CS_008.cs,49,baselines_work/cohorte/csharp/CODE_IDENT_CS_004_COPY/CODE_IDENT_CS_004.cs,0.14328358208955225,48,5,27,21
4857,37,baselines_work/cohorte/csharp/CODE_FUN_CS_009/CODE_FUN_CS_009.cs,67,baselines_work/cohorte/csharp/CODE_IDENT_CS_010/CODE_IDENT_CS_010.cs,0.24120603015075376,48,9,22,26
4858,37,baselines_work/cohorte/csharp/CODE_FUN_CS_009/CODE_FUN_CS_009.cs,64,baselines_work/cohorte/csharp/CODE_IDENT_CS_010_COPY/CODE_IDENT_CS_010.cs,0.24120603015075376,48,9,22,26
4918,42,baselines_work/cohorte/csharp/CODE_FUN_CS_011/CODE_FUN_CS_011.cs,57,baselines_work/cohorte/csharp/CODE_IDENT_CS_006/CODE_IDENT_CS_006.cs,0.23645320197044334,48,5,31,17
4919,42,baselines_work/cohorte/csharp/CODE_FUN_CS_011/CODE_FUN_CS_011.cs,56,baselines_work/cohorte/csharp/CODE_IDENT_CS_006_COPY/CODE_IDENT_CS_006.cs,0.23645320197044334,48,5,31,17
4930,42,baselines_work/cohorte/csharp/CODE_FUN_CS_011/CODE_FUN_CS_011.cs,69,baselines_work/cohorte/csharp/CODE_IDENT_CS_012/CODE_IDENT_CS_012.cs,0.2096069868995633,48,6,26,22
4931,42,baselines_work/cohorte/csharp/CODE_FUN_CS_011/CODE_FUN_CS_011.cs,70,baselines_work/cohorte/csharp/CODE_IDENT_CS_012_COPY/CODE_IDENT_CS_012.cs,0.2096069868995633,48,6,26,22
4959,39,baselines_work/cohorte/csharp/CODE_FUN_CS_012/CODE_FUN_CS_012.cs,67,baselines_work/cohorte/csharp/CODE_IDENT_CS_010/CODE_IDENT_CS_010.cs,0.21818181818181817,48,9,25,23
4960,39,baselines_work/cohorte/csharp/CODE_FUN_CS_012/CODE_FUN_CS_012.cs,64,baselines_work/cohorte/csharp/CODE_IDENT_CS_010_COPY/CODE_IDENT_CS_010.cs,0.21818181818181817,48,9,25,23
5026,47,baselines_work/cohorte/csharp/CODE_FUN_CS_014/CODE_FUN_CS_014.cs,69,baselines_work/cohorte/csharp/CODE_IDENT_CS_012/CODE_IDENT_CS_012.cs,0.23300970873786409,48,5,22,26
5027,47,baselines_work/cohorte/csharp/CODE_FUN_CS_014/CODE_FUN_CS_014.cs,70,baselines_work/cohorte/csharp/CODE_IDENT_CS_012_COPY/CODE_IDENT_CS_012.cs,0.23300970873786409,48,5,22,26
5275,51,baselines_work/cohorte/csharp/CODE_IDENT_CS_005/CODE_IDENT_CS_005.cs,60,baselines_work/cohorte/csharp/CODE_IDENT_CS_009/CODE_IDENT_CS_009.cs,0.35036496350364965,48,5,23,25
5276,51,baselines_work/cohorte/csharp/CODE_IDENT_CS_005/CODE_IDENT_CS_005.cs,59,baselines_work/cohorte/csharp/CODE_IDENT_CS_009_COPY/CODE_IDENT_CS_009.cs,0.35036496350364965,48,5,23,25
5295,52,baselines_work/cohorte/csharp/CODE_IDENT_CS_005_COPY/CODE_IDENT_CS_005.cs,60,baselines_work/cohorte/csharp/CODE_IDENT_CS_009/CODE_IDENT_CS_009.cs,0.35036496350364965,48,5,23,25
5296,52,baselines_work/cohorte/csharp/CODE_IDENT_CS_005_COPY/CODE_IDENT_CS_005.cs,59,baselines_work/cohorte/csharp/CODE_IDENT_CS_009_COPY/CODE_IDENT_CS_009.cs,0.35036496350364965,48,5,23,25
2757,1,baselines_work/cohorte/csharp/CODE_DIF_CS_001/CODE_DIF_CS_001.cs,36,baselines_work/cohorte/csharp/CODE_FUN_CS_005/CODE_FUN_CS_005.cs,0.24102564102564103,47,5,31,16
2843,4,baselines_work/cohorte/csharp/CODE_DIF_CS_002/CODE_DIF_CS_002.cs,45,baselines_work/cohorte/csharp/CODE_IDENT_CS_002/CODE_IDENT_CS_002.cs,0.25824175824175827,47,4,28,19
2844,4,baselines_work/cohorte/csharp/CODE_DIF_CS_002/CODE_DIF_CS_002.cs,53,baselines_work/cohorte/csharp/CODE_IDENT_CS_002_COPY/CODE_IDENT_CS_002.cs,0.25824175824175827,47,4,28,19
2958,0,baselines_work/cohorte/csharp/CODE_DIF_CS_004/CODE_DIF_CS_004.cs,18,baselines_work/cohorte/csharp/CODE_ESTRU_CS_005/CODE_ESTRU_CS_005.cs,0.09650924024640657,47,4,30,17
3093,6,baselines_work/cohorte/csharp/CODE_DIF_CS_006/CODE_DIF_CS_006.cs,14,baselines_work/cohorte/csharp/CODE_ESTRU_CS_001/CODE_ESTRU_CS_001.cs,0.15112540192926044,47,5,27,20
3393,11,baselines_work/cohorte/csharp/CODE_DIF_CS_010/CODE_DIF_CS_010.cs,48,baselines_work/cohorte/csharp/CODE_IDENT_CS_003/CODE_IDENT_CS_003.cs,0.14506172839506173,47,3,32,15
3394,11,baselines_work/cohorte/csharp/CODE_DIF_CS_010/CODE_DIF_CS_010.cs,55,baselines_work/cohorte/csharp/CODE_IDENT_CS_003_COPY/CODE_IDENT_CS_003.cs,0.14506172839506173,47,3,32,15
3844,16,baselines_work/cohorte/csharp/CODE_ESTRU_CS_002/CODE_ESTRU_CS_002.cs,74,baselines_work/cohorte/csharp/CODE_IDENT_CS_015/CODE_IDENT_CS_015.cs,0.29375,47,4,16,31
3845,16,baselines_work/cohorte/csharp/CODE_ESTRU_CS_002/CODE_ESTRU_CS_002.cs,73,baselines_work/cohorte/csharp/CODE_IDENT_CS_015_COPY/CODE_IDENT_CS_015.cs,0.29375,47,4,16,31
3868,15,baselines_work/cohorte/csharp/CODE_ESTRU_CS_003/CODE_ESTRU_CS_003.cs,42,baselines_work/cohorte/csharp/CODE_FUN_CS_011/CODE_FUN_CS_011.cs,0.2315270935960591,47,2,20,27
3908,17,baselines_work/cohorte/csharp/CODE_ESTRU_CS_004/CODE_ESTRU_CS_004.cs,25,baselines_work/cohorte/csharp/CODE_ESTRU_CS_010/CODE_ESTRU_CS_010.cs,0.1246684350132626,47,3,26,21
3947,17,baselines_work/cohorte/csharp/CODE_ESTRU_CS_004/CODE_ESTRU_CS_004.cs,67,baselines_work/cohorte/csharp/CODE_IDENT_CS_010/CODE_IDENT_CS_010.cs,0.1246684350132626,47,3,26,21
3948,17,baselines_work/cohorte/csharp/CODE_ESTRU_CS_004/CODE_ESTRU_CS_004.cs,64,baselines_work/cohorte/csharp/CODE_IDENT_CS_010_COPY/CODE_IDENT_CS_010.cs,0.1246684350132626,47,3,26,21
3983,18,baselines_work/cohorte/csharp/CODE_ESTRU_CS_005/CODE_ESTRU_CS_005.cs,44,baselines_work/cohorte/csharp/CODE_FUN_CS_015/CODE_FUN_CS_015.cs,0.25405405405405407,47,5,16,31
4248,25,baselines_work/cohorte/csharp/CODE_ESTRU_CS_010/CODE_ESTRU_CS_010.cs,48,baselines_work/cohorte/csharp/CODE_IDENT_CS_003/CODE_IDENT_CS_003.cs,0.3051948051948052,47,9,27,20
4249,25,baselines_work/cohorte/csharp/CODE_ESTRU_CS_010/CODE_ESTRU_CS_010.cs,55,baselines_work/cohorte/csharp/CODE_IDENT_CS_003_COPY/CODE_IDENT_CS_003.cs,0.3051948051948052,47,9,27,20
4351,28,baselines_work/cohorte/csharp/CODE_ESTRU_CS_012/CODE_ESTRU_CS_012.cs,57,baselines_work/cohorte/csharp/CODE_IDENT_CS_006/CODE_IDENT_CS_006.cs,0.27976190476190477,47,5,23,24
4352,28,baselines_work/cohorte/csharp/CODE_ESTRU_CS_012/CODE_ESTRU_CS_012.cs,56,baselines_work/cohorte/csharp/CODE_IDENT_CS_006_COPY/CODE_IDENT_CS_006.cs,0.27976190476190477,47,5,23,24
4387,29,baselines_work/cohorte/csharp/CODE_ESTRU_CS_013/CODE_ESTRU_CS_013.cs,44,baselines_work/cohorte/csharp/CODE_FUN_CS_015/CODE_FUN_CS_015.cs,0.22380952380952382,47,5,28,19
4427,27,baselines_work/cohorte/csharp/CODE_ESTRU_CS_014/CODE_ESTRU_CS_014.cs,37,baselines_work/cohorte/csharp/CODE_FUN_CS_009/CODE_FUN_CS_009.cs,0.26857142857142857,47,9,25,22
4442,27,baselines_work/cohorte/csharp/CODE_ESTRU_CS_014/CODE_ESTRU_CS_014.cs,51,baselines_work/cohorte/csharp/CODE_IDENT_CS_005/CODE_IDENT_CS_005.cs,0.3700787401574803,47,6,26,21
4443,27,baselines_work/cohorte/csharp/CODE_ESTRU_CS_014/CODE_ESTRU_CS_014.cs,52,baselines_work/cohorte/csharp/CODE_IDENT_CS_005_COPY/CODE_IDENT_CS_005.cs,0.3700787401574803,47,6,26,21
4730,38,baselines_work/cohorte/csharp/CODE_FUN_CS_006/CODE_FUN_CS_006.cs,45,baselines_work/cohorte/csharp/CODE_IDENT_CS_002/CODE_IDENT_CS_002.cs,0.2974683544303797,47,9,26,21
4731,38,baselines_work/cohorte/csharp/CODE_FUN_CS_006/CODE_FUN_CS_006.cs,53,baselines_work/cohorte/csharp/CODE_IDENT_CS_002_COPY/CODE_IDENT_CS_002.cs,0.2974683544303797,47,9,26,21
4999,40,baselines_work/cohorte/csharp/CODE_FUN_CS_013/CODE_FUN_CS_013.cs,68,baselines_work/cohorte/csharp/CODE_IDENT_CS_014/CODE_IDENT_CS_014.cs,0.2315270935960591,47,5,26,21
5000,40,baselines_work/cohorte/csharp/CODE_FUN_CS_013/CODE_FUN_CS_013.cs,72,baselines_work/cohorte/csharp/CODE_IDENT_CS_014_COPY/CODE_IDENT_CS_014.cs,0.2315270935960591,47,5,26,21
5042,44,baselines_work/cohorte/csharp/CODE_FUN_CS_015/CODE_FUN_CS_015.cs,51,baselines_work/cohorte/csharp/CODE_IDENT_CS_005/CODE_IDENT_CS_005.cs,0.26857142857142857,47,5,32,15
5043,44,baselines_work/cohorte/csharp/CODE_FUN_CS_015/CODE_FUN_CS_015.cs,52,baselines_work/cohorte/csharp/CODE_IDENT_CS_005_COPY/CODE_IDENT_CS_005.cs,0.26857142857142857,47,5,32,15
5187,48,baselines_work/cohorte/csharp/CODE_IDENT_CS_003/CODE_IDENT_CS_003.cs,67,baselines_work/cohorte/csharp/CODE_IDENT_CS_010/CODE_IDENT_CS_010.cs,0.3051948051948052,47,9,20,27
5188,48,baselines_work/cohorte/csharp/CODE_IDENT_CS_003/CODE_IDENT_CS_003.cs,64,baselines_work/cohorte/csharp/CODE_IDENT_CS_010_COPY/CODE_IDENT_CS_010.cs,0.3051948051948052,47,9,20,27
5211,55,baselines_work/cohorte/csharp/CODE_IDENT_CS_003_COPY/CODE_IDENT_CS_003.cs,67,baselines_work/cohorte/csharp/CODE_IDENT_CS_010/CODE_IDENT_CS_010.cs,0.3051948051948052,47,9,20,27
5212,55,baselines_work/cohorte/csharp/CODE_IDENT_CS_003_COPY/CODE_IDENT_CS_003.cs,64,baselines_work/cohorte/csharp/CODE_IDENT_CS_010_COPY/CODE_IDENT_CS_010.cs,0.3051948051948052,47,9,20,27
2759,1,baselines_work/cohorte/csharp/CODE_DIF_CS_001/CODE_DIF_CS_001.cs,34,baselines_work/cohorte/csharp/CODE_FUN_CS_007/CODE_FUN_CS_007.cs,0.21296296296296297,46,4,30,16
2792,1,baselines_work/cohorte/csharp/CODE_DIF_CS_001/CODE_DIF_CS_001.cs,66,baselines_work/cohorte/csharp/CODE_IDENT_CS_013/CODE_IDENT_CS_013.cs,0.21800947867298578,46,5,18,28
2793,1,baselines_work/cohorte/csharp/CODE_DIF_CS_001/CODE_DIF_CS_001.cs,71,baselines_work/cohorte/csharp/CODE_IDENT_CS_013_COPY/CODE_IDENT_CS_013.cs,0.21800947867298578,46,5,18,28
3047,3,baselines_work/cohorte/csharp/CODE_DIF_CS_005/CODE_DIF_CS_005.cs,37,baselines_work/cohorte/csharp/CODE_FUN_CS_009/CODE_FUN_CS_009.cs,0.14696485623003194,46,2,29,17
3512,9,baselines_work/cohorte/csharp/CODE_DIF_CS_012/CODE_DIF_CS_012.cs,39,baselines_work/cohorte/csharp/CODE_FUN_CS_012/CODE_FUN_CS_012.cs,0.107981220657277,46,5,25,21
3805,16,baselines_work/cohorte/csharp/CODE_ESTRU_CS_002/CODE_ESTRU_CS_002.cs,36,baselines_work/cohorte/csharp/CODE_FUN_CS_005/CODE_FUN_CS_005.cs,0.3458646616541353,46,9,24,22
3807,16,baselines_work/cohorte/csharp/CODE_ESTRU_CS_002/CODE_ESTRU_CS_002.cs,34,baselines_work/cohorte/csharp/CODE_FUN_CS_007/CODE_FUN_CS_007.cs,0.2987012987012987,46,9,24,22
3815,16,baselines_work/cohorte/csharp/CODE_ESTRU_CS_002/CODE_ESTRU_CS_002.cs,44,baselines_work/cohorte/csharp/CODE_FUN_CS_015/CODE_FUN_CS_015.cs,0.25274725274725274,46,4,18,28
3824,16,baselines_work/cohorte/csharp/CODE_ESTRU_CS_002/CODE_ESTRU_CS_002.cs,51,baselines_work/cohorte/csharp/CODE_IDENT_CS_005/CODE_IDENT_CS_005.cs,0.42990654205607476,46,8,24,22
3825,16,baselines_work/cohorte/csharp/CODE_ESTRU_CS_002/CODE_ESTRU_CS_002.cs,52,baselines_work/cohorte/csharp/CODE_IDENT_CS_005_COPY/CODE_IDENT_CS_005.cs,0.42990654205607476,46,8,24,22
3826,16,baselines_work/cohorte/csharp/CODE_ESTRU_CS_002/CODE_ESTRU_CS_002.cs,57,baselines_work/cohorte/csharp/CODE_IDENT_CS_006/CODE_IDENT_CS_006.cs,0.359375,46,8,22,24
3827,16,baselines_work/cohorte/csharp/CODE_ESTRU_CS_002/CODE_ESTRU_CS_002.cs,56,baselines_work/cohorte/csharp/CODE_IDENT_CS_006_COPY/CODE_IDENT_CS_006.cs,0.359375,46,8,22,24
3881,15,baselines_work/cohorte/csharp/CODE_ESTRU_CS_003/CODE_ESTRU_CS_003.cs,51,baselines_work/cohorte/csharp/CODE_IDENT_CS_005/CODE_IDENT_CS_005.cs,0.38016528925619836,46,8,25,21
3882,15,baselines_work/cohorte/csharp/CODE_ESTRU_CS_003/CODE_ESTRU_CS_003.cs,52,baselines_work/cohorte/csharp/CODE_IDENT_CS_005_COPY/CODE_IDENT_CS_005.cs,0.38016528925619836,46,8,25,21
3883,15,baselines_work/cohorte/csharp/CODE_ESTRU_CS_003/CODE_ESTRU_CS_003.cs,57,baselines_work/cohorte/csharp/CODE_IDENT_CS_006/CODE_IDENT_CS_006.cs,0.323943661971831,46,8,22,24
3884,15,baselines_work/cohorte/csharp/CODE_ESTRU_CS_003/CODE_ESTRU_CS_003.cs,56,baselines_work/cohorte/csharp/CODE_IDENT_CS_006_COPY/CODE_IDENT_CS_006.cs,0.323943661971831,46,8,22,24
3918,17,baselines_work/cohorte/csharp/CODE_ESTRU_CS_004/CODE_ESTRU_CS_004.cs,36,baselines_work/cohorte/csharp/CODE_FUN_CS_005/CODE_FUN_CS_005.cs,0.13068181818181818,46,2,28,18
4030,19,baselines_work/cohorte/csharp/CODE_ESTRU_CS_006/CODE_ESTRU_CS_006.cs,35,baselines_work/cohorte/csharp/CODE_FUN_CS_008/CODE_FUN_CS_008.cs,0.19246861924686193,46,5,25,21
4291,22,baselines_work/cohorte/csharp/CODE_ESTRU_CS_011/CODE_ESTRU_CS_011.cs,47,baselines_work/cohorte/csharp/CODE_FUN_CS_014/CODE_FUN_CS_014.cs,0.215962441314554,46,5,33,13
4347,28,baselines_work/cohorte/csharp/CODE_ESTRU_CS_012/CODE_ESTRU_CS_012.cs,50,baselines_work/cohorte/csharp/CODE_IDENT_CS_004/CODE_IDENT_CS_004.cs,0.17164179104477612,46,3,25,21
4348,28,baselines_work/cohorte/csharp/CODE_ESTRU_CS_012/CODE_ESTRU_CS_012.cs,49,baselines_work/cohorte/csharp/CODE_IDENT_CS_004_COPY/CODE_IDENT_CS_004.cs,0.17164179104477612,46,3,25,21
4349,28,baselines_work/cohorte/csharp/CODE_ESTRU_CS_012/CODE_ESTRU_CS_012.cs,51,baselines_work/cohorte/csharp/CODE_IDENT_CS_005/CODE_IDENT_CS_005.cs,0.3129251700680272,46,5,25,21
4350,28,baselines_work/cohorte/csharp/CODE_ESTRU_CS_012/CODE_ESTRU_CS_012.cs,52,baselines_work/cohorte/csharp/CODE_IDENT_CS_005_COPY/CODE_IDENT_CS_005.cs,0.3129251700680272,46,5,25,21
4464,26,baselines_work/cohorte/csharp/CODE_ESTRU_CS_015/CODE_ESTRU_CS_015.cs,30,baselines_work/cohorte/csharp/CODE_FUN_CS_001/CODE_FUN_CS_001.cs,0.24338624338624337,46,5,28,18
4515,30,baselines_work/cohorte/csharp/CODE_FUN_CS_001/CODE_FUN_CS_001.cs,35,baselines_work/cohorte/csharp/CODE_FUN_CS_008/CODE_FUN_CS_008.cs,0.18110236220472442,46,4,23,23
4681,36,baselines_work/cohorte/csharp/CODE_FUN_CS_005/CODE_FUN_CS_005.cs,35,baselines_work/cohorte/csharp/CODE_FUN_CS_008/CODE_FUN_CS_008.cs,0.19166666666666668,46,4,21,25
4776,34,baselines_work/cohorte/csharp/CODE_FUN_CS_007/CODE_FUN_CS_007.cs,57,baselines_work/cohorte/csharp/CODE_IDENT_CS_006/CODE_IDENT_CS_006.cs,0.27380952380952384,46,8,22,24
4777,34,baselines_work/cohorte/csharp/CODE_FUN_CS_007/CODE_FUN_CS_007.cs,56,baselines_work/cohorte/csharp/CODE_IDENT_CS_006_COPY/CODE_IDENT_CS_006.cs,0.27380952380952384,46,8,22,24
5001,40,baselines_work/cohorte/csharp/CODE_FUN_CS_013/CODE_FUN_CS_013.cs,74,baselines_work/cohorte/csharp/CODE_IDENT_CS_015/CODE_IDENT_CS_015.cs,0.20087336244541484,46,5,23,23
5002,40,baselines_work/cohorte/csharp/CODE_FUN_CS_013/CODE_FUN_CS_013.cs,73,baselines_work/cohorte/csharp/CODE_IDENT_CS_015_COPY/CODE_IDENT_CS_015.cs,0.20087336244541484,46,5,23,23
5069,43,baselines_work/cohorte/csharp/CODE_IDENT_CS_001/CODE_IDENT_CS_001.cs,50,baselines_work/cohorte/csharp/CODE_IDENT_CS_004/CODE_IDENT_CS_004.cs,0.18326693227091634,46,8,22,24
5070,43,baselines_work/cohorte/csharp/CODE_IDENT_CS_001/CODE_IDENT_CS_001.cs,49,baselines_work/cohorte/csharp/CODE_IDENT_CS_004_COPY/CODE_IDENT_CS_004.cs,0.18326693227091634,46,8,22,24
5097,46,baselines_work/cohorte/csharp/CODE_IDENT_CS_001_COPY/CODE_IDENT_CS_001.cs,50,baselines_work/cohorte/csharp/CODE_IDENT_CS_004/CODE_IDENT_CS_004.cs,0.18326693227091634,46,8,22,24
5098,46,baselines_work/cohorte/csharp/CODE_IDENT_CS_001_COPY/CODE_IDENT_CS_001.cs,49,baselines_work/cohorte/csharp/CODE_IDENT_CS_004_COPY/CODE_IDENT_CS_004.cs,0.18326693227091634,46,8,22,24
5142,45,baselines_work/cohorte/csharp/CODE_IDENT_CS_002/CODE_IDENT_CS_002.cs,66,baselines_work/cohorte/csharp/CODE_IDENT_CS_013/CODE_IDENT_CS_013.cs,0.3357664233576642,46,8,19,27
5143,45,baselines_work/cohorte/csharp/CODE_IDENT_CS_002/CODE_IDENT_CS_002.cs,71,baselines_work/cohorte/csharp/CODE_IDENT_CS_013_COPY/CODE_IDENT_CS_013.cs,0.3357664233576642,46,8,19,27
5168,53,baselines_work/cohorte/csharp/CODE_IDENT_CS_002_COPY/CODE_IDENT_CS_002.cs,66,baselines_work/cohorte/csharp/CODE_IDENT_CS_013/CODE_IDENT_CS_013.cs,0.3357664233576642,46,8,19,27
5169,53,baselines_work/cohorte/csharp/CODE_IDENT_CS_002_COPY/CODE_IDENT_CS_002.cs,71,baselines_work/cohorte/csharp/CODE_IDENT_CS_013_COPY/CODE_IDENT_CS_013.cs,0.3357664233576642,46,8,19,27
5238,50,baselines_work/cohorte/csharp/CODE_IDENT_CS_004/CODE_IDENT_CS_004.cs,69,baselines_work/cohorte/csharp/CODE_IDENT_CS_012/CODE_IDENT_CS_012.cs,0.17164179104477612,46,3,21,25
5239,50,baselines_work/cohorte/csharp/CODE_IDENT_CS_004/CODE_IDENT_CS_004.cs,70,baselines_work/cohorte/csharp/CODE_IDENT_CS_012_COPY/CODE_IDENT_CS_012.cs,0.17164179104477612,46,3,21,25
5260,49,baselines_work/cohorte/csharp/CODE_IDENT_CS_004_COPY/CODE_IDENT_CS_004.cs,69,baselines_work/cohorte/csharp/CODE_IDENT_CS_012/CODE_IDENT_CS_012.cs,0.17164179104477612,46,3,21,25
5261,49,baselines_work/cohorte/csharp/CODE_IDENT_CS_004_COPY/CODE_IDENT_CS_004.cs,70,baselines_work/cohorte/csharp/CODE_IDENT_CS_012_COPY/CODE_IDENT_CS_012.cs,0.17164179104477612,46,3,21,25
5281,51,baselines_work/cohorte/csharp/CODE_IDENT_CS_005/CODE_IDENT_CS_005.cs,69,baselines_work/cohorte/csharp/CODE_IDENT_CS_012/CODE_IDENT_CS_012.cs,0.3129251700680272,46,5,21,25
5282,51,baselines_work/cohorte/csharp/CODE_IDENT_CS_005/CODE_IDENT_CS_005.cs,70,baselines_work/cohorte/csharp/CODE_IDENT_CS_012_COPY/CODE_IDENT_CS_012.cs,0.3129251700680272,46,5,21,25
5301,52,baselines_work/cohorte/csharp/CODE_IDENT_CS_005_COPY/CODE_IDENT_CS_005.cs,69,baselines_work/cohorte/csharp/CODE_IDENT_CS_012/CODE_IDENT_CS_012.cs,0.3129251700680272,46,5,21,25
5302,52,baselines_work/cohorte/csharp/CODE_IDENT_CS_005_COPY/CODE_IDENT_CS_005.cs,70,baselines_work/cohorte/csharp/CODE_IDENT_CS_012_COPY/CODE_IDENT_CS_012.cs,0.3129251700680272,46,5,21,25
2748,1,baselines_work/cohorte/csharp/CODE_DIF_CS_001/CODE_DIF_CS_001.cs,22,baselines_work/cohorte/csharp/CODE_ESTRU_CS_011/CODE_ESTRU_CS_011.cs,0.20179372197309417,45,5,17,28
2837,4,baselines_work/cohorte/csharp/CODE_DIF_CS_002/CODE_DIF_CS_002.cs,39,baselines_work/cohorte/csharp/CODE_FUN_CS_012/CODE_FUN_CS_012.cs,0.17578125,45,5,28,17
2955,0,baselines_work/cohorte/csharp/CODE_DIF_CS_004/CODE_DIF_CS_004.cs,16,baselines_work/cohorte/csharp/CODE_ESTRU_CS_002/CODE_ESTRU_CS_002.cs,0.09297520661157024,45,2,30,15
2992,0,baselines_work/cohorte/csharp/CODE_DIF_CS_004/CODE_DIF_CS_004.cs,51,baselines_work/cohorte/csharp/CODE_IDENT_CS_005/CODE_IDENT_CS_005.cs,0.09433962264150944,45,4,30,15
2993,0,baselines_work/cohorte/csharp/CODE_DIF_CS_004/CODE_DIF_CS_004.cs,52,baselines_work/cohorte/csharp/CODE_IDENT_CS_005_COPY/CODE_IDENT_CS_005.cs,0.09433962264150944,45,4,30,15
3008,0,baselines_work/cohorte/csharp/CODE_DIF_CS_004/CODE_DIF_CS_004.cs,66,baselines_work/cohorte/csharp/CODE_IDENT_CS_013/CODE_IDENT_CS_013.cs,0.08670520231213873,45,5,19,26
3009,0,baselines_work/cohorte/csharp/CODE_DIF_CS_004/CODE_DIF_CS_004.cs,71,baselines_work/cohorte/csharp/CODE_IDENT_CS_013_COPY/CODE_IDENT_CS_013.cs,0.08670520231213873,45,5,19,26
3024,3,baselines_work/cohorte/csharp/CODE_DIF_CS_005/CODE_DIF_CS_005.cs,14,baselines_work/cohorte/csharp/CODE_ESTRU_CS_001/CODE_ESTRU_CS_001.cs,0.140625,45,3,28,17
3050,3,baselines_work/cohorte/csharp/CODE_DIF_CS_005/CODE_DIF_CS_005.cs,39,baselines_work/cohorte/csharp/CODE_FUN_CS_012/CODE_FUN_CS_012.cs,0.1347305389221557,45,3,23,22
3424,8,baselines_work/cohorte/csharp/CODE_DIF_CS_011/CODE_DIF_CS_011.cs,16,baselines_work/cohorte/csharp/CODE_ESTRU_CS_002/CODE_ESTRU_CS_002.cs,0.1196808510638298,45,2,30,15
3425,8,baselines_work/cohorte/csharp/CODE_DIF_CS_011/CODE_DIF_CS_011.cs,15,baselines_work/cohorte/csharp/CODE_ESTRU_CS_003/CODE_ESTRU_CS_003.cs,0.11538461538461539,45,2,30,15
3442,8,baselines_work/cohorte/csharp/CODE_DIF_CS_011/CODE_DIF_CS_011.cs,36,baselines_work/cohorte/csharp/CODE_FUN_CS_005/CODE_FUN_CS_005.cs,0.11392405063291139,45,3,31,14
3870,15,baselines_work/cohorte/csharp/CODE_ESTRU_CS_003/CODE_ESTRU_CS_003.cs,40,baselines_work/cohorte/csharp/CODE_FUN_CS_013/CODE_FUN_CS_013.cs,0.22842639593908629,45,2,21,24
3913,17,baselines_work/cohorte/csharp/CODE_ESTRU_CS_004/CODE_ESTRU_CS_004.cs,26,baselines_work/cohorte/csharp/CODE_ESTRU_CS_015/CODE_ESTRU_CS_015.cs,0.12,45,3,22,23
3976,18,baselines_work/cohorte/csharp/CODE_ESTRU_CS_005/CODE_ESTRU_CS_005.cs,35,baselines_work/cohorte/csharp/CODE_FUN_CS_008/CODE_FUN_CS_008.cs,0.20089285714285715,45,5,22,23
3981,18,baselines_work/cohorte/csharp/CODE_ESTRU_CS_005/CODE_ESTRU_CS_005.cs,40,baselines_work/cohorte/csharp/CODE_FUN_CS_013/CODE_FUN_CS_013.cs,0.24193548387096775,45,2,19,26
4083,20,baselines_work/cohorte/csharp/CODE_ESTRU_CS_007/CODE_ESTRU_CS_007.cs,35,baselines_work/cohorte/csharp/CODE_FUN_CS_008/CODE_FUN_CS_008.cs,0.20270270270270271,45,5,23,22
4149,21,baselines_work/cohorte/csharp/CODE_ESTRU_CS_008/CODE_ESTRU_CS_008.cs,50,baselines_work/cohorte/csharp/CODE_IDENT_CS_004/CODE_IDENT_CS_004.cs,0.156794425087108,45,4,32,13
4150,21,baselines_work/cohorte/csharp/CODE_ESTRU_CS_008/CODE_ESTRU_CS_008.cs,49,baselines_work/cohorte/csharp/CODE_IDENT_CS_004_COPY/CODE_IDENT_CS_004.cs,0.156794425087108,45,4,32,13
4190,24,baselines_work/cohorte/csharp/CODE_ESTRU_CS_009/CODE_ESTRU_CS_009.cs,39,baselines_work/cohorte/csharp/CODE_FUN_CS_012/CODE_FUN_CS_012.cs,0.21844660194174756,45,5,21,24
4229,25,baselines_work/cohorte/csharp/CODE_ESTRU_CS_010/CODE_ESTRU_CS_010.cs,30,baselines_work/cohorte/csharp/CODE_FUN_CS_001/CODE_FUN_CS_001.cs,0.2356020942408377,45,5,25,20
4279,22,baselines_work/cohorte/csharp/CODE_ESTRU_CS_011/CODE_ESTRU_CS_011.cs,33,baselines_work/cohorte/csharp/CODE_FUN_CS_002/CODE_FUN_CS_002.cs,0.2830188679245283,45,8,33,12
4385,29,baselines_work/cohorte/csharp/CODE_ESTRU_CS_013/CODE_ESTRU_CS_013.cs,40,baselines_work/cohorte/csharp/CODE_FUN_CS_013/CODE_FUN_CS_013.cs,0.2132701421800948,45,2,25,20
4468,26,baselines_work/cohorte/csharp/CODE_ESTRU_CS_015/CODE_ESTRU_CS_015.cs,36,baselines_work/cohorte/csharp/CODE_FUN_CS_005/CODE_FUN_CS_005.cs,0.2571428571428571,45,5,28,17
4475,26,baselines_work/cohorte/csharp/CODE_ESTRU_CS_015/CODE_ESTRU_CS_015.cs,39,baselines_work/cohorte/csharp/CODE_FUN_CS_012/CODE_FUN_CS_012.cs,0.20642201834862386,45,9,23,22
4529,30,baselines_work/cohorte/csharp/CODE_FUN_CS_001/CODE_FUN_CS_001.cs,50,baselines_work/cohorte/csharp/CODE_IDENT_CS_004/CODE_IDENT_CS_004.cs,0.1724137931034483,45,5,23,22
4530,30,baselines_work/cohorte/csharp/CODE_FUN_CS_001/CODE_FUN_CS_001.cs,49,baselines_work/cohorte/csharp/CODE_IDENT_CS_004_COPY/CODE_IDENT_CS_004.cs,0.1724137931034483,45,5,23,22
4541,30,baselines_work/cohorte/csharp/CODE_FUN_CS_001/CODE_FUN_CS_001.cs,67,baselines_work/cohorte/csharp/CODE_IDENT_CS_010/CODE_IDENT_CS_010.cs,0.2356020942408377,45,5,20,25
4542,30,baselines_work/cohorte/csharp/CODE_FUN_CS_001/CODE_FUN_CS_001.cs,64,baselines_work/cohorte/csharp/CODE_IDENT_CS_010_COPY/CODE_IDENT_CS_010.cs,0.2356020942408377,45,5,20,25
4648,32,baselines_work/cohorte/csharp/CODE_FUN_CS_004/CODE_FUN_CS_004.cs,44,baselines_work/cohorte/csharp/CODE_FUN_CS_015/CODE_FUN_CS_015.cs,0.14018691588785046,45,3,16,29
4677,32,baselines_work/cohorte/csharp/CODE_FUN_CS_004/CODE_FUN_CS_004.cs,74,baselines_work/cohorte/csharp/CODE_IDENT_CS_015/CODE_IDENT_CS_015.cs,0.1505016722408027,45,3,14,31
4678,32,baselines_work/cohorte/csharp/CODE_FUN_CS_004/CODE_FUN_CS_004.cs,73,baselines_work/cohorte/csharp/CODE_IDENT_CS_015_COPY/CODE_IDENT_CS_015.cs,0.1505016722408027,45,3,14,31
4687,36,baselines_work/cohorte/csharp/CODE_FUN_CS_005/CODE_FUN_CS_005.cs,47,baselines_work/cohorte/csharp/CODE_FUN_CS_014/CODE_FUN_CS_014.cs,0.24324324324324326,45,9,21,24
4699,36,baselines_work/cohorte/csharp/CODE_FUN_CS_005/CODE_FUN_CS_005.cs,57,baselines_work/cohorte/csharp/CODE_IDENT_CS_006/CODE_IDENT_CS_006.cs,0.30612244897959184,45,8,21,24
4700,36,baselines_work/cohorte/csharp/CODE_FUN_CS_005/CODE_FUN_CS_005.cs,56,baselines_work/cohorte/csharp/CODE_IDENT_CS_006_COPY/CODE_IDENT_CS_006.cs,0.30612244897959184,45,8,21,24
4815,35,baselines_work/cohorte/csharp/CODE_FUN_CS_008/CODE_FUN_CS_008.cs,54,baselines_work/cohorte/csharp/CODE_IDENT_CS_007/CODE_IDENT_CS_007.cs,0.20270270270270271,45,5,22,23
4816,35,baselines_work/cohorte/csharp/CODE_FUN_CS_008/CODE_FUN_CS_008.cs,58,baselines_work/cohorte/csharp/CODE_IDENT_CS_007_COPY/CODE_IDENT_CS_007.cs,0.20270270270270271,45,5,22,23
4836,37,baselines_work/cohorte/csharp/CODE_FUN_CS_009/CODE_FUN_CS_009.cs,40,baselines_work/cohorte/csharp/CODE_FUN_CS_013/CODE_FUN_CS_013.cs,0.20089285714285715,45,8,18,27
4957,39,baselines_work/cohorte/csharp/CODE_FUN_CS_012/CODE_FUN_CS_012.cs,60,baselines_work/cohorte/csharp/CODE_IDENT_CS_009/CODE_IDENT_CS_009.cs,0.21844660194174756,45,5,24,21
4958,39,baselines_work/cohorte/csharp/CODE_FUN_CS_012/CODE_FUN_CS_012.cs,59,baselines_work/cohorte/csharp/CODE_IDENT_CS_009_COPY/CODE_IDENT_CS_009.cs,0.21844660194174756,45,5,24,21
4969,39,baselines_work/cohorte/csharp/CODE_FUN_CS_012/CODE_FUN_CS_012.cs,74,baselines_work/cohorte/csharp/CODE_IDENT_CS_015/CODE_IDENT_CS_015.cs,0.20270270270270271,45,9,22,23
4970,39,baselines_work/cohorte/csharp/CODE_FUN_CS_012/CODE_FUN_CS_012.cs,73,baselines_work/cohorte/csharp/CODE_IDENT_CS_015_COPY/CODE_IDENT_CS_015.cs,0.20270270270270271,45,9,22,23
5024,47,baselines_work/cohorte/csharp/CODE_FUN_CS_014/CODE_FUN_CS_014.cs,63,baselines_work/cohorte/csharp/CODE_IDENT_CS_011/CODE_IDENT_CS_011.cs,0.21226415094339623,45,5,13,32
5025,47,baselines_work/cohorte/csharp/CODE_FUN_CS_014/CODE_FUN_CS_014.cs,65,baselines_work/cohorte/csharp/CODE_IDENT_CS_011_COPY/CODE_IDENT_CS_011.cs,0.21226415094339623,45,5,13,32
5230,50,baselines_work/cohorte/csharp/CODE_IDENT_CS_004/CODE_IDENT_CS_004.cs,61,baselines_work/cohorte/csharp/CODE_IDENT_CS_008/CODE_IDENT_CS_008.cs,0.15517241379310345,45,4,13,32
5231,50,baselines_work/cohorte/csharp/CODE_IDENT_CS_004/CODE_IDENT_CS_004.cs,62,baselines_work/cohorte/csharp/CODE_IDENT_CS_008_COPY/CODE_IDENT_CS_008.cs,0.15517241379310345,45,4,13,32
5252,49,baselines_work/cohorte/csharp/CODE_IDENT_CS_004_COPY/CODE_IDENT_CS_004.cs,61,baselines_work/cohorte/csharp/CODE_IDENT_CS_008/CODE_IDENT_CS_008.cs,0.15517241379310345,45,4,13,32
5253,49,baselines_work/cohorte/csharp/CODE_IDENT_CS_004_COPY/CODE_IDENT_CS_004.cs,62,baselines_work/cohorte/csharp/CODE_IDENT_CS_008_COPY/CODE_IDENT_CS_008.cs,0.15517241379310345,45,4,13,32
2788,1,baselines_work/cohorte/csharp/CODE_DIF_CS_001/CODE_DIF_CS_001.cs,63,baselines_work/cohorte/csharp/CODE_IDENT_CS_011/CODE_IDENT_CS_011.cs,0.1981981981981982,44,5,17,27
2789,1,baselines_work/cohorte/csharp/CODE_DIF_CS_001/CODE_DIF_CS_001.cs,65,baselines_work/cohorte/csharp/CODE_IDENT_CS_011_COPY/CODE_IDENT_CS_011.cs,0.1981981981981982,44,5,17,27
3116,6,baselines_work/cohorte/csharp/CODE_DIF_CS_006/CODE_DIF_CS_006.cs,37,baselines_work/cohorte/csharp/CODE_FUN_CS_009/CODE_FUN_CS_009.cs,0.14473684210526316,44,3,27,17
3123,6,baselines_work/cohorte/csharp/CODE_DIF_CS_006/CODE_DIF_CS_006.cs,43,baselines_work/cohorte/csharp/CODE_IDENT_CS_001/CODE_IDENT_CS_001.cs,0.15384615384615385,44,5,26,18
3124,6,baselines_work/cohorte/csharp/CODE_DIF_CS_006/CODE_DIF_CS_006.cs,46,baselines_work/cohorte/csharp/CODE_IDENT_CS_001_COPY/CODE_IDENT_CS_001.cs,0.15384615384615385,44,5,26,18
3177,5,baselines_work/cohorte/csharp/CODE_DIF_CS_007/CODE_DIF_CS_007.cs,33,baselines_work/cohorte/csharp/CODE_FUN_CS_002/CODE_FUN_CS_002.cs,0.11458333333333333,44,5,35,9
3320,7,baselines_work/cohorte/csharp/CODE_DIF_CS_009/CODE_DIF_CS_009.cs,39,baselines_work/cohorte/csharp/CODE_FUN_CS_012/CODE_FUN_CS_012.cs,0.138801261829653,44,3,26,18
3359,11,baselines_work/cohorte/csharp/CODE_DIF_CS_010/CODE_DIF_CS_010.cs,14,baselines_work/cohorte/csharp/CODE_ESTRU_CS_001/CODE_ESTRU_CS_001.cs,0.11702127659574468,44,3,29,15
3685,13,baselines_work/cohorte/csharp/CODE_DIF_CS_015/CODE_DIF_CS_015.cs,33,baselines_work/cohorte/csharp/CODE_FUN_CS_002/CODE_FUN_CS_002.cs,0.10653753026634383,44,2,36,8
3810,16,baselines_work/cohorte/csharp/CODE_ESTRU_CS_002/CODE_ESTRU_CS_002.cs,41,baselines_work/cohorte/csharp/CODE_FUN_CS_010/CODE_FUN_CS_010.cs,0.2732919254658385,44,4,22,22
3988,18,baselines_work/cohorte/csharp/CODE_ESTRU_CS_005/CODE_ESTRU_CS_005.cs,48,baselines_work/cohorte/csharp/CODE_IDENT_CS_003/CODE_IDENT_CS_003.cs,0.3893805309734513,44,8,23,21
3989,18,baselines_work/cohorte/csharp/CODE_ESTRU_CS_005/CODE_ESTRU_CS_005.cs,55,baselines_work/cohorte/csharp/CODE_IDENT_CS_003_COPY/CODE_IDENT_CS_003.cs,0.3893805309734513,44,8,23,21
4088,20,baselines_work/cohorte/csharp/CODE_ESTRU_CS_007/CODE_ESTRU_CS_007.cs,40,baselines_work/cohorte/csharp/CODE_FUN_CS_013/CODE_FUN_CS_013.cs,0.2391304347826087,44,5,19,25
4093,20,baselines_work/cohorte/csharp/CODE_ESTRU_CS_007/CODE_ESTRU_CS_007.cs,45,baselines_work/cohorte/csharp/CODE_IDENT_CS_002/CODE_IDENT_CS_002.cs,0.42718446601941745,44,8,23,21
4094,20,baselines_work/cohorte/csharp/CODE_ESTRU_CS_007/CODE_ESTRU_CS_007.cs,53,baselines_work/cohorte/csharp/CODE_IDENT_CS_002_COPY/CODE_IDENT_CS_002.cs,0.42718446601941745,44,8,23,21
4233,25,baselines_work/cohorte/csharp/CODE_ESTRU_CS_010/CODE_ESTRU_CS_010.cs,36,baselines_work/cohorte/csharp/CODE_FUN_CS_005/CODE_FUN_CS_005.cs,0.24858757062146894,44,4,25,19
4278,22,baselines_work/cohorte/csharp/CODE_ESTRU_CS_011/CODE_ESTRU_CS_011.cs,30,baselines_work/cohorte/csharp/CODE_FUN_CS_001/CODE_FUN_CS_001.cs,0.2268041237113402,44,5,29,15
4425,27,baselines_work/cohorte/csharp/CODE_ESTRU_CS_014/CODE_ESTRU_CS_014.cs,34,baselines_work/cohorte/csharp/CODE_FUN_CS_007/CODE_FUN_CS_007.cs,0.25287356321839083,44,5,24,20
4521,30,baselines_work/cohorte/csharp/CODE_FUN_CS_001/CODE_FUN_CS_001.cs,47,baselines_work/cohorte/csharp/CODE_FUN_CS_014/CODE_FUN_CS_014.cs,0.22110552763819097,44,5,25,19
4586,33,baselines_work/cohorte/csharp/CODE_FUN_CS_002/CODE_FUN_CS_002.cs,63,baselines_work/cohorte/csharp/CODE_IDENT_CS_011/CODE_IDENT_CS_011.cs,0.27848101265822783,44,8,12,32
4587,33,baselines_work/cohorte/csharp/CODE_FUN_CS_002/CODE_FUN_CS_002.cs,65,baselines_work/cohorte/csharp/CODE_IDENT_CS_011_COPY/CODE_IDENT_CS_011.cs,0.27848101265822783,44,8,12,32
4707,36,baselines_work/cohorte/csharp/CODE_FUN_CS_005/CODE_FUN_CS_005.cs,67,baselines_work/cohorte/csharp/CODE_IDENT_CS_010/CODE_IDENT_CS_010.cs,0.24858757062146894,44,4,19,25
4708,36,baselines_work/cohorte/csharp/CODE_FUN_CS_005/CODE_FUN_CS_005.cs,64,baselines_work/cohorte/csharp/CODE_IDENT_CS_010_COPY/CODE_IDENT_CS_010.cs,0.24858757062146894,44,4,19,25
4792,34,baselines_work/cohorte/csharp/CODE_FUN_CS_007/CODE_FUN_CS_007.cs,68,baselines_work/cohorte/csharp/CODE_IDENT_CS_014/CODE_IDENT_CS_014.cs,0.25287356321839083,44,5,20,24
4793,34,baselines_work/cohorte/csharp/CODE_FUN_CS_007/CODE_FUN_CS_007.cs,72,baselines_work/cohorte/csharp/CODE_IDENT_CS_014_COPY/CODE_IDENT_CS_014.cs,0.25287356321839083,44,5,20,24
4985,40,baselines_work/cohorte/csharp/CODE_FUN_CS_013/CODE_FUN_CS_013.cs,54,baselines_work/cohorte/csharp/CODE_IDENT_CS_007/CODE_IDENT_CS_007.cs,0.2391304347826087,44,5,25,19
4986,40,baselines_work/cohorte/csharp/CODE_FUN_CS_013/CODE_FUN_CS_013.cs,58,baselines_work/cohorte/csharp/CODE_IDENT_CS_007_COPY/CODE_IDENT_CS_007.cs,0.2391304347826087,44,5,25,19
5130,45,baselines_work/cohorte/csharp/CODE_IDENT_CS_002/CODE_IDENT_CS_002.cs,54,baselines_work/cohorte/csharp/CODE_IDENT_CS_007/CODE_IDENT_CS_007.cs,0.42718446601941745,44,8,21,23
5131,45,baselines_work/cohorte/csharp/CODE_IDENT_CS_002/CODE_IDENT_CS_002.cs,58,baselines_work/cohorte/csharp/CODE_IDENT_CS_007_COPY/CODE_IDENT_CS_007.cs,0.42718446601941745,44,8,21,23
5156,53,baselines_work/cohorte/csharp/CODE_IDENT_CS_002_COPY/CODE_IDENT_CS_002.cs,54,baselines_work/cohorte/csharp/CODE_IDENT_CS_007/CODE_IDENT_CS_007.cs,0.42718446601941745,44,8,21,23
5157,53,baselines_work/cohorte/csharp/CODE_IDENT_CS_002_COPY/CODE_IDENT_CS_002.cs,58,baselines_work/cohorte/csharp/CODE_IDENT_CS_007_COPY/CODE_IDENT_CS_007.cs,0.42718446601941745,44,8,21,23
2747,1,baselines_work/cohorte/csharp/CODE_DIF_CS_001/CODE_DIF_CS_001.cs,25,baselines_work/cohorte/csharp/CODE_ESTRU_CS_010/CODE_ESTRU_CS_010.cs,0.19545454545454546,43,5,20,23
2760,1,baselines_work/cohorte/csharp/CODE_DIF_CS_001/CODE_DIF_CS_001.cs,35,baselines_work/cohorte/csharp/CODE_FUN_CS_008/CODE_FUN_CS_008.cs,0.1519434628975265,43,4,22,21
2786,1,baselines_work/cohorte/csharp/CODE_DIF_CS_001/CODE_DIF_CS_001.cs,67,baselines_work/cohorte/csharp/CODE_IDENT_CS_010/CODE_IDENT_CS_010.cs,0.19545454545454546,43,5,20,23
2787,1,baselines_work/cohorte/csharp/CODE_DIF_CS_001/CODE_DIF_CS_001.cs,64,baselines_work/cohorte/csharp/CODE_IDENT_CS_010_COPY/CODE_IDENT_CS_010.cs,0.19545454545454546,43,5,20,23
3795,16,baselines_work/cohorte/csharp/CODE_ESTRU_CS_002/CODE_ESTRU_CS_002.cs,25,baselines_work/cohorte/csharp/CODE_ESTRU_CS_010/CODE_ESTRU_CS_010.cs,0.2721518987341772,43,4,18,25
3834,16,baselines_work/cohorte/csharp/CODE_ESTRU_CS_002/CODE_ESTRU_CS_002.cs,67,baselines_work/cohorte/csharp/CODE_IDENT_CS_010/CODE_IDENT_CS_010.cs,0.2721518987341772,43,4,18,25
3835,16,baselines_work/cohorte/csharp/CODE_ESTRU_CS_002/CODE_ESTRU_CS_002.cs,64,baselines_work/cohorte/csharp/CODE_IDENT_CS_010_COPY/CODE_IDENT_CS_010.cs,0.2721518987341772,43,4,18,25
3910,17,baselines_work/cohorte/csharp/CODE_ESTRU_CS_004/CODE_ESTRU_CS_004.cs,28,baselines_work/cohorte/csharp/CODE_ESTRU_CS_012/CODE_ESTRU_CS_012.cs,0.11528150134048257,43,4,25,18
3951,17,baselines_work/cohorte/csharp/CODE_ESTRU_CS_004/CODE_ESTRU_CS_004.cs,69,baselines_work/cohorte/csharp/CODE_IDENT_CS_012/CODE_IDENT_CS_012.cs,0.11528150134048257,43,4,25,18
3952,17,baselines_work/cohorte/csharp/CODE_ESTRU_CS_004/CODE_ESTRU_CS_004.cs,70,baselines_work/cohorte/csharp/CODE_IDENT_CS_012_COPY/CODE_IDENT_CS_012.cs,0.11528150134048257,43,4,25,18
4035,19,baselines_work/cohorte/csharp/CODE_ESTRU_CS_006/CODE_ESTRU_CS_006.cs,40,baselines_work/cohorte/csharp/CODE_FUN_CS_013/CODE_FUN_CS_013.cs,0.21393034825870647,43,3,20,23
4373,29,baselines_work/cohorte/csharp/CODE_ESTRU_CS_013/CODE_ESTRU_CS_013.cs,30,baselines_work/cohorte/csharp/CODE_FUN_CS_001/CODE_FUN_CS_001.cs,0.24571428571428572,43,5,28,15
4560,33,baselines_work/cohorte/csharp/CODE_FUN_CS_002/CODE_FUN_CS_002.cs,41,baselines_work/cohorte/csharp/CODE_FUN_CS_010/CODE_FUN_CS_010.cs,0.27044025157232704,43,4,19,24
4691,36,baselines_work/cohorte/csharp/CODE_FUN_CS_005/CODE_FUN_CS_005.cs,45,baselines_work/cohorte/csharp/CODE_IDENT_CS_002/CODE_IDENT_CS_002.cs,0.35537190082644626,43,9,21,22
4692,36,baselines_work/cohorte/csharp/CODE_FUN_CS_005/CODE_FUN_CS_005.cs,53,baselines_work/cohorte/csharp/CODE_IDENT_CS_002_COPY/CODE_IDENT_CS_002.cs,0.35537190082644626,43,9,21,22
4693,36,baselines_work/cohorte/csharp/CODE_FUN_CS_005/CODE_FUN_CS_005.cs,48,baselines_work/cohorte/csharp/CODE_IDENT_CS_003/CODE_IDENT_CS_003.cs,0.3333333333333333,43,9,21,22
4694,36,baselines_work/cohorte/csharp/CODE_FUN_CS_005/CODE_FUN_CS_005.cs,55,baselines_work/cohorte/csharp/CODE_IDENT_CS_003_COPY/CODE_IDENT_CS_003.cs,0.3333333333333333,43,9,21,22
5128,45,baselines_work/cohorte/csharp/CODE_IDENT_CS_002/CODE_IDENT_CS_002.cs,57,baselines_work/cohorte/csharp/CODE_IDENT_CS_006/CODE_IDENT_CS_006.cs,0.3706896551724138,43,8,21,22
5129,45,baselines_work/cohorte/csharp/CODE_IDENT_CS_002/CODE_IDENT_CS_002.cs,56,baselines_work/cohorte/csharp/CODE_IDENT_CS_006_COPY/CODE_IDENT_CS_006.cs,0.3706896551724138,43,8,21,22
5154,53,baselines_work/cohorte/csharp/CODE_IDENT_CS_002_COPY/CODE_IDENT_CS_002.cs,57,baselines_work/cohorte/csharp/CODE_IDENT_CS_006/CODE_IDENT_CS_006.cs,0.3706896551724138,43,8,21,22
5155,53,baselines_work/cohorte/csharp/CODE_IDENT_CS_002_COPY/CODE_IDENT_CS_002.cs,56,baselines_work/cohorte/csharp/CODE_IDENT_CS_006_COPY/CODE_IDENT_CS_006.cs,0.3706896551724138,43,8,21,22
5177,48,baselines_work/cohorte/csharp/CODE_IDENT_CS_003/CODE_IDENT_CS_003.cs,51,baselines_work/cohorte/csharp/CODE_IDENT_CS_005/CODE_IDENT_CS_005.cs,0.4174757281553398,43,8,22,21
5178,48,baselines_work/cohorte/csharp/CODE_IDENT_CS_003/CODE_IDENT_CS_003.cs,52,baselines_work/cohorte/csharp/CODE_IDENT_CS_005_COPY/CODE_IDENT_CS_005.cs,0.4174757281553398,43,8,22,21
5201,55,baselines_work/cohorte/csharp/CODE_IDENT_CS_003_COPY/CODE_IDENT_CS_003.cs,51,baselines_work/cohorte/csharp/CODE_IDENT_CS_005/CODE_IDENT_CS_005.cs,0.4174757281553398,43,8,22,21
5202,55,baselines_work/cohorte/csharp/CODE_IDENT_CS_003_COPY/CODE_IDENT_CS_003.cs,52,baselines_work/cohorte/csharp/CODE_IDENT_CS_005_COPY/CODE_IDENT_CS_005.cs,0.4174757281553398,43,8,22,21
2750,1,baselines_work/cohorte/csharp/CODE_DIF_CS_001/CODE_DIF_CS_001.cs,29,baselines_work/cohorte/csharp/CODE_ESTRU_CS_013/CODE_ESTRU_CS_013.cs,0.20588235294117646,42,5,17,25
2752,1,baselines_work/cohorte/csharp/CODE_DIF_CS_001/CODE_DIF_CS_001.cs,26,baselines_work/cohorte/csharp/CODE_ESTRU_CS_015/CODE_ESTRU_CS_015.cs,0.1926605504587156,42,5,17,25
2811,4,baselines_work/cohorte/csharp/CODE_DIF_CS_002/CODE_DIF_CS_002.cs,14,baselines_work/cohorte/csharp/CODE_ESTRU_CS_001/CODE_ESTRU_CS_001.cs,0.17355371900826447,42,5,26,16
2977,0,baselines_work/cohorte/csharp/CODE_DIF_CS_004/CODE_DIF_CS_004.cs,37,baselines_work/cohorte/csharp/CODE_FUN_CS_009/CODE_FUN_CS_009.cs,0.08,42,2,29,13
2988,0,baselines_work/cohorte/csharp/CODE_DIF_CS_004/CODE_DIF_CS_004.cs,48,baselines_work/cohorte/csharp/CODE_IDENT_CS_003/CODE_IDENT_CS_003.cs,0.0875,42,3,28,14
2989,0,baselines_work/cohorte/csharp/CODE_DIF_CS_004/CODE_DIF_CS_004.cs,55,baselines_work/cohorte/csharp/CODE_IDENT_CS_003_COPY/CODE_IDENT_CS_003.cs,0.0875,42,3,28,14
3054,3,baselines_work/cohorte/csharp/CODE_DIF_CS_005/CODE_DIF_CS_005.cs,43,baselines_work/cohorte/csharp/CODE_IDENT_CS_001/CODE_IDENT_CS_001.cs,0.1423728813559322,42,3,27,15
3055,3,baselines_work/cohorte/csharp/CODE_DIF_CS_005/CODE_DIF_CS_005.cs,46,baselines_work/cohorte/csharp/CODE_IDENT_CS_001_COPY/CODE_IDENT_CS_001.cs,0.1423728813559322,42,3,27,15
3391,11,baselines_work/cohorte/csharp/CODE_DIF_CS_010/CODE_DIF_CS_010.cs,45,baselines_work/cohorte/csharp/CODE_IDENT_CS_002/CODE_IDENT_CS_002.cs,0.13291139240506328,42,2,29,13
3392,11,baselines_work/cohorte/csharp/CODE_DIF_CS_010/CODE_DIF_CS_010.cs,53,baselines_work/cohorte/csharp/CODE_IDENT_CS_002_COPY/CODE_IDENT_CS_002.cs,0.13291139240506328,42,2,29,13
3808,16,baselines_work/cohorte/csharp/CODE_ESTRU_CS_002/CODE_ESTRU_CS_002.cs,35,baselines_work/cohorte/csharp/CODE_FUN_CS_008/CODE_FUN_CS_008.cs,0.19004524886877827,42,4,20,22
3811,16,baselines_work/cohorte/csharp/CODE_ESTRU_CS_002/CODE_ESTRU_CS_002.cs,42,baselines_work/cohorte/csharp/CODE_FUN_CS_011/CODE_FUN_CS_011.cs,0.2222222222222222,42,2,17,25
3862,15,baselines_work/cohorte/csharp/CODE_ESTRU_CS_003/CODE_ESTRU_CS_003.cs,36,baselines_work/cohorte/csharp/CODE_FUN_CS_005/CODE_FUN_CS_005.cs,0.2857142857142857,42,9,22,20
3864,15,baselines_work/cohorte/csharp/CODE_ESTRU_CS_003/CODE_ESTRU_CS_003.cs,34,baselines_work/cohorte/csharp/CODE_FUN_CS_007/CODE_FUN_CS_007.cs,0.25,42,9,22,20
3904,17,baselines_work/cohorte/csharp/CODE_ESTRU_CS_004/CODE_ESTRU_CS_004.cs,19,baselines_work/cohorte/csharp/CODE_ESTRU_CS_006/CODE_ESTRU_CS_006.cs,0.11965811965811966,42,2,23,19
3907,17,baselines_work/cohorte/csharp/CODE_ESTRU_CS_004/CODE_ESTRU_CS_004.cs,24,baselines_work/cohorte/csharp/CODE_ESTRU_CS_009/CODE_ESTRU_CS_009.cs,0.11570247933884298,42,4,24,18
3945,17,baselines_work/cohorte/csharp/CODE_ESTRU_CS_004/CODE_ESTRU_CS_004.cs,60,baselines_work/cohorte/csharp/CODE_IDENT_CS_009/CODE_IDENT_CS_009.cs,0.11570247933884298,42,4,24,18
3946,17,baselines_work/cohorte/csharp/CODE_ESTRU_CS_004/CODE_ESTRU_CS_004.cs,59,baselines_work/cohorte/csharp/CODE_IDENT_CS_009_COPY/CODE_IDENT_CS_009.cs,0.11570247933884298,42,4,24,18
3986,18,baselines_work/cohorte/csharp/CODE_ESTRU_CS_005/CODE_ESTRU_CS_005.cs,45,baselines_work/cohorte/csharp/CODE_IDENT_CS_002/CODE_IDENT_CS_002.cs,0.4,42,8,22,20
3987,18,baselines_work/cohorte/csharp/CODE_ESTRU_CS_005/CODE_ESTRU_CS_005.cs,53,baselines_work/cohorte/csharp/CODE_IDENT_CS_002_COPY/CODE_IDENT_CS_002.cs,0.4,42,8,22,20
4023,19,baselines_work/cohorte/csharp/CODE_ESTRU_CS_006/CODE_ESTRU_CS_006.cs,30,baselines_work/cohorte/csharp/CODE_FUN_CS_001/CODE_FUN_CS_001.cs,0.2545454545454545,42,4,23,19
4131,21,baselines_work/cohorte/csharp/CODE_ESTRU_CS_008/CODE_ESTRU_CS_008.cs,32,baselines_work/cohorte/csharp/CODE_FUN_CS_004/CODE_FUN_CS_004.cs,0.1346153846153846,42,3,30,12
4200,24,baselines_work/cohorte/csharp/CODE_ESTRU_CS_009/CODE_ESTRU_CS_009.cs,50,baselines_work/cohorte/csharp/CODE_IDENT_CS_004/CODE_IDENT_CS_004.cs,0.16279069767441862,42,4,21,21
4201,24,baselines_work/cohorte/csharp/CODE_ESTRU_CS_009/CODE_ESTRU_CS_009.cs,49,baselines_work/cohorte/csharp/CODE_IDENT_CS_004_COPY/CODE_IDENT_CS_004.cs,0.16279069767441862,42,4,21,21
4204,24,baselines_work/cohorte/csharp/CODE_ESTRU_CS_009/CODE_ESTRU_CS_009.cs,57,baselines_work/cohorte/csharp/CODE_IDENT_CS_006/CODE_IDENT_CS_006.cs,0.26582278481012656,42,5,19,23
4205,24,baselines_work/cohorte/csharp/CODE_ESTRU_CS_009/CODE_ESTRU_CS_009.cs,56,baselines_work/cohorte/csharp/CODE_IDENT_CS_006_COPY/CODE_IDENT_CS_006.cs,0.26582278481012656,42,5,19,23
4483,26,baselines_work/cohorte/csharp/CODE_ESTRU_CS_015/CODE_ESTRU_CS_015.cs,48,baselines_work/cohorte/csharp/CODE_IDENT_CS_003/CODE_IDENT_CS_003.cs,0.27631578947368424,42,3,29,13
4484,26,baselines_work/cohorte/csharp/CODE_ESTRU_CS_015/CODE_ESTRU_CS_015.cs,55,baselines_work/cohorte/csharp/CODE_IDENT_CS_003_COPY/CODE_IDENT_CS_003.cs,0.27631578947368424,42,3,29,13
4513,30,baselines_work/cohorte/csharp/CODE_FUN_CS_001/CODE_FUN_CS_001.cs,38,baselines_work/cohorte/csharp/CODE_FUN_CS_006/CODE_FUN_CS_006.cs,0.20689655172413793,42,5,19,23
4641,32,baselines_work/cohorte/csharp/CODE_FUN_CS_004/CODE_FUN_CS_004.cs,35,baselines_work/cohorte/csharp/CODE_FUN_CS_008/CODE_FUN_CS_008.cs,0.11666666666666667,42,4,17,25
4734,38,baselines_work/cohorte/csharp/CODE_FUN_CS_006/CODE_FUN_CS_006.cs,50,baselines_work/cohorte/csharp/CODE_IDENT_CS_004/CODE_IDENT_CS_004.cs,0.14788732394366197,42,4,27,15
4735,38,baselines_work/cohorte/csharp/CODE_FUN_CS_006/CODE_FUN_CS_006.cs,49,baselines_work/cohorte/csharp/CODE_IDENT_CS_004_COPY/CODE_IDENT_CS_004.cs,0.14788732394366197,42,4,27,15
4967,39,baselines_work/cohorte/csharp/CODE_FUN_CS_012/CODE_FUN_CS_012.cs,68,baselines_work/cohorte/csharp/CODE_IDENT_CS_014/CODE_IDENT_CS_014.cs,0.21428571428571427,42,9,22,20
4968,39,baselines_work/cohorte/csharp/CODE_FUN_CS_012/CODE_FUN_CS_012.cs,72,baselines_work/cohorte/csharp/CODE_IDENT_CS_014_COPY/CODE_IDENT_CS_014.cs,0.21428571428571427,42,9,22,20
5038,44,baselines_work/cohorte/csharp/CODE_FUN_CS_015/CODE_FUN_CS_015.cs,48,baselines_work/cohorte/csharp/CODE_IDENT_CS_003/CODE_IDENT_CS_003.cs,0.23595505617977527,42,5,25,17
5039,44,baselines_work/cohorte/csharp/CODE_FUN_CS_015/CODE_FUN_CS_015.cs,55,baselines_work/cohorte/csharp/CODE_IDENT_CS_003_COPY/CODE_IDENT_CS_003.cs,0.23595505617977527,42,5,25,17
5232,50,baselines_work/cohorte/csharp/CODE_IDENT_CS_004/CODE_IDENT_CS_004.cs,60,baselines_work/cohorte/csharp/CODE_IDENT_CS_009/CODE_IDENT_CS_009.cs,0.16279069767441862,42,3,21,21
5233,50,baselines_work/cohorte/csharp/CODE_IDENT_CS_004/CODE_IDENT_CS_004.cs,59,baselines_work/cohorte/csharp/CODE_IDENT_CS_009_COPY/CODE_IDENT_CS_009.cs,0.16279069767441862,42,3,21,21
5254,49,baselines_work/cohorte/csharp/CODE_IDENT_CS_004_COPY/CODE_IDENT_CS_004.cs,60,baselines_work/cohorte/csharp/CODE_IDENT_CS_009/CODE_IDENT_CS_009.cs,0.16279069767441862,42,3,21,21
5255,49,baselines_work/cohorte/csharp/CODE_IDENT_CS_004_COPY/CODE_IDENT_CS_004.cs,59,baselines_work/cohorte/csharp/CODE_IDENT_CS_009_COPY/CODE_IDENT_CS_009.cs,0.16279069767441862,42,3,21,21
5314,57,baselines_work/cohorte/csharp/CODE_IDENT_CS_006/CODE_IDENT_CS_006.cs,60,baselines_work/cohorte/csharp/CODE_IDENT_CS_009/CODE_IDENT_CS_009.cs,0.26582278481012656,42,5,23,19
5315,57,baselines_work/cohorte/csharp/CODE_IDENT_CS_006/CODE_IDENT_CS_006.cs,59,baselines_work/cohorte/csharp/CODE_IDENT_CS_009_COPY/CODE_IDENT_CS_009.cs,0.26582278481012656,42,5,23,19
5332,56,baselines_work/cohorte/csharp/CODE_IDENT_CS_006_COPY/CODE_IDENT_CS_006.cs,60,baselines_work/cohorte/csharp/CODE_IDENT_CS_009/CODE_IDENT_CS_009.cs,0.26582278481012656,42,5,23,19
5333,56,baselines_work/cohorte/csharp/CODE_IDENT_CS_006_COPY/CODE_IDENT_CS_006.cs,59,baselines_work/cohorte/csharp/CODE_IDENT_CS_009_COPY/CODE_IDENT_CS_009.cs,0.26582278481012656,42,5,23,19
2744,1,baselines_work/cohorte/csharp/CODE_DIF_CS_001/CODE_DIF_CS_001.cs,20,baselines_work/cohorte/csharp/CODE_ESTRU_CS_007/CODE_ESTRU_CS_007.cs,0.23163841807909605,41,4,22,19
2751,1,baselines_work/cohorte/csharp/CODE_DIF_CS_001/CODE_DIF_CS_001.cs,27,baselines_work/cohorte/csharp/CODE_ESTRU_CS_014/CODE_ESTRU_CS_014.cs,0.20918367346938777,41,5,21,20
2762,1,baselines_work/cohorte/csharp/CODE_DIF_CS_001/CODE_DIF_CS_001.cs,41,baselines_work/cohorte/csharp/CODE_FUN_CS_010/CODE_FUN_CS_010.cs,0.18385650224215247,41,4,23,18
2780,1,baselines_work/cohorte/csharp/CODE_DIF_CS_001/CODE_DIF_CS_001.cs,54,baselines_work/cohorte/csharp/CODE_IDENT_CS_007/CODE_IDENT_CS_007.cs,0.23163841807909605,41,4,22,19
2781,1,baselines_work/cohorte/csharp/CODE_DIF_CS_001/CODE_DIF_CS_001.cs,58,baselines_work/cohorte/csharp/CODE_IDENT_CS_007_COPY/CODE_IDENT_CS_007.cs,0.23163841807909605,41,4,22,19
2794,1,baselines_work/cohorte/csharp/CODE_DIF_CS_001/CODE_DIF_CS_001.cs,68,baselines_work/cohorte/csharp/CODE_IDENT_CS_014/CODE_IDENT_CS_014.cs,0.20918367346938777,41,5,21,20
2795,1,baselines_work/cohorte/csharp/CODE_DIF_CS_001/CODE_DIF_CS_001.cs,72,baselines_work/cohorte/csharp/CODE_IDENT_CS_014_COPY/CODE_IDENT_CS_014.cs,0.20918367346938777,41,5,21,20
2841,4,baselines_work/cohorte/csharp/CODE_DIF_CS_002/CODE_DIF_CS_002.cs,43,baselines_work/cohorte/csharp/CODE_IDENT_CS_001/CODE_IDENT_CS_001.cs,0.1889400921658986,41,5,26,15
2842,4,baselines_work/cohorte/csharp/CODE_DIF_CS_002/CODE_DIF_CS_002.cs,46,baselines_work/cohorte/csharp/CODE_IDENT_CS_001_COPY/CODE_IDENT_CS_001.cs,0.1889400921658986,41,5,26,15
2980,0,baselines_work/cohorte/csharp/CODE_DIF_CS_004/CODE_DIF_CS_004.cs,39,baselines_work/cohorte/csharp/CODE_FUN_CS_012/CODE_FUN_CS_012.cs,0.07509157509157509,41,3,23,18
3056,3,baselines_work/cohorte/csharp/CODE_DIF_CS_005/CODE_DIF_CS_005.cs,45,baselines_work/cohorte/csharp/CODE_IDENT_CS_002/CODE_IDENT_CS_002.cs,0.1576923076923077,41,5,26,15
3057,3,baselines_work/cohorte/csharp/CODE_DIF_CS_005/CODE_DIF_CS_005.cs,53,baselines_work/cohorte/csharp/CODE_IDENT_CS_002_COPY/CODE_IDENT_CS_002.cs,0.1576923076923077,41,5,26,15
3389,11,baselines_work/cohorte/csharp/CODE_DIF_CS_010/CODE_DIF_CS_010.cs,43,baselines_work/cohorte/csharp/CODE_IDENT_CS_001/CODE_IDENT_CS_001.cs,0.1168091168091168,41,3,28,13
3390,11,baselines_work/cohorte/csharp/CODE_DIF_CS_010/CODE_DIF_CS_010.cs,46,baselines_work/cohorte/csharp/CODE_IDENT_CS_001_COPY/CODE_IDENT_CS_001.cs,0.1168091168091168,41,3,28,13
3922,17,baselines_work/cohorte/csharp/CODE_ESTRU_CS_004/CODE_ESTRU_CS_004.cs,37,baselines_work/cohorte/csharp/CODE_FUN_CS_009/CODE_FUN_CS_009.cs,0.10962566844919786,41,2,27,14
3929,17,baselines_work/cohorte/csharp/CODE_ESTRU_CS_004/CODE_ESTRU_CS_004.cs,43,baselines_work/cohorte/csharp/CODE_IDENT_CS_001/CODE_IDENT_CS_001.cs,0.1151685393258427,41,3,24,17
3930,17,baselines_work/cohorte/csharp/CODE_ESTRU_CS_004/CODE_ESTRU_CS_004.cs,46,baselines_work/cohorte/csharp/CODE_IDENT_CS_001_COPY/CODE_IDENT_CS_001.cs,0.1151685393258427,41,3,24,17
4299,22,baselines_work/cohorte/csharp/CODE_ESTRU_CS_011/CODE_ESTRU_CS_011.cs,50,baselines_work/cohorte/csharp/CODE_IDENT_CS_004/CODE_IDENT_CS_004.cs,0.14909090909090908,41,4,32,9
4300,22,baselines_work/cohorte/csharp/CODE_ESTRU_CS_011/CODE_ESTRU_CS_011.cs,49,baselines_work/cohorte/csharp/CODE_IDENT_CS_004_COPY/CODE_IDENT_CS_004.cs,0.14909090909090908,41,4,32,9
4329,28,baselines_work/cohorte/csharp/CODE_ESTRU_CS_012/CODE_ESTRU_CS_012.cs,32,baselines_work/cohorte/csharp/CODE_FUN_CS_004/CODE_FUN_CS_004.cs,0.13993174061433447,41,3,22,19
4386,29,baselines_work/cohorte/csharp/CODE_ESTRU_CS_013/CODE_ESTRU_CS_013.cs,47,baselines_work/cohorte/csharp/CODE_FUN_CS_014/CODE_FUN_CS_014.cs,0.211340206185567,41,5,28,13
4543,30,baselines_work/cohorte/csharp/CODE_FUN_CS_001/CODE_FUN_CS_001.cs,63,baselines_work/cohorte/csharp/CODE_IDENT_CS_011/CODE_IDENT_CS_011.cs,0.21243523316062177,41,5,14,27
4544,30,baselines_work/cohorte/csharp/CODE_FUN_CS_001/CODE_FUN_CS_001.cs,65,baselines_work/cohorte/csharp/CODE_IDENT_CS_011_COPY/CODE_IDENT_CS_011.cs,0.21243523316062177,41,5,14,27
4639,32,baselines_work/cohorte/csharp/CODE_FUN_CS_004/CODE_FUN_CS_004.cs,38,baselines_work/cohorte/csharp/CODE_FUN_CS_006/CODE_FUN_CS_006.cs,0.13268608414239483,41,2,17,24
4671,32,baselines_work/cohorte/csharp/CODE_FUN_CS_004/CODE_FUN_CS_004.cs,69,baselines_work/cohorte/csharp/CODE_IDENT_CS_012/CODE_IDENT_CS_012.cs,0.13993174061433447,41,3,19,22
4672,32,baselines_work/cohorte/csharp/CODE_FUN_CS_004/CODE_FUN_CS_004.cs,70,baselines_work/cohorte/csharp/CODE_IDENT_CS_012_COPY/CODE_IDENT_CS_012.cs,0.13993174061433447,41,3,19,22
4724,38,baselines_work/cohorte/csharp/CODE_FUN_CS_006/CODE_FUN_CS_006.cs,39,baselines_work/cohorte/csharp/CODE_FUN_CS_012/CODE_FUN_CS_012.cs,0.17672413793103448,41,9,24,17
4768,34,baselines_work/cohorte/csharp/CODE_FUN_CS_007/CODE_FUN_CS_007.cs,45,baselines_work/cohorte/csharp/CODE_IDENT_CS_002/CODE_IDENT_CS_002.cs,0.2887323943661972,41,9,20,21
4769,34,baselines_work/cohorte/csharp/CODE_FUN_CS_007/CODE_FUN_CS_007.cs,53,baselines_work/cohorte/csharp/CODE_IDENT_CS_002_COPY/CODE_IDENT_CS_002.cs,0.2887323943661972,41,9,20,21
4914,42,baselines_work/cohorte/csharp/CODE_FUN_CS_011/CODE_FUN_CS_011.cs,50,baselines_work/cohorte/csharp/CODE_IDENT_CS_004/CODE_IDENT_CS_004.cs,0.1353135313531353,41,2,21,20
4915,42,baselines_work/cohorte/csharp/CODE_FUN_CS_011/CODE_FUN_CS_011.cs,49,baselines_work/cohorte/csharp/CODE_IDENT_CS_004_COPY/CODE_IDENT_CS_004.cs,0.1353135313531353,41,2,21,20
5126,45,baselines_work/cohorte/csharp/CODE_IDENT_CS_002/CODE_IDENT_CS_002.cs,51,baselines_work/cohorte/csharp/CODE_IDENT_CS_005/CODE_IDENT_CS_005.cs,0.43157894736842106,41,8,21,20
5127,45,baselines_work/cohorte/csharp/CODE_IDENT_CS_002/CODE_IDENT_CS_002.cs,52,baselines_work/cohorte/csharp/CODE_IDENT_CS_005_COPY/CODE_IDENT_CS_005.cs,0.43157894736842106,41,8,21,20
5152,53,baselines_work/cohorte/csharp/CODE_IDENT_CS_002_COPY/CODE_IDENT_CS_002.cs,51,baselines_work/cohorte/csharp/CODE_IDENT_CS_005/CODE_IDENT_CS_005.cs,0.43157894736842106,41,8,21,20
5153,53,baselines_work/cohorte/csharp/CODE_IDENT_CS_002_COPY/CODE_IDENT_CS_002.cs,52,baselines_work/cohorte/csharp/CODE_IDENT_CS_005_COPY/CODE_IDENT_CS_005.cs,0.43157894736842106,41,8,21,20
5179,48,baselines_work/cohorte/csharp/CODE_IDENT_CS_003/CODE_IDENT_CS_003.cs,57,baselines_work/cohorte/csharp/CODE_IDENT_CS_006/CODE_IDENT_CS_006.cs,0.33064516129032256,41,8,19,22
5180,48,baselines_work/cohorte/csharp/CODE_IDENT_CS_003/CODE_IDENT_CS_003.cs,56,baselines_work/cohorte/csharp/CODE_IDENT_CS_006_COPY/CODE_IDENT_CS_006.cs,0.33064516129032256,41,8,19,22
5197,48,baselines_work/cohorte/csharp/CODE_IDENT_CS_003/CODE_IDENT_CS_003.cs,74,baselines_work/cohorte/csharp/CODE_IDENT_CS_015/CODE_IDENT_CS_015.cs,0.26282051282051283,41,4,14,27
5198,48,baselines_work/cohorte/csharp/CODE_IDENT_CS_003/CODE_IDENT_CS_003.cs,73,baselines_work/cohorte/csharp/CODE_IDENT_CS_015_COPY/CODE_IDENT_CS_015.cs,0.26282051282051283,41,4,14,27
5203,55,baselines_work/cohorte/csharp/CODE_IDENT_CS_003_COPY/CODE_IDENT_CS_003.cs,57,baselines_work/cohorte/csharp/CODE_IDENT_CS_006/CODE_IDENT_CS_006.cs,0.33064516129032256,41,8,19,22
5204,55,baselines_work/cohorte/csharp/CODE_IDENT_CS_003_COPY/CODE_IDENT_CS_003.cs,56,baselines_work/cohorte/csharp/CODE_IDENT_CS_006_COPY/CODE_IDENT_CS_006.cs,0.33064516129032256,41,8,19,22
5221,55,baselines_work/cohorte/csharp/CODE_IDENT_CS_003_COPY/CODE_IDENT_CS_003.cs,74,baselines_work/cohorte/csharp/CODE_IDENT_CS_015/CODE_IDENT_CS_015.cs,0.26282051282051283,41,4,14,27
5222,55,baselines_work/cohorte/csharp/CODE_IDENT_CS_003_COPY/CODE_IDENT_CS_003.cs,73,baselines_work/cohorte/csharp/CODE_IDENT_CS_015_COPY/CODE_IDENT_CS_015.cs,0.26282051282051283,41,4,14,27
5324,57,baselines_work/cohorte/csharp/CODE_IDENT_CS_006/CODE_IDENT_CS_006.cs,68,baselines_work/cohorte/csharp/CODE_IDENT_CS_014/CODE_IDENT_CS_014.cs,0.27702702702702703,41,6,21,20
5325,57,baselines_work/cohorte/csharp/CODE_IDENT_CS_006/CODE_IDENT_CS_006.cs,72,baselines_work/cohorte/csharp/CODE_IDENT_CS_014_COPY/CODE_IDENT_CS_014.cs,0.27702702702702703,41,6,21,20
5342,56,baselines_work/cohorte/csharp/CODE_IDENT_CS_006_COPY/CODE_IDENT_CS_006.cs,68,baselines_work/cohorte/csharp/CODE_IDENT_CS_014/CODE_IDENT_CS_014.cs,0.27702702702702703,41,6,21,20
5343,56,baselines_work/cohorte/csharp/CODE_IDENT_CS_006_COPY/CODE_IDENT_CS_006.cs,72,baselines_work/cohorte/csharp/CODE_IDENT_CS_014_COPY/CODE_IDENT_CS_014.cs,0.27702702702702703,41,6,21,20
2994,0,baselines_work/cohorte/csharp/CODE_DIF_CS_004/CODE_DIF_CS_004.cs,57,baselines_work/cohorte/csharp/CODE_IDENT_CS_006/CODE_IDENT_CS_006.cs,0.08032128514056225,40,4,22,18
2995,0,baselines_work/cohorte/csharp/CODE_DIF_CS_004/CODE_DIF_CS_004.cs,56,baselines_work/cohorte/csharp/CODE_IDENT_CS_006_COPY/CODE_IDENT_CS_006.cs,0.08032128514056225,40,4,22,18
3564,10,baselines_work/cohorte/csharp/CODE_DIF_CS_013/CODE_DIF_CS_013.cs,33,baselines_work/cohorte/csharp/CODE_FUN_CS_002/CODE_FUN_CS_002.cs,0.07662835249042145,40,2,34,6
3912,17,baselines_work/cohorte/csharp/CODE_ESTRU_CS_004/CODE_ESTRU_CS_004.cs,27,baselines_work/cohorte/csharp/CODE_ESTRU_CS_014/CODE_ESTRU_CS_014.cs,0.11331444759206799,40,3,23,17
3925,17,baselines_work/cohorte/csharp/CODE_ESTRU_CS_004/CODE_ESTRU_CS_004.cs,39,baselines_work/cohorte/csharp/CODE_FUN_CS_012/CODE_FUN_CS_012.cs,0.10126582278481013,40,3,22,18
3927,17,baselines_work/cohorte/csharp/CODE_ESTRU_CS_004/CODE_ESTRU_CS_004.cs,47,baselines_work/cohorte/csharp/CODE_FUN_CS_014/CODE_FUN_CS_014.cs,0.1038961038961039,40,2,26,14
3955,17,baselines_work/cohorte/csharp/CODE_ESTRU_CS_004/CODE_ESTRU_CS_004.cs,68,baselines_work/cohorte/csharp/CODE_IDENT_CS_014/CODE_IDENT_CS_014.cs,0.11331444759206799,40,3,23,17
3956,17,baselines_work/cohorte/csharp/CODE_ESTRU_CS_004/CODE_ESTRU_CS_004.cs,72,baselines_work/cohorte/csharp/CODE_IDENT_CS_014_COPY/CODE_IDENT_CS_014.cs,0.11331444759206799,40,3,23,17
4129,21,baselines_work/cohorte/csharp/CODE_ESTRU_CS_008/CODE_ESTRU_CS_008.cs,33,baselines_work/cohorte/csharp/CODE_FUN_CS_002/CODE_FUN_CS_002.cs,0.23391812865497075,40,9,27,13
4182,24,baselines_work/cohorte/csharp/CODE_ESTRU_CS_009/CODE_ESTRU_CS_009.cs,32,baselines_work/cohorte/csharp/CODE_FUN_CS_004/CODE_FUN_CS_004.cs,0.1413427561837456,40,3,21,19
4250,25,baselines_work/cohorte/csharp/CODE_ESTRU_CS_010/CODE_ESTRU_CS_010.cs,50,baselines_work/cohorte/csharp/CODE_IDENT_CS_004/CODE_IDENT_CS_004.cs,0.14705882352941177,40,4,24,16
4251,25,baselines_work/cohorte/csharp/CODE_ESTRU_CS_010/CODE_ESTRU_CS_010.cs,49,baselines_work/cohorte/csharp/CODE_IDENT_CS_004_COPY/CODE_IDENT_CS_004.cs,0.14705882352941177,40,4,24,16
4326,28,baselines_work/cohorte/csharp/CODE_ESTRU_CS_012/CODE_ESTRU_CS_012.cs,30,baselines_work/cohorte/csharp/CODE_FUN_CS_001/CODE_FUN_CS_001.cs,0.21390374331550802,40,4,21,19
4545,30,baselines_work/cohorte/csharp/CODE_FUN_CS_001/CODE_FUN_CS_001.cs,69,baselines_work/cohorte/csharp/CODE_IDENT_CS_012/CODE_IDENT_CS_012.cs,0.21390374331550802,40,4,19,21
4546,30,baselines_work/cohorte/csharp/CODE_FUN_CS_001/CODE_FUN_CS_001.cs,70,baselines_work/cohorte/csharp/CODE_IDENT_CS_012_COPY/CODE_IDENT_CS_012.cs,0.21390374331550802,40,4,19,21
4561,33,baselines_work/cohorte/csharp/CODE_FUN_CS_002/CODE_FUN_CS_002.cs,42,baselines_work/cohorte/csharp/CODE_FUN_CS_011/CODE_FUN_CS_011.cs,0.21390374331550802,40,3,12,28
4580,33,baselines_work/cohorte/csharp/CODE_FUN_CS_002/CODE_FUN_CS_002.cs,61,baselines_work/cohorte/csharp/CODE_IDENT_CS_008/CODE_IDENT_CS_008.cs,0.22988505747126436,40,9,13,27
4581,33,baselines_work/cohorte/csharp/CODE_FUN_CS_002/CODE_FUN_CS_002.cs,62,baselines_work/cohorte/csharp/CODE_IDENT_CS_008_COPY/CODE_IDENT_CS_008.cs,0.22988505747126436,40,9,13,27
4665,32,baselines_work/cohorte/csharp/CODE_FUN_CS_004/CODE_FUN_CS_004.cs,60,baselines_work/cohorte/csharp/CODE_IDENT_CS_009/CODE_IDENT_CS_009.cs,0.1413427561837456,40,3,19,21
4666,32,baselines_work/cohorte/csharp/CODE_FUN_CS_004/CODE_FUN_CS_004.cs,59,baselines_work/cohorte/csharp/CODE_IDENT_CS_009_COPY/CODE_IDENT_CS_009.cs,0.1413427561837456,40,3,19,21
4764,34,baselines_work/cohorte/csharp/CODE_FUN_CS_007/CODE_FUN_CS_007.cs,47,baselines_work/cohorte/csharp/CODE_FUN_CS_014/CODE_FUN_CS_014.cs,0.1941747572815534,40,4,19,21
4811,35,baselines_work/cohorte/csharp/CODE_FUN_CS_008/CODE_FUN_CS_008.cs,51,baselines_work/cohorte/csharp/CODE_IDENT_CS_005/CODE_IDENT_CS_005.cs,0.18691588785046728,40,5,22,18
4812,35,baselines_work/cohorte/csharp/CODE_FUN_CS_008/CODE_FUN_CS_008.cs,52,baselines_work/cohorte/csharp/CODE_IDENT_CS_005_COPY/CODE_IDENT_CS_005.cs,0.18691588785046728,40,5,22,18
5040,44,baselines_work/cohorte/csharp/CODE_FUN_CS_015/CODE_FUN_CS_015.cs,50,baselines_work/cohorte/csharp/CODE_IDENT_CS_004/CODE_IDENT_CS_004.cs,0.13513513513513514,40,3,23,17
5041,44,baselines_work/cohorte/csharp/CODE_FUN_CS_015/CODE_FUN_CS_015.cs,49,baselines_work/cohorte/csharp/CODE_IDENT_CS_004_COPY/CODE_IDENT_CS_004.cs,0.13513513513513514,40,3,23,17
5234,50,baselines_work/cohorte/csharp/CODE_IDENT_CS_004/CODE_IDENT_CS_004.cs,67,baselines_work/cohorte/csharp/CODE_IDENT_CS_010/CODE_IDENT_CS_010.cs,0.14705882352941177,40,4,16,24
5235,50,baselines_work/cohorte/csharp/CODE_IDENT_CS_004/CODE_IDENT_CS_004.cs,64,baselines_work/cohorte/csharp/CODE_IDENT_CS_010_COPY/CODE_IDENT_CS_010.cs,0.14705882352941177,40,4,16,24
5236,50,baselines_work/cohorte/csharp/CODE_IDENT_CS_004/CODE_IDENT_CS_004.cs,63,baselines_work/cohorte/csharp/CODE_IDENT_CS_011/CODE_IDENT_CS_011.cs,0.145985401459854,40,4,9,31
5237,50,baselines_work/cohorte/csharp/CODE_IDENT_CS_004/CODE_IDENT_CS_004.cs,65,baselines_work/cohorte/csharp/CODE_IDENT_CS_011_COPY/CODE_IDENT_CS_011.cs,0.145985401459854,40,4,9,31
5256,49,baselines_work/cohorte/csharp/CODE_IDENT_CS_004_COPY/CODE_IDENT_CS_004.cs,67,baselines_work/cohorte/csharp/CODE_IDENT_CS_010/CODE_IDENT_CS_010.cs,0.14705882352941177,40,4,16,24
5257,49,baselines_work/cohorte/csharp/CODE_IDENT_CS_004_COPY/CODE_IDENT_CS_004.cs,64,baselines_work/cohorte/csharp/CODE_IDENT_CS_010_COPY/CODE_IDENT_CS_010.cs,0.14705882352941177,40,4,16,24
5258,49,baselines_work/cohorte/csharp/CODE_IDENT_CS_004_COPY/CODE_IDENT_CS_004.cs,63,baselines_work/cohorte/csharp/CODE_IDENT_CS_011/CODE_IDENT_CS_011.cs,0.145985401459854,40,4,9,31
5259,49,baselines_work/cohorte/csharp/CODE_IDENT_CS_004_COPY/CODE_IDENT_CS_004.cs,65,baselines_work/cohorte/csharp/CODE_IDENT_CS_011_COPY/CODE_IDENT_CS_011.cs,0.145985401459854,40,4,9,31
2956,0,baselines_work/cohorte/csharp/CODE_DIF_CS_004/CODE_DIF_CS_004.cs,15,baselines_work/cohorte/csharp/CODE_ESTRU_CS_003/CODE_ESTRU_CS_003.cs,0.0783132530120482,39,2,26,13
3328,7,baselines_work/cohorte/csharp/CODE_DIF_CS_009/CODE_DIF_CS_009.cs,48,baselines_work/cohorte/csharp/CODE_IDENT_CS_003/CODE_IDENT_CS_003.cs,0.1553784860557769,39,2,25,14
3329,7,baselines_work/cohorte/csharp/CODE_DIF_CS_009/CODE_DIF_CS_009.cs,55,baselines_work/cohorte/csharp/CODE_IDENT_CS_003_COPY/CODE_IDENT_CS_003.cs,0.1553784860557769,39,2,25,14
3746,14,baselines_work/cohorte/csharp/CODE_ESTRU_CS_001/CODE_ESTRU_CS_001.cs,32,baselines_work/cohorte/csharp/CODE_FUN_CS_004/CODE_FUN_CS_004.cs,0.12956810631229235,39,3,19,20
3800,16,baselines_work/cohorte/csharp/CODE_ESTRU_CS_002/CODE_ESTRU_CS_002.cs,26,baselines_work/cohorte/csharp/CODE_ESTRU_CS_015/CODE_ESTRU_CS_015.cs,0.25,39,2,14,25
3865,15,baselines_work/cohorte/csharp/CODE_ESTRU_CS_003/CODE_ESTRU_CS_003.cs,35,baselines_work/cohorte/csharp/CODE_FUN_CS_008/CODE_FUN_CS_008.cs,0.16595744680851063,39,4,19,20
3901,15,baselines_work/cohorte/csharp/CODE_ESTRU_CS_003/CODE_ESTRU_CS_003.cs,74,baselines_work/cohorte/csharp/CODE_IDENT_CS_015/CODE_IDENT_CS_015.cs,0.22413793103448276,39,2,14,25
3902,15,baselines_work/cohorte/csharp/CODE_ESTRU_CS_003/CODE_ESTRU_CS_003.cs,73,baselines_work/cohorte/csharp/CODE_IDENT_CS_015_COPY/CODE_IDENT_CS_015.cs,0.22413793103448276,39,2,14,25
4140,21,baselines_work/cohorte/csharp/CODE_ESTRU_CS_008/CODE_ESTRU_CS_008.cs,40,baselines_work/cohorte/csharp/CODE_FUN_CS_013/CODE_FUN_CS_013.cs,0.16115702479338842,39,2,21,18
4644,32,baselines_work/cohorte/csharp/CODE_FUN_CS_004/CODE_FUN_CS_004.cs,42,baselines_work/cohorte/csharp/CODE_FUN_CS_011/CODE_FUN_CS_011.cs,0.11890243902439024,39,2,16,23
4912,42,baselines_work/cohorte/csharp/CODE_FUN_CS_011/CODE_FUN_CS_011.cs,48,baselines_work/cohorte/csharp/CODE_IDENT_CS_003/CODE_IDENT_CS_003.cs,0.21081081081081082,39,2,26,13
4913,42,baselines_work/cohorte/csharp/CODE_FUN_CS_011/CODE_FUN_CS_011.cs,55,baselines_work/cohorte/csharp/CODE_IDENT_CS_003_COPY/CODE_IDENT_CS_003.cs,0.21081081081081082,39,2,26,13
4987,40,baselines_work/cohorte/csharp/CODE_FUN_CS_013/CODE_FUN_CS_013.cs,61,baselines_work/cohorte/csharp/CODE_IDENT_CS_008/CODE_IDENT_CS_008.cs,0.15918367346938775,39,2,18,21
4988,40,baselines_work/cohorte/csharp/CODE_FUN_CS_013/CODE_FUN_CS_013.cs,62,baselines_work/cohorte/csharp/CODE_IDENT_CS_008_COPY/CODE_IDENT_CS_008.cs,0.15918367346938775,39,2,18,21
5036,44,baselines_work/cohorte/csharp/CODE_FUN_CS_015/CODE_FUN_CS_015.cs,45,baselines_work/cohorte/csharp/CODE_IDENT_CS_002/CODE_IDENT_CS_002.cs,0.22941176470588234,39,5,21,18
5037,44,baselines_work/cohorte/csharp/CODE_FUN_CS_015/CODE_FUN_CS_015.cs,53,baselines_work/cohorte/csharp/CODE_IDENT_CS_002_COPY/CODE_IDENT_CS_002.cs,0.22941176470588234,39,5,21,18
2749,1,baselines_work/cohorte/csharp/CODE_DIF_CS_001/CODE_DIF_CS_001.cs,28,baselines_work/cohorte/csharp/CODE_ESTRU_CS_012/CODE_ESTRU_CS_012.cs,0.17592592592592593,38,4,19,19
2778,1,baselines_work/cohorte/csharp/CODE_DIF_CS_001/CODE_DIF_CS_001.cs,57,baselines_work/cohorte/csharp/CODE_IDENT_CS_006/CODE_IDENT_CS_006.cs,0.2,38,4,20,18
2779,1,baselines_work/cohorte/csharp/CODE_DIF_CS_001/CODE_DIF_CS_001.cs,56,baselines_work/cohorte/csharp/CODE_IDENT_CS_006_COPY/CODE_IDENT_CS_006.cs,0.2,38,4,20,18
2790,1,baselines_work/cohorte/csharp/CODE_DIF_CS_001/CODE_DIF_CS_001.cs,69,baselines_work/cohorte/csharp/CODE_IDENT_CS_012/CODE_IDENT_CS_012.cs,0.17592592592592593,38,4,19,19
2791,1,baselines_work/cohorte/csharp/CODE_DIF_CS_001/CODE_DIF_CS_001.cs,70,baselines_work/cohorte/csharp/CODE_IDENT_CS_012_COPY/CODE_IDENT_CS_012.cs,0.17592592592592593,38,4,19,19
2954,0,baselines_work/cohorte/csharp/CODE_DIF_CS_004/CODE_DIF_CS_004.cs,14,baselines_work/cohorte/csharp/CODE_ESTRU_CS_001/CODE_ESTRU_CS_001.cs,0.07142857142857142,38,3,22,16
3923,17,baselines_work/cohorte/csharp/CODE_ESTRU_CS_004/CODE_ESTRU_CS_004.cs,41,baselines_work/cohorte/csharp/CODE_FUN_CS_010/CODE_FUN_CS_010.cs,0.1,38,2,23,15
4374,29,baselines_work/cohorte/csharp/CODE_ESTRU_CS_013/CODE_ESTRU_CS_013.cs,33,baselines_work/cohorte/csharp/CODE_FUN_CS_002/CODE_FUN_CS_002.cs,0.2714285714285714,38,8,26,12
4485,26,baselines_work/cohorte/csharp/CODE_ESTRU_CS_015/CODE_ESTRU_CS_015.cs,50,baselines_work/cohorte/csharp/CODE_IDENT_CS_004/CODE_IDENT_CS_004.cs,0.14074074074074075,38,4,24,14
4486,26,baselines_work/cohorte/csharp/CODE_ESTRU_CS_015/CODE_ESTRU_CS_015.cs,49,baselines_work/cohorte/csharp/CODE_IDENT_CS_004_COPY/CODE_IDENT_CS_004.cs,0.14074074074074075,38,4,24,14
4556,33,baselines_work/cohorte/csharp/CODE_FUN_CS_002/CODE_FUN_CS_002.cs,38,baselines_work/cohorte/csharp/CODE_FUN_CS_006/CODE_FUN_CS_006.cs,0.2261904761904762,38,9,14,24
4590,33,baselines_work/cohorte/csharp/CODE_FUN_CS_002/CODE_FUN_CS_002.cs,66,baselines_work/cohorte/csharp/CODE_IDENT_CS_013/CODE_IDENT_CS_013.cs,0.2585034013605442,38,8,12,26
4591,33,baselines_work/cohorte/csharp/CODE_FUN_CS_002/CODE_FUN_CS_002.cs,71,baselines_work/cohorte/csharp/CODE_IDENT_CS_013_COPY/CODE_IDENT_CS_013.cs,0.2585034013605442,38,8,12,26
4663,32,baselines_work/cohorte/csharp/CODE_FUN_CS_004/CODE_FUN_CS_004.cs,61,baselines_work/cohorte/csharp/CODE_IDENT_CS_008/CODE_IDENT_CS_008.cs,0.12063492063492064,38,2,11,27
4664,32,baselines_work/cohorte/csharp/CODE_FUN_CS_004/CODE_FUN_CS_004.cs,62,baselines_work/cohorte/csharp/CODE_IDENT_CS_008_COPY/CODE_IDENT_CS_008.cs,0.12063492063492064,38,2,11,27
4788,34,baselines_work/cohorte/csharp/CODE_FUN_CS_007/CODE_FUN_CS_007.cs,69,baselines_work/cohorte/csharp/CODE_IDENT_CS_012/CODE_IDENT_CS_012.cs,0.1958762886597938,38,4,16,22
4789,34,baselines_work/cohorte/csharp/CODE_FUN_CS_007/CODE_FUN_CS_007.cs,70,baselines_work/cohorte/csharp/CODE_IDENT_CS_012_COPY/CODE_IDENT_CS_012.cs,0.1958762886597938,38,4,16,22
4876,41,baselines_work/cohorte/csharp/CODE_FUN_CS_010/CODE_FUN_CS_010.cs,45,baselines_work/cohorte/csharp/CODE_IDENT_CS_002/CODE_IDENT_CS_002.cs,0.2550335570469799,38,4,19,19
4877,41,baselines_work/cohorte/csharp/CODE_FUN_CS_010/CODE_FUN_CS_010.cs,53,baselines_work/cohorte/csharp/CODE_IDENT_CS_002_COPY/CODE_IDENT_CS_002.cs,0.2550335570469799,38,4,19,19
5058,44,baselines_work/cohorte/csharp/CODE_FUN_CS_015/CODE_FUN_CS_015.cs,66,baselines_work/cohorte/csharp/CODE_IDENT_CS_013/CODE_IDENT_CS_013.cs,0.17511520737327188,38,5,13,25
5059,44,baselines_work/cohorte/csharp/CODE_FUN_CS_015/CODE_FUN_CS_015.cs,71,baselines_work/cohorte/csharp/CODE_IDENT_CS_013_COPY/CODE_IDENT_CS_013.cs,0.17511520737327188,38,5,13,25
5244,50,baselines_work/cohorte/csharp/CODE_IDENT_CS_004/CODE_IDENT_CS_004.cs,74,baselines_work/cohorte/csharp/CODE_IDENT_CS_015/CODE_IDENT_CS_015.cs,0.1386861313868613,38,4,14,24
5245,50,baselines_work/cohorte/csharp/CODE_IDENT_CS_004/CODE_IDENT_CS_004.cs,73,baselines_work/cohorte/csharp/CODE_IDENT_CS_015_COPY/CODE_IDENT_CS_015.cs,0.1386861313868613,38,4,14,24
5266,49,baselines_work/cohorte/csharp/CODE_IDENT_CS_004_COPY/CODE_IDENT_CS_004.cs,74,baselines_work/cohorte/csharp/CODE_IDENT_CS_015/CODE_IDENT_CS_015.cs,0.1386861313868613,38,4,14,24
5267,49,baselines_work/cohorte/csharp/CODE_IDENT_CS_004_COPY/CODE_IDENT_CS_004.cs,73,baselines_work/cohorte/csharp/CODE_IDENT_CS_015_COPY/CODE_IDENT_CS_015.cs,0.1386861313868613,38,4,14,24
3245,23,baselines_work/cohorte/csharp/CODE_DIF_CS_008/CODE_DIF_CS_008.cs,31,baselines_work/cohorte/csharp/CODE_FUN_CS_003/CODE_FUN_CS_003.cs,0.06739526411657559,37,2,30,7
3851,15,baselines_work/cohorte/csharp/CODE_ESTRU_CS_003/CODE_ESTRU_CS_003.cs,24,baselines_work/cohorte/csharp/CODE_ESTRU_CS_009/CODE_ESTRU_CS_009.cs,0.23417721518987342,37,4,19,18
3889,15,baselines_work/cohorte/csharp/CODE_ESTRU_CS_003/CODE_ESTRU_CS_003.cs,60,baselines_work/cohorte/csharp/CODE_IDENT_CS_009/CODE_IDENT_CS_009.cs,0.23417721518987342,37,4,19,18
3890,15,baselines_work/cohorte/csharp/CODE_ESTRU_CS_003/CODE_ESTRU_CS_003.cs,59,baselines_work/cohorte/csharp/CODE_IDENT_CS_009_COPY/CODE_IDENT_CS_009.cs,0.23417721518987342,37,4,19,18
3909,17,baselines_work/cohorte/csharp/CODE_ESTRU_CS_004/CODE_ESTRU_CS_004.cs,22,baselines_work/cohorte/csharp/CODE_ESTRU_CS_011/CODE_ESTRU_CS_011.cs,0.09736842105263158,37,2,17,20
3953,17,baselines_work/cohorte/csharp/CODE_ESTRU_CS_004/CODE_ESTRU_CS_004.cs,66,baselines_work/cohorte/csharp/CODE_IDENT_CS_013/CODE_IDENT_CS_013.cs,0.10054347826086957,37,2,17,20
3954,17,baselines_work/cohorte/csharp/CODE_ESTRU_CS_004/CODE_ESTRU_CS_004.cs,71,baselines_work/cohorte/csharp/CODE_IDENT_CS_013_COPY/CODE_IDENT_CS_013.cs,0.10054347826086957,37,2,17,20
4024,19,baselines_work/cohorte/csharp/CODE_ESTRU_CS_006/CODE_ESTRU_CS_006.cs,33,baselines_work/cohorte/csharp/CODE_FUN_CS_002/CODE_FUN_CS_002.cs,0.2846153846153846,37,8,24,13
4179,24,baselines_work/cohorte/csharp/CODE_ESTRU_CS_009/CODE_ESTRU_CS_009.cs,30,baselines_work/cohorte/csharp/CODE_FUN_CS_001/CODE_FUN_CS_001.cs,0.20903954802259886,37,4,18,19
4191,24,baselines_work/cohorte/csharp/CODE_ESTRU_CS_009/CODE_ESTRU_CS_009.cs,40,baselines_work/cohorte/csharp/CODE_FUN_CS_013/CODE_FUN_CS_013.cs,0.17370892018779344,37,4,18,19
4230,25,baselines_work/cohorte/csharp/CODE_ESTRU_CS_010/CODE_ESTRU_CS_010.cs,33,baselines_work/cohorte/csharp/CODE_FUN_CS_002/CODE_FUN_CS_002.cs,0.23717948717948717,37,4,23,14
4232,25,baselines_work/cohorte/csharp/CODE_ESTRU_CS_010/CODE_ESTRU_CS_010.cs,32,baselines_work/cohorte/csharp/CODE_FUN_CS_004/CODE_FUN_CS_004.cs,0.12457912457912458,37,3,22,15
4514,30,baselines_work/cohorte/csharp/CODE_FUN_CS_001/CODE_FUN_CS_001.cs,34,baselines_work/cohorte/csharp/CODE_FUN_CS_007/CODE_FUN_CS_007.cs,0.19786096256684493,37,6,23,14
4539,30,baselines_work/cohorte/csharp/CODE_FUN_CS_001/CODE_FUN_CS_001.cs,60,baselines_work/cohorte/csharp/CODE_IDENT_CS_009/CODE_IDENT_CS_009.cs,0.20903954802259886,37,4,19,18
4540,30,baselines_work/cohorte/csharp/CODE_FUN_CS_001/CODE_FUN_CS_001.cs,59,baselines_work/cohorte/csharp/CODE_IDENT_CS_009_COPY/CODE_IDENT_CS_009.cs,0.20903954802259886,37,4,19,18
4584,33,baselines_work/cohorte/csharp/CODE_FUN_CS_002/CODE_FUN_CS_002.cs,67,baselines_work/cohorte/csharp/CODE_IDENT_CS_010/CODE_IDENT_CS_010.cs,0.23717948717948717,37,4,14,23
4585,33,baselines_work/cohorte/csharp/CODE_FUN_CS_002/CODE_FUN_CS_002.cs,64,baselines_work/cohorte/csharp/CODE_IDENT_CS_010_COPY/CODE_IDENT_CS_010.cs,0.23717948717948717,37,4,14,23
4667,32,baselines_work/cohorte/csharp/CODE_FUN_CS_004/CODE_FUN_CS_004.cs,67,baselines_work/cohorte/csharp/CODE_IDENT_CS_010/CODE_IDENT_CS_010.cs,0.12457912457912458,37,3,15,22
4668,32,baselines_work/cohorte/csharp/CODE_FUN_CS_004/CODE_FUN_CS_004.cs,64,baselines_work/cohorte/csharp/CODE_IDENT_CS_010_COPY/CODE_IDENT_CS_010.cs,0.12457912457912458,37,3,15,22
4807,35,baselines_work/cohorte/csharp/CODE_FUN_CS_008/CODE_FUN_CS_008.cs,48,baselines_work/cohorte/csharp/CODE_IDENT_CS_003/CODE_IDENT_CS_003.cs,0.17050691244239632,37,4,20,17
4808,35,baselines_work/cohorte/csharp/CODE_FUN_CS_008/CODE_FUN_CS_008.cs,55,baselines_work/cohorte/csharp/CODE_IDENT_CS_003_COPY/CODE_IDENT_CS_003.cs,0.17050691244239632,37,4,20,17
4910,42,baselines_work/cohorte/csharp/CODE_FUN_CS_011/CODE_FUN_CS_011.cs,45,baselines_work/cohorte/csharp/CODE_IDENT_CS_002/CODE_IDENT_CS_002.cs,0.20903954802259886,37,2,24,13
4911,42,baselines_work/cohorte/csharp/CODE_FUN_CS_011/CODE_FUN_CS_011.cs,53,baselines_work/cohorte/csharp/CODE_IDENT_CS_002_COPY/CODE_IDENT_CS_002.cs,0.20903954802259886,37,2,24,13
4989,40,baselines_work/cohorte/csharp/CODE_FUN_CS_013/CODE_FUN_CS_013.cs,60,baselines_work/cohorte/csharp/CODE_IDENT_CS_009/CODE_IDENT_CS_009.cs,0.17370892018779344,37,4,19,18
4990,40,baselines_work/cohorte/csharp/CODE_FUN_CS_013/CODE_FUN_CS_013.cs,59,baselines_work/cohorte/csharp/CODE_IDENT_CS_009_COPY/CODE_IDENT_CS_009.cs,0.17370892018779344,37,4,19,18
5146,45,baselines_work/cohorte/csharp/CODE_IDENT_CS_002/CODE_IDENT_CS_002.cs,74,baselines_work/cohorte/csharp/CODE_IDENT_CS_015/CODE_IDENT_CS_015.cs,0.25,37,3,13,24
5147,45,baselines_work/cohorte/csharp/CODE_IDENT_CS_002/CODE_IDENT_CS_002.cs,73,baselines_work/cohorte/csharp/CODE_IDENT_CS_015_COPY/CODE_IDENT_CS_015.cs,0.25,37,3,13,24
5172,53,baselines_work/cohorte/csharp/CODE_IDENT_CS_002_COPY/CODE_IDENT_CS_002.cs,74,baselines_work/cohorte/csharp/CODE_IDENT_CS_015/CODE_IDENT_CS_015.cs,0.25,37,3,13,24
5173,53,baselines_work/cohorte/csharp/CODE_IDENT_CS_002_COPY/CODE_IDENT_CS_002.cs,73,baselines_work/cohorte/csharp/CODE_IDENT_CS_015_COPY/CODE_IDENT_CS_015.cs,0.25,37,3,13,24
2742,1,baselines_work/cohorte/csharp/CODE_DIF_CS_001/CODE_DIF_CS_001.cs,18,baselines_work/cohorte/csharp/CODE_ESTRU_CS_005/CODE_ESTRU_CS_005.cs,0.2011173184357542,36,4,22,14
2834,4,baselines_work/cohorte/csharp/CODE_DIF_CS_002/CODE_DIF_CS_002.cs,37,baselines_work/cohorte/csharp/CODE_FUN_CS_009/CODE_FUN_CS_009.cs,0.15319148936170213,36,2,25,11
2984,0,baselines_work/cohorte/csharp/CODE_DIF_CS_004/CODE_DIF_CS_004.cs,43,baselines_work/cohorte/csharp/CODE_IDENT_CS_001/CODE_IDENT_CS_001.cs,0.07100591715976332,36,3,22,14
2985,0,baselines_work/cohorte/csharp/CODE_DIF_CS_004/CODE_DIF_CS_004.cs,46,baselines_work/cohorte/csharp/CODE_IDENT_CS_001_COPY/CODE_IDENT_CS_001.cs,0.07100591715976332,36,3,22,14
3326,7,baselines_work/cohorte/csharp/CODE_DIF_CS_009/CODE_DIF_CS_009.cs,45,baselines_work/cohorte/csharp/CODE_IDENT_CS_002/CODE_IDENT_CS_002.cs,0.14814814814814814,36,2,24,12
3327,7,baselines_work/cohorte/csharp/CODE_DIF_CS_009/CODE_DIF_CS_009.cs,53,baselines_work/cohorte/csharp/CODE_IDENT_CS_002_COPY/CODE_IDENT_CS_002.cs,0.14814814814814814,36,2,24,12
3455,8,baselines_work/cohorte/csharp/CODE_DIF_CS_011/CODE_DIF_CS_011.cs,45,baselines_work/cohorte/csharp/CODE_IDENT_CS_002/CODE_IDENT_CS_002.cs,0.0989010989010989,36,2,26,10
3456,8,baselines_work/cohorte/csharp/CODE_DIF_CS_011/CODE_DIF_CS_011.cs,53,baselines_work/cohorte/csharp/CODE_IDENT_CS_002_COPY/CODE_IDENT_CS_002.cs,0.0989010989010989,36,2,26,10
3457,8,baselines_work/cohorte/csharp/CODE_DIF_CS_011/CODE_DIF_CS_011.cs,48,baselines_work/cohorte/csharp/CODE_IDENT_CS_003/CODE_IDENT_CS_003.cs,0.0967741935483871,36,2,26,10
3458,8,baselines_work/cohorte/csharp/CODE_DIF_CS_011/CODE_DIF_CS_011.cs,55,baselines_work/cohorte/csharp/CODE_IDENT_CS_003_COPY/CODE_IDENT_CS_003.cs,0.0967741935483871,36,2,26,10
3797,16,baselines_work/cohorte/csharp/CODE_ESTRU_CS_002/CODE_ESTRU_CS_002.cs,28,baselines_work/cohorte/csharp/CODE_ESTRU_CS_012/CODE_ESTRU_CS_012.cs,0.23376623376623376,36,4,17,19
3799,16,baselines_work/cohorte/csharp/CODE_ESTRU_CS_002/CODE_ESTRU_CS_002.cs,27,baselines_work/cohorte/csharp/CODE_ESTRU_CS_014/CODE_ESTRU_CS_014.cs,0.26865671641791045,36,4,16,20
3838,16,baselines_work/cohorte/csharp/CODE_ESTRU_CS_002/CODE_ESTRU_CS_002.cs,69,baselines_work/cohorte/csharp/CODE_IDENT_CS_012/CODE_IDENT_CS_012.cs,0.23376623376623376,36,4,17,19
3839,16,baselines_work/cohorte/csharp/CODE_ESTRU_CS_002/CODE_ESTRU_CS_002.cs,70,baselines_work/cohorte/csharp/CODE_IDENT_CS_012_COPY/CODE_IDENT_CS_012.cs,0.23376623376623376,36,4,17,19
3842,16,baselines_work/cohorte/csharp/CODE_ESTRU_CS_002/CODE_ESTRU_CS_002.cs,68,baselines_work/cohorte/csharp/CODE_IDENT_CS_014/CODE_IDENT_CS_014.cs,0.26865671641791045,36,4,16,20
3843,16,baselines_work/cohorte/csharp/CODE_ESTRU_CS_002/CODE_ESTRU_CS_002.cs,72,baselines_work/cohorte/csharp/CODE_IDENT_CS_014_COPY/CODE_IDENT_CS_014.cs,0.26865671641791045,36,4,16,20
3872,15,baselines_work/cohorte/csharp/CODE_ESTRU_CS_003/CODE_ESTRU_CS_003.cs,44,baselines_work/cohorte/csharp/CODE_FUN_CS_015/CODE_FUN_CS_015.cs,0.1836734693877551,36,3,16,20
3899,15,baselines_work/cohorte/csharp/CODE_ESTRU_CS_003/CODE_ESTRU_CS_003.cs,68,baselines_work/cohorte/csharp/CODE_IDENT_CS_014/CODE_IDENT_CS_014.cs,0.24324324324324326,36,2,17,19
3900,15,baselines_work/cohorte/csharp/CODE_ESTRU_CS_003/CODE_ESTRU_CS_003.cs,72,baselines_work/cohorte/csharp/CODE_IDENT_CS_014_COPY/CODE_IDENT_CS_014.cs,0.24324324324324326,36,2,17,19
4076,20,baselines_work/cohorte/csharp/CODE_ESTRU_CS_007/CODE_ESTRU_CS_007.cs,30,baselines_work/cohorte/csharp/CODE_FUN_CS_001/CODE_FUN_CS_001.cs,0.24324324324324326,36,4,18,18
4089,20,baselines_work/cohorte/csharp/CODE_ESTRU_CS_007/CODE_ESTRU_CS_007.cs,47,baselines_work/cohorte/csharp/CODE_FUN_CS_014/CODE_FUN_CS_014.cs,0.2155688622754491,36,5,20,16
4280,22,baselines_work/cohorte/csharp/CODE_ESTRU_CS_011/CODE_ESTRU_CS_011.cs,31,baselines_work/cohorte/csharp/CODE_FUN_CS_003/CODE_FUN_CS_003.cs,0.21686746987951808,36,8,25,11
4332,28,baselines_work/cohorte/csharp/CODE_ESTRU_CS_012/CODE_ESTRU_CS_012.cs,34,baselines_work/cohorte/csharp/CODE_FUN_CS_007/CODE_FUN_CS_007.cs,0.18556701030927836,36,4,21,15
4338,28,baselines_work/cohorte/csharp/CODE_ESTRU_CS_012/CODE_ESTRU_CS_012.cs,40,baselines_work/cohorte/csharp/CODE_FUN_CS_013/CODE_FUN_CS_013.cs,0.16143497757847533,36,6,19,17
4394,29,baselines_work/cohorte/csharp/CODE_ESTRU_CS_013/CODE_ESTRU_CS_013.cs,50,baselines_work/cohorte/csharp/CODE_IDENT_CS_004/CODE_IDENT_CS_004.cs,0.140625,36,4,27,9
4395,29,baselines_work/cohorte/csharp/CODE_ESTRU_CS_013/CODE_ESTRU_CS_013.cs,49,baselines_work/cohorte/csharp/CODE_IDENT_CS_004_COPY/CODE_IDENT_CS_004.cs,0.140625,36,4,27,9
4467,26,baselines_work/cohorte/csharp/CODE_ESTRU_CS_015/CODE_ESTRU_CS_015.cs,32,baselines_work/cohorte/csharp/CODE_FUN_CS_004/CODE_FUN_CS_004.cs,0.12203389830508475,36,3,24,12
4535,30,baselines_work/cohorte/csharp/CODE_FUN_CS_001/CODE_FUN_CS_001.cs,54,baselines_work/cohorte/csharp/CODE_IDENT_CS_007/CODE_IDENT_CS_007.cs,0.24324324324324326,36,4,18,18
4536,30,baselines_work/cohorte/csharp/CODE_FUN_CS_001/CODE_FUN_CS_001.cs,58,baselines_work/cohorte/csharp/CODE_IDENT_CS_007_COPY/CODE_IDENT_CS_007.cs,0.24324324324324326,36,4,18,18
4628,31,baselines_work/cohorte/csharp/CODE_FUN_CS_003/CODE_FUN_CS_003.cs,63,baselines_work/cohorte/csharp/CODE_IDENT_CS_011/CODE_IDENT_CS_011.cs,0.21818181818181817,36,8,11,25
4629,31,baselines_work/cohorte/csharp/CODE_FUN_CS_003/CODE_FUN_CS_003.cs,65,baselines_work/cohorte/csharp/CODE_IDENT_CS_011_COPY/CODE_IDENT_CS_011.cs,0.21818181818181817,36,8,11,25
4805,35,baselines_work/cohorte/csharp/CODE_FUN_CS_008/CODE_FUN_CS_008.cs,45,baselines_work/cohorte/csharp/CODE_IDENT_CS_002/CODE_IDENT_CS_002.cs,0.1722488038277512,36,4,19,17
4806,35,baselines_work/cohorte/csharp/CODE_FUN_CS_008/CODE_FUN_CS_008.cs,53,baselines_work/cohorte/csharp/CODE_IDENT_CS_002_COPY/CODE_IDENT_CS_002.cs,0.1722488038277512,36,4,19,17
4981,40,baselines_work/cohorte/csharp/CODE_FUN_CS_013/CODE_FUN_CS_013.cs,51,baselines_work/cohorte/csharp/CODE_IDENT_CS_005/CODE_IDENT_CS_005.cs,0.20454545454545456,36,3,22,14
4982,40,baselines_work/cohorte/csharp/CODE_FUN_CS_013/CODE_FUN_CS_013.cs,52,baselines_work/cohorte/csharp/CODE_IDENT_CS_005_COPY/CODE_IDENT_CS_005.cs,0.20454545454545456,36,3,22,14
4995,40,baselines_work/cohorte/csharp/CODE_FUN_CS_013/CODE_FUN_CS_013.cs,69,baselines_work/cohorte/csharp/CODE_IDENT_CS_012/CODE_IDENT_CS_012.cs,0.16143497757847533,36,6,17,19
4996,40,baselines_work/cohorte/csharp/CODE_FUN_CS_013/CODE_FUN_CS_013.cs,70,baselines_work/cohorte/csharp/CODE_IDENT_CS_012_COPY/CODE_IDENT_CS_012.cs,0.16143497757847533,36,6,17,19
5016,47,baselines_work/cohorte/csharp/CODE_FUN_CS_014/CODE_FUN_CS_014.cs,54,baselines_work/cohorte/csharp/CODE_IDENT_CS_007/CODE_IDENT_CS_007.cs,0.2155688622754491,36,5,16,20
5017,47,baselines_work/cohorte/csharp/CODE_FUN_CS_014/CODE_FUN_CS_014.cs,58,baselines_work/cohorte/csharp/CODE_IDENT_CS_007_COPY/CODE_IDENT_CS_007.cs,0.2155688622754491,36,5,16,20
5240,50,baselines_work/cohorte/csharp/CODE_IDENT_CS_004/CODE_IDENT_CS_004.cs,66,baselines_work/cohorte/csharp/CODE_IDENT_CS_013/CODE_IDENT_CS_013.cs,0.13688212927756654,36,4,9,27
5241,50,baselines_work/cohorte/csharp/CODE_IDENT_CS_004/CODE_IDENT_CS_004.cs,71,baselines_work/cohorte/csharp/CODE_IDENT_CS_013_COPY/CODE_IDENT_CS_013.cs,0.13688212927756654,36,4,9,27
5262,49,baselines_work/cohorte/csharp/CODE_IDENT_CS_004_COPY/CODE_IDENT_CS_004.cs,66,baselines_work/cohorte/csharp/CODE_IDENT_CS_013/CODE_IDENT_CS_013.cs,0.13688212927756654,36,4,9,27
5263,49,baselines_work/cohorte/csharp/CODE_IDENT_CS_004_COPY/CODE_IDENT_CS_004.cs,71,baselines_work/cohorte/csharp/CODE_IDENT_CS_013_COPY/CODE_IDENT_CS_013.cs,0.13688212927756654,36,4,9,27
2739,1,baselines_work/cohorte/csharp/CODE_DIF_CS_001/CODE_DIF_CS_001.cs,16,baselines_work/cohorte/csharp/CODE_ESTRU_CS_002/CODE_ESTRU_CS_002.cs,0.19886363636363635,35,4,21,14
2776,1,baselines_work/cohorte/csharp/CODE_DIF_CS_001/CODE_DIF_CS_001.cs,51,baselines_work/cohorte/csharp/CODE_IDENT_CS_005/CODE_IDENT_CS_005.cs,0.20710059171597633,35,4,22,13
2777,1,baselines_work/cohorte/csharp/CODE_DIF_CS_001/CODE_DIF_CS_001.cs,52,baselines_work/cohorte/csharp/CODE_IDENT_CS_005_COPY/CODE_IDENT_CS_005.cs,0.20710059171597633,35,4,22,13
2986,0,baselines_work/cohorte/csharp/CODE_DIF_CS_004/CODE_DIF_CS_004.cs,45,baselines_work/cohorte/csharp/CODE_IDENT_CS_002/CODE_IDENT_CS_002.cs,0.07415254237288135,35,2,24,11
2987,0,baselines_work/cohorte/csharp/CODE_DIF_CS_004/CODE_DIF_CS_004.cs,53,baselines_work/cohorte/csharp/CODE_IDENT_CS_002_COPY/CODE_IDENT_CS_002.cs,0.07415254237288135,35,2,24,11
3794,16,baselines_work/cohorte/csharp/CODE_ESTRU_CS_002/CODE_ESTRU_CS_002.cs,24,baselines_work/cohorte/csharp/CODE_ESTRU_CS_009/CODE_ESTRU_CS_009.cs,0.24305555555555555,35,4,17,18
3832,16,baselines_work/cohorte/csharp/CODE_ESTRU_CS_002/CODE_ESTRU_CS_002.cs,60,baselines_work/cohorte/csharp/CODE_IDENT_CS_009/CODE_IDENT_CS_009.cs,0.24305555555555555,35,4,17,18
3833,16,baselines_work/cohorte/csharp/CODE_ESTRU_CS_002/CODE_ESTRU_CS_002.cs,59,baselines_work/cohorte/csharp/CODE_IDENT_CS_009_COPY/CODE_IDENT_CS_009.cs,0.24305555555555555,35,4,17,18
3859,15,baselines_work/cohorte/csharp/CODE_ESTRU_CS_003/CODE_ESTRU_CS_003.cs,33,baselines_work/cohorte/csharp/CODE_FUN_CS_002/CODE_FUN_CS_002.cs,0.2777777777777778,35,9,21,14
4077,20,baselines_work/cohorte/csharp/CODE_ESTRU_CS_007/CODE_ESTRU_CS_007.cs,33,baselines_work/cohorte/csharp/CODE_FUN_CS_002/CODE_FUN_CS_002.cs,0.30973451327433627,35,8,21,14
4180,24,baselines_work/cohorte/csharp/CODE_ESTRU_CS_009/CODE_ESTRU_CS_009.cs,33,baselines_work/cohorte/csharp/CODE_FUN_CS_002/CODE_FUN_CS_002.cs,0.24647887323943662,35,4,20,15
4183,24,baselines_work/cohorte/csharp/CODE_ESTRU_CS_009/CODE_ESTRU_CS_009.cs,36,baselines_work/cohorte/csharp/CODE_FUN_CS_005/CODE_FUN_CS_005.cs,0.2147239263803681,35,4,20,15
4246,25,baselines_work/cohorte/csharp/CODE_ESTRU_CS_010/CODE_ESTRU_CS_010.cs,45,baselines_work/cohorte/csharp/CODE_IDENT_CS_002/CODE_IDENT_CS_002.cs,0.23972602739726026,35,4,20,15
4247,25,baselines_work/cohorte/csharp/CODE_ESTRU_CS_010/CODE_ESTRU_CS_010.cs,53,baselines_work/cohorte/csharp/CODE_IDENT_CS_002_COPY/CODE_IDENT_CS_002.cs,0.23972602739726026,35,4,20,15
4286,22,baselines_work/cohorte/csharp/CODE_ESTRU_CS_011/CODE_ESTRU_CS_011.cs,37,baselines_work/cohorte/csharp/CODE_FUN_CS_009/CODE_FUN_CS_009.cs,0.17326732673267325,35,3,26,9
4481,26,baselines_work/cohorte/csharp/CODE_ESTRU_CS_015/CODE_ESTRU_CS_015.cs,45,baselines_work/cohorte/csharp/CODE_IDENT_CS_002/CODE_IDENT_CS_002.cs,0.24305555555555555,35,2,23,12
4482,26,baselines_work/cohorte/csharp/CODE_ESTRU_CS_015/CODE_ESTRU_CS_015.cs,53,baselines_work/cohorte/csharp/CODE_IDENT_CS_002_COPY/CODE_IDENT_CS_002.cs,0.24305555555555555,35,2,23,12
4547,30,baselines_work/cohorte/csharp/CODE_FUN_CS_001/CODE_FUN_CS_001.cs,66,baselines_work/cohorte/csharp/CODE_IDENT_CS_013/CODE_IDENT_CS_013.cs,0.19230769230769232,35,5,11,24
4548,30,baselines_work/cohorte/csharp/CODE_FUN_CS_001/CODE_FUN_CS_001.cs,71,baselines_work/cohorte/csharp/CODE_IDENT_CS_013_COPY/CODE_IDENT_CS_013.cs,0.19230769230769232,35,5,11,24
4578,33,baselines_work/cohorte/csharp/CODE_FUN_CS_002/CODE_FUN_CS_002.cs,54,baselines_work/cohorte/csharp/CODE_IDENT_CS_007/CODE_IDENT_CS_007.cs,0.30973451327433627,35,8,14,21
4579,33,baselines_work/cohorte/csharp/CODE_FUN_CS_002/CODE_FUN_CS_002.cs,58,baselines_work/cohorte/csharp/CODE_IDENT_CS_007_COPY/CODE_IDENT_CS_007.cs,0.30973451327433627,35,8,14,21
4582,33,baselines_work/cohorte/csharp/CODE_FUN_CS_002/CODE_FUN_CS_002.cs,60,baselines_work/cohorte/csharp/CODE_IDENT_CS_009/CODE_IDENT_CS_009.cs,0.24647887323943662,35,4,15,20
4583,33,baselines_work/cohorte/csharp/CODE_FUN_CS_002/CODE_FUN_CS_002.cs,59,baselines_work/cohorte/csharp/CODE_IDENT_CS_009_COPY/CODE_IDENT_CS_009.cs,0.24647887323943662,35,4,15,20
4640,32,baselines_work/cohorte/csharp/CODE_FUN_CS_004/CODE_FUN_CS_004.cs,34,baselines_work/cohorte/csharp/CODE_FUN_CS_007/CODE_FUN_CS_007.cs,0.11945392491467577,35,2,19,16
4705,36,baselines_work/cohorte/csharp/CODE_FUN_CS_005/CODE_FUN_CS_005.cs,60,baselines_work/cohorte/csharp/CODE_IDENT_CS_009/CODE_IDENT_CS_009.cs,0.2147239263803681,35,4,15,20
4706,36,baselines_work/cohorte/csharp/CODE_FUN_CS_005/CODE_FUN_CS_005.cs,59,baselines_work/cohorte/csharp/CODE_IDENT_CS_009_COPY/CODE_IDENT_CS_009.cs,0.2147239263803681,35,4,15,20
4813,35,baselines_work/cohorte/csharp/CODE_FUN_CS_008/CODE_FUN_CS_008.cs,57,baselines_work/cohorte/csharp/CODE_IDENT_CS_006/CODE_IDENT_CS_006.cs,0.14893617021276595,35,5,17,18
4814,35,baselines_work/cohorte/csharp/CODE_FUN_CS_008/CODE_FUN_CS_008.cs,56,baselines_work/cohorte/csharp/CODE_IDENT_CS_006_COPY/CODE_IDENT_CS_006.cs,0.14893617021276595,35,5,17,18
5028,47,baselines_work/cohorte/csharp/CODE_FUN_CS_014/CODE_FUN_CS_014.cs,66,baselines_work/cohorte/csharp/CODE_IDENT_CS_013/CODE_IDENT_CS_013.cs,0.17412935323383086,35,5,10,25
5029,47,baselines_work/cohorte/csharp/CODE_FUN_CS_014/CODE_FUN_CS_014.cs,71,baselines_work/cohorte/csharp/CODE_IDENT_CS_013_COPY/CODE_IDENT_CS_013.cs,0.17412935323383086,35,5,10,25
5136,45,baselines_work/cohorte/csharp/CODE_IDENT_CS_002/CODE_IDENT_CS_002.cs,67,baselines_work/cohorte/csharp/CODE_IDENT_CS_010/CODE_IDENT_CS_010.cs,0.23972602739726026,35,4,15,20
5137,45,baselines_work/cohorte/csharp/CODE_IDENT_CS_002/CODE_IDENT_CS_002.cs,64,baselines_work/cohorte/csharp/CODE_IDENT_CS_010_COPY/CODE_IDENT_CS_010.cs,0.23972602739726026,35,4,15,20
5162,53,baselines_work/cohorte/csharp/CODE_IDENT_CS_002_COPY/CODE_IDENT_CS_002.cs,67,baselines_work/cohorte/csharp/CODE_IDENT_CS_010/CODE_IDENT_CS_010.cs,0.23972602739726026,35,4,15,20
5163,53,baselines_work/cohorte/csharp/CODE_IDENT_CS_002_COPY/CODE_IDENT_CS_002.cs,64,baselines_work/cohorte/csharp/CODE_IDENT_CS_010_COPY/CODE_IDENT_CS_010.cs,0.23972602739726026,35,4,15,20
3814,16,baselines_work/cohorte/csharp/CODE_ESTRU_CS_002/CODE_ESTRU_CS_002.cs,47,baselines_work/cohorte/csharp/CODE_FUN_CS_014/CODE_FUN_CS_014.cs,0.20481927710843373,34,4,18,16
3854,15,baselines_work/cohorte/csharp/CODE_ESTRU_CS_003/CODE_ESTRU_CS_003.cs,28,baselines_work/cohorte/csharp/CODE_ESTRU_CS_012/CODE_ESTRU_CS_012.cs,0.20238095238095238,34,4,16,18
3895,15,baselines_work/cohorte/csharp/CODE_ESTRU_CS_003/CODE_ESTRU_CS_003.cs,69,baselines_work/cohorte/csharp/CODE_IDENT_CS_012/CODE_IDENT_CS_012.cs,0.20238095238095238,34,4,16,18
3896,15,baselines_work/cohorte/csharp/CODE_ESTRU_CS_003/CODE_ESTRU_CS_003.cs,70,baselines_work/cohorte/csharp/CODE_IDENT_CS_012_COPY/CODE_IDENT_CS_012.cs,0.20238095238095238,34,4,16,18
3911,17,baselines_work/cohorte/csharp/CODE_ESTRU_CS_004/CODE_ESTRU_CS_004.cs,29,baselines_work/cohorte/csharp/CODE_ESTRU_CS_013/CODE_ESTRU_CS_013.cs,0.09418282548476455,34,2,17,17
3949,17,baselines_work/cohorte/csharp/CODE_ESTRU_CS_004/CODE_ESTRU_CS_004.cs,63,baselines_work/cohorte/csharp/CODE_IDENT_CS_011/CODE_IDENT_CS_011.cs,0.08970976253298153,34,2,16,18
3950,17,baselines_work/cohorte/csharp/CODE_ESTRU_CS_004/CODE_ESTRU_CS_004.cs,65,baselines_work/cohorte/csharp/CODE_IDENT_CS_011_COPY/CODE_IDENT_CS_011.cs,0.08970976253298153,34,2,16,18
4196,24,baselines_work/cohorte/csharp/CODE_ESTRU_CS_009/CODE_ESTRU_CS_009.cs,45,baselines_work/cohorte/csharp/CODE_IDENT_CS_002/CODE_IDENT_CS_002.cs,0.25757575757575757,34,4,18,16
4197,24,baselines_work/cohorte/csharp/CODE_ESTRU_CS_009/CODE_ESTRU_CS_009.cs,53,baselines_work/cohorte/csharp/CODE_IDENT_CS_002_COPY/CODE_IDENT_CS_002.cs,0.25757575757575757,34,4,18,16
4198,24,baselines_work/cohorte/csharp/CODE_ESTRU_CS_009/CODE_ESTRU_CS_009.cs,48,baselines_work/cohorte/csharp/CODE_IDENT_CS_003/CODE_IDENT_CS_003.cs,0.24285714285714285,34,4,18,16
4199,24,baselines_work/cohorte/csharp/CODE_ESTRU_CS_009/CODE_ESTRU_CS_009.cs,55,baselines_work/cohorte/csharp/CODE_IDENT_CS_003_COPY/CODE_IDENT_CS_003.cs,0.24285714285714285,34,4,18,16
4330,28,baselines_work/cohorte/csharp/CODE_ESTRU_CS_012/CODE_ESTRU_CS_012.cs,36,baselines_work/cohorte/csharp/CODE_FUN_CS_005/CODE_FUN_CS_005.cs,0.19653179190751446,34,4,20,14
4440,27,baselines_work/cohorte/csharp/CODE_ESTRU_CS_014/CODE_ESTRU_CS_014.cs,50,baselines_work/cohorte/csharp/CODE_IDENT_CS_004/CODE_IDENT_CS_004.cs,0.13709677419354838,34,4,20,14
4441,27,baselines_work/cohorte/csharp/CODE_ESTRU_CS_014/CODE_ESTRU_CS_014.cs,49,baselines_work/cohorte/csharp/CODE_IDENT_CS_004_COPY/CODE_IDENT_CS_004.cs,0.13709677419354838,34,4,20,14
4563,33,baselines_work/cohorte/csharp/CODE_FUN_CS_002/CODE_FUN_CS_002.cs,40,baselines_work/cohorte/csharp/CODE_FUN_CS_013/CODE_FUN_CS_013.cs,0.1878453038674033,34,3,12,22
4576,33,baselines_work/cohorte/csharp/CODE_FUN_CS_002/CODE_FUN_CS_002.cs,57,baselines_work/cohorte/csharp/CODE_IDENT_CS_006/CODE_IDENT_CS_006.cs,0.2698412698412698,34,8,13,21
4577,33,baselines_work/cohorte/csharp/CODE_FUN_CS_002/CODE_FUN_CS_002.cs,56,baselines_work/cohorte/csharp/CODE_IDENT_CS_006_COPY/CODE_IDENT_CS_006.cs,0.2698412698412698,34,8,13,21
4711,36,baselines_work/cohorte/csharp/CODE_FUN_CS_005/CODE_FUN_CS_005.cs,69,baselines_work/cohorte/csharp/CODE_IDENT_CS_012/CODE_IDENT_CS_012.cs,0.19653179190751446,34,4,14,20
4712,36,baselines_work/cohorte/csharp/CODE_FUN_CS_005/CODE_FUN_CS_005.cs,70,baselines_work/cohorte/csharp/CODE_IDENT_CS_012_COPY/CODE_IDENT_CS_012.cs,0.19653179190751446,34,4,14,20
5134,45,baselines_work/cohorte/csharp/CODE_IDENT_CS_002/CODE_IDENT_CS_002.cs,60,baselines_work/cohorte/csharp/CODE_IDENT_CS_009/CODE_IDENT_CS_009.cs,0.25757575757575757,34,4,16,18
5135,45,baselines_work/cohorte/csharp/CODE_IDENT_CS_002/CODE_IDENT_CS_002.cs,59,baselines_work/cohorte/csharp/CODE_IDENT_CS_009_COPY/CODE_IDENT_CS_009.cs,0.25757575757575757,34,4,16,18
5160,53,baselines_work/cohorte/csharp/CODE_IDENT_CS_002_COPY/CODE_IDENT_CS_002.cs,60,baselines_work/cohorte/csharp/CODE_IDENT_CS_009/CODE_IDENT_CS_009.cs,0.25757575757575757,34,4,16,18
5161,53,baselines_work/cohorte/csharp/CODE_IDENT_CS_002_COPY/CODE_IDENT_CS_002.cs,59,baselines_work/cohorte/csharp/CODE_IDENT_CS_009_COPY/CODE_IDENT_CS_009.cs,0.25757575757575757,34,4,16,18
5185,48,baselines_work/cohorte/csharp/CODE_IDENT_CS_003/CODE_IDENT_CS_003.cs,60,baselines_work/cohorte/csharp/CODE_IDENT_CS_009/CODE_IDENT_CS_009.cs,0.24285714285714285,34,4,16,18
5186,48,baselines_work/cohorte/csharp/CODE_IDENT_CS_003/CODE_IDENT_CS_003.cs,59,baselines_work/cohorte/csharp/CODE_IDENT_CS_009_COPY/CODE_IDENT_CS_009.cs,0.24285714285714285,34,4,16,18
5209,55,baselines_work/cohorte/csharp/CODE_IDENT_CS_003_COPY/CODE_IDENT_CS_003.cs,60,baselines_work/cohorte/csharp/CODE_IDENT_CS_009/CODE_IDENT_CS_009.cs,0.24285714285714285,34,4,16,18
5210,55,baselines_work/cohorte/csharp/CODE_IDENT_CS_003_COPY/CODE_IDENT_CS_003.cs,59,baselines_work/cohorte/csharp/CODE_IDENT_CS_009_COPY/CODE_IDENT_CS_009.cs,0.24285714285714285,34,4,16,18
5242,50,baselines_work/cohorte/csharp/CODE_IDENT_CS_004/CODE_IDENT_CS_004.cs,68,baselines_work/cohorte/csharp/CODE_IDENT_CS_014/CODE_IDENT_CS_014.cs,0.13709677419354838,34,4,14,20
5243,50,baselines_work/cohorte/csharp/CODE_IDENT_CS_004/CODE_IDENT_CS_004.cs,72,baselines_work/cohorte/csharp/CODE_IDENT_CS_014_COPY/CODE_IDENT_CS_014.cs,0.13709677419354838,34,4,14,20
5264,49,baselines_work/cohorte/csharp/CODE_IDENT_CS_004_COPY/CODE_IDENT_CS_004.cs,68,baselines_work/cohorte/csharp/CODE_IDENT_CS_014/CODE_IDENT_CS_014.cs,0.13709677419354838,34,4,14,20
5265,49,baselines_work/cohorte/csharp/CODE_IDENT_CS_004_COPY/CODE_IDENT_CS_004.cs,72,baselines_work/cohorte/csharp/CODE_IDENT_CS_014_COPY/CODE_IDENT_CS_014.cs,0.13709677419354838,34,4,14,20
2746,1,baselines_work/cohorte/csharp/CODE_DIF_CS_001/CODE_DIF_CS_001.cs,24,baselines_work/cohorte/csharp/CODE_ESTRU_CS_009/CODE_ESTRU_CS_009.cs,0.16019417475728157,33,4,18,15
2784,1,baselines_work/cohorte/csharp/CODE_DIF_CS_001/CODE_DIF_CS_001.cs,60,baselines_work/cohorte/csharp/CODE_IDENT_CS_009/CODE_IDENT_CS_009.cs,0.16019417475728157,33,4,18,15
2785,1,baselines_work/cohorte/csharp/CODE_DIF_CS_001/CODE_DIF_CS_001.cs,59,baselines_work/cohorte/csharp/CODE_IDENT_CS_009_COPY/CODE_IDENT_CS_009.cs,0.16019417475728157,33,4,18,15
3040,3,baselines_work/cohorte/csharp/CODE_DIF_CS_005/CODE_DIF_CS_005.cs,33,baselines_work/cohorte/csharp/CODE_FUN_CS_002/CODE_FUN_CS_002.cs,0.12222222222222222,33,5,24,9
3502,9,baselines_work/cohorte/csharp/CODE_DIF_CS_012/CODE_DIF_CS_012.cs,33,baselines_work/cohorte/csharp/CODE_FUN_CS_002/CODE_FUN_CS_002.cs,0.09116022099447514,33,1,26,7
3625,12,baselines_work/cohorte/csharp/CODE_DIF_CS_014/CODE_DIF_CS_014.cs,33,baselines_work/cohorte/csharp/CODE_FUN_CS_002/CODE_FUN_CS_002.cs,0.09763313609467456,33,1,28,5
3969,18,baselines_work/cohorte/csharp/CODE_ESTRU_CS_005/CODE_ESTRU_CS_005.cs,30,baselines_work/cohorte/csharp/CODE_FUN_CS_001/CODE_FUN_CS_001.cs,0.22,33,5,13,20
4185,24,baselines_work/cohorte/csharp/CODE_ESTRU_CS_009/CODE_ESTRU_CS_009.cs,34,baselines_work/cohorte/csharp/CODE_FUN_CS_007/CODE_FUN_CS_007.cs,0.1793478260869565,33,4,19,14
4327,28,baselines_work/cohorte/csharp/CODE_ESTRU_CS_012/CODE_ESTRU_CS_012.cs,33,baselines_work/cohorte/csharp/CODE_FUN_CS_002/CODE_FUN_CS_002.cs,0.21710526315789475,33,4,20,13
4328,28,baselines_work/cohorte/csharp/CODE_ESTRU_CS_012/CODE_ESTRU_CS_012.cs,31,baselines_work/cohorte/csharp/CODE_FUN_CS_003/CODE_FUN_CS_003.cs,0.20754716981132076,33,4,18,15
4422,27,baselines_work/cohorte/csharp/CODE_ESTRU_CS_014/CODE_ESTRU_CS_014.cs,32,baselines_work/cohorte/csharp/CODE_FUN_CS_004/CODE_FUN_CS_004.cs,0.12087912087912088,33,3,19,14
4588,33,baselines_work/cohorte/csharp/CODE_FUN_CS_002/CODE_FUN_CS_002.cs,69,baselines_work/cohorte/csharp/CODE_IDENT_CS_012/CODE_IDENT_CS_012.cs,0.21710526315789475,33,4,13,20
4589,33,baselines_work/cohorte/csharp/CODE_FUN_CS_002/CODE_FUN_CS_002.cs,70,baselines_work/cohorte/csharp/CODE_IDENT_CS_012_COPY/CODE_IDENT_CS_012.cs,0.21710526315789475,33,4,13,20
4592,33,baselines_work/cohorte/csharp/CODE_FUN_CS_002/CODE_FUN_CS_002.cs,68,baselines_work/cohorte/csharp/CODE_IDENT_CS_014/CODE_IDENT_CS_014.cs,0.25,33,6,13,20
4593,33,baselines_work/cohorte/csharp/CODE_FUN_CS_002/CODE_FUN_CS_002.cs,72,baselines_work/cohorte/csharp/CODE_IDENT_CS_014_COPY/CODE_IDENT_CS_014.cs,0.25,33,6,13,20
4630,31,baselines_work/cohorte/csharp/CODE_FUN_CS_003/CODE_FUN_CS_003.cs,69,baselines_work/cohorte/csharp/CODE_IDENT_CS_012/CODE_IDENT_CS_012.cs,0.20754716981132076,33,4,15,18
4631,31,baselines_work/cohorte/csharp/CODE_FUN_CS_003/CODE_FUN_CS_003.cs,70,baselines_work/cohorte/csharp/CODE_IDENT_CS_012_COPY/CODE_IDENT_CS_012.cs,0.20754716981132076,33,4,15,18
4675,32,baselines_work/cohorte/csharp/CODE_FUN_CS_004/CODE_FUN_CS_004.cs,68,baselines_work/cohorte/csharp/CODE_IDENT_CS_014/CODE_IDENT_CS_014.cs,0.12087912087912088,33,3,14,19
4676,32,baselines_work/cohorte/csharp/CODE_FUN_CS_004/CODE_FUN_CS_004.cs,72,baselines_work/cohorte/csharp/CODE_IDENT_CS_014_COPY/CODE_IDENT_CS_014.cs,0.12087912087912088,33,3,14,19
4782,34,baselines_work/cohorte/csharp/CODE_FUN_CS_007/CODE_FUN_CS_007.cs,60,baselines_work/cohorte/csharp/CODE_IDENT_CS_009/CODE_IDENT_CS_009.cs,0.1793478260869565,33,4,14,19
4783,34,baselines_work/cohorte/csharp/CODE_FUN_CS_007/CODE_FUN_CS_007.cs,59,baselines_work/cohorte/csharp/CODE_IDENT_CS_009_COPY/CODE_IDENT_CS_009.cs,0.1793478260869565,33,4,14,19
5006,47,baselines_work/cohorte/csharp/CODE_FUN_CS_014/CODE_FUN_CS_014.cs,45,baselines_work/cohorte/csharp/CODE_IDENT_CS_002/CODE_IDENT_CS_002.cs,0.21428571428571427,33,5,15,18
5007,47,baselines_work/cohorte/csharp/CODE_FUN_CS_014/CODE_FUN_CS_014.cs,53,baselines_work/cohorte/csharp/CODE_IDENT_CS_002_COPY/CODE_IDENT_CS_002.cs,0.21428571428571427,33,5,15,18
3735,14,baselines_work/cohorte/csharp/CODE_ESTRU_CS_001/CODE_ESTRU_CS_001.cs,21,baselines_work/cohorte/csharp/CODE_ESTRU_CS_008/CODE_ESTRU_CS_008.cs,0.14479638009049775,32,2,11,21
3743,14,baselines_work/cohorte/csharp/CODE_ESTRU_CS_001/CODE_ESTRU_CS_001.cs,30,baselines_work/cohorte/csharp/CODE_FUN_CS_001/CODE_FUN_CS_001.cs,0.1641025641025641,32,3,16,16
3750,14,baselines_work/cohorte/csharp/CODE_ESTRU_CS_001/CODE_ESTRU_CS_001.cs,35,baselines_work/cohorte/csharp/CODE_FUN_CS_008/CODE_FUN_CS_008.cs,0.11895910780669144,32,3,14,18
3772,14,baselines_work/cohorte/csharp/CODE_ESTRU_CS_001/CODE_ESTRU_CS_001.cs,61,baselines_work/cohorte/csharp/CODE_IDENT_CS_008/CODE_IDENT_CS_008.cs,0.14285714285714285,32,2,11,21
3773,14,baselines_work/cohorte/csharp/CODE_ESTRU_CS_001/CODE_ESTRU_CS_001.cs,62,baselines_work/cohorte/csharp/CODE_IDENT_CS_008_COPY/CODE_IDENT_CS_008.cs,0.14285714285714285,32,2,11,21
3813,16,baselines_work/cohorte/csharp/CODE_ESTRU_CS_002/CODE_ESTRU_CS_002.cs,40,baselines_work/cohorte/csharp/CODE_FUN_CS_013/CODE_FUN_CS_013.cs,0.17486338797814208,32,2,16,16
3856,15,baselines_work/cohorte/csharp/CODE_ESTRU_CS_003/CODE_ESTRU_CS_003.cs,27,baselines_work/cohorte/csharp/CODE_ESTRU_CS_014/CODE_ESTRU_CS_014.cs,0.21621621621621623,32,2,14,18
3939,17,baselines_work/cohorte/csharp/CODE_ESTRU_CS_004/CODE_ESTRU_CS_004.cs,57,baselines_work/cohorte/csharp/CODE_IDENT_CS_006/CODE_IDENT_CS_006.cs,0.09221902017291066,32,2,20,12
3940,17,baselines_work/cohorte/csharp/CODE_ESTRU_CS_004/CODE_ESTRU_CS_004.cs,56,baselines_work/cohorte/csharp/CODE_IDENT_CS_006_COPY/CODE_IDENT_CS_006.cs,0.09221902017291066,32,2,20,12
3970,18,baselines_work/cohorte/csharp/CODE_ESTRU_CS_005/CODE_ESTRU_CS_005.cs,33,baselines_work/cohorte/csharp/CODE_FUN_CS_002/CODE_FUN_CS_002.cs,0.2782608695652174,32,8,20,12
3982,18,baselines_work/cohorte/csharp/CODE_ESTRU_CS_005/CODE_ESTRU_CS_005.cs,47,baselines_work/cohorte/csharp/CODE_FUN_CS_014/CODE_FUN_CS_014.cs,0.1893491124260355,32,4,16,16
4044,19,baselines_work/cohorte/csharp/CODE_ESTRU_CS_006/CODE_ESTRU_CS_006.cs,50,baselines_work/cohorte/csharp/CODE_IDENT_CS_004/CODE_IDENT_CS_004.cs,0.13008130081300814,32,4,21,11
4045,19,baselines_work/cohorte/csharp/CODE_ESTRU_CS_006/CODE_ESTRU_CS_006.cs,49,baselines_work/cohorte/csharp/CODE_IDENT_CS_004_COPY/CODE_IDENT_CS_004.cs,0.13008130081300814,32,4,21,11
4345,28,baselines_work/cohorte/csharp/CODE_ESTRU_CS_012/CODE_ESTRU_CS_012.cs,48,baselines_work/cohorte/csharp/CODE_IDENT_CS_003/CODE_IDENT_CS_003.cs,0.21333333333333335,32,4,17,15
4346,28,baselines_work/cohorte/csharp/CODE_ESTRU_CS_012/CODE_ESTRU_CS_012.cs,55,baselines_work/cohorte/csharp/CODE_IDENT_CS_003_COPY/CODE_IDENT_CS_003.cs,0.21333333333333335,32,4,17,15
4375,29,baselines_work/cohorte/csharp/CODE_ESTRU_CS_013/CODE_ESTRU_CS_013.cs,31,baselines_work/cohorte/csharp/CODE_FUN_CS_003/CODE_FUN_CS_003.cs,0.21768707482993196,32,8,21,11
4381,29,baselines_work/cohorte/csharp/CODE_ESTRU_CS_013/CODE_ESTRU_CS_013.cs,37,baselines_work/cohorte/csharp/CODE_FUN_CS_009/CODE_FUN_CS_009.cs,0.17486338797814208,32,2,23,9
4516,30,baselines_work/cohorte/csharp/CODE_FUN_CS_001/CODE_FUN_CS_001.cs,37,baselines_work/cohorte/csharp/CODE_FUN_CS_009/CODE_FUN_CS_009.cs,0.1702127659574468,32,4,18,14
4517,30,baselines_work/cohorte/csharp/CODE_FUN_CS_001/CODE_FUN_CS_001.cs,41,baselines_work/cohorte/csharp/CODE_FUN_CS_010/CODE_FUN_CS_010.cs,0.16494845360824742,32,4,17,15
4531,30,baselines_work/cohorte/csharp/CODE_FUN_CS_001/CODE_FUN_CS_001.cs,51,baselines_work/cohorte/csharp/CODE_IDENT_CS_005/CODE_IDENT_CS_005.cs,0.22857142857142856,32,5,20,12
4532,30,baselines_work/cohorte/csharp/CODE_FUN_CS_001/CODE_FUN_CS_001.cs,52,baselines_work/cohorte/csharp/CODE_IDENT_CS_005_COPY/CODE_IDENT_CS_005.cs,0.22857142857142856,32,5,20,12
4557,33,baselines_work/cohorte/csharp/CODE_FUN_CS_002/CODE_FUN_CS_002.cs,34,baselines_work/cohorte/csharp/CODE_FUN_CS_007/CODE_FUN_CS_007.cs,0.21052631578947367,32,9,13,19
4632,31,baselines_work/cohorte/csharp/CODE_FUN_CS_003/CODE_FUN_CS_003.cs,66,baselines_work/cohorte/csharp/CODE_IDENT_CS_013/CODE_IDENT_CS_013.cs,0.2077922077922078,32,8,11,21
4633,31,baselines_work/cohorte/csharp/CODE_FUN_CS_003/CODE_FUN_CS_003.cs,71,baselines_work/cohorte/csharp/CODE_IDENT_CS_013_COPY/CODE_IDENT_CS_013.cs,0.2077922077922078,32,8,11,21
4859,37,baselines_work/cohorte/csharp/CODE_FUN_CS_009/CODE_FUN_CS_009.cs,63,baselines_work/cohorte/csharp/CODE_IDENT_CS_011/CODE_IDENT_CS_011.cs,0.15920398009950248,32,2,8,24
4860,37,baselines_work/cohorte/csharp/CODE_FUN_CS_009/CODE_FUN_CS_009.cs,65,baselines_work/cohorte/csharp/CODE_IDENT_CS_011_COPY/CODE_IDENT_CS_011.cs,0.15920398009950248,32,2,8,24
5012,47,baselines_work/cohorte/csharp/CODE_FUN_CS_014/CODE_FUN_CS_014.cs,51,baselines_work/cohorte/csharp/CODE_IDENT_CS_005/CODE_IDENT_CS_005.cs,0.20125786163522014,32,4,17,15
5013,47,baselines_work/cohorte/csharp/CODE_FUN_CS_014/CODE_FUN_CS_014.cs,52,baselines_work/cohorte/csharp/CODE_IDENT_CS_005_COPY/CODE_IDENT_CS_005.cs,0.20125786163522014,32,4,17,15
5191,48,baselines_work/cohorte/csharp/CODE_IDENT_CS_003/CODE_IDENT_CS_003.cs,69,baselines_work/cohorte/csharp/CODE_IDENT_CS_012/CODE_IDENT_CS_012.cs,0.21333333333333335,32,4,15,17
5192,48,baselines_work/cohorte/csharp/CODE_IDENT_CS_003/CODE_IDENT_CS_003.cs,70,baselines_work/cohorte/csharp/CODE_IDENT_CS_012_COPY/CODE_IDENT_CS_012.cs,0.21333333333333335,32,4,15,17
5195,48,baselines_work/cohorte/csharp/CODE_IDENT_CS_003/CODE_IDENT_CS_003.cs,68,baselines_work/cohorte/csharp/CODE_IDENT_CS_014/CODE_IDENT_CS_014.cs,0.24615384615384617,32,3,14,18
5196,48,baselines_work/cohorte/csharp/CODE_IDENT_CS_003/CODE_IDENT_CS_003.cs,72,baselines_work/cohorte/csharp/CODE_IDENT_CS_014_COPY/CODE_IDENT_CS_014.cs,0.24615384615384617,32,3,14,18
5215,55,baselines_work/cohorte/csharp/CODE_IDENT_CS_003_COPY/CODE_IDENT_CS_003.cs,69,baselines_work/cohorte/csharp/CODE_IDENT_CS_012/CODE_IDENT_CS_012.cs,0.21333333333333335,32,4,15,17
5216,55,baselines_work/cohorte/csharp/CODE_IDENT_CS_003_COPY/CODE_IDENT_CS_003.cs,70,baselines_work/cohorte/csharp/CODE_IDENT_CS_012_COPY/CODE_IDENT_CS_012.cs,0.21333333333333335,32,4,15,17
5219,55,baselines_work/cohorte/csharp/CODE_IDENT_CS_003_COPY/CODE_IDENT_CS_003.cs,68,baselines_work/cohorte/csharp/CODE_IDENT_CS_014/CODE_IDENT_CS_014.cs,0.24615384615384617,32,3,14,18
5220,55,baselines_work/cohorte/csharp/CODE_IDENT_CS_003_COPY/CODE_IDENT_CS_003.cs,72,baselines_work/cohorte/csharp/CODE_IDENT_CS_014_COPY/CODE_IDENT_CS_014.cs,0.24615384615384617,32,3,14,18
2772,1,baselines_work/cohorte/csharp/CODE_DIF_CS_001/CODE_DIF_CS_001.cs,48,baselines_work/cohorte/csharp/CODE_IDENT_CS_003/CODE_IDENT_CS_003.cs,0.18023255813953487,31,3,19,12
2773,1,baselines_work/cohorte/csharp/CODE_DIF_CS_001/CODE_DIF_CS_001.cs,55,baselines_work/cohorte/csharp/CODE_IDENT_CS_003_COPY/CODE_IDENT_CS_003.cs,0.18023255813953487,31,3,19,12
3109,6,baselines_work/cohorte/csharp/CODE_DIF_CS_006/CODE_DIF_CS_006.cs,33,baselines_work/cohorte/csharp/CODE_FUN_CS_002/CODE_FUN_CS_002.cs,0.11877394636015326,31,5,21,10
3760,14,baselines_work/cohorte/csharp/CODE_ESTRU_CS_001/CODE_ESTRU_CS_001.cs,45,baselines_work/cohorte/csharp/CODE_IDENT_CS_002/CODE_IDENT_CS_002.cs,0.20666666666666667,31,5,16,15
3761,14,baselines_work/cohorte/csharp/CODE_ESTRU_CS_001/CODE_ESTRU_CS_001.cs,53,baselines_work/cohorte/csharp/CODE_IDENT_CS_002_COPY/CODE_IDENT_CS_002.cs,0.20666666666666667,31,5,16,15
3802,16,baselines_work/cohorte/csharp/CODE_ESTRU_CS_002/CODE_ESTRU_CS_002.cs,33,baselines_work/cohorte/csharp/CODE_FUN_CS_002/CODE_FUN_CS_002.cs,0.2767857142857143,31,9,18,13
3905,17,baselines_work/cohorte/csharp/CODE_ESTRU_CS_004/CODE_ESTRU_CS_004.cs,20,baselines_work/cohorte/csharp/CODE_ESTRU_CS_007/CODE_ESTRU_CS_007.cs,0.09281437125748503,31,2,19,12
3941,17,baselines_work/cohorte/csharp/CODE_ESTRU_CS_004/CODE_ESTRU_CS_004.cs,54,baselines_work/cohorte/csharp/CODE_IDENT_CS_007/CODE_IDENT_CS_007.cs,0.09281437125748503,31,2,19,12
3942,17,baselines_work/cohorte/csharp/CODE_ESTRU_CS_004/CODE_ESTRU_CS_004.cs,58,baselines_work/cohorte/csharp/CODE_IDENT_CS_007_COPY/CODE_IDENT_CS_007.cs,0.09281437125748503,31,2,19,12
4026,19,baselines_work/cohorte/csharp/CODE_ESTRU_CS_006/CODE_ESTRU_CS_006.cs,32,baselines_work/cohorte/csharp/CODE_FUN_CS_004/CODE_FUN_CS_004.cs,0.11439114391143912,31,3,19,12
4136,21,baselines_work/cohorte/csharp/CODE_ESTRU_CS_008/CODE_ESTRU_CS_008.cs,37,baselines_work/cohorte/csharp/CODE_FUN_CS_009/CODE_FUN_CS_009.cs,0.14485981308411214,31,2,23,8
4143,21,baselines_work/cohorte/csharp/CODE_ESTRU_CS_008/CODE_ESTRU_CS_008.cs,43,baselines_work/cohorte/csharp/CODE_IDENT_CS_001/CODE_IDENT_CS_001.cs,0.15816326530612246,31,2,21,10
4144,21,baselines_work/cohorte/csharp/CODE_ESTRU_CS_008/CODE_ESTRU_CS_008.cs,46,baselines_work/cohorte/csharp/CODE_IDENT_CS_001_COPY/CODE_IDENT_CS_001.cs,0.15816326530612246,31,2,21,10
4465,26,baselines_work/cohorte/csharp/CODE_ESTRU_CS_015/CODE_ESTRU_CS_015.cs,33,baselines_work/cohorte/csharp/CODE_FUN_CS_002/CODE_FUN_CS_002.cs,0.2012987012987013,31,4,21,10
4555,33,baselines_work/cohorte/csharp/CODE_FUN_CS_002/CODE_FUN_CS_002.cs,36,baselines_work/cohorte/csharp/CODE_FUN_CS_005/CODE_FUN_CS_005.cs,0.2366412213740458,31,9,13,18
4574,33,baselines_work/cohorte/csharp/CODE_FUN_CS_002/CODE_FUN_CS_002.cs,51,baselines_work/cohorte/csharp/CODE_IDENT_CS_005/CODE_IDENT_CS_005.cs,0.29523809523809524,31,8,13,18
4575,33,baselines_work/cohorte/csharp/CODE_FUN_CS_002/CODE_FUN_CS_002.cs,52,baselines_work/cohorte/csharp/CODE_IDENT_CS_005_COPY/CODE_IDENT_CS_005.cs,0.29523809523809524,31,8,13,18
4598,31,baselines_work/cohorte/csharp/CODE_FUN_CS_003/CODE_FUN_CS_003.cs,38,baselines_work/cohorte/csharp/CODE_FUN_CS_006/CODE_FUN_CS_006.cs,0.17714285714285713,31,9,13,18
4602,31,baselines_work/cohorte/csharp/CODE_FUN_CS_003/CODE_FUN_CS_003.cs,41,baselines_work/cohorte/csharp/CODE_FUN_CS_010/CODE_FUN_CS_010.cs,0.18674698795180722,31,4,15,16
4638,32,baselines_work/cohorte/csharp/CODE_FUN_CS_004/CODE_FUN_CS_004.cs,36,baselines_work/cohorte/csharp/CODE_FUN_CS_005/CODE_FUN_CS_005.cs,0.11397058823529412,31,3,16,15
4649,32,baselines_work/cohorte/csharp/CODE_FUN_CS_004/CODE_FUN_CS_004.cs,43,baselines_work/cohorte/csharp/CODE_IDENT_CS_001/CODE_IDENT_CS_001.cs,0.11231884057971014,31,3,16,15
4650,32,baselines_work/cohorte/csharp/CODE_FUN_CS_004/CODE_FUN_CS_004.cs,46,baselines_work/cohorte/csharp/CODE_IDENT_CS_001_COPY/CODE_IDENT_CS_001.cs,0.11231884057971014,31,3,16,15
4803,35,baselines_work/cohorte/csharp/CODE_FUN_CS_008/CODE_FUN_CS_008.cs,43,baselines_work/cohorte/csharp/CODE_IDENT_CS_001/CODE_IDENT_CS_001.cs,0.12704918032786885,31,3,18,13
4804,35,baselines_work/cohorte/csharp/CODE_FUN_CS_008/CODE_FUN_CS_008.cs,46,baselines_work/cohorte/csharp/CODE_IDENT_CS_001_COPY/CODE_IDENT_CS_001.cs,0.12704918032786885,31,3,18,13
4853,37,baselines_work/cohorte/csharp/CODE_FUN_CS_009/CODE_FUN_CS_009.cs,61,baselines_work/cohorte/csharp/CODE_IDENT_CS_008/CODE_IDENT_CS_008.cs,0.14285714285714285,31,2,8,23
4854,37,baselines_work/cohorte/csharp/CODE_FUN_CS_009/CODE_FUN_CS_009.cs,62,baselines_work/cohorte/csharp/CODE_IDENT_CS_008_COPY/CODE_IDENT_CS_008.cs,0.14285714285714285,31,2,8,23
4975,40,baselines_work/cohorte/csharp/CODE_FUN_CS_013/CODE_FUN_CS_013.cs,45,baselines_work/cohorte/csharp/CODE_IDENT_CS_002/CODE_IDENT_CS_002.cs,0.18128654970760233,31,2,17,14
4976,40,baselines_work/cohorte/csharp/CODE_FUN_CS_013/CODE_FUN_CS_013.cs,53,baselines_work/cohorte/csharp/CODE_IDENT_CS_002_COPY/CODE_IDENT_CS_002.cs,0.18128654970760233,31,2,17,14
4979,40,baselines_work/cohorte/csharp/CODE_FUN_CS_013/CODE_FUN_CS_013.cs,50,baselines_work/cohorte/csharp/CODE_IDENT_CS_004/CODE_IDENT_CS_004.cs,0.10437710437710437,31,2,16,15
4980,40,baselines_work/cohorte/csharp/CODE_FUN_CS_013/CODE_FUN_CS_013.cs,49,baselines_work/cohorte/csharp/CODE_IDENT_CS_004_COPY/CODE_IDENT_CS_004.cs,0.10437710437710437,31,2,16,15
5008,47,baselines_work/cohorte/csharp/CODE_FUN_CS_014/CODE_FUN_CS_014.cs,48,baselines_work/cohorte/csharp/CODE_IDENT_CS_003/CODE_IDENT_CS_003.cs,0.19135802469135801,31,5,15,16
5009,47,baselines_work/cohorte/csharp/CODE_FUN_CS_014/CODE_FUN_CS_014.cs,55,baselines_work/cohorte/csharp/CODE_IDENT_CS_003_COPY/CODE_IDENT_CS_003.cs,0.19135802469135801,31,5,15,16
5077,43,baselines_work/cohorte/csharp/CODE_IDENT_CS_001/CODE_IDENT_CS_001.cs,61,baselines_work/cohorte/csharp/CODE_IDENT_CS_008/CODE_IDENT_CS_008.cs,0.15577889447236182,31,2,10,21
5078,43,baselines_work/cohorte/csharp/CODE_IDENT_CS_001/CODE_IDENT_CS_001.cs,62,baselines_work/cohorte/csharp/CODE_IDENT_CS_008_COPY/CODE_IDENT_CS_008.cs,0.15577889447236182,31,2,10,21
5105,46,baselines_work/cohorte/csharp/CODE_IDENT_CS_001_COPY/CODE_IDENT_CS_001.cs,61,baselines_work/cohorte/csharp/CODE_IDENT_CS_008/CODE_IDENT_CS_008.cs,0.15577889447236182,31,2,10,21
5106,46,baselines_work/cohorte/csharp/CODE_IDENT_CS_001_COPY/CODE_IDENT_CS_001.cs,62,baselines_work/cohorte/csharp/CODE_IDENT_CS_008_COPY/CODE_IDENT_CS_008.cs,0.15577889447236182,31,2,10,21
2740,1,baselines_work/cohorte/csharp/CODE_DIF_CS_001/CODE_DIF_CS_001.cs,15,baselines_work/cohorte/csharp/CODE_ESTRU_CS_003/CODE_ESTRU_CS_003.cs,0.15789473684210525,30,2,18,12
2827,4,baselines_work/cohorte/csharp/CODE_DIF_CS_002/CODE_DIF_CS_002.cs,33,baselines_work/cohorte/csharp/CODE_FUN_CS_002/CODE_FUN_CS_002.cs,0.15625,30,3,21,9
2900,2,baselines_work/cohorte/csharp/CODE_DIF_CS_003/CODE_DIF_CS_003.cs,31,baselines_work/cohorte/csharp/CODE_FUN_CS_003/CODE_FUN_CS_003.cs,0.08130081300813008,30,2,22,8
3762,14,baselines_work/cohorte/csharp/CODE_ESTRU_CS_001/CODE_ESTRU_CS_001.cs,48,baselines_work/cohorte/csharp/CODE_IDENT_CS_003/CODE_IDENT_CS_003.cs,0.189873417721519,30,5,16,14
3763,14,baselines_work/cohorte/csharp/CODE_ESTRU_CS_001/CODE_ESTRU_CS_001.cs,55,baselines_work/cohorte/csharp/CODE_IDENT_CS_003_COPY/CODE_IDENT_CS_003.cs,0.189873417721519,30,5,16,14
3871,15,baselines_work/cohorte/csharp/CODE_ESTRU_CS_003/CODE_ESTRU_CS_003.cs,47,baselines_work/cohorte/csharp/CODE_FUN_CS_014/CODE_FUN_CS_014.cs,0.16666666666666666,30,3,16,14
3903,17,baselines_work/cohorte/csharp/CODE_ESTRU_CS_004/CODE_ESTRU_CS_004.cs,18,baselines_work/cohorte/csharp/CODE_ESTRU_CS_005/CODE_ESTRU_CS_005.cs,0.08928571428571429,30,2,17,13
4025,19,baselines_work/cohorte/csharp/CODE_ESTRU_CS_006/CODE_ESTRU_CS_006.cs,31,baselines_work/cohorte/csharp/CODE_FUN_CS_003/CODE_FUN_CS_003.cs,0.21897810218978103,30,8,18,12
4343,28,baselines_work/cohorte/csharp/CODE_ESTRU_CS_012/CODE_ESTRU_CS_012.cs,45,baselines_work/cohorte/csharp/CODE_IDENT_CS_002/CODE_IDENT_CS_002.cs,0.2112676056338028,30,4,16,14
4344,28,baselines_work/cohorte/csharp/CODE_ESTRU_CS_012/CODE_ESTRU_CS_012.cs,53,baselines_work/cohorte/csharp/CODE_IDENT_CS_002_COPY/CODE_IDENT_CS_002.cs,0.2112676056338028,30,4,16,14
4436,27,baselines_work/cohorte/csharp/CODE_ESTRU_CS_014/CODE_ESTRU_CS_014.cs,45,baselines_work/cohorte/csharp/CODE_IDENT_CS_002/CODE_IDENT_CS_002.cs,0.2459016393442623,30,3,17,13
4437,27,baselines_work/cohorte/csharp/CODE_ESTRU_CS_014/CODE_ESTRU_CS_014.cs,53,baselines_work/cohorte/csharp/CODE_IDENT_CS_002_COPY/CODE_IDENT_CS_002.cs,0.2459016393442623,30,3,17,13
4438,27,baselines_work/cohorte/csharp/CODE_ESTRU_CS_014/CODE_ESTRU_CS_014.cs,48,baselines_work/cohorte/csharp/CODE_IDENT_CS_003/CODE_IDENT_CS_003.cs,0.23076923076923078,30,3,17,13
4439,27,baselines_work/cohorte/csharp/CODE_ESTRU_CS_014/CODE_ESTRU_CS_014.cs,55,baselines_work/cohorte/csharp/CODE_IDENT_CS_003_COPY/CODE_IDENT_CS_003.cs,0.23076923076923078,30,3,17,13
4570,33,baselines_work/cohorte/csharp/CODE_FUN_CS_002/CODE_FUN_CS_002.cs,48,baselines_work/cohorte/csharp/CODE_IDENT_CS_003/CODE_IDENT_CS_003.cs,0.2777777777777778,30,9,13,17
4571,33,baselines_work/cohorte/csharp/CODE_FUN_CS_002/CODE_FUN_CS_002.cs,55,baselines_work/cohorte/csharp/CODE_IDENT_CS_003_COPY/CODE_IDENT_CS_003.cs,0.2777777777777778,30,9,13,17
4618,31,baselines_work/cohorte/csharp/CODE_FUN_CS_003/CODE_FUN_CS_003.cs,57,baselines_work/cohorte/csharp/CODE_IDENT_CS_006/CODE_IDENT_CS_006.cs,0.22556390977443608,30,8,12,18
4619,31,baselines_work/cohorte/csharp/CODE_FUN_CS_003/CODE_FUN_CS_003.cs,56,baselines_work/cohorte/csharp/CODE_IDENT_CS_006_COPY/CODE_IDENT_CS_006.cs,0.22556390977443608,30,8,12,18
4646,32,baselines_work/cohorte/csharp/CODE_FUN_CS_004/CODE_FUN_CS_004.cs,40,baselines_work/cohorte/csharp/CODE_FUN_CS_013/CODE_FUN_CS_013.cs,0.09316770186335403,30,2,13,17
4647,32,baselines_work/cohorte/csharp/CODE_FUN_CS_004/CODE_FUN_CS_004.cs,47,baselines_work/cohorte/csharp/CODE_FUN_CS_014/CODE_FUN_CS_014.cs,0.09836065573770492,30,3,14,16
4721,38,baselines_work/cohorte/csharp/CODE_FUN_CS_006/CODE_FUN_CS_006.cs,37,baselines_work/cohorte/csharp/CODE_FUN_CS_009/CODE_FUN_CS_009.cs,0.14218009478672985,30,2,19,11
4762,34,baselines_work/cohorte/csharp/CODE_FUN_CS_007/CODE_FUN_CS_007.cs,39,baselines_work/cohorte/csharp/CODE_FUN_CS_012/CODE_FUN_CS_012.cs,0.1388888888888889,30,2,16,14
5010,47,baselines_work/cohorte/csharp/CODE_FUN_CS_014/CODE_FUN_CS_014.cs,50,baselines_work/cohorte/csharp/CODE_IDENT_CS_004/CODE_IDENT_CS_004.cs,0.10714285714285714,30,3,17,13
5011,47,baselines_work/cohorte/csharp/CODE_FUN_CS_014/CODE_FUN_CS_014.cs,49,baselines_work/cohorte/csharp/CODE_IDENT_CS_004_COPY/CODE_IDENT_CS_004.cs,0.10714285714285714,30,3,17,13
5044,44,baselines_work/cohorte/csharp/CODE_FUN_CS_015/CODE_FUN_CS_015.cs,57,baselines_work/cohorte/csharp/CODE_IDENT_CS_006/CODE_IDENT_CS_006.cs,0.15306122448979592,30,4,14,16
5045,44,baselines_work/cohorte/csharp/CODE_FUN_CS_015/CODE_FUN_CS_015.cs,56,baselines_work/cohorte/csharp/CODE_IDENT_CS_006_COPY/CODE_IDENT_CS_006.cs,0.15306122448979592,30,4,14,16
5065,43,baselines_work/cohorte/csharp/CODE_IDENT_CS_001/CODE_IDENT_CS_001.cs,45,baselines_work/cohorte/csharp/CODE_IDENT_CS_002/CODE_IDENT_CS_002.cs,0.24,30,5,15,15
5066,43,baselines_work/cohorte/csharp/CODE_IDENT_CS_001/CODE_IDENT_CS_001.cs,53,baselines_work/cohorte/csharp/CODE_IDENT_CS_002_COPY/CODE_IDENT_CS_002.cs,0.24,30,5,15,15
5093,46,baselines_work/cohorte/csharp/CODE_IDENT_CS_001_COPY/CODE_IDENT_CS_001.cs,45,baselines_work/cohorte/csharp/CODE_IDENT_CS_002/CODE_IDENT_CS_002.cs,0.24,30,5,15,15
5094,46,baselines_work/cohorte/csharp/CODE_IDENT_CS_001_COPY/CODE_IDENT_CS_001.cs,53,baselines_work/cohorte/csharp/CODE_IDENT_CS_002_COPY/CODE_IDENT_CS_002.cs,0.24,30,5,15,15
5140,45,baselines_work/cohorte/csharp/CODE_IDENT_CS_002/CODE_IDENT_CS_002.cs,69,baselines_work/cohorte/csharp/CODE_IDENT_CS_012/CODE_IDENT_CS_012.cs,0.2112676056338028,30,4,14,16
5141,45,baselines_work/cohorte/csharp/CODE_IDENT_CS_002/CODE_IDENT_CS_002.cs,70,baselines_work/cohorte/csharp/CODE_IDENT_CS_012_COPY/CODE_IDENT_CS_012.cs,0.2112676056338028,30,4,14,16
5144,45,baselines_work/cohorte/csharp/CODE_IDENT_CS_002/CODE_IDENT_CS_002.cs,68,baselines_work/cohorte/csharp/CODE_IDENT_CS_014/CODE_IDENT_CS_014.cs,0.2459016393442623,30,3,13,17
5145,45,baselines_work/cohorte/csharp/CODE_IDENT_CS_002/CODE_IDENT_CS_002.cs,72,baselines_work/cohorte/csharp/CODE_IDENT_CS_014_COPY/CODE_IDENT_CS_014.cs,0.2459016393442623,30,3,13,17
5166,53,baselines_work/cohorte/csharp/CODE_IDENT_CS_002_COPY/CODE_IDENT_CS_002.cs,69,baselines_work/cohorte/csharp/CODE_IDENT_CS_012/CODE_IDENT_CS_012.cs,0.2112676056338028,30,4,14,16
5167,53,baselines_work/cohorte/csharp/CODE_IDENT_CS_002_COPY/CODE_IDENT_CS_002.cs,70,baselines_work/cohorte/csharp/CODE_IDENT_CS_012_COPY/CODE_IDENT_CS_012.cs,0.2112676056338028,30,4,14,16
5170,53,baselines_work/cohorte/csharp/CODE_IDENT_CS_002_COPY/CODE_IDENT_CS_002.cs,68,baselines_work/cohorte/csharp/CODE_IDENT_CS_014/CODE_IDENT_CS_014.cs,0.2459016393442623,30,3,13,17
5171,53,baselines_work/cohorte/csharp/CODE_IDENT_CS_002_COPY/CODE_IDENT_CS_002.cs,72,baselines_work/cohorte/csharp/CODE_IDENT_CS_014_COPY/CODE_IDENT_CS_014.cs,0.2459016393442623,30,3,13,17
3729,14,baselines_work/cohorte/csharp/CODE_ESTRU_CS_001/CODE_ESTRU_CS_001.cs,16,baselines_work/cohorte/csharp/CODE_ESTRU_CS_002/CODE_ESTRU_CS_002.cs,0.17901234567901234,29,5,14,15
3730,14,baselines_work/cohorte/csharp/CODE_ESTRU_CS_001/CODE_ESTRU_CS_001.cs,15,baselines_work/cohorte/csharp/CODE_ESTRU_CS_003/CODE_ESTRU_CS_003.cs,0.16477272727272727,29,5,14,15
3733,14,baselines_work/cohorte/csharp/CODE_ESTRU_CS_001/CODE_ESTRU_CS_001.cs,19,baselines_work/cohorte/csharp/CODE_ESTRU_CS_006/CODE_ESTRU_CS_006.cs,0.16111111111111112,29,3,13,16
3737,14,baselines_work/cohorte/csharp/CODE_ESTRU_CS_001/CODE_ESTRU_CS_001.cs,25,baselines_work/cohorte/csharp/CODE_ESTRU_CS_010/CODE_ESTRU_CS_010.cs,0.1407766990291262,29,3,13,16
3748,14,baselines_work/cohorte/csharp/CODE_ESTRU_CS_001/CODE_ESTRU_CS_001.cs,38,baselines_work/cohorte/csharp/CODE_FUN_CS_006/CODE_FUN_CS_006.cs,0.13302752293577982,29,2,13,16
3776,14,baselines_work/cohorte/csharp/CODE_ESTRU_CS_001/CODE_ESTRU_CS_001.cs,67,baselines_work/cohorte/csharp/CODE_IDENT_CS_010/CODE_IDENT_CS_010.cs,0.1407766990291262,29,3,13,16
3777,14,baselines_work/cohorte/csharp/CODE_ESTRU_CS_001/CODE_ESTRU_CS_001.cs,64,baselines_work/cohorte/csharp/CODE_IDENT_CS_010_COPY/CODE_IDENT_CS_010.cs,0.1407766990291262,29,3,13,16
3801,16,baselines_work/cohorte/csharp/CODE_ESTRU_CS_002/CODE_ESTRU_CS_002.cs,30,baselines_work/cohorte/csharp/CODE_FUN_CS_001/CODE_FUN_CS_001.cs,0.19727891156462585,29,4,12,17
4130,21,baselines_work/cohorte/csharp/CODE_ESTRU_CS_008/CODE_ESTRU_CS_008.cs,31,baselines_work/cohorte/csharp/CODE_FUN_CS_003/CODE_FUN_CS_003.cs,0.16292134831460675,29,9,17,12
4420,27,baselines_work/cohorte/csharp/CODE_ESTRU_CS_014/CODE_ESTRU_CS_014.cs,33,baselines_work/cohorte/csharp/CODE_FUN_CS_002/CODE_FUN_CS_002.cs,0.2196969696969697,29,4,18,11
4512,30,baselines_work/cohorte/csharp/CODE_FUN_CS_001/CODE_FUN_CS_001.cs,36,baselines_work/cohorte/csharp/CODE_FUN_CS_005/CODE_FUN_CS_005.cs,0.1746987951807229,29,5,19,10
4518,30,baselines_work/cohorte/csharp/CODE_FUN_CS_001/CODE_FUN_CS_001.cs,42,baselines_work/cohorte/csharp/CODE_FUN_CS_011/CODE_FUN_CS_011.cs,0.13063063063063063,29,2,13,16
4568,33,baselines_work/cohorte/csharp/CODE_FUN_CS_002/CODE_FUN_CS_002.cs,45,baselines_work/cohorte/csharp/CODE_IDENT_CS_002/CODE_IDENT_CS_002.cs,0.29,29,9,12,17
4569,33,baselines_work/cohorte/csharp/CODE_FUN_CS_002/CODE_FUN_CS_002.cs,53,baselines_work/cohorte/csharp/CODE_IDENT_CS_002_COPY/CODE_IDENT_CS_002.cs,0.29,29,9,12,17
4622,31,baselines_work/cohorte/csharp/CODE_FUN_CS_003/CODE_FUN_CS_003.cs,61,baselines_work/cohorte/csharp/CODE_IDENT_CS_008/CODE_IDENT_CS_008.cs,0.16022099447513813,29,9,12,17
4623,31,baselines_work/cohorte/csharp/CODE_FUN_CS_003/CODE_FUN_CS_003.cs,62,baselines_work/cohorte/csharp/CODE_IDENT_CS_008_COPY/CODE_IDENT_CS_008.cs,0.16022099447513813,29,9,12,17
4642,32,baselines_work/cohorte/csharp/CODE_FUN_CS_004/CODE_FUN_CS_004.cs,37,baselines_work/cohorte/csharp/CODE_FUN_CS_009/CODE_FUN_CS_009.cs,0.09863945578231292,29,2,15,14
4645,32,baselines_work/cohorte/csharp/CODE_FUN_CS_004/CODE_FUN_CS_004.cs,39,baselines_work/cohorte/csharp/CODE_FUN_CS_012/CODE_FUN_CS_012.cs,0.09206349206349207,29,2,13,16
5067,43,baselines_work/cohorte/csharp/CODE_IDENT_CS_001/CODE_IDENT_CS_001.cs,48,baselines_work/cohorte/csharp/CODE_IDENT_CS_003/CODE_IDENT_CS_003.cs,0.21804511278195488,29,5,15,14
5068,43,baselines_work/cohorte/csharp/CODE_IDENT_CS_001/CODE_IDENT_CS_001.cs,55,baselines_work/cohorte/csharp/CODE_IDENT_CS_003_COPY/CODE_IDENT_CS_003.cs,0.21804511278195488,29,5,15,14
5095,46,baselines_work/cohorte/csharp/CODE_IDENT_CS_001_COPY/CODE_IDENT_CS_001.cs,48,baselines_work/cohorte/csharp/CODE_IDENT_CS_003/CODE_IDENT_CS_003.cs,0.21804511278195488,29,5,15,14
5096,46,baselines_work/cohorte/csharp/CODE_IDENT_CS_001_COPY/CODE_IDENT_CS_001.cs,55,baselines_work/cohorte/csharp/CODE_IDENT_CS_003_COPY/CODE_IDENT_CS_003.cs,0.21804511278195488,29,5,15,14
5226,50,baselines_work/cohorte/csharp/CODE_IDENT_CS_004/CODE_IDENT_CS_004.cs,57,baselines_work/cohorte/csharp/CODE_IDENT_CS_006/CODE_IDENT_CS_006.cs,0.11983471074380166,29,4,11,18
5227,50,baselines_work/cohorte/csharp/CODE_IDENT_CS_004/CODE_IDENT_CS_004.cs,56,baselines_work/cohorte/csharp/CODE_IDENT_CS_006_COPY/CODE_IDENT_CS_006.cs,0.11983471074380166,29,4,11,18
5248,49,baselines_work/cohorte/csharp/CODE_IDENT_CS_004_COPY/CODE_IDENT_CS_004.cs,57,baselines_work/cohorte/csharp/CODE_IDENT_CS_006/CODE_IDENT_CS_006.cs,0.11983471074380166,29,4,11,18
5249,49,baselines_work/cohorte/csharp/CODE_IDENT_CS_004_COPY/CODE_IDENT_CS_004.cs,56,baselines_work/cohorte/csharp/CODE_IDENT_CS_006_COPY/CODE_IDENT_CS_006.cs,0.11983471074380166,29,4,11,18
2761,1,baselines_work/cohorte/csharp/CODE_DIF_CS_001/CODE_DIF_CS_001.cs,37,baselines_work/cohorte/csharp/CODE_FUN_CS_009/CODE_FUN_CS_009.cs,0.12903225806451613,28,2,18,10
3310,7,baselines_work/cohorte/csharp/CODE_DIF_CS_009/CODE_DIF_CS_009.cs,33,baselines_work/cohorte/csharp/CODE_FUN_CS_002/CODE_FUN_CS_002.cs,0.11067193675889328,28,2,21,7
3375,11,baselines_work/cohorte/csharp/CODE_DIF_CS_010/CODE_DIF_CS_010.cs,33,baselines_work/cohorte/csharp/CODE_FUN_CS_002/CODE_FUN_CS_002.cs,0.08588957055214724,28,1,22,6
3739,14,baselines_work/cohorte/csharp/CODE_ESTRU_CS_001/CODE_ESTRU_CS_001.cs,28,baselines_work/cohorte/csharp/CODE_ESTRU_CS_012/CODE_ESTRU_CS_012.cs,0.13861386138613863,28,3,13,15
3780,14,baselines_work/cohorte/csharp/CODE_ESTRU_CS_001/CODE_ESTRU_CS_001.cs,69,baselines_work/cohorte/csharp/CODE_IDENT_CS_012/CODE_IDENT_CS_012.cs,0.13861386138613863,28,3,13,15
3781,14,baselines_work/cohorte/csharp/CODE_ESTRU_CS_001/CODE_ESTRU_CS_001.cs,70,baselines_work/cohorte/csharp/CODE_IDENT_CS_012_COPY/CODE_IDENT_CS_012.cs,0.13861386138613863,28,3,13,15
3816,16,baselines_work/cohorte/csharp/CODE_ESTRU_CS_002/CODE_ESTRU_CS_002.cs,43,baselines_work/cohorte/csharp/CODE_IDENT_CS_001/CODE_IDENT_CS_001.cs,0.20437956204379562,28,5,15,13
3817,16,baselines_work/cohorte/csharp/CODE_ESTRU_CS_002/CODE_ESTRU_CS_002.cs,46,baselines_work/cohorte/csharp/CODE_IDENT_CS_001_COPY/CODE_IDENT_CS_001.cs,0.20437956204379562,28,5,15,13
3873,15,baselines_work/cohorte/csharp/CODE_ESTRU_CS_003/CODE_ESTRU_CS_003.cs,43,baselines_work/cohorte/csharp/CODE_IDENT_CS_001/CODE_IDENT_CS_001.cs,0.18543046357615894,28,5,15,13
3874,15,baselines_work/cohorte/csharp/CODE_ESTRU_CS_003/CODE_ESTRU_CS_003.cs,46,baselines_work/cohorte/csharp/CODE_IDENT_CS_001_COPY/CODE_IDENT_CS_001.cs,0.18543046357615894,28,5,15,13
3933,17,baselines_work/cohorte/csharp/CODE_ESTRU_CS_004/CODE_ESTRU_CS_004.cs,48,baselines_work/cohorte/csharp/CODE_IDENT_CS_003/CODE_IDENT_CS_003.cs,0.0851063829787234,28,2,19,9
3934,17,baselines_work/cohorte/csharp/CODE_ESTRU_CS_004/CODE_ESTRU_CS_004.cs,55,baselines_work/cohorte/csharp/CODE_IDENT_CS_003_COPY/CODE_IDENT_CS_003.cs,0.0851063829787234,28,2,19,9
3937,17,baselines_work/cohorte/csharp/CODE_ESTRU_CS_004/CODE_ESTRU_CS_004.cs,51,baselines_work/cohorte/csharp/CODE_IDENT_CS_005/CODE_IDENT_CS_005.cs,0.08588957055214724,28,2,17,11
3938,17,baselines_work/cohorte/csharp/CODE_ESTRU_CS_004/CODE_ESTRU_CS_004.cs,52,baselines_work/cohorte/csharp/CODE_IDENT_CS_005_COPY/CODE_IDENT_CS_005.cs,0.08588957055214724,28,2,17,11
4038,19,baselines_work/cohorte/csharp/CODE_ESTRU_CS_006/CODE_ESTRU_CS_006.cs,43,baselines_work/cohorte/csharp/CODE_IDENT_CS_001/CODE_IDENT_CS_001.cs,0.18064516129032257,28,3,16,12
4039,19,baselines_work/cohorte/csharp/CODE_ESTRU_CS_006/CODE_ESTRU_CS_006.cs,46,baselines_work/cohorte/csharp/CODE_IDENT_CS_001_COPY/CODE_IDENT_CS_001.cs,0.18064516129032257,28,3,16,12
4097,20,baselines_work/cohorte/csharp/CODE_ESTRU_CS_007/CODE_ESTRU_CS_007.cs,50,baselines_work/cohorte/csharp/CODE_IDENT_CS_004/CODE_IDENT_CS_004.cs,0.1222707423580786,28,4,17,11
4098,20,baselines_work/cohorte/csharp/CODE_ESTRU_CS_007/CODE_ESTRU_CS_007.cs,49,baselines_work/cohorte/csharp/CODE_IDENT_CS_004_COPY/CODE_IDENT_CS_004.cs,0.1222707423580786,28,4,17,11
4244,25,baselines_work/cohorte/csharp/CODE_ESTRU_CS_010/CODE_ESTRU_CS_010.cs,43,baselines_work/cohorte/csharp/CODE_IDENT_CS_001/CODE_IDENT_CS_001.cs,0.15469613259668508,28,3,16,12
4245,25,baselines_work/cohorte/csharp/CODE_ESTRU_CS_010/CODE_ESTRU_CS_010.cs,46,baselines_work/cohorte/csharp/CODE_IDENT_CS_001_COPY/CODE_IDENT_CS_001.cs,0.15469613259668508,28,3,16,12
4597,31,baselines_work/cohorte/csharp/CODE_FUN_CS_003/CODE_FUN_CS_003.cs,36,baselines_work/cohorte/csharp/CODE_FUN_CS_005/CODE_FUN_CS_005.cs,0.2028985507246377,28,9,12,16
4599,31,baselines_work/cohorte/csharp/CODE_FUN_CS_003/CODE_FUN_CS_003.cs,34,baselines_work/cohorte/csharp/CODE_FUN_CS_007/CODE_FUN_CS_007.cs,0.1761006289308176,28,9,12,16
4603,31,baselines_work/cohorte/csharp/CODE_FUN_CS_003/CODE_FUN_CS_003.cs,42,baselines_work/cohorte/csharp/CODE_FUN_CS_011/CODE_FUN_CS_011.cs,0.14432989690721648,28,2,9,19
4772,34,baselines_work/cohorte/csharp/CODE_FUN_CS_007/CODE_FUN_CS_007.cs,50,baselines_work/cohorte/csharp/CODE_IDENT_CS_004/CODE_IDENT_CS_004.cs,0.1044776119402985,28,2,15,13
4773,34,baselines_work/cohorte/csharp/CODE_FUN_CS_007/CODE_FUN_CS_007.cs,49,baselines_work/cohorte/csharp/CODE_IDENT_CS_004_COPY/CODE_IDENT_CS_004.cs,0.1044776119402985,28,2,15,13
4977,40,baselines_work/cohorte/csharp/CODE_FUN_CS_013/CODE_FUN_CS_013.cs,48,baselines_work/cohorte/csharp/CODE_IDENT_CS_003/CODE_IDENT_CS_003.cs,0.1564245810055866,28,2,17,11
4978,40,baselines_work/cohorte/csharp/CODE_FUN_CS_013/CODE_FUN_CS_013.cs,55,baselines_work/cohorte/csharp/CODE_IDENT_CS_003_COPY/CODE_IDENT_CS_003.cs,0.1564245810055866,28,2,17,11
5081,43,baselines_work/cohorte/csharp/CODE_IDENT_CS_001/CODE_IDENT_CS_001.cs,67,baselines_work/cohorte/csharp/CODE_IDENT_CS_010/CODE_IDENT_CS_010.cs,0.15469613259668508,28,3,12,16
5082,43,baselines_work/cohorte/csharp/CODE_IDENT_CS_001/CODE_IDENT_CS_001.cs,64,baselines_work/cohorte/csharp/CODE_IDENT_CS_010_COPY/CODE_IDENT_CS_010.cs,0.15469613259668508,28,3,12,16
5109,46,baselines_work/cohorte/csharp/CODE_IDENT_CS_001_COPY/CODE_IDENT_CS_001.cs,67,baselines_work/cohorte/csharp/CODE_IDENT_CS_010/CODE_IDENT_CS_010.cs,0.15469613259668508,28,3,12,16
5110,46,baselines_work/cohorte/csharp/CODE_IDENT_CS_001_COPY/CODE_IDENT_CS_001.cs,64,baselines_work/cohorte/csharp/CODE_IDENT_CS_010_COPY/CODE_IDENT_CS_010.cs,0.15469613259668508,28,3,12,16
5228,50,baselines_work/cohorte/csharp/CODE_IDENT_CS_004/CODE_IDENT_CS_004.cs,54,baselines_work/cohorte/csharp/CODE_IDENT_CS_007/CODE_IDENT_CS_007.cs,0.1222707423580786,28,4,11,17
5229,50,baselines_work/cohorte/csharp/CODE_IDENT_CS_004/CODE_IDENT_CS_004.cs,58,baselines_work/cohorte/csharp/CODE_IDENT_CS_007_COPY/CODE_IDENT_CS_007.cs,0.1222707423580786,28,4,11,17
5250,49,baselines_work/cohorte/csharp/CODE_IDENT_CS_004_COPY/CODE_IDENT_CS_004.cs,54,baselines_work/cohorte/csharp/CODE_IDENT_CS_007/CODE_IDENT_CS_007.cs,0.1222707423580786,28,4,11,17
5251,49,baselines_work/cohorte/csharp/CODE_IDENT_CS_004_COPY/CODE_IDENT_CS_004.cs,58,baselines_work/cohorte/csharp/CODE_IDENT_CS_007_COPY/CODE_IDENT_CS_007.cs,0.1222707423580786,28,4,11,17
2770,1,baselines_work/cohorte/csharp/CODE_DIF_CS_001/CODE_DIF_CS_001.cs,45,baselines_work/cohorte/csharp/CODE_IDENT_CS_002/CODE_IDENT_CS_002.cs,0.16463414634146342,27,2,17,10
2771,1,baselines_work/cohorte/csharp/CODE_DIF_CS_001/CODE_DIF_CS_001.cs,53,baselines_work/cohorte/csharp/CODE_IDENT_CS_002_COPY/CODE_IDENT_CS_002.cs,0.16463414634146342,27,2,17,10
2970,0,baselines_work/cohorte/csharp/CODE_DIF_CS_004/CODE_DIF_CS_004.cs,33,baselines_work/cohorte/csharp/CODE_FUN_CS_002/CODE_FUN_CS_002.cs,0.056016597510373446,27,1,20,7
3686,13,baselines_work/cohorte/csharp/CODE_DIF_CS_015/CODE_DIF_CS_015.cs,31,baselines_work/cohorte/csharp/CODE_FUN_CS_003/CODE_FUN_CS_003.cs,0.06428571428571428,27,2,20,7
3736,14,baselines_work/cohorte/csharp/CODE_ESTRU_CS_001/CODE_ESTRU_CS_001.cs,24,baselines_work/cohorte/csharp/CODE_ESTRU_CS_009/CODE_ESTRU_CS_009.cs,0.140625,27,3,13,14
3738,14,baselines_work/cohorte/csharp/CODE_ESTRU_CS_001/CODE_ESTRU_CS_001.cs,22,baselines_work/cohorte/csharp/CODE_ESTRU_CS_011/CODE_ESTRU_CS_011.cs,0.1291866028708134,27,2,10,17
3774,14,baselines_work/cohorte/csharp/CODE_ESTRU_CS_001/CODE_ESTRU_CS_001.cs,60,baselines_work/cohorte/csharp/CODE_IDENT_CS_009/CODE_IDENT_CS_009.cs,0.140625,27,3,13,14
3775,14,baselines_work/cohorte/csharp/CODE_ESTRU_CS_001/CODE_ESTRU_CS_001.cs,59,baselines_work/cohorte/csharp/CODE_IDENT_CS_009_COPY/CODE_IDENT_CS_009.cs,0.140625,27,3,13,14
3789,16,baselines_work/cohorte/csharp/CODE_ESTRU_CS_002/CODE_ESTRU_CS_002.cs,17,baselines_work/cohorte/csharp/CODE_ESTRU_CS_004/CODE_ESTRU_CS_004.cs,0.08108108108108109,27,2,8,19
3803,16,baselines_work/cohorte/csharp/CODE_ESTRU_CS_002/CODE_ESTRU_CS_002.cs,31,baselines_work/cohorte/csharp/CODE_FUN_CS_003/CODE_FUN_CS_003.cs,0.226890756302521,27,9,15,12
3846,15,baselines_work/cohorte/csharp/CODE_ESTRU_CS_003/CODE_ESTRU_CS_003.cs,17,baselines_work/cohorte/csharp/CODE_ESTRU_CS_004/CODE_ESTRU_CS_004.cs,0.07780979827089338,27,2,8,19
3860,15,baselines_work/cohorte/csharp/CODE_ESTRU_CS_003/CODE_ESTRU_CS_003.cs,31,baselines_work/cohorte/csharp/CODE_FUN_CS_003/CODE_FUN_CS_003.cs,0.20300751879699247,27,9,15,12
3931,17,baselines_work/cohorte/csharp/CODE_ESTRU_CS_004/CODE_ESTRU_CS_004.cs,45,baselines_work/cohorte/csharp/CODE_IDENT_CS_002/CODE_IDENT_CS_002.cs,0.08411214953271028,27,2,19,8
3932,17,baselines_work/cohorte/csharp/CODE_ESTRU_CS_004/CODE_ESTRU_CS_004.cs,53,baselines_work/cohorte/csharp/CODE_IDENT_CS_002_COPY/CODE_IDENT_CS_002.cs,0.08411214953271028,27,2,19,8
4078,20,baselines_work/cohorte/csharp/CODE_ESTRU_CS_007/CODE_ESTRU_CS_007.cs,31,baselines_work/cohorte/csharp/CODE_FUN_CS_003/CODE_FUN_CS_003.cs,0.225,27,8,15,12
4281,22,baselines_work/cohorte/csharp/CODE_ESTRU_CS_011/CODE_ESTRU_CS_011.cs,32,baselines_work/cohorte/csharp/CODE_FUN_CS_004/CODE_FUN_CS_004.cs,0.09,27,2,19,8
4341,28,baselines_work/cohorte/csharp/CODE_ESTRU_CS_012/CODE_ESTRU_CS_012.cs,43,baselines_work/cohorte/csharp/CODE_IDENT_CS_001/CODE_IDENT_CS_001.cs,0.15254237288135594,27,3,15,12
4342,28,baselines_work/cohorte/csharp/CODE_ESTRU_CS_012/CODE_ESTRU_CS_012.cs,46,baselines_work/cohorte/csharp/CODE_IDENT_CS_001_COPY/CODE_IDENT_CS_001.cs,0.15254237288135594,27,3,15,12
4523,30,baselines_work/cohorte/csharp/CODE_FUN_CS_001/CODE_FUN_CS_001.cs,43,baselines_work/cohorte/csharp/CODE_IDENT_CS_001/CODE_IDENT_CS_001.cs,0.1588235294117647,27,3,14,13
4524,30,baselines_work/cohorte/csharp/CODE_FUN_CS_001/CODE_FUN_CS_001.cs,46,baselines_work/cohorte/csharp/CODE_IDENT_CS_001_COPY/CODE_IDENT_CS_001.cs,0.1588235294117647,27,3,14,13
4533,30,baselines_work/cohorte/csharp/CODE_FUN_CS_001/CODE_FUN_CS_001.cs,57,baselines_work/cohorte/csharp/CODE_IDENT_CS_006/CODE_IDENT_CS_006.cs,0.16770186335403728,27,4,12,15
4534,30,baselines_work/cohorte/csharp/CODE_FUN_CS_001/CODE_FUN_CS_001.cs,56,baselines_work/cohorte/csharp/CODE_IDENT_CS_006_COPY/CODE_IDENT_CS_006.cs,0.16770186335403728,27,4,12,15
4559,33,baselines_work/cohorte/csharp/CODE_FUN_CS_002/CODE_FUN_CS_002.cs,37,baselines_work/cohorte/csharp/CODE_FUN_CS_009/CODE_FUN_CS_009.cs,0.17647058823529413,27,7,12,15
4562,33,baselines_work/cohorte/csharp/CODE_FUN_CS_002/CODE_FUN_CS_002.cs,39,baselines_work/cohorte/csharp/CODE_FUN_CS_012/CODE_FUN_CS_012.cs,0.15517241379310345,27,7,11,16
4604,31,baselines_work/cohorte/csharp/CODE_FUN_CS_003/CODE_FUN_CS_003.cs,39,baselines_work/cohorte/csharp/CODE_FUN_CS_012/CODE_FUN_CS_012.cs,0.14917127071823205,27,7,11,16
4620,31,baselines_work/cohorte/csharp/CODE_FUN_CS_003/CODE_FUN_CS_003.cs,54,baselines_work/cohorte/csharp/CODE_IDENT_CS_007/CODE_IDENT_CS_007.cs,0.225,27,8,12,15
4621,31,baselines_work/cohorte/csharp/CODE_FUN_CS_003/CODE_FUN_CS_003.cs,58,baselines_work/cohorte/csharp/CODE_IDENT_CS_007_COPY/CODE_IDENT_CS_007.cs,0.225,27,8,12,15
4880,41,baselines_work/cohorte/csharp/CODE_FUN_CS_010/CODE_FUN_CS_010.cs,50,baselines_work/cohorte/csharp/CODE_IDENT_CS_004/CODE_IDENT_CS_004.cs,0.09818181818181818,27,3,14,13
4881,41,baselines_work/cohorte/csharp/CODE_FUN_CS_010/CODE_FUN_CS_010.cs,49,baselines_work/cohorte/csharp/CODE_IDENT_CS_004_COPY/CODE_IDENT_CS_004.cs,0.09818181818181818,27,3,14,13
5014,47,baselines_work/cohorte/csharp/CODE_FUN_CS_014/CODE_FUN_CS_014.cs,57,baselines_work/cohorte/csharp/CODE_IDENT_CS_006/CODE_IDENT_CS_006.cs,0.15,27,4,11,16
5015,47,baselines_work/cohorte/csharp/CODE_FUN_CS_014/CODE_FUN_CS_014.cs,56,baselines_work/cohorte/csharp/CODE_IDENT_CS_006_COPY/CODE_IDENT_CS_006.cs,0.15,27,4,11,16
5085,43,baselines_work/cohorte/csharp/CODE_IDENT_CS_001/CODE_IDENT_CS_001.cs,69,baselines_work/cohorte/csharp/CODE_IDENT_CS_012/CODE_IDENT_CS_012.cs,0.15254237288135594,27,3,12,15
5086,43,baselines_work/cohorte/csharp/CODE_IDENT_CS_001/CODE_IDENT_CS_001.cs,70,baselines_work/cohorte/csharp/CODE_IDENT_CS_012_COPY/CODE_IDENT_CS_012.cs,0.15254237288135594,27,3,12,15
5113,46,baselines_work/cohorte/csharp/CODE_IDENT_CS_001_COPY/CODE_IDENT_CS_001.cs,69,baselines_work/cohorte/csharp/CODE_IDENT_CS_012/CODE_IDENT_CS_012.cs,0.15254237288135594,27,3,12,15
5114,46,baselines_work/cohorte/csharp/CODE_IDENT_CS_001_COPY/CODE_IDENT_CS_001.cs,70,baselines_work/cohorte/csharp/CODE_IDENT_CS_012_COPY/CODE_IDENT_CS_012.cs,0.15254237288135594,27,3,12,15
2764,1,baselines_work/cohorte/csharp/CODE_DIF_CS_001/CODE_DIF_CS_001.cs,39,baselines_work/cohorte/csharp/CODE_FUN_CS_012/CODE_FUN_CS_012.cs,0.1092436974789916,26,2,16,10
3734,14,baselines_work/cohorte/csharp/CODE_ESTRU_CS_001/CODE_ESTRU_CS_001.cs,20,baselines_work/cohorte/csharp/CODE_ESTRU_CS_007/CODE_ESTRU_CS_007.cs,0.15950920245398773,26,2,12,14
3742,14,baselines_work/cohorte/csharp/CODE_ESTRU_CS_001/CODE_ESTRU_CS_001.cs,26,baselines_work/cohorte/csharp/CODE_ESTRU_CS_015/CODE_ESTRU_CS_015.cs,0.12745098039215685,26,3,10,16
3768,14,baselines_work/cohorte/csharp/CODE_ESTRU_CS_001/CODE_ESTRU_CS_001.cs,57,baselines_work/cohorte/csharp/CODE_IDENT_CS_006/CODE_IDENT_CS_006.cs,0.14772727272727273,26,3,13,13
3769,14,baselines_work/cohorte/csharp/CODE_ESTRU_CS_001/CODE_ESTRU_CS_001.cs,56,baselines_work/cohorte/csharp/CODE_IDENT_CS_006_COPY/CODE_IDENT_CS_006.cs,0.14772727272727273,26,3,13,13
3770,14,baselines_work/cohorte/csharp/CODE_ESTRU_CS_001/CODE_ESTRU_CS_001.cs,54,baselines_work/cohorte/csharp/CODE_IDENT_CS_007/CODE_IDENT_CS_007.cs,0.15950920245398773,26,2,12,14
3771,14,baselines_work/cohorte/csharp/CODE_ESTRU_CS_001/CODE_ESTRU_CS_001.cs,58,baselines_work/cohorte/csharp/CODE_IDENT_CS_007_COPY/CODE_IDENT_CS_007.cs,0.15950920245398773,26,2,12,14
3778,14,baselines_work/cohorte/csharp/CODE_ESTRU_CS_001/CODE_ESTRU_CS_001.cs,63,baselines_work/cohorte/csharp/CODE_IDENT_CS_011/CODE_IDENT_CS_011.cs,0.125,26,2,10,16
3779,14,baselines_work/cohorte/csharp/CODE_ESTRU_CS_001/CODE_ESTRU_CS_001.cs,65,baselines_work/cohorte/csharp/CODE_IDENT_CS_011_COPY/CODE_IDENT_CS_011.cs,0.125,26,2,10,16
3786,14,baselines_work/cohorte/csharp/CODE_ESTRU_CS_001/CODE_ESTRU_CS_001.cs,74,baselines_work/cohorte/csharp/CODE_IDENT_CS_015/CODE_IDENT_CS_015.cs,0.125,26,3,10,16
3787,14,baselines_work/cohorte/csharp/CODE_ESTRU_CS_001/CODE_ESTRU_CS_001.cs,73,baselines_work/cohorte/csharp/CODE_IDENT_CS_015_COPY/CODE_IDENT_CS_015.cs,0.125,26,3,10,16
3915,17,baselines_work/cohorte/csharp/CODE_ESTRU_CS_004/CODE_ESTRU_CS_004.cs,33,baselines_work/cohorte/csharp/CODE_FUN_CS_002/CODE_FUN_CS_002.cs,0.07854984894259819,26,2,19,7
3971,18,baselines_work/cohorte/csharp/CODE_ESTRU_CS_005/CODE_ESTRU_CS_005.cs,31,baselines_work/cohorte/csharp/CODE_FUN_CS_003/CODE_FUN_CS_003.cs,0.21311475409836064,26,8,15,11
4079,20,baselines_work/cohorte/csharp/CODE_ESTRU_CS_007/CODE_ESTRU_CS_007.cs,32,baselines_work/cohorte/csharp/CODE_FUN_CS_004/CODE_FUN_CS_004.cs,0.10236220472440945,26,2,15,11
4194,24,baselines_work/cohorte/csharp/CODE_ESTRU_CS_009/CODE_ESTRU_CS_009.cs,43,baselines_work/cohorte/csharp/CODE_IDENT_CS_001/CODE_IDENT_CS_001.cs,0.15568862275449102,26,3,14,12
4195,24,baselines_work/cohorte/csharp/CODE_ESTRU_CS_009/CODE_ESTRU_CS_009.cs,46,baselines_work/cohorte/csharp/CODE_IDENT_CS_001_COPY/CODE_IDENT_CS_001.cs,0.15568862275449102,26,3,14,12
4293,22,baselines_work/cohorte/csharp/CODE_ESTRU_CS_011/CODE_ESTRU_CS_011.cs,43,baselines_work/cohorte/csharp/CODE_IDENT_CS_001/CODE_IDENT_CS_001.cs,0.14130434782608695,26,2,17,9
4294,22,baselines_work/cohorte/csharp/CODE_ESTRU_CS_011/CODE_ESTRU_CS_011.cs,46,baselines_work/cohorte/csharp/CODE_IDENT_CS_001_COPY/CODE_IDENT_CS_001.cs,0.14130434782608695,26,2,17,9
4661,32,baselines_work/cohorte/csharp/CODE_FUN_CS_004/CODE_FUN_CS_004.cs,54,baselines_work/cohorte/csharp/CODE_IDENT_CS_007/CODE_IDENT_CS_007.cs,0.10236220472440945,26,2,11,15
4662,32,baselines_work/cohorte/csharp/CODE_FUN_CS_004/CODE_FUN_CS_004.cs,58,baselines_work/cohorte/csharp/CODE_IDENT_CS_007_COPY/CODE_IDENT_CS_007.cs,0.10236220472440945,26,2,11,15
4669,32,baselines_work/cohorte/csharp/CODE_FUN_CS_004/CODE_FUN_CS_004.cs,63,baselines_work/cohorte/csharp/CODE_IDENT_CS_011/CODE_IDENT_CS_011.cs,0.08695652173913043,26,2,8,18
4670,32,baselines_work/cohorte/csharp/CODE_FUN_CS_004/CODE_FUN_CS_004.cs,65,baselines_work/cohorte/csharp/CODE_IDENT_CS_011_COPY/CODE_IDENT_CS_011.cs,0.08695652173913043,26,2,8,18
4728,38,baselines_work/cohorte/csharp/CODE_FUN_CS_006/CODE_FUN_CS_006.cs,43,baselines_work/cohorte/csharp/CODE_IDENT_CS_001/CODE_IDENT_CS_001.cs,0.13471502590673576,26,2,15,11
4729,38,baselines_work/cohorte/csharp/CODE_FUN_CS_006/CODE_FUN_CS_006.cs,46,baselines_work/cohorte/csharp/CODE_IDENT_CS_001_COPY/CODE_IDENT_CS_001.cs,0.13471502590673576,26,2,15,11
4845,37,baselines_work/cohorte/csharp/CODE_FUN_CS_009/CODE_FUN_CS_009.cs,50,baselines_work/cohorte/csharp/CODE_IDENT_CS_004/CODE_IDENT_CS_004.cs,0.09665427509293681,26,1,11,15
4846,37,baselines_work/cohorte/csharp/CODE_FUN_CS_009/CODE_FUN_CS_009.cs,49,baselines_work/cohorte/csharp/CODE_IDENT_CS_004_COPY/CODE_IDENT_CS_004.cs,0.09665427509293681,26,1,11,15
4947,39,baselines_work/cohorte/csharp/CODE_FUN_CS_012/CODE_FUN_CS_012.cs,50,baselines_work/cohorte/csharp/CODE_IDENT_CS_004/CODE_IDENT_CS_004.cs,0.0896551724137931,26,1,13,13
4948,39,baselines_work/cohorte/csharp/CODE_FUN_CS_012/CODE_FUN_CS_012.cs,49,baselines_work/cohorte/csharp/CODE_IDENT_CS_004_COPY/CODE_IDENT_CS_004.cs,0.0896551724137931,26,1,13,13
5079,43,baselines_work/cohorte/csharp/CODE_IDENT_CS_001/CODE_IDENT_CS_001.cs,60,baselines_work/cohorte/csharp/CODE_IDENT_CS_009/CODE_IDENT_CS_009.cs,0.15568862275449102,26,3,12,14
5080,43,baselines_work/cohorte/csharp/CODE_IDENT_CS_001/CODE_IDENT_CS_001.cs,59,baselines_work/cohorte/csharp/CODE_IDENT_CS_009_COPY/CODE_IDENT_CS_009.cs,0.15568862275449102,26,3,12,14
5107,46,baselines_work/cohorte/csharp/CODE_IDENT_CS_001_COPY/CODE_IDENT_CS_001.cs,60,baselines_work/cohorte/csharp/CODE_IDENT_CS_009/CODE_IDENT_CS_009.cs,0.15568862275449102,26,3,12,14
5108,46,baselines_work/cohorte/csharp/CODE_IDENT_CS_001_COPY/CODE_IDENT_CS_001.cs,59,baselines_work/cohorte/csharp/CODE_IDENT_CS_009_COPY/CODE_IDENT_CS_009.cs,0.15568862275449102,26,3,12,14
2738,1,baselines_work/cohorte/csharp/CODE_DIF_CS_001/CODE_DIF_CS_001.cs,14,baselines_work/cohorte/csharp/CODE_ESTRU_CS_001/CODE_ESTRU_CS_001.cs,0.11160714285714286,25,1,16,9
3178,5,baselines_work/cohorte/csharp/CODE_DIF_CS_007/CODE_DIF_CS_007.cs,31,baselines_work/cohorte/csharp/CODE_FUN_CS_003/CODE_FUN_CS_003.cs,0.0639386189258312,25,5,18,7
3744,14,baselines_work/cohorte/csharp/CODE_ESTRU_CS_001/CODE_ESTRU_CS_001.cs,33,baselines_work/cohorte/csharp/CODE_FUN_CS_002/CODE_FUN_CS_002.cs,0.15625,25,4,16,9
4031,19,baselines_work/cohorte/csharp/CODE_ESTRU_CS_006/CODE_ESTRU_CS_006.cs,37,baselines_work/cohorte/csharp/CODE_FUN_CS_009/CODE_FUN_CS_009.cs,0.14450867052023122,25,2,17,8
4479,26,baselines_work/cohorte/csharp/CODE_ESTRU_CS_015/CODE_ESTRU_CS_015.cs,43,baselines_work/cohorte/csharp/CODE_IDENT_CS_001/CODE_IDENT_CS_001.cs,0.13966480446927373,25,3,16,9
4480,26,baselines_work/cohorte/csharp/CODE_ESTRU_CS_015/CODE_ESTRU_CS_015.cs,46,baselines_work/cohorte/csharp/CODE_IDENT_CS_001_COPY/CODE_IDENT_CS_001.cs,0.13966480446927373,25,3,16,9
4594,33,baselines_work/cohorte/csharp/CODE_FUN_CS_002/CODE_FUN_CS_002.cs,74,baselines_work/cohorte/csharp/CODE_IDENT_CS_015/CODE_IDENT_CS_015.cs,0.15822784810126583,25,1,7,18
4595,33,baselines_work/cohorte/csharp/CODE_FUN_CS_002/CODE_FUN_CS_002.cs,73,baselines_work/cohorte/csharp/CODE_IDENT_CS_015_COPY/CODE_IDENT_CS_015.cs,0.15822784810126583,25,1,7,18
4601,31,baselines_work/cohorte/csharp/CODE_FUN_CS_003/CODE_FUN_CS_003.cs,37,baselines_work/cohorte/csharp/CODE_FUN_CS_009/CODE_FUN_CS_009.cs,0.15625,25,7,11,14
4610,31,baselines_work/cohorte/csharp/CODE_FUN_CS_003/CODE_FUN_CS_003.cs,45,baselines_work/cohorte/csharp/CODE_IDENT_CS_002/CODE_IDENT_CS_002.cs,0.2336448598130841,25,9,11,14
4611,31,baselines_work/cohorte/csharp/CODE_FUN_CS_003/CODE_FUN_CS_003.cs,53,baselines_work/cohorte/csharp/CODE_IDENT_CS_002_COPY/CODE_IDENT_CS_002.cs,0.2336448598130841,25,9,11,14
4643,32,baselines_work/cohorte/csharp/CODE_FUN_CS_004/CODE_FUN_CS_004.cs,41,baselines_work/cohorte/csharp/CODE_FUN_CS_010/CODE_FUN_CS_010.cs,0.08333333333333333,25,2,11,14
5073,43,baselines_work/cohorte/csharp/CODE_IDENT_CS_001/CODE_IDENT_CS_001.cs,57,baselines_work/cohorte/csharp/CODE_IDENT_CS_006/CODE_IDENT_CS_006.cs,0.16556291390728478,25,3,12,13
5074,43,baselines_work/cohorte/csharp/CODE_IDENT_CS_001/CODE_IDENT_CS_001.cs,56,baselines_work/cohorte/csharp/CODE_IDENT_CS_006_COPY/CODE_IDENT_CS_006.cs,0.16556291390728478,25,3,12,13
5083,43,baselines_work/cohorte/csharp/CODE_IDENT_CS_001/CODE_IDENT_CS_001.cs,63,baselines_work/cohorte/csharp/CODE_IDENT_CS_011/CODE_IDENT_CS_011.cs,0.1366120218579235,25,2,9,16
5084,43,baselines_work/cohorte/csharp/CODE_IDENT_CS_001/CODE_IDENT_CS_001.cs,65,baselines_work/cohorte/csharp/CODE_IDENT_CS_011_COPY/CODE_IDENT_CS_011.cs,0.1366120218579235,25,2,9,16
5091,43,baselines_work/cohorte/csharp/CODE_IDENT_CS_001/CODE_IDENT_CS_001.cs,74,baselines_work/cohorte/csharp/CODE_IDENT_CS_015/CODE_IDENT_CS_015.cs,0.1366120218579235,25,3,9,16
5092,43,baselines_work/cohorte/csharp/CODE_IDENT_CS_001/CODE_IDENT_CS_001.cs,73,baselines_work/cohorte/csharp/CODE_IDENT_CS_015_COPY/CODE_IDENT_CS_015.cs,0.1366120218579235,25,3,9,16
5101,46,baselines_work/cohorte/csharp/CODE_IDENT_CS_001_COPY/CODE_IDENT_CS_001.cs,57,baselines_work/cohorte/csharp/CODE_IDENT_CS_006/CODE_IDENT_CS_006.cs,0.16556291390728478,25,3,12,13
5102,46,baselines_work/cohorte/csharp/CODE_IDENT_CS_001_COPY/CODE_IDENT_CS_001.cs,56,baselines_work/cohorte/csharp/CODE_IDENT_CS_006_COPY/CODE_IDENT_CS_006.cs,0.16556291390728478,25,3,12,13
5111,46,baselines_work/cohorte/csharp/CODE_IDENT_CS_001_COPY/CODE_IDENT_CS_001.cs,63,baselines_work/cohorte/csharp/CODE_IDENT_CS_011/CODE_IDENT_CS_011.cs,0.1366120218579235,25,2,9,16
5112,46,baselines_work/cohorte/csharp/CODE_IDENT_CS_001_COPY/CODE_IDENT_CS_001.cs,65,baselines_work/cohorte/csharp/CODE_IDENT_CS_011_COPY/CODE_IDENT_CS_011.cs,0.1366120218579235,25,2,9,16
5119,46,baselines_work/cohorte/csharp/CODE_IDENT_CS_001_COPY/CODE_IDENT_CS_001.cs,74,baselines_work/cohorte/csharp/CODE_IDENT_CS_015/CODE_IDENT_CS_015.cs,0.1366120218579235,25,3,9,16
5120,46,baselines_work/cohorte/csharp/CODE_IDENT_CS_001_COPY/CODE_IDENT_CS_001.cs,73,baselines_work/cohorte/csharp/CODE_IDENT_CS_015_COPY/CODE_IDENT_CS_015.cs,0.1366120218579235,25,3,9,16
2768,1,baselines_work/cohorte/csharp/CODE_DIF_CS_001/CODE_DIF_CS_001.cs,43,baselines_work/cohorte/csharp/CODE_IDENT_CS_001/CODE_IDENT_CS_001.cs,0.12060301507537688,24,1,16,8
2769,1,baselines_work/cohorte/csharp/CODE_DIF_CS_001/CODE_DIF_CS_001.cs,46,baselines_work/cohorte/csharp/CODE_IDENT_CS_001_COPY/CODE_IDENT_CS_001.cs,0.12060301507537688,24,1,16,8
3740,14,baselines_work/cohorte/csharp/CODE_ESTRU_CS_001/CODE_ESTRU_CS_001.cs,29,baselines_work/cohorte/csharp/CODE_ESTRU_CS_013/CODE_ESTRU_CS_013.cs,0.12631578947368421,24,2,10,14
3749,14,baselines_work/cohorte/csharp/CODE_ESTRU_CS_001/CODE_ESTRU_CS_001.cs,34,baselines_work/cohorte/csharp/CODE_FUN_CS_007/CODE_FUN_CS_007.cs,0.1188118811881188,24,2,13,11
3782,14,baselines_work/cohorte/csharp/CODE_ESTRU_CS_001/CODE_ESTRU_CS_001.cs,66,baselines_work/cohorte/csharp/CODE_IDENT_CS_013/CODE_IDENT_CS_013.cs,0.1218274111675127,24,2,10,14
3783,14,baselines_work/cohorte/csharp/CODE_ESTRU_CS_001/CODE_ESTRU_CS_001.cs,71,baselines_work/cohorte/csharp/CODE_IDENT_CS_013_COPY/CODE_IDENT_CS_013.cs,0.1218274111675127,24,2,10,14
3822,16,baselines_work/cohorte/csharp/CODE_ESTRU_CS_002/CODE_ESTRU_CS_002.cs,50,baselines_work/cohorte/csharp/CODE_IDENT_CS_004/CODE_IDENT_CS_004.cs,0.10526315789473684,24,3,14,10
3823,16,baselines_work/cohorte/csharp/CODE_ESTRU_CS_002/CODE_ESTRU_CS_002.cs,49,baselines_work/cohorte/csharp/CODE_IDENT_CS_004_COPY/CODE_IDENT_CS_004.cs,0.10526315789473684,24,3,14,10
3879,15,baselines_work/cohorte/csharp/CODE_ESTRU_CS_003/CODE_ESTRU_CS_003.cs,50,baselines_work/cohorte/csharp/CODE_IDENT_CS_004/CODE_IDENT_CS_004.cs,0.09917355371900827,24,3,14,10
3880,15,baselines_work/cohorte/csharp/CODE_ESTRU_CS_003/CODE_ESTRU_CS_003.cs,49,baselines_work/cohorte/csharp/CODE_IDENT_CS_004_COPY/CODE_IDENT_CS_004.cs,0.09917355371900827,24,3,14,10
4376,29,baselines_work/cohorte/csharp/CODE_ESTRU_CS_013/CODE_ESTRU_CS_013.cs,32,baselines_work/cohorte/csharp/CODE_FUN_CS_004/CODE_FUN_CS_004.cs,0.08540925266903915,24,2,16,8
4558,33,baselines_work/cohorte/csharp/CODE_FUN_CS_002/CODE_FUN_CS_002.cs,35,baselines_work/cohorte/csharp/CODE_FUN_CS_008/CODE_FUN_CS_008.cs,0.1095890410958904,24,5,9,15
4605,31,baselines_work/cohorte/csharp/CODE_FUN_CS_003/CODE_FUN_CS_003.cs,40,baselines_work/cohorte/csharp/CODE_FUN_CS_013/CODE_FUN_CS_013.cs,0.1276595744680851,24,2,9,15
4612,31,baselines_work/cohorte/csharp/CODE_FUN_CS_003/CODE_FUN_CS_003.cs,48,baselines_work/cohorte/csharp/CODE_IDENT_CS_003/CODE_IDENT_CS_003.cs,0.20869565217391303,24,9,11,13
4613,31,baselines_work/cohorte/csharp/CODE_FUN_CS_003/CODE_FUN_CS_003.cs,55,baselines_work/cohorte/csharp/CODE_IDENT_CS_003_COPY/CODE_IDENT_CS_003.cs,0.20869565217391303,24,9,11,13
4616,31,baselines_work/cohorte/csharp/CODE_FUN_CS_003/CODE_FUN_CS_003.cs,51,baselines_work/cohorte/csharp/CODE_IDENT_CS_005/CODE_IDENT_CS_005.cs,0.21428571428571427,24,8,11,13
4617,31,baselines_work/cohorte/csharp/CODE_FUN_CS_003/CODE_FUN_CS_003.cs,52,baselines_work/cohorte/csharp/CODE_IDENT_CS_005_COPY/CODE_IDENT_CS_005.cs,0.21428571428571427,24,8,11,13
4863,37,baselines_work/cohorte/csharp/CODE_FUN_CS_009/CODE_FUN_CS_009.cs,66,baselines_work/cohorte/csharp/CODE_IDENT_CS_013/CODE_IDENT_CS_013.cs,0.12631578947368421,24,1,5,19
4864,37,baselines_work/cohorte/csharp/CODE_FUN_CS_009/CODE_FUN_CS_009.cs,71,baselines_work/cohorte/csharp/CODE_IDENT_CS_013_COPY/CODE_IDENT_CS_013.cs,0.12631578947368421,24,1,5,19
2828,4,baselines_work/cohorte/csharp/CODE_DIF_CS_002/CODE_DIF_CS_002.cs,31,baselines_work/cohorte/csharp/CODE_FUN_CS_003/CODE_FUN_CS_003.cs,0.11557788944723618,23,3,15,8
3041,3,baselines_work/cohorte/csharp/CODE_DIF_CS_005/CODE_DIF_CS_005.cs,31,baselines_work/cohorte/csharp/CODE_FUN_CS_003/CODE_FUN_CS_003.cs,0.08303249097472924,23,5,15,8
3110,6,baselines_work/cohorte/csharp/CODE_DIF_CS_006/CODE_DIF_CS_006.cs,31,baselines_work/cohorte/csharp/CODE_FUN_CS_003/CODE_FUN_CS_003.cs,0.08582089552238806,23,5,14,9
3753,14,baselines_work/cohorte/csharp/CODE_ESTRU_CS_001/CODE_ESTRU_CS_001.cs,42,baselines_work/cohorte/csharp/CODE_FUN_CS_011/CODE_FUN_CS_011.cs,0.0970464135021097,23,1,10,13
3804,16,baselines_work/cohorte/csharp/CODE_ESTRU_CS_002/CODE_ESTRU_CS_002.cs,32,baselines_work/cohorte/csharp/CODE_FUN_CS_004/CODE_FUN_CS_004.cs,0.09090909090909091,23,2,12,11
3858,15,baselines_work/cohorte/csharp/CODE_ESTRU_CS_003/CODE_ESTRU_CS_003.cs,30,baselines_work/cohorte/csharp/CODE_FUN_CS_001/CODE_FUN_CS_001.cs,0.14285714285714285,23,2,10,13
4289,22,baselines_work/cohorte/csharp/CODE_ESTRU_CS_011/CODE_ESTRU_CS_011.cs,39,baselines_work/cohorte/csharp/CODE_FUN_CS_012/CODE_FUN_CS_012.cs,0.1031390134529148,23,2,17,6
4384,29,baselines_work/cohorte/csharp/CODE_ESTRU_CS_013/CODE_ESTRU_CS_013.cs,39,baselines_work/cohorte/csharp/CODE_FUN_CS_012/CODE_FUN_CS_012.cs,0.11274509803921569,23,2,17,6
4388,29,baselines_work/cohorte/csharp/CODE_ESTRU_CS_013/CODE_ESTRU_CS_013.cs,43,baselines_work/cohorte/csharp/CODE_IDENT_CS_001/CODE_IDENT_CS_001.cs,0.1393939393939394,23,2,14,9
4389,29,baselines_work/cohorte/csharp/CODE_ESTRU_CS_013/CODE_ESTRU_CS_013.cs,46,baselines_work/cohorte/csharp/CODE_IDENT_CS_001_COPY/CODE_IDENT_CS_001.cs,0.1393939393939394,23,2,14,9
4527,30,baselines_work/cohorte/csharp/CODE_FUN_CS_001/CODE_FUN_CS_001.cs,48,baselines_work/cohorte/csharp/CODE_IDENT_CS_003/CODE_IDENT_CS_003.cs,0.16083916083916083,23,3,13,10
4528,30,baselines_work/cohorte/csharp/CODE_FUN_CS_001/CODE_FUN_CS_001.cs,55,baselines_work/cohorte/csharp/CODE_IDENT_CS_003_COPY/CODE_IDENT_CS_003.cs,0.16083916083916083,23,3,13,10
4653,32,baselines_work/cohorte/csharp/CODE_FUN_CS_004/CODE_FUN_CS_004.cs,48,baselines_work/cohorte/csharp/CODE_IDENT_CS_003/CODE_IDENT_CS_003.cs,0.09236947791164658,23,2,11,12
4654,32,baselines_work/cohorte/csharp/CODE_FUN_CS_004/CODE_FUN_CS_004.cs,55,baselines_work/cohorte/csharp/CODE_IDENT_CS_003_COPY/CODE_IDENT_CS_003.cs,0.09236947791164658,23,2,11,12
4695,36,baselines_work/cohorte/csharp/CODE_FUN_CS_005/CODE_FUN_CS_005.cs,50,baselines_work/cohorte/csharp/CODE_IDENT_CS_004/CODE_IDENT_CS_004.cs,0.0931174089068826,23,2,12,11
4696,36,baselines_work/cohorte/csharp/CODE_FUN_CS_005/CODE_FUN_CS_005.cs,49,baselines_work/cohorte/csharp/CODE_IDENT_CS_004_COPY/CODE_IDENT_CS_004.cs,0.0931174089068826,23,2,12,11
5087,43,baselines_work/cohorte/csharp/CODE_IDENT_CS_001/CODE_IDENT_CS_001.cs,66,baselines_work/cohorte/csharp/CODE_IDENT_CS_013/CODE_IDENT_CS_013.cs,0.13372093023255813,23,2,9,14
5088,43,baselines_work/cohorte/csharp/CODE_IDENT_CS_001/CODE_IDENT_CS_001.cs,71,baselines_work/cohorte/csharp/CODE_IDENT_CS_013_COPY/CODE_IDENT_CS_013.cs,0.13372093023255813,23,2,9,14
5115,46,baselines_work/cohorte/csharp/CODE_IDENT_CS_001_COPY/CODE_IDENT_CS_001.cs,66,baselines_work/cohorte/csharp/CODE_IDENT_CS_013/CODE_IDENT_CS_013.cs,0.13372093023255813,23,2,9,14
5116,46,baselines_work/cohorte/csharp/CODE_IDENT_CS_001_COPY/CODE_IDENT_CS_001.cs,71,baselines_work/cohorte/csharp/CODE_IDENT_CS_013_COPY/CODE_IDENT_CS_013.cs,0.13372093023255813,23,2,9,14
3439,8,baselines_work/cohorte/csharp/CODE_DIF_CS_011/CODE_DIF_CS_011.cs,33,baselines_work/cohorte/csharp/CODE_FUN_CS_002/CODE_FUN_CS_002.cs,0.058823529411764705,22,1,17,5
3741,14,baselines_work/cohorte/csharp/CODE_ESTRU_CS_001/CODE_ESTRU_CS_001.cs,27,baselines_work/cohorte/csharp/CODE_ESTRU_CS_014/CODE_ESTRU_CS_014.cs,0.12087912087912088,22,3,10,12
3784,14,baselines_work/cohorte/csharp/CODE_ESTRU_CS_001/CODE_ESTRU_CS_001.cs,68,baselines_work/cohorte/csharp/CODE_IDENT_CS_014/CODE_IDENT_CS_014.cs,0.12087912087912088,22,3,10,12
3785,14,baselines_work/cohorte/csharp/CODE_ESTRU_CS_001/CODE_ESTRU_CS_001.cs,72,baselines_work/cohorte/csharp/CODE_IDENT_CS_014_COPY/CODE_IDENT_CS_014.cs,0.12087912087912088,22,3,10,12
3972,18,baselines_work/cohorte/csharp/CODE_ESTRU_CS_005/CODE_ESTRU_CS_005.cs,32,baselines_work/cohorte/csharp/CODE_FUN_CS_004/CODE_FUN_CS_004.cs,0.0859375,22,2,12,10
3990,18,baselines_work/cohorte/csharp/CODE_ESTRU_CS_005/CODE_ESTRU_CS_005.cs,50,baselines_work/cohorte/csharp/CODE_IDENT_CS_004/CODE_IDENT_CS_004.cs,0.09523809523809523,22,3,13,9
3991,18,baselines_work/cohorte/csharp/CODE_ESTRU_CS_005/CODE_ESTRU_CS_005.cs,49,baselines_work/cohorte/csharp/CODE_IDENT_CS_004_COPY/CODE_IDENT_CS_004.cs,0.09523809523809523,22,3,13,9
4084,20,baselines_work/cohorte/csharp/CODE_ESTRU_CS_007/CODE_ESTRU_CS_007.cs,37,baselines_work/cohorte/csharp/CODE_FUN_CS_009/CODE_FUN_CS_009.cs,0.14102564102564102,22,2,14,8
4091,20,baselines_work/cohorte/csharp/CODE_ESTRU_CS_007/CODE_ESTRU_CS_007.cs,43,baselines_work/cohorte/csharp/CODE_IDENT_CS_001/CODE_IDENT_CS_001.cs,0.15942028985507245,22,2,12,10
4092,20,baselines_work/cohorte/csharp/CODE_ESTRU_CS_007/CODE_ESTRU_CS_007.cs,46,baselines_work/cohorte/csharp/CODE_IDENT_CS_001_COPY/CODE_IDENT_CS_001.cs,0.15942028985507245,22,2,12,10
4181,24,baselines_work/cohorte/csharp/CODE_ESTRU_CS_009/CODE_ESTRU_CS_009.cs,31,baselines_work/cohorte/csharp/CODE_FUN_CS_003/CODE_FUN_CS_003.cs,0.1476510067114094,22,4,11,11
4519,30,baselines_work/cohorte/csharp/CODE_FUN_CS_001/CODE_FUN_CS_001.cs,39,baselines_work/cohorte/csharp/CODE_FUN_CS_012/CODE_FUN_CS_012.cs,0.10526315789473684,22,2,11,11
4624,31,baselines_work/cohorte/csharp/CODE_FUN_CS_003/CODE_FUN_CS_003.cs,60,baselines_work/cohorte/csharp/CODE_IDENT_CS_009/CODE_IDENT_CS_009.cs,0.1476510067114094,22,4,11,11
4625,31,baselines_work/cohorte/csharp/CODE_FUN_CS_003/CODE_FUN_CS_003.cs,59,baselines_work/cohorte/csharp/CODE_IDENT_CS_009_COPY/CODE_IDENT_CS_009.cs,0.1476510067114094,22,4,11,11
4682,36,baselines_work/cohorte/csharp/CODE_FUN_CS_005/CODE_FUN_CS_005.cs,37,baselines_work/cohorte/csharp/CODE_FUN_CS_009/CODE_FUN_CS_009.cs,0.12643678160919541,22,2,11,11
4685,36,baselines_work/cohorte/csharp/CODE_FUN_CS_005/CODE_FUN_CS_005.cs,39,baselines_work/cohorte/csharp/CODE_FUN_CS_012/CODE_FUN_CS_012.cs,0.11282051282051282,22,2,12,10
4759,34,baselines_work/cohorte/csharp/CODE_FUN_CS_007/CODE_FUN_CS_007.cs,37,baselines_work/cohorte/csharp/CODE_FUN_CS_009/CODE_FUN_CS_009.cs,0.11282051282051282,22,2,11,11
4851,37,baselines_work/cohorte/csharp/CODE_FUN_CS_009/CODE_FUN_CS_009.cs,54,baselines_work/cohorte/csharp/CODE_IDENT_CS_007/CODE_IDENT_CS_007.cs,0.14102564102564102,22,2,8,14
4852,37,baselines_work/cohorte/csharp/CODE_FUN_CS_009/CODE_FUN_CS_009.cs,58,baselines_work/cohorte/csharp/CODE_IDENT_CS_007_COPY/CODE_IDENT_CS_007.cs,0.14102564102564102,22,2,8,14
4908,42,baselines_work/cohorte/csharp/CODE_FUN_CS_011/CODE_FUN_CS_011.cs,43,baselines_work/cohorte/csharp/CODE_IDENT_CS_001/CODE_IDENT_CS_001.cs,0.10377358490566038,22,1,13,9
4909,42,baselines_work/cohorte/csharp/CODE_FUN_CS_011/CODE_FUN_CS_011.cs,46,baselines_work/cohorte/csharp/CODE_IDENT_CS_001_COPY/CODE_IDENT_CS_001.cs,0.10377358490566038,22,1,13,9
5075,43,baselines_work/cohorte/csharp/CODE_IDENT_CS_001/CODE_IDENT_CS_001.cs,54,baselines_work/cohorte/csharp/CODE_IDENT_CS_007/CODE_IDENT_CS_007.cs,0.15942028985507245,22,2,10,12
5076,43,baselines_work/cohorte/csharp/CODE_IDENT_CS_001/CODE_IDENT_CS_001.cs,58,baselines_work/cohorte/csharp/CODE_IDENT_CS_007_COPY/CODE_IDENT_CS_007.cs,0.15942028985507245,22,2,10,12
5103,46,baselines_work/cohorte/csharp/CODE_IDENT_CS_001_COPY/CODE_IDENT_CS_001.cs,54,baselines_work/cohorte/csharp/CODE_IDENT_CS_007/CODE_IDENT_CS_007.cs,0.15942028985507245,22,2,10,12
5104,46,baselines_work/cohorte/csharp/CODE_IDENT_CS_001_COPY/CODE_IDENT_CS_001.cs,58,baselines_work/cohorte/csharp/CODE_IDENT_CS_007_COPY/CODE_IDENT_CS_007.cs,0.15942028985507245,22,2,10,12
3732,14,baselines_work/cohorte/csharp/CODE_ESTRU_CS_001/CODE_ESTRU_CS_001.cs,18,baselines_work/cohorte/csharp/CODE_ESTRU_CS_005/CODE_ESTRU_CS_005.cs,0.12727272727272726,21,2,11,10
3755,14,baselines_work/cohorte/csharp/CODE_ESTRU_CS_001/CODE_ESTRU_CS_001.cs,40,baselines_work/cohorte/csharp/CODE_FUN_CS_013/CODE_FUN_CS_013.cs,0.09090909090909091,21,1,10,11
3809,16,baselines_work/cohorte/csharp/CODE_ESTRU_CS_002/CODE_ESTRU_CS_002.cs,37,baselines_work/cohorte/csharp/CODE_FUN_CS_009/CODE_FUN_CS_009.cs,0.13548387096774195,21,2,13,8
3861,15,baselines_work/cohorte/csharp/CODE_ESTRU_CS_003/CODE_ESTRU_CS_003.cs,32,baselines_work/cohorte/csharp/CODE_FUN_CS_004/CODE_FUN_CS_004.cs,0.07865168539325842,21,2,11,10
3866,15,baselines_work/cohorte/csharp/CODE_ESTRU_CS_003/CODE_ESTRU_CS_003.cs,37,baselines_work/cohorte/csharp/CODE_FUN_CS_009/CODE_FUN_CS_009.cs,0.1242603550295858,21,2,13,8
4231,25,baselines_work/cohorte/csharp/CODE_ESTRU_CS_010/CODE_ESTRU_CS_010.cs,31,baselines_work/cohorte/csharp/CODE_FUN_CS_003/CODE_FUN_CS_003.cs,0.12883435582822086,21,4,12,9
4434,27,baselines_work/cohorte/csharp/CODE_ESTRU_CS_014/CODE_ESTRU_CS_014.cs,43,baselines_work/cohorte/csharp/CODE_IDENT_CS_001/CODE_IDENT_CS_001.cs,0.1337579617834395,21,3,12,9
4435,27,baselines_work/cohorte/csharp/CODE_ESTRU_CS_014/CODE_ESTRU_CS_014.cs,46,baselines_work/cohorte/csharp/CODE_IDENT_CS_001_COPY/CODE_IDENT_CS_001.cs,0.1337579617834395,21,3,12,9
4520,30,baselines_work/cohorte/csharp/CODE_FUN_CS_001/CODE_FUN_CS_001.cs,40,baselines_work/cohorte/csharp/CODE_FUN_CS_013/CODE_FUN_CS_013.cs,0.09722222222222222,21,2,10,11
4565,33,baselines_work/cohorte/csharp/CODE_FUN_CS_002/CODE_FUN_CS_002.cs,44,baselines_work/cohorte/csharp/CODE_FUN_CS_015/CODE_FUN_CS_015.cs,0.11666666666666667,21,1,7,14
4626,31,baselines_work/cohorte/csharp/CODE_FUN_CS_003/CODE_FUN_CS_003.cs,67,baselines_work/cohorte/csharp/CODE_IDENT_CS_010/CODE_IDENT_CS_010.cs,0.12883435582822086,21,4,9,12
4627,31,baselines_work/cohorte/csharp/CODE_FUN_CS_003/CODE_FUN_CS_003.cs,64,baselines_work/cohorte/csharp/CODE_IDENT_CS_010_COPY/CODE_IDENT_CS_010.cs,0.12883435582822086,21,4,9,12
4657,32,baselines_work/cohorte/csharp/CODE_FUN_CS_004/CODE_FUN_CS_004.cs,51,baselines_work/cohorte/csharp/CODE_IDENT_CS_005/CODE_IDENT_CS_005.cs,0.08536585365853659,21,2,10,11
4658,32,baselines_work/cohorte/csharp/CODE_FUN_CS_004/CODE_FUN_CS_004.cs,52,baselines_work/cohorte/csharp/CODE_IDENT_CS_005_COPY/CODE_IDENT_CS_005.cs,0.08536585365853659,21,2,10,11
4766,34,baselines_work/cohorte/csharp/CODE_FUN_CS_007/CODE_FUN_CS_007.cs,43,baselines_work/cohorte/csharp/CODE_IDENT_CS_001/CODE_IDENT_CS_001.cs,0.11864406779661017,21,2,10,11
4767,34,baselines_work/cohorte/csharp/CODE_FUN_CS_007/CODE_FUN_CS_007.cs,46,baselines_work/cohorte/csharp/CODE_IDENT_CS_001_COPY/CODE_IDENT_CS_001.cs,0.11864406779661017,21,2,10,11
4961,39,baselines_work/cohorte/csharp/CODE_FUN_CS_012/CODE_FUN_CS_012.cs,63,baselines_work/cohorte/csharp/CODE_IDENT_CS_011/CODE_IDENT_CS_011.cs,0.0945945945945946,21,1,5,16
4962,39,baselines_work/cohorte/csharp/CODE_FUN_CS_012/CODE_FUN_CS_012.cs,65,baselines_work/cohorte/csharp/CODE_IDENT_CS_011_COPY/CODE_IDENT_CS_011.cs,0.0945945945945946,21,1,5,16
5089,43,baselines_work/cohorte/csharp/CODE_IDENT_CS_001/CODE_IDENT_CS_001.cs,68,baselines_work/cohorte/csharp/CODE_IDENT_CS_014/CODE_IDENT_CS_014.cs,0.1337579617834395,21,3,9,12
5090,43,baselines_work/cohorte/csharp/CODE_IDENT_CS_001/CODE_IDENT_CS_001.cs,72,baselines_work/cohorte/csharp/CODE_IDENT_CS_014_COPY/CODE_IDENT_CS_014.cs,0.1337579617834395,21,3,9,12
5117,46,baselines_work/cohorte/csharp/CODE_IDENT_CS_001_COPY/CODE_IDENT_CS_001.cs,68,baselines_work/cohorte/csharp/CODE_IDENT_CS_014/CODE_IDENT_CS_014.cs,0.1337579617834395,21,3,9,12
5118,46,baselines_work/cohorte/csharp/CODE_IDENT_CS_001_COPY/CODE_IDENT_CS_001.cs,72,baselines_work/cohorte/csharp/CODE_IDENT_CS_014_COPY/CODE_IDENT_CS_014.cs,0.1337579617834395,21,3,9,12
5124,45,baselines_work/cohorte/csharp/CODE_IDENT_CS_002/CODE_IDENT_CS_002.cs,50,baselines_work/cohorte/csharp/CODE_IDENT_CS_004/CODE_IDENT_CS_004.cs,0.09722222222222222,21,2,12,9
5125,45,baselines_work/cohorte/csharp/CODE_IDENT_CS_002/CODE_IDENT_CS_002.cs,49,baselines_work/cohorte/csharp/CODE_IDENT_CS_004_COPY/CODE_IDENT_CS_004.cs,0.09722222222222222,21,2,12,9
5150,53,baselines_work/cohorte/csharp/CODE_IDENT_CS_002_COPY/CODE_IDENT_CS_002.cs,50,baselines_work/cohorte/csharp/CODE_IDENT_CS_004/CODE_IDENT_CS_004.cs,0.09722222222222222,21,2,12,9
5151,53,baselines_work/cohorte/csharp/CODE_IDENT_CS_002_COPY/CODE_IDENT_CS_002.cs,49,baselines_work/cohorte/csharp/CODE_IDENT_CS_004_COPY/CODE_IDENT_CS_004.cs,0.09722222222222222,21,2,12,9
2754,1,baselines_work/cohorte/csharp/CODE_DIF_CS_001/CODE_DIF_CS_001.cs,33,baselines_work/cohorte/csharp/CODE_FUN_CS_002/CODE_FUN_CS_002.cs,0.11494252873563218,20,1,15,5
3745,14,baselines_work/cohorte/csharp/CODE_ESTRU_CS_001/CODE_ESTRU_CS_001.cs,31,baselines_work/cohorte/csharp/CODE_FUN_CS_003/CODE_FUN_CS_003.cs,0.11976047904191617,20,3,10,10
3757,14,baselines_work/cohorte/csharp/CODE_ESTRU_CS_001/CODE_ESTRU_CS_001.cs,44,baselines_work/cohorte/csharp/CODE_FUN_CS_015/CODE_FUN_CS_015.cs,0.08695652173913043,20,1,9,11
3766,14,baselines_work/cohorte/csharp/CODE_ESTRU_CS_001/CODE_ESTRU_CS_001.cs,51,baselines_work/cohorte/csharp/CODE_IDENT_CS_005/CODE_IDENT_CS_005.cs,0.12903225806451613,20,2,11,9
3767,14,baselines_work/cohorte/csharp/CODE_ESTRU_CS_001/CODE_ESTRU_CS_001.cs,52,baselines_work/cohorte/csharp/CODE_IDENT_CS_005_COPY/CODE_IDENT_CS_005.cs,0.12903225806451613,20,2,11,9
4651,32,baselines_work/cohorte/csharp/CODE_FUN_CS_004/CODE_FUN_CS_004.cs,45,baselines_work/cohorte/csharp/CODE_IDENT_CS_002/CODE_IDENT_CS_002.cs,0.08298755186721991,20,2,10,10
4652,32,baselines_work/cohorte/csharp/CODE_FUN_CS_004/CODE_FUN_CS_004.cs,53,baselines_work/cohorte/csharp/CODE_IDENT_CS_002_COPY/CODE_IDENT_CS_002.cs,0.08298755186721991,20,2,10,10
4841,37,baselines_work/cohorte/csharp/CODE_FUN_CS_009/CODE_FUN_CS_009.cs,45,baselines_work/cohorte/csharp/CODE_IDENT_CS_002/CODE_IDENT_CS_002.cs,0.13986013986013987,20,2,8,12
4842,37,baselines_work/cohorte/csharp/CODE_FUN_CS_009/CODE_FUN_CS_009.cs,53,baselines_work/cohorte/csharp/CODE_IDENT_CS_002_COPY/CODE_IDENT_CS_002.cs,0.13986013986013987,20,2,8,12
4973,40,baselines_work/cohorte/csharp/CODE_FUN_CS_013/CODE_FUN_CS_013.cs,43,baselines_work/cohorte/csharp/CODE_IDENT_CS_001/CODE_IDENT_CS_001.cs,0.0970873786407767,20,1,11,9
4974,40,baselines_work/cohorte/csharp/CODE_FUN_CS_013/CODE_FUN_CS_013.cs,46,baselines_work/cohorte/csharp/CODE_IDENT_CS_001_COPY/CODE_IDENT_CS_001.cs,0.0970873786407767,20,1,11,9
5224,50,baselines_work/cohorte/csharp/CODE_IDENT_CS_004/CODE_IDENT_CS_004.cs,51,baselines_work/cohorte/csharp/CODE_IDENT_CS_005/CODE_IDENT_CS_005.cs,0.09049773755656108,20,3,9,11
5225,50,baselines_work/cohorte/csharp/CODE_IDENT_CS_004/CODE_IDENT_CS_004.cs,52,baselines_work/cohorte/csharp/CODE_IDENT_CS_005_COPY/CODE_IDENT_CS_005.cs,0.09049773755656108,20,3,9,11
5246,49,baselines_work/cohorte/csharp/CODE_IDENT_CS_004_COPY/CODE_IDENT_CS_004.cs,51,baselines_work/cohorte/csharp/CODE_IDENT_CS_005/CODE_IDENT_CS_005.cs,0.09049773755656108,20,3,9,11
5247,49,baselines_work/cohorte/csharp/CODE_IDENT_CS_004_COPY/CODE_IDENT_CS_004.cs,52,baselines_work/cohorte/csharp/CODE_IDENT_CS_005_COPY/CODE_IDENT_CS_005.cs,0.09049773755656108,20,3,9,11
3747,14,baselines_work/cohorte/csharp/CODE_ESTRU_CS_001/CODE_ESTRU_CS_001.cs,36,baselines_work/cohorte/csharp/CODE_FUN_CS_005/CODE_FUN_CS_005.cs,0.10497237569060773,19,2,11,8
3752,14,baselines_work/cohorte/csharp/CODE_ESTRU_CS_001/CODE_ESTRU_CS_001.cs,41,baselines_work/cohorte/csharp/CODE_FUN_CS_010/CODE_FUN_CS_010.cs,0.09090909090909091,19,2,10,9
3977,18,baselines_work/cohorte/csharp/CODE_ESTRU_CS_005/CODE_ESTRU_CS_005.cs,37,baselines_work/cohorte/csharp/CODE_FUN_CS_009/CODE_FUN_CS_009.cs,0.12025316455696203,19,2,12,7
4139,21,baselines_work/cohorte/csharp/CODE_ESTRU_CS_008/CODE_ESTRU_CS_008.cs,39,baselines_work/cohorte/csharp/CODE_FUN_CS_012/CODE_FUN_CS_012.cs,0.08085106382978724,19,1,13,6
4525,30,baselines_work/cohorte/csharp/CODE_FUN_CS_001/CODE_FUN_CS_001.cs,45,baselines_work/cohorte/csharp/CODE_IDENT_CS_002/CODE_IDENT_CS_002.cs,0.14074074074074075,19,2,11,8
4526,30,baselines_work/cohorte/csharp/CODE_FUN_CS_001/CODE_FUN_CS_001.cs,53,baselines_work/cohorte/csharp/CODE_IDENT_CS_002_COPY/CODE_IDENT_CS_002.cs,0.14074074074074075,19,2,11,8
4566,33,baselines_work/cohorte/csharp/CODE_FUN_CS_002/CODE_FUN_CS_002.cs,43,baselines_work/cohorte/csharp/CODE_IDENT_CS_001/CODE_IDENT_CS_001.cs,0.14074074074074075,19,2,7,12
4567,33,baselines_work/cohorte/csharp/CODE_FUN_CS_002/CODE_FUN_CS_002.cs,46,baselines_work/cohorte/csharp/CODE_IDENT_CS_001_COPY/CODE_IDENT_CS_001.cs,0.14074074074074075,19,2,7,12
4600,31,baselines_work/cohorte/csharp/CODE_FUN_CS_003/CODE_FUN_CS_003.cs,35,baselines_work/cohorte/csharp/CODE_FUN_CS_008/CODE_FUN_CS_008.cs,0.084070796460177,19,5,8,11
4673,32,baselines_work/cohorte/csharp/CODE_FUN_CS_004/CODE_FUN_CS_004.cs,66,baselines_work/cohorte/csharp/CODE_IDENT_CS_013/CODE_IDENT_CS_013.cs,0.06597222222222222,19,2,6,13
4674,32,baselines_work/cohorte/csharp/CODE_FUN_CS_004/CODE_FUN_CS_004.cs,71,baselines_work/cohorte/csharp/CODE_IDENT_CS_013_COPY/CODE_IDENT_CS_013.cs,0.06597222222222222,19,2,6,13
4843,37,baselines_work/cohorte/csharp/CODE_FUN_CS_009/CODE_FUN_CS_009.cs,48,baselines_work/cohorte/csharp/CODE_IDENT_CS_003/CODE_IDENT_CS_003.cs,0.12582781456953643,19,2,8,11
4844,37,baselines_work/cohorte/csharp/CODE_FUN_CS_009/CODE_FUN_CS_009.cs,55,baselines_work/cohorte/csharp/CODE_IDENT_CS_003_COPY/CODE_IDENT_CS_003.cs,0.12582781456953643,19,2,8,11
4955,39,baselines_work/cohorte/csharp/CODE_FUN_CS_012/CODE_FUN_CS_012.cs,61,baselines_work/cohorte/csharp/CODE_IDENT_CS_008/CODE_IDENT_CS_008.cs,0.07983193277310924,19,1,6,13
4956,39,baselines_work/cohorte/csharp/CODE_FUN_CS_012/CODE_FUN_CS_012.cs,62,baselines_work/cohorte/csharp/CODE_IDENT_CS_008_COPY/CODE_IDENT_CS_008.cs,0.07983193277310924,19,1,6,13
5034,44,baselines_work/cohorte/csharp/CODE_FUN_CS_015/CODE_FUN_CS_015.cs,43,baselines_work/cohorte/csharp/CODE_IDENT_CS_001/CODE_IDENT_CS_001.cs,0.09268292682926829,19,1,11,8
5035,44,baselines_work/cohorte/csharp/CODE_FUN_CS_015/CODE_FUN_CS_015.cs,46,baselines_work/cohorte/csharp/CODE_IDENT_CS_001_COPY/CODE_IDENT_CS_001.cs,0.09268292682926829,19,1,11,8
5175,48,baselines_work/cohorte/csharp/CODE_IDENT_CS_003/CODE_IDENT_CS_003.cs,50,baselines_work/cohorte/csharp/CODE_IDENT_CS_004/CODE_IDENT_CS_004.cs,0.08482142857142858,19,2,10,9
5176,48,baselines_work/cohorte/csharp/CODE_IDENT_CS_003/CODE_IDENT_CS_003.cs,49,baselines_work/cohorte/csharp/CODE_IDENT_CS_004_COPY/CODE_IDENT_CS_004.cs,0.08482142857142858,19,2,10,9
5199,55,baselines_work/cohorte/csharp/CODE_IDENT_CS_003_COPY/CODE_IDENT_CS_003.cs,50,baselines_work/cohorte/csharp/CODE_IDENT_CS_004/CODE_IDENT_CS_004.cs,0.08482142857142858,19,2,10,9
5200,55,baselines_work/cohorte/csharp/CODE_IDENT_CS_003_COPY/CODE_IDENT_CS_003.cs,49,baselines_work/cohorte/csharp/CODE_IDENT_CS_004_COPY/CODE_IDENT_CS_004.cs,0.08482142857142858,19,2,10,9
3311,7,baselines_work/cohorte/csharp/CODE_DIF_CS_009/CODE_DIF_CS_009.cs,31,baselines_work/cohorte/csharp/CODE_FUN_CS_003/CODE_FUN_CS_003.cs,0.06923076923076923,18,2,12,6
3984,18,baselines_work/cohorte/csharp/CODE_ESTRU_CS_005/CODE_ESTRU_CS_005.cs,43,baselines_work/cohorte/csharp/CODE_IDENT_CS_001/CODE_IDENT_CS_001.cs,0.12857142857142856,18,2,9,9
3985,18,baselines_work/cohorte/csharp/CODE_ESTRU_CS_005/CODE_ESTRU_CS_005.cs,46,baselines_work/cohorte/csharp/CODE_IDENT_CS_001_COPY/CODE_IDENT_CS_001.cs,0.12857142857142856,18,2,9,9
4087,20,baselines_work/cohorte/csharp/CODE_ESTRU_CS_007/CODE_ESTRU_CS_007.cs,39,baselines_work/cohorte/csharp/CODE_FUN_CS_012/CODE_FUN_CS_012.cs,0.1016949152542373,18,1,11,7
4659,32,baselines_work/cohorte/csharp/CODE_FUN_CS_004/CODE_FUN_CS_004.cs,57,baselines_work/cohorte/csharp/CODE_IDENT_CS_006/CODE_IDENT_CS_006.cs,0.06741573033707865,18,2,8,10
4660,32,baselines_work/cohorte/csharp/CODE_FUN_CS_004/CODE_FUN_CS_004.cs,56,baselines_work/cohorte/csharp/CODE_IDENT_CS_006_COPY/CODE_IDENT_CS_006.cs,0.06741573033707865,18,2,8,10
4689,36,baselines_work/cohorte/csharp/CODE_FUN_CS_005/CODE_FUN_CS_005.cs,43,baselines_work/cohorte/csharp/CODE_IDENT_CS_001/CODE_IDENT_CS_001.cs,0.11538461538461539,18,2,8,10
4690,36,baselines_work/cohorte/csharp/CODE_FUN_CS_005/CODE_FUN_CS_005.cs,46,baselines_work/cohorte/csharp/CODE_IDENT_CS_001_COPY/CODE_IDENT_CS_001.cs,0.11538461538461539,18,2,8,10
4849,37,baselines_work/cohorte/csharp/CODE_FUN_CS_009/CODE_FUN_CS_009.cs,57,baselines_work/cohorte/csharp/CODE_IDENT_CS_006/CODE_IDENT_CS_006.cs,0.10650887573964497,18,1,6,12
4850,37,baselines_work/cohorte/csharp/CODE_FUN_CS_009/CODE_FUN_CS_009.cs,56,baselines_work/cohorte/csharp/CODE_IDENT_CS_006_COPY/CODE_IDENT_CS_006.cs,0.10650887573964497,18,1,6,12
4874,41,baselines_work/cohorte/csharp/CODE_FUN_CS_010/CODE_FUN_CS_010.cs,43,baselines_work/cohorte/csharp/CODE_IDENT_CS_001/CODE_IDENT_CS_001.cs,0.09782608695652174,18,2,9,9
4875,41,baselines_work/cohorte/csharp/CODE_FUN_CS_010/CODE_FUN_CS_010.cs,46,baselines_work/cohorte/csharp/CODE_IDENT_CS_001_COPY/CODE_IDENT_CS_001.cs,0.09782608695652174,18,2,9,9
4953,39,baselines_work/cohorte/csharp/CODE_FUN_CS_012/CODE_FUN_CS_012.cs,54,baselines_work/cohorte/csharp/CODE_IDENT_CS_007/CODE_IDENT_CS_007.cs,0.1016949152542373,18,1,7,11
4954,39,baselines_work/cohorte/csharp/CODE_FUN_CS_012/CODE_FUN_CS_012.cs,58,baselines_work/cohorte/csharp/CODE_IDENT_CS_007_COPY/CODE_IDENT_CS_007.cs,0.1016949152542373,18,1,7,11
4965,39,baselines_work/cohorte/csharp/CODE_FUN_CS_012/CODE_FUN_CS_012.cs,66,baselines_work/cohorte/csharp/CODE_IDENT_CS_013/CODE_IDENT_CS_013.cs,0.08530805687203792,18,1,4,14
4966,39,baselines_work/cohorte/csharp/CODE_FUN_CS_012/CODE_FUN_CS_012.cs,71,baselines_work/cohorte/csharp/CODE_IDENT_CS_013_COPY/CODE_IDENT_CS_013.cs,0.08530805687203792,18,1,4,14
3376,11,baselines_work/cohorte/csharp/CODE_DIF_CS_010/CODE_DIF_CS_010.cs,31,baselines_work/cohorte/csharp/CODE_FUN_CS_003/CODE_FUN_CS_003.cs,0.05105105105105105,17,1,12,5
3626,12,baselines_work/cohorte/csharp/CODE_DIF_CS_014/CODE_DIF_CS_014.cs,31,baselines_work/cohorte/csharp/CODE_FUN_CS_003/CODE_FUN_CS_003.cs,0.04927536231884058,17,1,13,4
3756,14,baselines_work/cohorte/csharp/CODE_ESTRU_CS_001/CODE_ESTRU_CS_001.cs,47,baselines_work/cohorte/csharp/CODE_FUN_CS_014/CODE_FUN_CS_014.cs,0.0794392523364486,17,2,9,8
4034,19,baselines_work/cohorte/csharp/CODE_ESTRU_CS_006/CODE_ESTRU_CS_006.cs,39,baselines_work/cohorte/csharp/CODE_FUN_CS_012/CODE_FUN_CS_012.cs,0.08762886597938144,17,1,11,6
4572,33,baselines_work/cohorte/csharp/CODE_FUN_CS_002/CODE_FUN_CS_002.cs,50,baselines_work/cohorte/csharp/CODE_IDENT_CS_004/CODE_IDENT_CS_004.cs,0.0752212389380531,17,2,7,10
4573,33,baselines_work/cohorte/csharp/CODE_FUN_CS_002/CODE_FUN_CS_002.cs,49,baselines_work/cohorte/csharp/CODE_IDENT_CS_004_COPY/CODE_IDENT_CS_004.cs,0.0752212389380531,17,2,7,10
4847,37,baselines_work/cohorte/csharp/CODE_FUN_CS_009/CODE_FUN_CS_009.cs,51,baselines_work/cohorte/csharp/CODE_IDENT_CS_005/CODE_IDENT_CS_005.cs,0.11486486486486487,17,2,7,10
4848,37,baselines_work/cohorte/csharp/CODE_FUN_CS_009/CODE_FUN_CS_009.cs,52,baselines_work/cohorte/csharp/CODE_IDENT_CS_005_COPY/CODE_IDENT_CS_005.cs,0.11486486486486487,17,2,7,10
5071,43,baselines_work/cohorte/csharp/CODE_IDENT_CS_001/CODE_IDENT_CS_001.cs,51,baselines_work/cohorte/csharp/CODE_IDENT_CS_005/CODE_IDENT_CS_005.cs,0.13076923076923078,17,2,9,8
5072,43,baselines_work/cohorte/csharp/CODE_IDENT_CS_001/CODE_IDENT_CS_001.cs,52,baselines_work/cohorte/csharp/CODE_IDENT_CS_005_COPY/CODE_IDENT_CS_005.cs,0.13076923076923078,17,2,9,8
5099,46,baselines_work/cohorte/csharp/CODE_IDENT_CS_001_COPY/CODE_IDENT_CS_001.cs,51,baselines_work/cohorte/csharp/CODE_IDENT_CS_005/CODE_IDENT_CS_005.cs,0.13076923076923078,17,2,9,8
5100,46,baselines_work/cohorte/csharp/CODE_IDENT_CS_001_COPY/CODE_IDENT_CS_001.cs,52,baselines_work/cohorte/csharp/CODE_IDENT_CS_005_COPY/CODE_IDENT_CS_005.cs,0.13076923076923078,17,2,9,8
3565,10,baselines_work/cohorte/csharp/CODE_DIF_CS_013/CODE_DIF_CS_013.cs,31,baselines_work/cohorte/csharp/CODE_FUN_CS_003/CODE_FUN_CS_003.cs,0.030245746691871456,16,2,11,5
3812,16,baselines_work/cohorte/csharp/CODE_ESTRU_CS_002/CODE_ESTRU_CS_002.cs,39,baselines_work/cohorte/csharp/CODE_FUN_CS_012/CODE_FUN_CS_012.cs,0.09090909090909091,16,1,10,6
3869,15,baselines_work/cohorte/csharp/CODE_ESTRU_CS_003/CODE_ESTRU_CS_003.cs,39,baselines_work/cohorte/csharp/CODE_FUN_CS_012/CODE_FUN_CS_012.cs,0.08421052631578947,16,1,10,6
5004,47,baselines_work/cohorte/csharp/CODE_FUN_CS_014/CODE_FUN_CS_014.cs,43,baselines_work/cohorte/csharp/CODE_IDENT_CS_001/CODE_IDENT_CS_001.cs,0.08465608465608465,16,1,8,8
5005,47,baselines_work/cohorte/csharp/CODE_FUN_CS_014/CODE_FUN_CS_014.cs,46,baselines_work/cohorte/csharp/CODE_IDENT_CS_001_COPY/CODE_IDENT_CS_001.cs,0.08465608465608465,16,1,8,8
2971,0,baselines_work/cohorte/csharp/CODE_DIF_CS_004/CODE_DIF_CS_004.cs,31,baselines_work/cohorte/csharp/CODE_FUN_CS_003/CODE_FUN_CS_003.cs,0.03067484662576687,15,1,9,6
3503,9,baselines_work/cohorte/csharp/CODE_DIF_CS_012/CODE_DIF_CS_012.cs,31,baselines_work/cohorte/csharp/CODE_FUN_CS_003/CODE_FUN_CS_003.cs,0.04065040650406504,15,1,10,5
3751,14,baselines_work/cohorte/csharp/CODE_ESTRU_CS_001/CODE_ESTRU_CS_001.cs,37,baselines_work/cohorte/csharp/CODE_FUN_CS_009/CODE_FUN_CS_009.cs,0.07389162561576355,15,1,10,5
4564,33,baselines_work/cohorte/csharp/CODE_FUN_CS_002/CODE_FUN_CS_002.cs,47,baselines_work/cohorte/csharp/CODE_FUN_CS_014/CODE_FUN_CS_014.cs,0.09146341463414634,15,1,6,9
4943,39,baselines_work/cohorte/csharp/CODE_FUN_CS_012/CODE_FUN_CS_012.cs,45,baselines_work/cohorte/csharp/CODE_IDENT_CS_002/CODE_IDENT_CS_002.cs,0.09146341463414634,15,1,6,9
4944,39,baselines_work/cohorte/csharp/CODE_FUN_CS_012/CODE_FUN_CS_012.cs,53,baselines_work/cohorte/csharp/CODE_IDENT_CS_002_COPY/CODE_IDENT_CS_002.cs,0.09146341463414634,15,1,6,9
3916,17,baselines_work/cohorte/csharp/CODE_ESTRU_CS_004/CODE_ESTRU_CS_004.cs,31,baselines_work/cohorte/csharp/CODE_FUN_CS_003/CODE_FUN_CS_003.cs,0.04142011834319527,14,2,8,6
3980,18,baselines_work/cohorte/csharp/CODE_ESTRU_CS_005/CODE_ESTRU_CS_005.cs,39,baselines_work/cohorte/csharp/CODE_FUN_CS_012/CODE_FUN_CS_012.cs,0.0782122905027933,14,1,8,6
4421,27,baselines_work/cohorte/csharp/CODE_ESTRU_CS_014/CODE_ESTRU_CS_014.cs,31,baselines_work/cohorte/csharp/CODE_FUN_CS_003/CODE_FUN_CS_003.cs,0.10071942446043165,14,1,8,6
4554,33,baselines_work/cohorte/csharp/CODE_FUN_CS_002/CODE_FUN_CS_002.cs,32,baselines_work/cohorte/csharp/CODE_FUN_CS_004/CODE_FUN_CS_004.cs,0.055776892430278883,14,2,5,9
4634,31,baselines_work/cohorte/csharp/CODE_FUN_CS_003/CODE_FUN_CS_003.cs,68,baselines_work/cohorte/csharp/CODE_IDENT_CS_014/CODE_IDENT_CS_014.cs,0.10071942446043165,14,1,6,8
4635,31,baselines_work/cohorte/csharp/CODE_FUN_CS_003/CODE_FUN_CS_003.cs,72,baselines_work/cohorte/csharp/CODE_IDENT_CS_014_COPY/CODE_IDENT_CS_014.cs,0.10071942446043165,14,1,6,8
4839,37,baselines_work/cohorte/csharp/CODE_FUN_CS_009/CODE_FUN_CS_009.cs,43,baselines_work/cohorte/csharp/CODE_IDENT_CS_001/CODE_IDENT_CS_001.cs,0.07865168539325842,14,1,5,9
4840,37,baselines_work/cohorte/csharp/CODE_FUN_CS_009/CODE_FUN_CS_009.cs,46,baselines_work/cohorte/csharp/CODE_IDENT_CS_001_COPY/CODE_IDENT_CS_001.cs,0.07865168539325842,14,1,5,9
4945,39,baselines_work/cohorte/csharp/CODE_FUN_CS_012/CODE_FUN_CS_012.cs,48,baselines_work/cohorte/csharp/CODE_IDENT_CS_003/CODE_IDENT_CS_003.cs,0.08139534883720931,14,1,6,8
4946,39,baselines_work/cohorte/csharp/CODE_FUN_CS_012/CODE_FUN_CS_012.cs,55,baselines_work/cohorte/csharp/CODE_IDENT_CS_003_COPY/CODE_IDENT_CS_003.cs,0.08139534883720931,14,1,6,8
4951,39,baselines_work/cohorte/csharp/CODE_FUN_CS_012/CODE_FUN_CS_012.cs,57,baselines_work/cohorte/csharp/CODE_IDENT_CS_006/CODE_IDENT_CS_006.cs,0.07368421052631578,14,1,5,9
4952,39,baselines_work/cohorte/csharp/CODE_FUN_CS_012/CODE_FUN_CS_012.cs,56,baselines_work/cohorte/csharp/CODE_IDENT_CS_006_COPY/CODE_IDENT_CS_006.cs,0.07368421052631578,14,1,5,9
4509,30,baselines_work/cohorte/csharp/CODE_FUN_CS_001/CODE_FUN_CS_001.cs,33,baselines_work/cohorte/csharp/CODE_FUN_CS_002/CODE_FUN_CS_002.cs,0.0896551724137931,13,1,9,4
4607,31,baselines_work/cohorte/csharp/CODE_FUN_CS_003/CODE_FUN_CS_003.cs,44,baselines_work/cohorte/csharp/CODE_FUN_CS_015/CODE_FUN_CS_015.cs,0.06951871657754011,13,1,6,7
4608,31,baselines_work/cohorte/csharp/CODE_FUN_CS_003/CODE_FUN_CS_003.cs,43,baselines_work/cohorte/csharp/CODE_IDENT_CS_001/CODE_IDENT_CS_001.cs,0.09154929577464789,13,2,6,7
4609,31,baselines_work/cohorte/csharp/CODE_FUN_CS_003/CODE_FUN_CS_003.cs,46,baselines_work/cohorte/csharp/CODE_IDENT_CS_001_COPY/CODE_IDENT_CS_001.cs,0.09154929577464789,13,2,6,7
4614,31,baselines_work/cohorte/csharp/CODE_FUN_CS_003/CODE_FUN_CS_003.cs,50,baselines_work/cohorte/csharp/CODE_IDENT_CS_004/CODE_IDENT_CS_004.cs,0.055793991416309016,13,2,6,7
4615,31,baselines_work/cohorte/csharp/CODE_FUN_CS_003/CODE_FUN_CS_003.cs,49,baselines_work/cohorte/csharp/CODE_IDENT_CS_004_COPY/CODE_IDENT_CS_004.cs,0.055793991416309016,13,2,6,7
4949,39,baselines_work/cohorte/csharp/CODE_FUN_CS_012/CODE_FUN_CS_012.cs,51,baselines_work/cohorte/csharp/CODE_IDENT_CS_005/CODE_IDENT_CS_005.cs,0.07692307692307693,13,1,6,7
4950,39,baselines_work/cohorte/csharp/CODE_FUN_CS_012/CODE_FUN_CS_012.cs,52,baselines_work/cohorte/csharp/CODE_IDENT_CS_005_COPY/CODE_IDENT_CS_005.cs,0.07692307692307693,13,1,6,7
4466,26,baselines_work/cohorte/csharp/CODE_ESTRU_CS_015/CODE_ESTRU_CS_015.cs,31,baselines_work/cohorte/csharp/CODE_FUN_CS_003/CODE_FUN_CS_003.cs,0.07453416149068323,12,1,7,5
4636,31,baselines_work/cohorte/csharp/CODE_FUN_CS_003/CODE_FUN_CS_003.cs,74,baselines_work/cohorte/csharp/CODE_IDENT_CS_015/CODE_IDENT_CS_015.cs,0.07272727272727272,12,1,5,7
4637,31,baselines_work/cohorte/csharp/CODE_FUN_CS_003/CODE_FUN_CS_003.cs,73,baselines_work/cohorte/csharp/CODE_IDENT_CS_015_COPY/CODE_IDENT_CS_015.cs,0.07272727272727272,12,1,5,7
3440,8,baselines_work/cohorte/csharp/CODE_DIF_CS_011/CODE_DIF_CS_011.cs,31,baselines_work/cohorte/csharp/CODE_FUN_CS_003/CODE_FUN_CS_003.cs,0.028871391076115485,11,1,7,4
3754,14,baselines_work/cohorte/csharp/CODE_ESTRU_CS_001/CODE_ESTRU_CS_001.cs,39,baselines_work/cohorte/csharp/CODE_FUN_CS_012/CODE_FUN_CS_012.cs,0.049107142857142856,11,1,5,6
4606,31,baselines_work/cohorte/csharp/CODE_FUN_CS_003/CODE_FUN_CS_003.cs,47,baselines_work/cohorte/csharp/CODE_FUN_CS_014/CODE_FUN_CS_014.cs,0.06432748538011696,11,1,5,6
2755,1,baselines_work/cohorte/csharp/CODE_DIF_CS_001/CODE_DIF_CS_001.cs,31,baselines_work/cohorte/csharp/CODE_FUN_CS_003/CODE_FUN_CS_003.cs,0.055248618784530384,10,1,6,4
4596,31,baselines_work/cohorte/csharp/CODE_FUN_CS_003/CODE_FUN_CS_003.cs,32,baselines_work/cohorte/csharp/CODE_FUN_CS_004/CODE_FUN_CS_004.cs,0.03875968992248062,10,2,4,6
4941,39,baselines_work/cohorte/csharp/CODE_FUN_CS_012/CODE_FUN_CS_012.cs,43,baselines_work/cohorte/csharp/CODE_IDENT_CS_001/CODE_IDENT_CS_001.cs,0.04522613065326633,9,1,5,4
4942,39,baselines_work/cohorte/csharp/CODE_FUN_CS_012/CODE_FUN_CS_012.cs,46,baselines_work/cohorte/csharp/CODE_IDENT_CS_001_COPY/CODE_IDENT_CS_001.cs,0.04522613065326633,9,1,5,4
4510,30,baselines_work/cohorte/csharp/CODE_FUN_CS_001/CODE_FUN_CS_001.cs,31,baselines_work/cohorte/csharp/CODE_FUN_CS_003/CODE_FUN_CS_003.cs,0.046052631578947366,7,1,4,3
