submissionName1,submissionName2,averageSimilarity,maxSimilarity
CODE_IDENT_JAVA_009,CODE_IDENT_JAVA_009_COPY,1.0,1.0
CODE_ESTRU_JAVA_009,CODE_IDENT_JAVA_009_COPY,1.0,1.0
CODE_IDENT_JAVA_012,CODE_IDENT_JAVA_012_COPY,1.0,1.0
CODE_IDENT_JAVA_004,CODE_IDENT_JAVA_004_COPY,1.0,1.0
CODE_ESTRU_JAVA_004,CODE_IDENT_JAVA_004_COPY,1.0,1.0
CODE_ESTRU_JAVA_011,CODE_IDENT_JAVA_011_COPY,1.0,1.0
CODE_ESTRU_JAVA_011,CODE_IDENT_JAVA_011,1.0,1.0
CODE_ESTRU_JAVA_010,CODE_IDENT_JAVA_010,1.0,1.0
CODE_ESTRU_JAVA_010,CODE_IDENT_JAVA_010_COPY,1.0,1.0
CODE_IDENT_JAVA_008,CODE_IDENT_JAVA_008_COPY,1.0,1.0
CODE_ESTRU_JAVA_008,CODE_IDENT_JAVA_008_COPY,1.0,1.0
CODE_IDENT_JAVA_002,CODE_IDENT_JAVA_002_COPY,1.0,1.0
CODE_ESTRU_JAVA_002,CODE_IDENT_JAVA_002,1.0,1.0
CODE_IDENT_JAVA_001,CODE_IDENT_JAVA_001_COPY,1.0,1.0
CODE_ESTRU_JAVA_001,CODE_IDENT_JAVA_001,1.0,1.0
CODE_IDENT_JAVA_014,CODE_IDENT_JAVA_014_COPY,1.0,1.0
CODE_ESTRU_JAVA_004,CODE_IDENT_JAVA_004,1.0,1.0
CODE_IDENT_JAVA_006,CODE_IDENT_JAVA_006_COPY,1.0,1.0
CODE_IDENT_JAVA_003,CODE_IDENT_JAVA_003_COPY,1.0,1.0
CODE_IDENT_JAVA_005,CODE_IDENT_JAVA_005_COPY,1.0,1.0
CODE_ESTRU_JAVA_008,CODE_IDENT_JAVA_008,1.0,1.0
CODE_IDENT_JAVA_011,CODE_IDENT_JAVA_011_COPY,1.0,1.0
CODE_IDENT_JAVA_007,CODE_IDENT_JAVA_007_COPY,1.0,1.0
CODE_ESTRU_JAVA_009,CODE_IDENT_JAVA_009,1.0,1.0
CODE_IDENT_JAVA_010,CODE_IDENT_JAVA_010_COPY,1.0,1.0
CODE_IDENT_JAVA_013,CODE_IDENT_JAVA_013_COPY,1.0,1.0
CODE_IDENT_JAVA_015,CODE_IDENT_JAVA_015_COPY,1.0,1.0
CODE_ESTRU_JAVA_001,CODE_IDENT_JAVA_001_COPY,1.0,1.0
CODE_ESTRU_JAVA_002,CODE_IDENT_JAVA_002_COPY,1.0,1.0
CODE_IDENT_JAVA_003,CODE_ESTRU_JAVA_003,0.9830508474576272,1.0
CODE_IDENT_JAVA_003_COPY,CODE_ESTRU_JAVA_003,0.9830508474576272,1.0
CODE_IDENT_JAVA_006_COPY,CODE_ESTRU_JAVA_006,0.9824561403508771,1.0
CODE_IDENT_JAVA_006,CODE_ESTRU_JAVA_006,0.9824561403508771,1.0
CODE_IDENT_JAVA_015_COPY,CODE_ESTRU_JAVA_015,0.8347826086956521,0.8727272727272727
CODE_IDENT_JAVA_015,CODE_ESTRU_JAVA_015,0.8347826086956521,0.8727272727272727
CODE_IDENT_JAVA_013,CODE_ESTRU_JAVA_013,0.7384615384615385,0.7741935483870968
CODE_IDENT_JAVA_013_COPY,CODE_ESTRU_JAVA_013,0.7384615384615385,0.7741935483870968
CODE_IDENT_JAVA_007,CODE_ESTRU_JAVA_007,0.6296296296296297,0.68
CODE_IDENT_JAVA_007_COPY,CODE_ESTRU_JAVA_007,0.6296296296296297,0.68
CODE_IDENT_JAVA_012_COPY,CODE_ESTRU_JAVA_011,0.6181818181818182,0.68
CODE_IDENT_JAVA_012_COPY,CODE_IDENT_JAVA_011_COPY,0.6181818181818182,0.68
CODE_IDENT_JAVA_012_COPY,CODE_IDENT_JAVA_011,0.6181818181818182,0.68
CODE_IDENT_JAVA_012,CODE_ESTRU_JAVA_011,0.6181818181818182,0.68
CODE_IDENT_JAVA_012,CODE_IDENT_JAVA_011_COPY,0.6181818181818182,0.68
CODE_IDENT_JAVA_012,CODE_IDENT_JAVA_011,0.6181818181818182,0.68
CODE_ESTRU_JAVA_010,CODE_FUN_JAVA_010,0.5806451612903226,0.6666666666666666
CODE_IDENT_JAVA_010,CODE_FUN_JAVA_010,0.5806451612903226,0.6666666666666666
CODE_IDENT_JAVA_010_COPY,CODE_FUN_JAVA_010,0.5806451612903226,0.6666666666666666
CODE_FUN_JAVA_013,CODE_FUN_JAVA_012,0.5544554455445545,0.5833333333333334
CODE_IDENT_JAVA_008_COPY,CODE_IDENT_JAVA_004_COPY,0.5538461538461539,0.5625
CODE_IDENT_JAVA_008,CODE_IDENT_JAVA_004_COPY,0.5538461538461539,0.5625
CODE_ESTRU_JAVA_008,CODE_IDENT_JAVA_004_COPY,0.5538461538461539,0.5625
CODE_IDENT_JAVA_008_COPY,CODE_IDENT_JAVA_004,0.5538461538461539,0.5625
CODE_IDENT_JAVA_008_COPY,CODE_ESTRU_JAVA_004,0.5538461538461539,0.5625
CODE_IDENT_JAVA_008,CODE_IDENT_JAVA_004,0.5538461538461539,0.5625
CODE_ESTRU_JAVA_008,CODE_IDENT_JAVA_004,0.5538461538461539,0.5625
CODE_IDENT_JAVA_008,CODE_ESTRU_JAVA_004,0.5538461538461539,0.5625
CODE_ESTRU_JAVA_008,CODE_ESTRU_JAVA_004,0.5538461538461539,0.5625
CODE_IDENT_JAVA_014_COPY,CODE_ESTRU_JAVA_014,0.5376344086021505,0.5681818181818182
CODE_IDENT_JAVA_014,CODE_ESTRU_JAVA_014,0.5376344086021505,0.5681818181818182
CODE_FUN_JAVA_011,CODE_FUN_JAVA_012,0.5283018867924528,0.5283018867924528
CODE_FUN_JAVA_003,CODE_FUN_JAVA_013,0.5,0.6785714285714286
CODE_FUN_JAVA_015,CODE_DIF_JAVA_011,0.484472049689441,0.5735294117647058
CODE_DIF_JAVA_001,CODE_FUN_JAVA_015,0.45112781954887216,0.46153846153846156
CODE_IDENT_JAVA_001,CODE_IDENT_JAVA_003,0.43636363636363634,0.46153846153846156
CODE_IDENT_JAVA_001,CODE_IDENT_JAVA_003_COPY,0.43636363636363634,0.46153846153846156
CODE_IDENT_JAVA_001_COPY,CODE_IDENT_JAVA_003,0.43636363636363634,0.46153846153846156
CODE_ESTRU_JAVA_001,CODE_IDENT_JAVA_003,0.43636363636363634,0.46153846153846156
CODE_IDENT_JAVA_001_COPY,CODE_IDENT_JAVA_003_COPY,0.43636363636363634,0.46153846153846156
CODE_ESTRU_JAVA_001,CODE_IDENT_JAVA_003_COPY,0.43636363636363634,0.46153846153846156
CODE_IDENT_JAVA_001,CODE_ESTRU_JAVA_003,0.42857142857142855,0.46153846153846156
CODE_IDENT_JAVA_001_COPY,CODE_ESTRU_JAVA_003,0.42857142857142855,0.46153846153846156
CODE_ESTRU_JAVA_001,CODE_ESTRU_JAVA_003,0.42857142857142855,0.46153846153846156
CODE_IDENT_JAVA_012_COPY,CODE_IDENT_JAVA_013,0.39285714285714285,0.44
CODE_IDENT_JAVA_012_COPY,CODE_IDENT_JAVA_013_COPY,0.39285714285714285,0.44
CODE_IDENT_JAVA_012,CODE_IDENT_JAVA_013,0.39285714285714285,0.44
CODE_IDENT_JAVA_012,CODE_IDENT_JAVA_013_COPY,0.39285714285714285,0.44
CODE_FUN_JAVA_013,CODE_DIF_JAVA_002,0.3917525773195876,0.3958333333333333
CODE_FUN_JAVA_002,CODE_FUN_JAVA_005,0.3877551020408163,0.41304347826086957
CODE_FUN_JAVA_008,CODE_FUN_JAVA_005,0.3829787234042553,0.42857142857142855
CODE_ESTRU_JAVA_012,CODE_ESTRU_JAVA_013,0.36923076923076925,0.3870967741935484
CODE_ESTRU_JAVA_011,CODE_IDENT_JAVA_013,0.36065573770491804,0.36666666666666664
CODE_ESTRU_JAVA_011,CODE_IDENT_JAVA_013_COPY,0.36065573770491804,0.36666666666666664
CODE_IDENT_JAVA_011_COPY,CODE_IDENT_JAVA_013,0.36065573770491804,0.36666666666666664
CODE_IDENT_JAVA_011_COPY,CODE_IDENT_JAVA_013_COPY,0.36065573770491804,0.36666666666666664
CODE_IDENT_JAVA_011,CODE_IDENT_JAVA_013,0.36065573770491804,0.36666666666666664
CODE_IDENT_JAVA_011,CODE_IDENT_JAVA_013_COPY,0.36065573770491804,0.36666666666666664
CODE_IDENT_JAVA_012_COPY,CODE_ESTRU_JAVA_012,0.35714285714285715,0.4
CODE_IDENT_JAVA_012,CODE_ESTRU_JAVA_012,0.35714285714285715,0.4
CODE_IDENT_JAVA_012_COPY,CODE_ESTRU_JAVA_013,0.3389830508474576,0.4
CODE_IDENT_JAVA_012,CODE_ESTRU_JAVA_013,0.3389830508474576,0.4
CODE_IDENT_JAVA_001,CODE_IDENT_JAVA_006_COPY,0.3333333333333333,0.34615384615384615
CODE_IDENT_JAVA_001,CODE_IDENT_JAVA_006,0.3333333333333333,0.34615384615384615
CODE_IDENT_JAVA_001_COPY,CODE_IDENT_JAVA_006_COPY,0.3333333333333333,0.34615384615384615
CODE_ESTRU_JAVA_001,CODE_IDENT_JAVA_006_COPY,0.3333333333333333,0.34615384615384615
CODE_IDENT_JAVA_001_COPY,CODE_IDENT_JAVA_006,0.3333333333333333,0.34615384615384615
CODE_ESTRU_JAVA_001,CODE_IDENT_JAVA_006,0.3333333333333333,0.34615384615384615
CODE_IDENT_JAVA_005,CODE_ESTRU_JAVA_005,0.3333333333333333,0.34615384615384615
CODE_IDENT_JAVA_005_COPY,CODE_ESTRU_JAVA_005,0.3333333333333333,0.34615384615384615
CODE_ESTRU_JAVA_011,CODE_ESTRU_JAVA_012,0.32786885245901637,0.3333333333333333
CODE_IDENT_JAVA_011_COPY,CODE_ESTRU_JAVA_012,0.32786885245901637,0.3333333333333333
CODE_IDENT_JAVA_011,CODE_ESTRU_JAVA_012,0.32786885245901637,0.3333333333333333
CODE_FUN_JAVA_003,CODE_FUN_JAVA_001,0.32786885245901637,0.35714285714285715
CODE_IDENT_JAVA_001,CODE_ESTRU_JAVA_006,0.32727272727272727,0.34615384615384615
CODE_IDENT_JAVA_001_COPY,CODE_ESTRU_JAVA_006,0.32727272727272727,0.34615384615384615
CODE_ESTRU_JAVA_001,CODE_ESTRU_JAVA_006,0.32727272727272727,0.34615384615384615
CODE_ESTRU_JAVA_012,CODE_IDENT_JAVA_013,0.3225806451612903,0.3225806451612903
CODE_ESTRU_JAVA_012,CODE_IDENT_JAVA_013_COPY,0.3225806451612903,0.3225806451612903
CODE_ESTRU_JAVA_012,CODE_IDENT_JAVA_014_COPY,0.32,0.3870967741935484
CODE_ESTRU_JAVA_012,CODE_IDENT_JAVA_014,0.32,0.3870967741935484
CODE_FUN_JAVA_013,CODE_FUN_JAVA_011,0.31683168316831684,0.3333333333333333
CODE_IDENT_JAVA_006_COPY,CODE_IDENT_JAVA_003,0.3157894736842105,0.32142857142857145
CODE_IDENT_JAVA_006_COPY,CODE_IDENT_JAVA_003_COPY,0.3157894736842105,0.32142857142857145
CODE_IDENT_JAVA_006,CODE_IDENT_JAVA_003,0.3157894736842105,0.32142857142857145
CODE_IDENT_JAVA_006,CODE_IDENT_JAVA_003_COPY,0.3157894736842105,0.32142857142857145
CODE_FUN_JAVA_007,CODE_DIF_JAVA_005,0.3150684931506849,0.41818181818181815
CODE_ESTRU_JAVA_011,CODE_ESTRU_JAVA_013,0.3125,0.3333333333333333
CODE_IDENT_JAVA_011_COPY,CODE_ESTRU_JAVA_013,0.3125,0.3333333333333333
CODE_IDENT_JAVA_011,CODE_ESTRU_JAVA_013,0.3125,0.3333333333333333
CODE_IDENT_JAVA_006_COPY,CODE_ESTRU_JAVA_003,0.3103448275862069,0.32142857142857145
CODE_ESTRU_JAVA_006,CODE_IDENT_JAVA_003,0.3103448275862069,0.3103448275862069
CODE_IDENT_JAVA_006,CODE_ESTRU_JAVA_003,0.3103448275862069,0.32142857142857145
CODE_ESTRU_JAVA_006,CODE_IDENT_JAVA_003_COPY,0.3103448275862069,0.3103448275862069
CODE_ESTRU_JAVA_013,CODE_IDENT_JAVA_014_COPY,0.3076923076923077,0.35294117647058826
CODE_ESTRU_JAVA_013,CODE_IDENT_JAVA_014,0.3076923076923077,0.35294117647058826
CODE_ESTRU_JAVA_006,CODE_ESTRU_JAVA_003,0.3050847457627119,0.3103448275862069
CODE_ESTRU_JAVA_012,CODE_ESTRU_JAVA_014,0.3,0.3870967741935484
CODE_IDENT_JAVA_012_COPY,CODE_IDENT_JAVA_014_COPY,0.2898550724637681,0.4
CODE_IDENT_JAVA_012_COPY,CODE_IDENT_JAVA_014,0.2898550724637681,0.4
CODE_IDENT_JAVA_012,CODE_IDENT_JAVA_014_COPY,0.2898550724637681,0.4
CODE_IDENT_JAVA_012,CODE_IDENT_JAVA_014,0.2898550724637681,0.4
CODE_ESTRU_JAVA_013,CODE_ESTRU_JAVA_014,0.2891566265060241,0.35294117647058826
CODE_FUN_JAVA_001,CODE_FUN_JAVA_002,0.27848101265822783,0.3333333333333333
CODE_IDENT_JAVA_012_COPY,CODE_ESTRU_JAVA_014,0.2702702702702703,0.4
CODE_IDENT_JAVA_012,CODE_ESTRU_JAVA_014,0.2702702702702703,0.4
CODE_ESTRU_JAVA_011,CODE_IDENT_JAVA_014_COPY,0.2702702702702703,0.3333333333333333
CODE_ESTRU_JAVA_011,CODE_IDENT_JAVA_014,0.2702702702702703,0.3333333333333333
CODE_IDENT_JAVA_011_COPY,CODE_IDENT_JAVA_014_COPY,0.2702702702702703,0.3333333333333333
CODE_IDENT_JAVA_011,CODE_IDENT_JAVA_014_COPY,0.2702702702702703,0.3333333333333333
CODE_IDENT_JAVA_011_COPY,CODE_IDENT_JAVA_014,0.2702702702702703,0.3333333333333333
CODE_IDENT_JAVA_011,CODE_IDENT_JAVA_014,0.2702702702702703,0.3333333333333333
CODE_IDENT_JAVA_013,CODE_IDENT_JAVA_014_COPY,0.26666666666666666,0.3225806451612903
CODE_IDENT_JAVA_013_COPY,CODE_IDENT_JAVA_014_COPY,0.26666666666666666,0.3225806451612903
CODE_IDENT_JAVA_013,CODE_IDENT_JAVA_014,0.26666666666666666,0.3225806451612903
CODE_IDENT_JAVA_013_COPY,CODE_IDENT_JAVA_014,0.26666666666666666,0.3225806451612903
CODE_IDENT_JAVA_008_COPY,CODE_IDENT_JAVA_009_COPY,0.2608695652173913,0.28125
CODE_IDENT_JAVA_008,CODE_IDENT_JAVA_009_COPY,0.2608695652173913,0.28125
CODE_ESTRU_JAVA_008,CODE_IDENT_JAVA_009_COPY,0.2608695652173913,0.28125
CODE_IDENT_JAVA_008_COPY,CODE_IDENT_JAVA_009,0.2608695652173913,0.28125
CODE_IDENT_JAVA_008_COPY,CODE_ESTRU_JAVA_009,0.2608695652173913,0.28125
CODE_IDENT_JAVA_008,CODE_IDENT_JAVA_009,0.2608695652173913,0.28125
CODE_IDENT_JAVA_008,CODE_ESTRU_JAVA_009,0.2608695652173913,0.28125
CODE_ESTRU_JAVA_008,CODE_IDENT_JAVA_009,0.2608695652173913,0.28125
CODE_ESTRU_JAVA_008,CODE_ESTRU_JAVA_009,0.2608695652173913,0.28125
CODE_ESTRU_JAVA_011,CODE_ESTRU_JAVA_014,0.25316455696202533,0.3333333333333333
CODE_IDENT_JAVA_011_COPY,CODE_ESTRU_JAVA_014,0.25316455696202533,0.3333333333333333
CODE_IDENT_JAVA_011,CODE_ESTRU_JAVA_014,0.25316455696202533,0.3333333333333333
CODE_IDENT_JAVA_013,CODE_ESTRU_JAVA_014,0.25,0.3225806451612903
CODE_IDENT_JAVA_013_COPY,CODE_ESTRU_JAVA_014,0.25,0.3225806451612903
CODE_FUN_JAVA_003,CODE_FUN_JAVA_009,0.25,0.39285714285714285
CODE_FUN_JAVA_003,CODE_FUN_JAVA_012,0.24691358024691357,0.35714285714285715
CODE_FUN_JAVA_003,CODE_FUN_JAVA_007,0.24096385542168675,0.35714285714285715
CODE_FUN_JAVA_001,CODE_FUN_JAVA_009,0.23655913978494625,0.3333333333333333
CODE_IDENT_JAVA_002,CODE_IDENT_JAVA_014_COPY,0.23376623376623376,0.2727272727272727
CODE_IDENT_JAVA_002,CODE_IDENT_JAVA_014,0.23376623376623376,0.2727272727272727
CODE_IDENT_JAVA_002_COPY,CODE_IDENT_JAVA_014_COPY,0.23376623376623376,0.2727272727272727
CODE_ESTRU_JAVA_002,CODE_IDENT_JAVA_014_COPY,0.23376623376623376,0.2727272727272727
CODE_FUN_JAVA_003,CODE_DIF_JAVA_002,0.23376623376623376,0.32142857142857145
CODE_IDENT_JAVA_002_COPY,CODE_IDENT_JAVA_014,0.23376623376623376,0.2727272727272727
CODE_ESTRU_JAVA_002,CODE_IDENT_JAVA_014,0.23376623376623376,0.2727272727272727
CODE_FUN_JAVA_005,CODE_FUN_JAVA_007,0.22429906542056074,0.23076923076923078
CODE_IDENT_JAVA_008_COPY,CODE_ESTRU_JAVA_014,0.2222222222222222,0.28125
CODE_IDENT_JAVA_008,CODE_ESTRU_JAVA_014,0.2222222222222222,0.28125
CODE_ESTRU_JAVA_008,CODE_ESTRU_JAVA_014,0.2222222222222222,0.28125
CODE_FUN_JAVA_003,CODE_FUN_JAVA_011,0.2222222222222222,0.32142857142857145
CODE_IDENT_JAVA_004_COPY,CODE_ESTRU_JAVA_014,0.21951219512195122,0.2727272727272727
CODE_IDENT_JAVA_004,CODE_ESTRU_JAVA_014,0.21951219512195122,0.2727272727272727
CODE_ESTRU_JAVA_004,CODE_ESTRU_JAVA_014,0.21951219512195122,0.2727272727272727
CODE_FUN_JAVA_008,CODE_FUN_JAVA_009,0.21568627450980393,0.2619047619047619
CODE_FUN_JAVA_013,CODE_FUN_JAVA_007,0.21359223300970873,0.22916666666666666
CODE_DIF_JAVA_004,CODE_DIF_JAVA_012,0.21052631578947367,0.23333333333333334
CODE_FUN_JAVA_012,CODE_FUN_JAVA_007,0.2037037037037037,0.20754716981132076
CODE_DIF_JAVA_001,CODE_DIF_JAVA_011,0.20253164556962025,0.24615384615384617
CODE_FUN_JAVA_002,CODE_FUN_JAVA_007,0.19801980198019803,0.21739130434782608
CODE_DIF_JAVA_002,CODE_FUN_JAVA_011,0.19607843137254902,0.20408163265306123
CODE_DIF_JAVA_005,CODE_DIF_JAVA_010,0.1875,0.23076923076923078
CODE_DIF_JAVA_007,CODE_DIF_JAVA_010,0.18691588785046728,0.24691358024691357
CODE_FUN_JAVA_004,CODE_FUN_JAVA_007,0.18691588785046728,0.19230769230769232
CODE_FUN_JAVA_003,CODE_DIF_JAVA_005,0.18487394957983194,0.39285714285714285
CODE_DIF_JAVA_004,CODE_DIF_JAVA_015,0.18090452261306533,0.3
CODE_DIF_JAVA_002,CODE_FUN_JAVA_012,0.17647058823529413,0.1836734693877551
CODE_DIF_JAVA_007,CODE_DIF_JAVA_005,0.1744186046511628,0.18518518518518517
CODE_DIF_JAVA_002,CODE_FUN_JAVA_007,0.17307692307692307,0.1836734693877551
CODE_FUN_JAVA_003,CODE_DIF_JAVA_007,0.1651376146788991,0.32142857142857145
CODE_DIF_JAVA_002,CODE_FUN_JAVA_009,0.1651376146788991,0.1836734693877551
CODE_IDENT_JAVA_015_COPY,CODE_FUN_JAVA_015,0.16260162601626016,0.18181818181818182
CODE_IDENT_JAVA_015,CODE_FUN_JAVA_015,0.16260162601626016,0.18181818181818182
CODE_FUN_JAVA_004,CODE_DIF_JAVA_004,0.16071428571428573,0.17307692307692307
CODE_FUN_JAVA_008,CODE_DIF_JAVA_012,0.1565217391304348,0.21428571428571427
CODE_ESTRU_JAVA_015,CODE_FUN_JAVA_015,0.15625,0.16666666666666666
CODE_IDENT_JAVA_009_COPY,CODE_DIF_JAVA_007,0.15254237288135594,0.24324324324324326
CODE_IDENT_JAVA_009,CODE_DIF_JAVA_007,0.15254237288135594,0.24324324324324326
CODE_ESTRU_JAVA_009,CODE_DIF_JAVA_007,0.15254237288135594,0.24324324324324326
CODE_FUN_JAVA_004,CODE_DIF_JAVA_007,0.15037593984962405,0.19230769230769232
CODE_DIF_JAVA_006,CODE_DIF_JAVA_014,0.14772727272727273,0.16049382716049382
CODE_FUN_JAVA_007,CODE_DIF_JAVA_003,0.14754098360655737,0.16363636363636364
CODE_DIF_JAVA_010,CODE_DIF_JAVA_015,0.14705882352941177,0.15037593984962405
CODE_FUN_JAVA_005,CODE_DIF_JAVA_012,0.144,0.17307692307692307
CODE_DIF_JAVA_004,CODE_DIF_JAVA_007,0.14184397163120568,0.16666666666666666
CODE_FUN_JAVA_009,CODE_DIF_JAVA_007,0.14184397163120568,0.16666666666666666
CODE_IDENT_JAVA_009_COPY,CODE_DIF_JAVA_005,0.140625,0.24324324324324326
CODE_FUN_JAVA_007,CODE_DIF_JAVA_012,0.140625,0.16363636363636364
CODE_IDENT_JAVA_009,CODE_DIF_JAVA_005,0.140625,0.24324324324324326
CODE_ESTRU_JAVA_009,CODE_DIF_JAVA_005,0.140625,0.24324324324324326
CODE_FUN_JAVA_004,CODE_DIF_JAVA_005,0.13986013986013987,0.19230769230769232
CODE_FUN_JAVA_007,CODE_DIF_JAVA_008,0.13924050632911392,0.2
CODE_DIF_JAVA_002,CODE_DIF_JAVA_007,0.13846153846153847,0.1836734693877551
CODE_FUN_JAVA_005,CODE_DIF_JAVA_015,0.13612565445026178,0.25
CODE_FUN_JAVA_009,CODE_DIF_JAVA_005,0.13245033112582782,0.16666666666666666
CODE_FUN_JAVA_008,CODE_DIF_JAVA_014,0.13138686131386862,0.21428571428571427
CODE_DIF_JAVA_006,CODE_DIF_JAVA_013,0.12972972972972974,0.14814814814814814
CODE_DIF_JAVA_002,CODE_DIF_JAVA_005,0.12857142857142856,0.1836734693877551
CODE_DIF_JAVA_014,CODE_DIF_JAVA_015,0.1282051282051282,0.15789473684210525
CODE_FUN_JAVA_007,CODE_DIF_JAVA_013,0.12578616352201258,0.18181818181818182
CODE_FUN_JAVA_008,CODE_DIF_JAVA_013,0.1232876712328767,0.21428571428571427
CODE_FUN_JAVA_005,CODE_DIF_JAVA_014,0.12244897959183673,0.17307692307692307
CODE_FUN_JAVA_006,CODE_DIF_JAVA_011,0.12162162162162163,0.16363636363636364
CODE_DIF_JAVA_003,CODE_DIF_JAVA_007,0.12162162162162163,0.13432835820895522
CODE_FUN_JAVA_004,CODE_DIF_JAVA_010,0.11891891891891893,0.21153846153846154
CODE_FUN_JAVA_009,CODE_DIF_JAVA_011,0.11764705882352941,0.15
CODE_FUN_JAVA_007,CODE_DIF_JAVA_010,0.11702127659574468,0.2
CODE_FUN_JAVA_005,CODE_DIF_JAVA_013,0.11538461538461539,0.17307692307692307
CODE_DIF_JAVA_007,CODE_DIF_JAVA_014,0.11363636363636363,0.12345679012345678
CODE_DIF_JAVA_004,CODE_DIF_JAVA_008,0.11042944785276074,0.15
CODE_FUN_JAVA_005,CODE_DIF_JAVA_010,0.10810810810810811,0.19230769230769232
CODE_DIF_JAVA_012,CODE_DIF_JAVA_014,0.10714285714285714,0.1232876712328767
CODE_IDENT_JAVA_009_COPY,CODE_DIF_JAVA_010,0.10588235294117647,0.24324324324324326
CODE_IDENT_JAVA_009,CODE_DIF_JAVA_010,0.10588235294117647,0.24324324324324326
CODE_ESTRU_JAVA_009,CODE_DIF_JAVA_010,0.10588235294117647,0.24324324324324326
CODE_DIF_JAVA_003,CODE_DIF_JAVA_008,0.10588235294117647,0.13432835820895522
CODE_DIF_JAVA_006,CODE_DIF_JAVA_005,0.10465116279069768,0.1111111111111111
CODE_DIF_JAVA_012,CODE_DIF_JAVA_015,0.10377358490566038,0.1506849315068493
CODE_DIF_JAVA_005,CODE_DIF_JAVA_008,0.10309278350515463,0.10989010989010989
CODE_FUN_JAVA_007,CODE_DIF_JAVA_015,0.10309278350515463,0.18181818181818182
CODE_DIF_JAVA_007,CODE_DIF_JAVA_009,0.10256410256410256,0.12345679012345678
CODE_DIF_JAVA_012,CODE_DIF_JAVA_013,0.1016949152542373,0.1232876712328767
CODE_DIF_JAVA_003,CODE_DIF_JAVA_010,0.1,0.14925373134328357
CODE_DIF_JAVA_003,CODE_DIF_JAVA_009,0.09944751381215469,0.13432835820895522
CODE_DIF_JAVA_005,CODE_DIF_JAVA_009,0.0975609756097561,0.10989010989010989
CODE_FUN_JAVA_002,CODE_DIF_JAVA_015,0.0972972972972973,0.1956521739130435
CODE_DIF_JAVA_005,CODE_DIF_JAVA_014,0.0967741935483871,0.0989010989010989
CODE_FUN_JAVA_013,CODE_DIF_JAVA_015,0.0962566844919786,0.1875
CODE_DIF_JAVA_011,CODE_DIF_JAVA_013,0.09137055837563451,0.0967741935483871
CODE_DIF_JAVA_014,CODE_DIF_JAVA_013,0.09045226130653267,0.09473684210526316
CODE_FUN_JAVA_009,CODE_DIF_JAVA_015,0.09045226130653267,0.15
CODE_FUN_JAVA_010,CODE_DIF_JAVA_010,0.08866995073891626,0.12857142857142856
CODE_DIF_JAVA_013,CODE_DIF_JAVA_009,0.08256880733944955,0.08653846153846154
CODE_DIF_JAVA_007,CODE_DIF_JAVA_015,0.08181818181818182,0.1111111111111111
CODE_DIF_JAVA_005,CODE_DIF_JAVA_015,0.0782608695652174,0.0989010989010989
CODE_DIF_JAVA_009,CODE_DIF_JAVA_010,0.0728744939271255,0.07894736842105263
CODE_DIF_JAVA_014,CODE_DIF_JAVA_010,0.0,0.0
CODE_DIF_JAVA_013,CODE_DIF_JAVA_010,0.0,0.0
CODE_DIF_JAVA_012,CODE_DIF_JAVA_010,0.0,0.0
CODE_DIF_JAVA_011,CODE_DIF_JAVA_010,0.0,0.0
CODE_IDENT_JAVA_012_COPY,CODE_DIF_JAVA_010,0.0,0.0
CODE_ESTRU_JAVA_013,CODE_DIF_JAVA_010,0.0,0.0
CODE_ESTRU_JAVA_014,CODE_DIF_JAVA_010,0.0,0.0
CODE_IDENT_JAVA_004_COPY,CODE_DIF_JAVA_010,0.0,0.0
CODE_ESTRU_JAVA_011,CODE_DIF_JAVA_010,0.0,0.0
CODE_ESTRU_JAVA_012,CODE_DIF_JAVA_010,0.0,0.0
CODE_ESTRU_JAVA_010,CODE_DIF_JAVA_010,0.0,0.0
CODE_IDENT_JAVA_008_COPY,CODE_DIF_JAVA_010,0.0,0.0
CODE_DIF_JAVA_006,CODE_DIF_JAVA_010,0.0,0.0
CODE_DIF_JAVA_004,CODE_DIF_JAVA_010,0.0,0.0
CODE_FUN_JAVA_013,CODE_DIF_JAVA_010,0.0,0.0
CODE_FUN_JAVA_014,CODE_DIF_JAVA_010,0.0,0.0
CODE_ESTRU_JAVA_015,CODE_DIF_JAVA_010,0.0,0.0
CODE_FUN_JAVA_015,CODE_DIF_JAVA_010,0.0,0.0
CODE_DIF_JAVA_008,CODE_DIF_JAVA_010,0.0,0.0
CODE_FUN_JAVA_011,CODE_DIF_JAVA_010,0.0,0.0
CODE_FUN_JAVA_012,CODE_DIF_JAVA_010,0.0,0.0
CODE_IDENT_JAVA_002,CODE_DIF_JAVA_010,0.0,0.0
CODE_IDENT_JAVA_001,CODE_DIF_JAVA_010,0.0,0.0
CODE_IDENT_JAVA_014_COPY,CODE_DIF_JAVA_010,0.0,0.0
CODE_FUN_JAVA_006,CODE_DIF_JAVA_010,0.0,0.0
CODE_IDENT_JAVA_004,CODE_DIF_JAVA_010,0.0,0.0
CODE_IDENT_JAVA_006_COPY,CODE_DIF_JAVA_010,0.0,0.0
CODE_IDENT_JAVA_003,CODE_DIF_JAVA_010,0.0,0.0
CODE_FUN_JAVA_008,CODE_DIF_JAVA_010,0.0,0.0
CODE_IDENT_JAVA_006,CODE_DIF_JAVA_010,0.0,0.0
CODE_FUN_JAVA_009,CODE_DIF_JAVA_010,0.0,0.0
CODE_IDENT_JAVA_003_COPY,CODE_DIF_JAVA_010,0.0,0.0
CODE_IDENT_JAVA_005,CODE_DIF_JAVA_010,0.0,0.0
CODE_FUN_JAVA_002,CODE_DIF_JAVA_010,0.0,0.0
CODE_IDENT_JAVA_008,CODE_DIF_JAVA_010,0.0,0.0
CODE_IDENT_JAVA_011_COPY,CODE_DIF_JAVA_010,0.0,0.0
CODE_FUN_JAVA_003,CODE_DIF_JAVA_010,0.0,0.0
CODE_IDENT_JAVA_007,CODE_DIF_JAVA_010,0.0,0.0
CODE_FUN_JAVA_001,CODE_DIF_JAVA_010,0.0,0.0
CODE_IDENT_JAVA_011,CODE_DIF_JAVA_010,0.0,0.0
CODE_IDENT_JAVA_010,CODE_DIF_JAVA_010,0.0,0.0
CODE_IDENT_JAVA_013,CODE_DIF_JAVA_010,0.0,0.0
CODE_IDENT_JAVA_012,CODE_DIF_JAVA_010,0.0,0.0
CODE_IDENT_JAVA_007_COPY,CODE_DIF_JAVA_010,0.0,0.0
CODE_IDENT_JAVA_015_COPY,CODE_DIF_JAVA_010,0.0,0.0
CODE_IDENT_JAVA_001_COPY,CODE_DIF_JAVA_010,0.0,0.0
CODE_IDENT_JAVA_015,CODE_DIF_JAVA_010,0.0,0.0
CODE_IDENT_JAVA_014,CODE_DIF_JAVA_010,0.0,0.0
CODE_IDENT_JAVA_002_COPY,CODE_DIF_JAVA_010,0.0,0.0
CODE_IDENT_JAVA_005_COPY,CODE_DIF_JAVA_010,0.0,0.0
CODE_IDENT_JAVA_013_COPY,CODE_DIF_JAVA_010,0.0,0.0
CODE_DIF_JAVA_002,CODE_DIF_JAVA_010,0.0,0.0
CODE_DIF_JAVA_001,CODE_DIF_JAVA_010,0.0,0.0
CODE_IDENT_JAVA_010_COPY,CODE_DIF_JAVA_010,0.0,0.0
CODE_ESTRU_JAVA_002,CODE_DIF_JAVA_010,0.0,0.0
CODE_ESTRU_JAVA_003,CODE_DIF_JAVA_010,0.0,0.0
CODE_ESTRU_JAVA_001,CODE_DIF_JAVA_010,0.0,0.0
CODE_ESTRU_JAVA_008,CODE_DIF_JAVA_010,0.0,0.0
CODE_ESTRU_JAVA_006,CODE_DIF_JAVA_010,0.0,0.0
CODE_ESTRU_JAVA_007,CODE_DIF_JAVA_010,0.0,0.0
CODE_ESTRU_JAVA_004,CODE_DIF_JAVA_010,0.0,0.0
CODE_ESTRU_JAVA_005,CODE_DIF_JAVA_010,0.0,0.0
CODE_IDENT_JAVA_009_COPY,CODE_DIF_JAVA_014,0.0,0.0
CODE_DIF_JAVA_011,CODE_DIF_JAVA_014,0.0,0.0
CODE_IDENT_JAVA_012_COPY,CODE_DIF_JAVA_014,0.0,0.0
CODE_ESTRU_JAVA_013,CODE_DIF_JAVA_014,0.0,0.0
CODE_ESTRU_JAVA_014,CODE_DIF_JAVA_014,0.0,0.0
CODE_IDENT_JAVA_004_COPY,CODE_DIF_JAVA_014,0.0,0.0
CODE_ESTRU_JAVA_011,CODE_DIF_JAVA_014,0.0,0.0
CODE_ESTRU_JAVA_012,CODE_DIF_JAVA_014,0.0,0.0
CODE_ESTRU_JAVA_010,CODE_DIF_JAVA_014,0.0,0.0
CODE_IDENT_JAVA_008_COPY,CODE_DIF_JAVA_014,0.0,0.0
CODE_DIF_JAVA_004,CODE_DIF_JAVA_014,0.0,0.0
CODE_FUN_JAVA_013,CODE_DIF_JAVA_014,0.0,0.0
CODE_FUN_JAVA_014,CODE_DIF_JAVA_014,0.0,0.0
CODE_DIF_JAVA_014,CODE_DIF_JAVA_009,0.0,0.0
CODE_ESTRU_JAVA_015,CODE_DIF_JAVA_014,0.0,0.0
CODE_FUN_JAVA_015,CODE_DIF_JAVA_014,0.0,0.0
CODE_DIF_JAVA_014,CODE_DIF_JAVA_008,0.0,0.0
CODE_FUN_JAVA_010,CODE_DIF_JAVA_014,0.0,0.0
CODE_FUN_JAVA_011,CODE_DIF_JAVA_014,0.0,0.0
CODE_FUN_JAVA_012,CODE_DIF_JAVA_014,0.0,0.0
CODE_IDENT_JAVA_002,CODE_DIF_JAVA_014,0.0,0.0
CODE_IDENT_JAVA_001,CODE_DIF_JAVA_014,0.0,0.0
CODE_IDENT_JAVA_014_COPY,CODE_DIF_JAVA_014,0.0,0.0
CODE_FUN_JAVA_006,CODE_DIF_JAVA_014,0.0,0.0
CODE_IDENT_JAVA_004,CODE_DIF_JAVA_014,0.0,0.0
CODE_IDENT_JAVA_006_COPY,CODE_DIF_JAVA_014,0.0,0.0
CODE_FUN_JAVA_007,CODE_DIF_JAVA_014,0.0,0.0
CODE_IDENT_JAVA_003,CODE_DIF_JAVA_014,0.0,0.0
CODE_IDENT_JAVA_006,CODE_DIF_JAVA_014,0.0,0.0
CODE_FUN_JAVA_009,CODE_DIF_JAVA_014,0.0,0.0
CODE_IDENT_JAVA_003_COPY,CODE_DIF_JAVA_014,0.0,0.0
CODE_IDENT_JAVA_005,CODE_DIF_JAVA_014,0.0,0.0
CODE_FUN_JAVA_002,CODE_DIF_JAVA_014,0.0,0.0
CODE_IDENT_JAVA_008,CODE_DIF_JAVA_014,0.0,0.0
CODE_IDENT_JAVA_011_COPY,CODE_DIF_JAVA_014,0.0,0.0
CODE_FUN_JAVA_003,CODE_DIF_JAVA_014,0.0,0.0
CODE_IDENT_JAVA_007,CODE_DIF_JAVA_014,0.0,0.0
CODE_FUN_JAVA_004,CODE_DIF_JAVA_014,0.0,0.0
CODE_IDENT_JAVA_009,CODE_DIF_JAVA_014,0.0,0.0
CODE_FUN_JAVA_001,CODE_DIF_JAVA_014,0.0,0.0
CODE_IDENT_JAVA_011,CODE_DIF_JAVA_014,0.0,0.0
CODE_IDENT_JAVA_010,CODE_DIF_JAVA_014,0.0,0.0
CODE_IDENT_JAVA_013,CODE_DIF_JAVA_014,0.0,0.0
CODE_IDENT_JAVA_012,CODE_DIF_JAVA_014,0.0,0.0
CODE_IDENT_JAVA_007_COPY,CODE_DIF_JAVA_014,0.0,0.0
CODE_IDENT_JAVA_015_COPY,CODE_DIF_JAVA_014,0.0,0.0
CODE_IDENT_JAVA_001_COPY,CODE_DIF_JAVA_014,0.0,0.0
CODE_IDENT_JAVA_015,CODE_DIF_JAVA_014,0.0,0.0
CODE_IDENT_JAVA_014,CODE_DIF_JAVA_014,0.0,0.0
CODE_IDENT_JAVA_002_COPY,CODE_DIF_JAVA_014,0.0,0.0
CODE_DIF_JAVA_003,CODE_DIF_JAVA_014,0.0,0.0
CODE_IDENT_JAVA_005_COPY,CODE_DIF_JAVA_014,0.0,0.0
CODE_IDENT_JAVA_013_COPY,CODE_DIF_JAVA_014,0.0,0.0
CODE_DIF_JAVA_002,CODE_DIF_JAVA_014,0.0,0.0
CODE_DIF_JAVA_001,CODE_DIF_JAVA_014,0.0,0.0
CODE_IDENT_JAVA_010_COPY,CODE_DIF_JAVA_014,0.0,0.0
CODE_ESTRU_JAVA_002,CODE_DIF_JAVA_014,0.0,0.0
CODE_ESTRU_JAVA_003,CODE_DIF_JAVA_014,0.0,0.0
CODE_ESTRU_JAVA_001,CODE_DIF_JAVA_014,0.0,0.0
CODE_ESTRU_JAVA_008,CODE_DIF_JAVA_014,0.0,0.0
CODE_ESTRU_JAVA_009,CODE_DIF_JAVA_014,0.0,0.0
CODE_ESTRU_JAVA_006,CODE_DIF_JAVA_014,0.0,0.0
CODE_ESTRU_JAVA_007,CODE_DIF_JAVA_014,0.0,0.0
CODE_ESTRU_JAVA_004,CODE_DIF_JAVA_014,0.0,0.0
CODE_ESTRU_JAVA_005,CODE_DIF_JAVA_014,0.0,0.0
CODE_IDENT_JAVA_009_COPY,CODE_DIF_JAVA_013,0.0,0.0
CODE_IDENT_JAVA_009_COPY,CODE_DIF_JAVA_012,0.0,0.0
CODE_IDENT_JAVA_009_COPY,CODE_DIF_JAVA_011,0.0,0.0
CODE_IDENT_JAVA_012_COPY,CODE_IDENT_JAVA_009_COPY,0.0,0.0
CODE_ESTRU_JAVA_013,CODE_IDENT_JAVA_009_COPY,0.0,0.0
CODE_IDENT_JAVA_009_COPY,CODE_ESTRU_JAVA_014,0.0,0.0
CODE_IDENT_JAVA_004_COPY,CODE_IDENT_JAVA_009_COPY,0.0,0.0
CODE_ESTRU_JAVA_011,CODE_IDENT_JAVA_009_COPY,0.0,0.0
CODE_ESTRU_JAVA_012,CODE_IDENT_JAVA_009_COPY,0.0,0.0
CODE_IDENT_JAVA_009_COPY,CODE_ESTRU_JAVA_010,0.0,0.0
CODE_IDENT_JAVA_009_COPY,CODE_DIF_JAVA_006,0.0,0.0
CODE_IDENT_JAVA_009_COPY,CODE_DIF_JAVA_004,0.0,0.0
CODE_IDENT_JAVA_009_COPY,CODE_FUN_JAVA_013,0.0,0.0
CODE_IDENT_JAVA_009_COPY,CODE_FUN_JAVA_014,0.0,0.0
CODE_IDENT_JAVA_009_COPY,CODE_DIF_JAVA_009,0.0,0.0
CODE_IDENT_JAVA_009_COPY,CODE_ESTRU_JAVA_015,0.0,0.0
CODE_IDENT_JAVA_009_COPY,CODE_FUN_JAVA_015,0.0,0.0
CODE_IDENT_JAVA_009_COPY,CODE_DIF_JAVA_008,0.0,0.0
CODE_IDENT_JAVA_009_COPY,CODE_FUN_JAVA_010,0.0,0.0
CODE_IDENT_JAVA_009_COPY,CODE_FUN_JAVA_011,0.0,0.0
CODE_IDENT_JAVA_009_COPY,CODE_FUN_JAVA_012,0.0,0.0
CODE_IDENT_JAVA_002,CODE_IDENT_JAVA_009_COPY,0.0,0.0
CODE_IDENT_JAVA_001,CODE_IDENT_JAVA_009_COPY,0.0,0.0
CODE_IDENT_JAVA_009_COPY,CODE_IDENT_JAVA_014_COPY,0.0,0.0
CODE_IDENT_JAVA_009_COPY,CODE_FUN_JAVA_006,0.0,0.0
CODE_IDENT_JAVA_004,CODE_IDENT_JAVA_009_COPY,0.0,0.0
CODE_IDENT_JAVA_006_COPY,CODE_IDENT_JAVA_009_COPY,0.0,0.0
CODE_IDENT_JAVA_009_COPY,CODE_FUN_JAVA_007,0.0,0.0
CODE_IDENT_JAVA_003,CODE_IDENT_JAVA_009_COPY,0.0,0.0
CODE_IDENT_JAVA_009_COPY,CODE_FUN_JAVA_008,0.0,0.0
CODE_IDENT_JAVA_006,CODE_IDENT_JAVA_009_COPY,0.0,0.0
CODE_IDENT_JAVA_009_COPY,CODE_DIF_JAVA_015,0.0,0.0
CODE_IDENT_JAVA_009_COPY,CODE_FUN_JAVA_009,0.0,0.0
CODE_IDENT_JAVA_003_COPY,CODE_IDENT_JAVA_009_COPY,0.0,0.0
CODE_IDENT_JAVA_005,CODE_IDENT_JAVA_009_COPY,0.0,0.0
CODE_IDENT_JAVA_009_COPY,CODE_FUN_JAVA_002,0.0,0.0
CODE_IDENT_JAVA_011_COPY,CODE_IDENT_JAVA_009_COPY,0.0,0.0
CODE_FUN_JAVA_003,CODE_IDENT_JAVA_009_COPY,0.0,0.0
CODE_IDENT_JAVA_007,CODE_IDENT_JAVA_009_COPY,0.0,0.0
CODE_IDENT_JAVA_009_COPY,CODE_FUN_JAVA_004,0.0,0.0
CODE_IDENT_JAVA_009_COPY,CODE_FUN_JAVA_005,0.0,0.0
CODE_FUN_JAVA_001,CODE_IDENT_JAVA_009_COPY,0.0,0.0
CODE_IDENT_JAVA_011,CODE_IDENT_JAVA_009_COPY,0.0,0.0
CODE_IDENT_JAVA_009_COPY,CODE_IDENT_JAVA_010,0.0,0.0
CODE_IDENT_JAVA_013,CODE_IDENT_JAVA_009_COPY,0.0,0.0
CODE_IDENT_JAVA_012,CODE_IDENT_JAVA_009_COPY,0.0,0.0
CODE_IDENT_JAVA_007_COPY,CODE_IDENT_JAVA_009_COPY,0.0,0.0
CODE_IDENT_JAVA_009_COPY,CODE_IDENT_JAVA_015_COPY,0.0,0.0
CODE_IDENT_JAVA_001_COPY,CODE_IDENT_JAVA_009_COPY,0.0,0.0
CODE_IDENT_JAVA_009_COPY,CODE_IDENT_JAVA_015,0.0,0.0
CODE_IDENT_JAVA_009_COPY,CODE_IDENT_JAVA_014,0.0,0.0
CODE_IDENT_JAVA_002_COPY,CODE_IDENT_JAVA_009_COPY,0.0,0.0
CODE_IDENT_JAVA_009_COPY,CODE_DIF_JAVA_003,0.0,0.0
CODE_IDENT_JAVA_005_COPY,CODE_IDENT_JAVA_009_COPY,0.0,0.0
CODE_IDENT_JAVA_013_COPY,CODE_IDENT_JAVA_009_COPY,0.0,0.0
CODE_IDENT_JAVA_009_COPY,CODE_DIF_JAVA_002,0.0,0.0
CODE_IDENT_JAVA_009_COPY,CODE_DIF_JAVA_001,0.0,0.0
CODE_IDENT_JAVA_009_COPY,CODE_IDENT_JAVA_010_COPY,0.0,0.0
CODE_ESTRU_JAVA_002,CODE_IDENT_JAVA_009_COPY,0.0,0.0
CODE_ESTRU_JAVA_003,CODE_IDENT_JAVA_009_COPY,0.0,0.0
CODE_ESTRU_JAVA_001,CODE_IDENT_JAVA_009_COPY,0.0,0.0
CODE_ESTRU_JAVA_006,CODE_IDENT_JAVA_009_COPY,0.0,0.0
CODE_ESTRU_JAVA_007,CODE_IDENT_JAVA_009_COPY,0.0,0.0
CODE_ESTRU_JAVA_004,CODE_IDENT_JAVA_009_COPY,0.0,0.0
CODE_ESTRU_JAVA_005,CODE_IDENT_JAVA_009_COPY,0.0,0.0
CODE_IDENT_JAVA_012_COPY,CODE_DIF_JAVA_013,0.0,0.0
CODE_ESTRU_JAVA_013,CODE_DIF_JAVA_013,0.0,0.0
CODE_ESTRU_JAVA_014,CODE_DIF_JAVA_013,0.0,0.0
CODE_IDENT_JAVA_004_COPY,CODE_DIF_JAVA_013,0.0,0.0
CODE_ESTRU_JAVA_011,CODE_DIF_JAVA_013,0.0,0.0
CODE_ESTRU_JAVA_012,CODE_DIF_JAVA_013,0.0,0.0
CODE_ESTRU_JAVA_010,CODE_DIF_JAVA_013,0.0,0.0
CODE_DIF_JAVA_007,CODE_DIF_JAVA_013,0.0,0.0
CODE_IDENT_JAVA_008_COPY,CODE_DIF_JAVA_013,0.0,0.0
CODE_DIF_JAVA_005,CODE_DIF_JAVA_013,0.0,0.0
CODE_DIF_JAVA_004,CODE_DIF_JAVA_013,0.0,0.0
CODE_FUN_JAVA_013,CODE_DIF_JAVA_013,0.0,0.0
CODE_FUN_JAVA_014,CODE_DIF_JAVA_013,0.0,0.0
CODE_ESTRU_JAVA_015,CODE_DIF_JAVA_013,0.0,0.0
CODE_FUN_JAVA_015,CODE_DIF_JAVA_013,0.0,0.0
CODE_DIF_JAVA_008,CODE_DIF_JAVA_013,0.0,0.0
CODE_FUN_JAVA_010,CODE_DIF_JAVA_013,0.0,0.0
CODE_FUN_JAVA_011,CODE_DIF_JAVA_013,0.0,0.0
CODE_FUN_JAVA_012,CODE_DIF_JAVA_013,0.0,0.0
CODE_IDENT_JAVA_002,CODE_DIF_JAVA_013,0.0,0.0
CODE_IDENT_JAVA_001,CODE_DIF_JAVA_013,0.0,0.0
CODE_IDENT_JAVA_014_COPY,CODE_DIF_JAVA_013,0.0,0.0
CODE_FUN_JAVA_006,CODE_DIF_JAVA_013,0.0,0.0
CODE_IDENT_JAVA_004,CODE_DIF_JAVA_013,0.0,0.0
CODE_IDENT_JAVA_006_COPY,CODE_DIF_JAVA_013,0.0,0.0
CODE_IDENT_JAVA_003,CODE_DIF_JAVA_013,0.0,0.0
CODE_IDENT_JAVA_006,CODE_DIF_JAVA_013,0.0,0.0
CODE_DIF_JAVA_013,CODE_DIF_JAVA_015,0.0,0.0
CODE_FUN_JAVA_009,CODE_DIF_JAVA_013,0.0,0.0
CODE_IDENT_JAVA_003_COPY,CODE_DIF_JAVA_013,0.0,0.0
CODE_IDENT_JAVA_005,CODE_DIF_JAVA_013,0.0,0.0
CODE_FUN_JAVA_002,CODE_DIF_JAVA_013,0.0,0.0
CODE_IDENT_JAVA_008,CODE_DIF_JAVA_013,0.0,0.0
CODE_IDENT_JAVA_011_COPY,CODE_DIF_JAVA_013,0.0,0.0
CODE_FUN_JAVA_003,CODE_DIF_JAVA_013,0.0,0.0
CODE_IDENT_JAVA_007,CODE_DIF_JAVA_013,0.0,0.0
CODE_FUN_JAVA_004,CODE_DIF_JAVA_013,0.0,0.0
CODE_IDENT_JAVA_009,CODE_DIF_JAVA_013,0.0,0.0
CODE_FUN_JAVA_001,CODE_DIF_JAVA_013,0.0,0.0
CODE_IDENT_JAVA_011,CODE_DIF_JAVA_013,0.0,0.0
CODE_IDENT_JAVA_010,CODE_DIF_JAVA_013,0.0,0.0
CODE_IDENT_JAVA_013,CODE_DIF_JAVA_013,0.0,0.0
CODE_IDENT_JAVA_012,CODE_DIF_JAVA_013,0.0,0.0
CODE_IDENT_JAVA_007_COPY,CODE_DIF_JAVA_013,0.0,0.0
CODE_IDENT_JAVA_015_COPY,CODE_DIF_JAVA_013,0.0,0.0
CODE_IDENT_JAVA_001_COPY,CODE_DIF_JAVA_013,0.0,0.0
CODE_IDENT_JAVA_015,CODE_DIF_JAVA_013,0.0,0.0
CODE_IDENT_JAVA_014,CODE_DIF_JAVA_013,0.0,0.0
CODE_IDENT_JAVA_002_COPY,CODE_DIF_JAVA_013,0.0,0.0
CODE_DIF_JAVA_003,CODE_DIF_JAVA_013,0.0,0.0
CODE_IDENT_JAVA_005_COPY,CODE_DIF_JAVA_013,0.0,0.0
CODE_IDENT_JAVA_013_COPY,CODE_DIF_JAVA_013,0.0,0.0
CODE_DIF_JAVA_002,CODE_DIF_JAVA_013,0.0,0.0
CODE_DIF_JAVA_001,CODE_DIF_JAVA_013,0.0,0.0
CODE_IDENT_JAVA_010_COPY,CODE_DIF_JAVA_013,0.0,0.0
CODE_ESTRU_JAVA_002,CODE_DIF_JAVA_013,0.0,0.0
CODE_ESTRU_JAVA_003,CODE_DIF_JAVA_013,0.0,0.0
CODE_ESTRU_JAVA_001,CODE_DIF_JAVA_013,0.0,0.0
CODE_ESTRU_JAVA_008,CODE_DIF_JAVA_013,0.0,0.0
CODE_ESTRU_JAVA_009,CODE_DIF_JAVA_013,0.0,0.0
CODE_ESTRU_JAVA_006,CODE_DIF_JAVA_013,0.0,0.0
CODE_ESTRU_JAVA_007,CODE_DIF_JAVA_013,0.0,0.0
CODE_ESTRU_JAVA_004,CODE_DIF_JAVA_013,0.0,0.0
CODE_ESTRU_JAVA_005,CODE_DIF_JAVA_013,0.0,0.0
CODE_DIF_JAVA_012,CODE_DIF_JAVA_011,0.0,0.0
CODE_IDENT_JAVA_012_COPY,CODE_DIF_JAVA_012,0.0,0.0
CODE_ESTRU_JAVA_013,CODE_DIF_JAVA_012,0.0,0.0
CODE_ESTRU_JAVA_014,CODE_DIF_JAVA_012,0.0,0.0
CODE_IDENT_JAVA_004_COPY,CODE_DIF_JAVA_012,0.0,0.0
CODE_ESTRU_JAVA_011,CODE_DIF_JAVA_012,0.0,0.0
CODE_ESTRU_JAVA_012,CODE_DIF_JAVA_012,0.0,0.0
CODE_ESTRU_JAVA_010,CODE_DIF_JAVA_012,0.0,0.0
CODE_DIF_JAVA_012,CODE_DIF_JAVA_007,0.0,0.0
CODE_IDENT_JAVA_008_COPY,CODE_DIF_JAVA_012,0.0,0.0
CODE_DIF_JAVA_012,CODE_DIF_JAVA_006,0.0,0.0
CODE_DIF_JAVA_012,CODE_DIF_JAVA_005,0.0,0.0
CODE_FUN_JAVA_013,CODE_DIF_JAVA_012,0.0,0.0
CODE_FUN_JAVA_014,CODE_DIF_JAVA_012,0.0,0.0
CODE_DIF_JAVA_012,CODE_DIF_JAVA_009,0.0,0.0
CODE_ESTRU_JAVA_015,CODE_DIF_JAVA_012,0.0,0.0
CODE_FUN_JAVA_015,CODE_DIF_JAVA_012,0.0,0.0
CODE_DIF_JAVA_012,CODE_DIF_JAVA_008,0.0,0.0
CODE_FUN_JAVA_010,CODE_DIF_JAVA_012,0.0,0.0
CODE_FUN_JAVA_011,CODE_DIF_JAVA_012,0.0,0.0
CODE_FUN_JAVA_012,CODE_DIF_JAVA_012,0.0,0.0
CODE_IDENT_JAVA_002,CODE_DIF_JAVA_012,0.0,0.0
CODE_IDENT_JAVA_001,CODE_DIF_JAVA_012,0.0,0.0
CODE_IDENT_JAVA_014_COPY,CODE_DIF_JAVA_012,0.0,0.0
CODE_FUN_JAVA_006,CODE_DIF_JAVA_012,0.0,0.0
CODE_IDENT_JAVA_004,CODE_DIF_JAVA_012,0.0,0.0
CODE_IDENT_JAVA_006_COPY,CODE_DIF_JAVA_012,0.0,0.0
CODE_IDENT_JAVA_003,CODE_DIF_JAVA_012,0.0,0.0
CODE_IDENT_JAVA_006,CODE_DIF_JAVA_012,0.0,0.0
CODE_FUN_JAVA_009,CODE_DIF_JAVA_012,0.0,0.0
CODE_IDENT_JAVA_003_COPY,CODE_DIF_JAVA_012,0.0,0.0
CODE_IDENT_JAVA_005,CODE_DIF_JAVA_012,0.0,0.0
CODE_FUN_JAVA_002,CODE_DIF_JAVA_012,0.0,0.0
CODE_IDENT_JAVA_008,CODE_DIF_JAVA_012,0.0,0.0
CODE_IDENT_JAVA_011_COPY,CODE_DIF_JAVA_012,0.0,0.0
CODE_FUN_JAVA_003,CODE_DIF_JAVA_012,0.0,0.0
CODE_IDENT_JAVA_007,CODE_DIF_JAVA_012,0.0,0.0
CODE_FUN_JAVA_004,CODE_DIF_JAVA_012,0.0,0.0
CODE_IDENT_JAVA_009,CODE_DIF_JAVA_012,0.0,0.0
CODE_FUN_JAVA_001,CODE_DIF_JAVA_012,0.0,0.0
CODE_IDENT_JAVA_011,CODE_DIF_JAVA_012,0.0,0.0
CODE_IDENT_JAVA_010,CODE_DIF_JAVA_012,0.0,0.0
CODE_IDENT_JAVA_013,CODE_DIF_JAVA_012,0.0,0.0
CODE_IDENT_JAVA_012,CODE_DIF_JAVA_012,0.0,0.0
CODE_IDENT_JAVA_007_COPY,CODE_DIF_JAVA_012,0.0,0.0
CODE_IDENT_JAVA_015_COPY,CODE_DIF_JAVA_012,0.0,0.0
CODE_IDENT_JAVA_001_COPY,CODE_DIF_JAVA_012,0.0,0.0
CODE_IDENT_JAVA_015,CODE_DIF_JAVA_012,0.0,0.0
CODE_IDENT_JAVA_014,CODE_DIF_JAVA_012,0.0,0.0
CODE_IDENT_JAVA_002_COPY,CODE_DIF_JAVA_012,0.0,0.0
CODE_DIF_JAVA_003,CODE_DIF_JAVA_012,0.0,0.0
CODE_IDENT_JAVA_005_COPY,CODE_DIF_JAVA_012,0.0,0.0
CODE_IDENT_JAVA_013_COPY,CODE_DIF_JAVA_012,0.0,0.0
CODE_DIF_JAVA_002,CODE_DIF_JAVA_012,0.0,0.0
CODE_DIF_JAVA_001,CODE_DIF_JAVA_012,0.0,0.0
CODE_IDENT_JAVA_010_COPY,CODE_DIF_JAVA_012,0.0,0.0
CODE_ESTRU_JAVA_002,CODE_DIF_JAVA_012,0.0,0.0
CODE_ESTRU_JAVA_003,CODE_DIF_JAVA_012,0.0,0.0
CODE_ESTRU_JAVA_001,CODE_DIF_JAVA_012,0.0,0.0
CODE_ESTRU_JAVA_008,CODE_DIF_JAVA_012,0.0,0.0
CODE_ESTRU_JAVA_009,CODE_DIF_JAVA_012,0.0,0.0
CODE_ESTRU_JAVA_006,CODE_DIF_JAVA_012,0.0,0.0
CODE_ESTRU_JAVA_007,CODE_DIF_JAVA_012,0.0,0.0
CODE_ESTRU_JAVA_004,CODE_DIF_JAVA_012,0.0,0.0
CODE_ESTRU_JAVA_005,CODE_DIF_JAVA_012,0.0,0.0
CODE_IDENT_JAVA_012_COPY,CODE_DIF_JAVA_011,0.0,0.0
CODE_ESTRU_JAVA_013,CODE_DIF_JAVA_011,0.0,0.0
CODE_ESTRU_JAVA_014,CODE_DIF_JAVA_011,0.0,0.0
CODE_IDENT_JAVA_004_COPY,CODE_DIF_JAVA_011,0.0,0.0
CODE_ESTRU_JAVA_011,CODE_DIF_JAVA_011,0.0,0.0
CODE_ESTRU_JAVA_012,CODE_DIF_JAVA_011,0.0,0.0
CODE_ESTRU_JAVA_010,CODE_DIF_JAVA_011,0.0,0.0
CODE_DIF_JAVA_007,CODE_DIF_JAVA_011,0.0,0.0
CODE_IDENT_JAVA_008_COPY,CODE_DIF_JAVA_011,0.0,0.0
CODE_DIF_JAVA_006,CODE_DIF_JAVA_011,0.0,0.0
CODE_DIF_JAVA_005,CODE_DIF_JAVA_011,0.0,0.0
CODE_DIF_JAVA_004,CODE_DIF_JAVA_011,0.0,0.0
CODE_FUN_JAVA_013,CODE_DIF_JAVA_011,0.0,0.0
CODE_FUN_JAVA_014,CODE_DIF_JAVA_011,0.0,0.0
CODE_DIF_JAVA_011,CODE_DIF_JAVA_009,0.0,0.0
CODE_ESTRU_JAVA_015,CODE_DIF_JAVA_011,0.0,0.0
CODE_DIF_JAVA_011,CODE_DIF_JAVA_008,0.0,0.0
CODE_FUN_JAVA_010,CODE_DIF_JAVA_011,0.0,0.0
CODE_FUN_JAVA_011,CODE_DIF_JAVA_011,0.0,0.0
CODE_FUN_JAVA_012,CODE_DIF_JAVA_011,0.0,0.0
CODE_IDENT_JAVA_002,CODE_DIF_JAVA_011,0.0,0.0
CODE_IDENT_JAVA_001,CODE_DIF_JAVA_011,0.0,0.0
CODE_IDENT_JAVA_014_COPY,CODE_DIF_JAVA_011,0.0,0.0
CODE_IDENT_JAVA_004,CODE_DIF_JAVA_011,0.0,0.0
CODE_IDENT_JAVA_006_COPY,CODE_DIF_JAVA_011,0.0,0.0
CODE_FUN_JAVA_007,CODE_DIF_JAVA_011,0.0,0.0
CODE_IDENT_JAVA_003,CODE_DIF_JAVA_011,0.0,0.0
CODE_FUN_JAVA_008,CODE_DIF_JAVA_011,0.0,0.0
CODE_IDENT_JAVA_006,CODE_DIF_JAVA_011,0.0,0.0
CODE_DIF_JAVA_011,CODE_DIF_JAVA_015,0.0,0.0
CODE_IDENT_JAVA_003_COPY,CODE_DIF_JAVA_011,0.0,0.0
CODE_IDENT_JAVA_005,CODE_DIF_JAVA_011,0.0,0.0
CODE_FUN_JAVA_002,CODE_DIF_JAVA_011,0.0,0.0
CODE_IDENT_JAVA_008,CODE_DIF_JAVA_011,0.0,0.0
CODE_IDENT_JAVA_011_COPY,CODE_DIF_JAVA_011,0.0,0.0
CODE_FUN_JAVA_003,CODE_DIF_JAVA_011,0.0,0.0
CODE_IDENT_JAVA_007,CODE_DIF_JAVA_011,0.0,0.0
CODE_FUN_JAVA_004,CODE_DIF_JAVA_011,0.0,0.0
CODE_FUN_JAVA_005,CODE_DIF_JAVA_011,0.0,0.0
CODE_IDENT_JAVA_009,CODE_DIF_JAVA_011,0.0,0.0
CODE_FUN_JAVA_001,CODE_DIF_JAVA_011,0.0,0.0
CODE_IDENT_JAVA_011,CODE_DIF_JAVA_011,0.0,0.0
CODE_IDENT_JAVA_010,CODE_DIF_JAVA_011,0.0,0.0
CODE_IDENT_JAVA_013,CODE_DIF_JAVA_011,0.0,0.0
CODE_IDENT_JAVA_012,CODE_DIF_JAVA_011,0.0,0.0
CODE_IDENT_JAVA_007_COPY,CODE_DIF_JAVA_011,0.0,0.0
CODE_IDENT_JAVA_015_COPY,CODE_DIF_JAVA_011,0.0,0.0
CODE_IDENT_JAVA_001_COPY,CODE_DIF_JAVA_011,0.0,0.0
CODE_IDENT_JAVA_015,CODE_DIF_JAVA_011,0.0,0.0
CODE_IDENT_JAVA_014,CODE_DIF_JAVA_011,0.0,0.0
CODE_IDENT_JAVA_002_COPY,CODE_DIF_JAVA_011,0.0,0.0
CODE_DIF_JAVA_003,CODE_DIF_JAVA_011,0.0,0.0
CODE_IDENT_JAVA_005_COPY,CODE_DIF_JAVA_011,0.0,0.0
CODE_IDENT_JAVA_013_COPY,CODE_DIF_JAVA_011,0.0,0.0
CODE_DIF_JAVA_002,CODE_DIF_JAVA_011,0.0,0.0
CODE_IDENT_JAVA_010_COPY,CODE_DIF_JAVA_011,0.0,0.0
CODE_ESTRU_JAVA_002,CODE_DIF_JAVA_011,0.0,0.0
CODE_ESTRU_JAVA_003,CODE_DIF_JAVA_011,0.0,0.0
CODE_ESTRU_JAVA_001,CODE_DIF_JAVA_011,0.0,0.0
CODE_ESTRU_JAVA_008,CODE_DIF_JAVA_011,0.0,0.0
CODE_ESTRU_JAVA_009,CODE_DIF_JAVA_011,0.0,0.0
CODE_ESTRU_JAVA_006,CODE_DIF_JAVA_011,0.0,0.0
CODE_ESTRU_JAVA_007,CODE_DIF_JAVA_011,0.0,0.0
CODE_ESTRU_JAVA_004,CODE_DIF_JAVA_011,0.0,0.0
CODE_ESTRU_JAVA_005,CODE_DIF_JAVA_011,0.0,0.0
CODE_IDENT_JAVA_012_COPY,CODE_IDENT_JAVA_004_COPY,0.0,0.0
CODE_IDENT_JAVA_012_COPY,CODE_ESTRU_JAVA_010,0.0,0.0
CODE_IDENT_JAVA_012_COPY,CODE_DIF_JAVA_007,0.0,0.0
CODE_IDENT_JAVA_012_COPY,CODE_IDENT_JAVA_008_COPY,0.0,0.0
CODE_IDENT_JAVA_012_COPY,CODE_DIF_JAVA_006,0.0,0.0
CODE_IDENT_JAVA_012_COPY,CODE_DIF_JAVA_005,0.0,0.0
CODE_IDENT_JAVA_012_COPY,CODE_DIF_JAVA_004,0.0,0.0
CODE_IDENT_JAVA_012_COPY,CODE_FUN_JAVA_013,0.0,0.0
CODE_IDENT_JAVA_012_COPY,CODE_FUN_JAVA_014,0.0,0.0
CODE_IDENT_JAVA_012_COPY,CODE_DIF_JAVA_009,0.0,0.0
CODE_IDENT_JAVA_012_COPY,CODE_ESTRU_JAVA_015,0.0,0.0
CODE_IDENT_JAVA_012_COPY,CODE_FUN_JAVA_015,0.0,0.0
CODE_IDENT_JAVA_012_COPY,CODE_DIF_JAVA_008,0.0,0.0
CODE_IDENT_JAVA_012_COPY,CODE_FUN_JAVA_010,0.0,0.0
CODE_IDENT_JAVA_012_COPY,CODE_FUN_JAVA_011,0.0,0.0
CODE_IDENT_JAVA_012_COPY,CODE_FUN_JAVA_012,0.0,0.0
CODE_IDENT_JAVA_012_COPY,CODE_IDENT_JAVA_002,0.0,0.0
CODE_IDENT_JAVA_012_COPY,CODE_IDENT_JAVA_001,0.0,0.0
CODE_IDENT_JAVA_012_COPY,CODE_FUN_JAVA_006,0.0,0.0
CODE_IDENT_JAVA_012_COPY,CODE_IDENT_JAVA_004,0.0,0.0
CODE_IDENT_JAVA_012_COPY,CODE_IDENT_JAVA_006_COPY,0.0,0.0
CODE_IDENT_JAVA_012_COPY,CODE_FUN_JAVA_007,0.0,0.0
CODE_IDENT_JAVA_012_COPY,CODE_IDENT_JAVA_003,0.0,0.0
CODE_IDENT_JAVA_012_COPY,CODE_FUN_JAVA_008,0.0,0.0
CODE_IDENT_JAVA_012_COPY,CODE_IDENT_JAVA_006,0.0,0.0
CODE_IDENT_JAVA_012_COPY,CODE_DIF_JAVA_015,0.0,0.0
CODE_IDENT_JAVA_012_COPY,CODE_FUN_JAVA_009,0.0,0.0
CODE_IDENT_JAVA_012_COPY,CODE_IDENT_JAVA_003_COPY,0.0,0.0
CODE_IDENT_JAVA_012_COPY,CODE_IDENT_JAVA_005,0.0,0.0
CODE_IDENT_JAVA_012_COPY,CODE_FUN_JAVA_002,0.0,0.0
CODE_IDENT_JAVA_012_COPY,CODE_IDENT_JAVA_008,0.0,0.0
CODE_IDENT_JAVA_012_COPY,CODE_FUN_JAVA_003,0.0,0.0
CODE_IDENT_JAVA_007,CODE_IDENT_JAVA_012_COPY,0.0,0.0
CODE_IDENT_JAVA_012_COPY,CODE_FUN_JAVA_004,0.0,0.0
CODE_IDENT_JAVA_012_COPY,CODE_FUN_JAVA_005,0.0,0.0
CODE_IDENT_JAVA_012_COPY,CODE_IDENT_JAVA_009,0.0,0.0
CODE_IDENT_JAVA_012_COPY,CODE_FUN_JAVA_001,0.0,0.0
CODE_IDENT_JAVA_012_COPY,CODE_IDENT_JAVA_010,0.0,0.0
CODE_IDENT_JAVA_007_COPY,CODE_IDENT_JAVA_012_COPY,0.0,0.0
CODE_IDENT_JAVA_012_COPY,CODE_IDENT_JAVA_015_COPY,0.0,0.0
CODE_IDENT_JAVA_012_COPY,CODE_IDENT_JAVA_001_COPY,0.0,0.0
CODE_IDENT_JAVA_012_COPY,CODE_IDENT_JAVA_015,0.0,0.0
CODE_IDENT_JAVA_012_COPY,CODE_IDENT_JAVA_002_COPY,0.0,0.0
CODE_IDENT_JAVA_012_COPY,CODE_DIF_JAVA_003,0.0,0.0
CODE_IDENT_JAVA_012_COPY,CODE_IDENT_JAVA_005_COPY,0.0,0.0
CODE_IDENT_JAVA_012_COPY,CODE_DIF_JAVA_002,0.0,0.0
CODE_IDENT_JAVA_012_COPY,CODE_DIF_JAVA_001,0.0,0.0
CODE_IDENT_JAVA_012_COPY,CODE_IDENT_JAVA_010_COPY,0.0,0.0
CODE_IDENT_JAVA_012_COPY,CODE_ESTRU_JAVA_002,0.0,0.0
CODE_IDENT_JAVA_012_COPY,CODE_ESTRU_JAVA_003,0.0,0.0
CODE_IDENT_JAVA_012_COPY,CODE_ESTRU_JAVA_001,0.0,0.0
CODE_IDENT_JAVA_012_COPY,CODE_ESTRU_JAVA_008,0.0,0.0
CODE_IDENT_JAVA_012_COPY,CODE_ESTRU_JAVA_009,0.0,0.0
CODE_IDENT_JAVA_012_COPY,CODE_ESTRU_JAVA_006,0.0,0.0
CODE_IDENT_JAVA_012_COPY,CODE_ESTRU_JAVA_007,0.0,0.0
CODE_IDENT_JAVA_012_COPY,CODE_ESTRU_JAVA_004,0.0,0.0
CODE_IDENT_JAVA_012_COPY,CODE_ESTRU_JAVA_005,0.0,0.0
CODE_IDENT_JAVA_004_COPY,CODE_ESTRU_JAVA_013,0.0,0.0
CODE_ESTRU_JAVA_013,CODE_ESTRU_JAVA_010,0.0,0.0
CODE_ESTRU_JAVA_013,CODE_DIF_JAVA_007,0.0,0.0
CODE_IDENT_JAVA_008_COPY,CODE_ESTRU_JAVA_013,0.0,0.0
CODE_ESTRU_JAVA_013,CODE_DIF_JAVA_006,0.0,0.0
CODE_ESTRU_JAVA_013,CODE_DIF_JAVA_005,0.0,0.0
CODE_ESTRU_JAVA_013,CODE_DIF_JAVA_004,0.0,0.0
CODE_ESTRU_JAVA_013,CODE_FUN_JAVA_013,0.0,0.0
CODE_ESTRU_JAVA_013,CODE_FUN_JAVA_014,0.0,0.0
CODE_ESTRU_JAVA_013,CODE_DIF_JAVA_009,0.0,0.0
CODE_ESTRU_JAVA_013,CODE_ESTRU_JAVA_015,0.0,0.0
CODE_ESTRU_JAVA_013,CODE_FUN_JAVA_015,0.0,0.0
CODE_ESTRU_JAVA_013,CODE_DIF_JAVA_008,0.0,0.0
CODE_ESTRU_JAVA_013,CODE_FUN_JAVA_010,0.0,0.0
CODE_ESTRU_JAVA_013,CODE_FUN_JAVA_011,0.0,0.0
CODE_ESTRU_JAVA_013,CODE_FUN_JAVA_012,0.0,0.0
CODE_IDENT_JAVA_002,CODE_ESTRU_JAVA_013,0.0,0.0
CODE_IDENT_JAVA_001,CODE_ESTRU_JAVA_013,0.0,0.0
CODE_ESTRU_JAVA_013,CODE_FUN_JAVA_006,0.0,0.0
CODE_IDENT_JAVA_004,CODE_ESTRU_JAVA_013,0.0,0.0
CODE_IDENT_JAVA_006_COPY,CODE_ESTRU_JAVA_013,0.0,0.0
CODE_ESTRU_JAVA_013,CODE_FUN_JAVA_007,0.0,0.0
CODE_IDENT_JAVA_003,CODE_ESTRU_JAVA_013,0.0,0.0
CODE_ESTRU_JAVA_013,CODE_FUN_JAVA_008,0.0,0.0
CODE_IDENT_JAVA_006,CODE_ESTRU_JAVA_013,0.0,0.0
CODE_ESTRU_JAVA_013,CODE_DIF_JAVA_015,0.0,0.0
CODE_ESTRU_JAVA_013,CODE_FUN_JAVA_009,0.0,0.0
CODE_IDENT_JAVA_003_COPY,CODE_ESTRU_JAVA_013,0.0,0.0
CODE_IDENT_JAVA_005,CODE_ESTRU_JAVA_013,0.0,0.0
CODE_ESTRU_JAVA_013,CODE_FUN_JAVA_002,0.0,0.0
CODE_IDENT_JAVA_008,CODE_ESTRU_JAVA_013,0.0,0.0
CODE_FUN_JAVA_003,CODE_ESTRU_JAVA_013,0.0,0.0
CODE_IDENT_JAVA_007,CODE_ESTRU_JAVA_013,0.0,0.0
CODE_ESTRU_JAVA_013,CODE_FUN_JAVA_004,0.0,0.0
CODE_ESTRU_JAVA_013,CODE_FUN_JAVA_005,0.0,0.0
CODE_ESTRU_JAVA_013,CODE_IDENT_JAVA_009,0.0,0.0
CODE_FUN_JAVA_001,CODE_ESTRU_JAVA_013,0.0,0.0
CODE_ESTRU_JAVA_013,CODE_IDENT_JAVA_010,0.0,0.0
CODE_IDENT_JAVA_007_COPY,CODE_ESTRU_JAVA_013,0.0,0.0
CODE_ESTRU_JAVA_013,CODE_IDENT_JAVA_015_COPY,0.0,0.0
CODE_IDENT_JAVA_001_COPY,CODE_ESTRU_JAVA_013,0.0,0.0
CODE_ESTRU_JAVA_013,CODE_IDENT_JAVA_015,0.0,0.0
CODE_IDENT_JAVA_002_COPY,CODE_ESTRU_JAVA_013,0.0,0.0
CODE_ESTRU_JAVA_013,CODE_DIF_JAVA_003,0.0,0.0
CODE_IDENT_JAVA_005_COPY,CODE_ESTRU_JAVA_013,0.0,0.0
CODE_ESTRU_JAVA_013,CODE_DIF_JAVA_002,0.0,0.0
CODE_ESTRU_JAVA_013,CODE_DIF_JAVA_001,0.0,0.0
CODE_ESTRU_JAVA_013,CODE_IDENT_JAVA_010_COPY,0.0,0.0
CODE_ESTRU_JAVA_002,CODE_ESTRU_JAVA_013,0.0,0.0
CODE_ESTRU_JAVA_003,CODE_ESTRU_JAVA_013,0.0,0.0
CODE_ESTRU_JAVA_001,CODE_ESTRU_JAVA_013,0.0,0.0
CODE_ESTRU_JAVA_008,CODE_ESTRU_JAVA_013,0.0,0.0
CODE_ESTRU_JAVA_013,CODE_ESTRU_JAVA_009,0.0,0.0
CODE_ESTRU_JAVA_006,CODE_ESTRU_JAVA_013,0.0,0.0
CODE_ESTRU_JAVA_007,CODE_ESTRU_JAVA_013,0.0,0.0
CODE_ESTRU_JAVA_004,CODE_ESTRU_JAVA_013,0.0,0.0
CODE_ESTRU_JAVA_005,CODE_ESTRU_JAVA_013,0.0,0.0
CODE_ESTRU_JAVA_014,CODE_ESTRU_JAVA_010,0.0,0.0
CODE_ESTRU_JAVA_014,CODE_DIF_JAVA_007,0.0,0.0
CODE_ESTRU_JAVA_014,CODE_DIF_JAVA_006,0.0,0.0
CODE_ESTRU_JAVA_014,CODE_DIF_JAVA_005,0.0,0.0
CODE_ESTRU_JAVA_014,CODE_DIF_JAVA_004,0.0,0.0
CODE_FUN_JAVA_013,CODE_ESTRU_JAVA_014,0.0,0.0
CODE_ESTRU_JAVA_014,CODE_FUN_JAVA_014,0.0,0.0
CODE_ESTRU_JAVA_014,CODE_DIF_JAVA_009,0.0,0.0
CODE_ESTRU_JAVA_014,CODE_ESTRU_JAVA_015,0.0,0.0
CODE_ESTRU_JAVA_014,CODE_FUN_JAVA_015,0.0,0.0
CODE_ESTRU_JAVA_014,CODE_DIF_JAVA_008,0.0,0.0
CODE_ESTRU_JAVA_014,CODE_FUN_JAVA_010,0.0,0.0
CODE_ESTRU_JAVA_014,CODE_FUN_JAVA_011,0.0,0.0
CODE_ESTRU_JAVA_014,CODE_FUN_JAVA_012,0.0,0.0
CODE_IDENT_JAVA_002,CODE_ESTRU_JAVA_014,0.0,0.0
CODE_IDENT_JAVA_001,CODE_ESTRU_JAVA_014,0.0,0.0
CODE_ESTRU_JAVA_014,CODE_FUN_JAVA_006,0.0,0.0
CODE_IDENT_JAVA_006_COPY,CODE_ESTRU_JAVA_014,0.0,0.0
CODE_ESTRU_JAVA_014,CODE_FUN_JAVA_007,0.0,0.0
CODE_IDENT_JAVA_003,CODE_ESTRU_JAVA_014,0.0,0.0
CODE_FUN_JAVA_008,CODE_ESTRU_JAVA_014,0.0,0.0
CODE_IDENT_JAVA_006,CODE_ESTRU_JAVA_014,0.0,0.0
CODE_ESTRU_JAVA_014,CODE_DIF_JAVA_015,0.0,0.0
CODE_ESTRU_JAVA_014,CODE_FUN_JAVA_009,0.0,0.0
CODE_IDENT_JAVA_003_COPY,CODE_ESTRU_JAVA_014,0.0,0.0
CODE_IDENT_JAVA_005,CODE_ESTRU_JAVA_014,0.0,0.0
CODE_FUN_JAVA_002,CODE_ESTRU_JAVA_014,0.0,0.0
CODE_FUN_JAVA_003,CODE_ESTRU_JAVA_014,0.0,0.0
CODE_IDENT_JAVA_007,CODE_ESTRU_JAVA_014,0.0,0.0
CODE_ESTRU_JAVA_014,CODE_FUN_JAVA_004,0.0,0.0
CODE_ESTRU_JAVA_014,CODE_FUN_JAVA_005,0.0,0.0
CODE_IDENT_JAVA_009,CODE_ESTRU_JAVA_014,0.0,0.0
CODE_FUN_JAVA_001,CODE_ESTRU_JAVA_014,0.0,0.0
CODE_ESTRU_JAVA_014,CODE_IDENT_JAVA_010,0.0,0.0
CODE_IDENT_JAVA_007_COPY,CODE_ESTRU_JAVA_014,0.0,0.0
CODE_ESTRU_JAVA_014,CODE_IDENT_JAVA_015_COPY,0.0,0.0
CODE_IDENT_JAVA_001_COPY,CODE_ESTRU_JAVA_014,0.0,0.0
CODE_ESTRU_JAVA_014,CODE_IDENT_JAVA_015,0.0,0.0
CODE_IDENT_JAVA_002_COPY,CODE_ESTRU_JAVA_014,0.0,0.0
CODE_ESTRU_JAVA_014,CODE_DIF_JAVA_003,0.0,0.0
CODE_IDENT_JAVA_005_COPY,CODE_ESTRU_JAVA_014,0.0,0.0
CODE_DIF_JAVA_002,CODE_ESTRU_JAVA_014,0.0,0.0
CODE_ESTRU_JAVA_014,CODE_DIF_JAVA_001,0.0,0.0
CODE_ESTRU_JAVA_014,CODE_IDENT_JAVA_010_COPY,0.0,0.0
CODE_ESTRU_JAVA_002,CODE_ESTRU_JAVA_014,0.0,0.0
CODE_ESTRU_JAVA_003,CODE_ESTRU_JAVA_014,0.0,0.0
CODE_ESTRU_JAVA_001,CODE_ESTRU_JAVA_014,0.0,0.0
CODE_ESTRU_JAVA_009,CODE_ESTRU_JAVA_014,0.0,0.0
CODE_ESTRU_JAVA_006,CODE_ESTRU_JAVA_014,0.0,0.0
CODE_ESTRU_JAVA_007,CODE_ESTRU_JAVA_014,0.0,0.0
CODE_ESTRU_JAVA_005,CODE_ESTRU_JAVA_014,0.0,0.0
CODE_ESTRU_JAVA_011,CODE_IDENT_JAVA_004_COPY,0.0,0.0
CODE_ESTRU_JAVA_012,CODE_IDENT_JAVA_004_COPY,0.0,0.0
CODE_IDENT_JAVA_004_COPY,CODE_ESTRU_JAVA_010,0.0,0.0
CODE_IDENT_JAVA_004_COPY,CODE_DIF_JAVA_007,0.0,0.0
CODE_IDENT_JAVA_004_COPY,CODE_DIF_JAVA_006,0.0,0.0
CODE_IDENT_JAVA_004_COPY,CODE_DIF_JAVA_005,0.0,0.0
CODE_IDENT_JAVA_004_COPY,CODE_DIF_JAVA_004,0.0,0.0
CODE_IDENT_JAVA_004_COPY,CODE_FUN_JAVA_013,0.0,0.0
CODE_IDENT_JAVA_004_COPY,CODE_FUN_JAVA_014,0.0,0.0
CODE_IDENT_JAVA_004_COPY,CODE_DIF_JAVA_009,0.0,0.0
CODE_IDENT_JAVA_004_COPY,CODE_ESTRU_JAVA_015,0.0,0.0
CODE_IDENT_JAVA_004_COPY,CODE_FUN_JAVA_015,0.0,0.0
CODE_IDENT_JAVA_004_COPY,CODE_DIF_JAVA_008,0.0,0.0
CODE_IDENT_JAVA_004_COPY,CODE_FUN_JAVA_010,0.0,0.0
CODE_IDENT_JAVA_004_COPY,CODE_FUN_JAVA_011,0.0,0.0
CODE_IDENT_JAVA_004_COPY,CODE_FUN_JAVA_012,0.0,0.0
CODE_IDENT_JAVA_002,CODE_IDENT_JAVA_004_COPY,0.0,0.0
CODE_IDENT_JAVA_001,CODE_IDENT_JAVA_004_COPY,0.0,0.0
CODE_IDENT_JAVA_004_COPY,CODE_IDENT_JAVA_014_COPY,0.0,0.0
CODE_IDENT_JAVA_004_COPY,CODE_FUN_JAVA_006,0.0,0.0
CODE_IDENT_JAVA_006_COPY,CODE_IDENT_JAVA_004_COPY,0.0,0.0
CODE_IDENT_JAVA_004_COPY,CODE_FUN_JAVA_007,0.0,0.0
CODE_IDENT_JAVA_003,CODE_IDENT_JAVA_004_COPY,0.0,0.0
CODE_IDENT_JAVA_004_COPY,CODE_FUN_JAVA_008,0.0,0.0
CODE_IDENT_JAVA_006,CODE_IDENT_JAVA_004_COPY,0.0,0.0
CODE_IDENT_JAVA_004_COPY,CODE_DIF_JAVA_015,0.0,0.0
CODE_IDENT_JAVA_004_COPY,CODE_FUN_JAVA_009,0.0,0.0
CODE_IDENT_JAVA_003_COPY,CODE_IDENT_JAVA_004_COPY,0.0,0.0
CODE_IDENT_JAVA_005,CODE_IDENT_JAVA_004_COPY,0.0,0.0
CODE_IDENT_JAVA_004_COPY,CODE_FUN_JAVA_002,0.0,0.0
CODE_IDENT_JAVA_011_COPY,CODE_IDENT_JAVA_004_COPY,0.0,0.0
CODE_FUN_JAVA_003,CODE_IDENT_JAVA_004_COPY,0.0,0.0
CODE_IDENT_JAVA_007,CODE_IDENT_JAVA_004_COPY,0.0,0.0
CODE_IDENT_JAVA_004_COPY,CODE_FUN_JAVA_004,0.0,0.0
CODE_IDENT_JAVA_004_COPY,CODE_FUN_JAVA_005,0.0,0.0
CODE_IDENT_JAVA_004_COPY,CODE_IDENT_JAVA_009,0.0,0.0
CODE_FUN_JAVA_001,CODE_IDENT_JAVA_004_COPY,0.0,0.0
CODE_IDENT_JAVA_011,CODE_IDENT_JAVA_004_COPY,0.0,0.0
CODE_IDENT_JAVA_004_COPY,CODE_IDENT_JAVA_010,0.0,0.0
CODE_IDENT_JAVA_013,CODE_IDENT_JAVA_004_COPY,0.0,0.0
CODE_IDENT_JAVA_012,CODE_IDENT_JAVA_004_COPY,0.0,0.0
CODE_IDENT_JAVA_007_COPY,CODE_IDENT_JAVA_004_COPY,0.0,0.0
CODE_IDENT_JAVA_004_COPY,CODE_IDENT_JAVA_015_COPY,0.0,0.0
CODE_IDENT_JAVA_001_COPY,CODE_IDENT_JAVA_004_COPY,0.0,0.0
CODE_IDENT_JAVA_004_COPY,CODE_IDENT_JAVA_015,0.0,0.0
CODE_IDENT_JAVA_004_COPY,CODE_IDENT_JAVA_014,0.0,0.0
CODE_IDENT_JAVA_002_COPY,CODE_IDENT_JAVA_004_COPY,0.0,0.0
CODE_IDENT_JAVA_004_COPY,CODE_DIF_JAVA_003,0.0,0.0
CODE_IDENT_JAVA_005_COPY,CODE_IDENT_JAVA_004_COPY,0.0,0.0
CODE_IDENT_JAVA_013_COPY,CODE_IDENT_JAVA_004_COPY,0.0,0.0
CODE_IDENT_JAVA_004_COPY,CODE_DIF_JAVA_002,0.0,0.0
CODE_IDENT_JAVA_004_COPY,CODE_DIF_JAVA_001,0.0,0.0
CODE_IDENT_JAVA_004_COPY,CODE_IDENT_JAVA_010_COPY,0.0,0.0
CODE_ESTRU_JAVA_002,CODE_IDENT_JAVA_004_COPY,0.0,0.0
CODE_ESTRU_JAVA_003,CODE_IDENT_JAVA_004_COPY,0.0,0.0
CODE_ESTRU_JAVA_001,CODE_IDENT_JAVA_004_COPY,0.0,0.0
CODE_IDENT_JAVA_004_COPY,CODE_ESTRU_JAVA_009,0.0,0.0
CODE_ESTRU_JAVA_006,CODE_IDENT_JAVA_004_COPY,0.0,0.0
CODE_ESTRU_JAVA_007,CODE_IDENT_JAVA_004_COPY,0.0,0.0
CODE_ESTRU_JAVA_005,CODE_IDENT_JAVA_004_COPY,0.0,0.0
CODE_ESTRU_JAVA_011,CODE_ESTRU_JAVA_010,0.0,0.0
CODE_ESTRU_JAVA_011,CODE_DIF_JAVA_007,0.0,0.0
CODE_ESTRU_JAVA_011,CODE_IDENT_JAVA_008_COPY,0.0,0.0
CODE_ESTRU_JAVA_011,CODE_DIF_JAVA_006,0.0,0.0
CODE_ESTRU_JAVA_011,CODE_DIF_JAVA_005,0.0,0.0
CODE_ESTRU_JAVA_011,CODE_DIF_JAVA_004,0.0,0.0
CODE_ESTRU_JAVA_011,CODE_FUN_JAVA_013,0.0,0.0
CODE_ESTRU_JAVA_011,CODE_FUN_JAVA_014,0.0,0.0
CODE_ESTRU_JAVA_011,CODE_DIF_JAVA_009,0.0,0.0
CODE_ESTRU_JAVA_011,CODE_ESTRU_JAVA_015,0.0,0.0
CODE_ESTRU_JAVA_011,CODE_FUN_JAVA_015,0.0,0.0
CODE_ESTRU_JAVA_011,CODE_DIF_JAVA_008,0.0,0.0
CODE_ESTRU_JAVA_011,CODE_FUN_JAVA_010,0.0,0.0
CODE_ESTRU_JAVA_011,CODE_FUN_JAVA_011,0.0,0.0
CODE_ESTRU_JAVA_011,CODE_FUN_JAVA_012,0.0,0.0
CODE_ESTRU_JAVA_011,CODE_IDENT_JAVA_002,0.0,0.0
CODE_IDENT_JAVA_001,CODE_ESTRU_JAVA_011,0.0,0.0
CODE_ESTRU_JAVA_011,CODE_FUN_JAVA_006,0.0,0.0
CODE_ESTRU_JAVA_011,CODE_IDENT_JAVA_004,0.0,0.0
CODE_IDENT_JAVA_006_COPY,CODE_ESTRU_JAVA_011,0.0,0.0
CODE_ESTRU_JAVA_011,CODE_FUN_JAVA_007,0.0,0.0
CODE_IDENT_JAVA_003,CODE_ESTRU_JAVA_011,0.0,0.0
CODE_ESTRU_JAVA_011,CODE_FUN_JAVA_008,0.0,0.0
CODE_IDENT_JAVA_006,CODE_ESTRU_JAVA_011,0.0,0.0
CODE_ESTRU_JAVA_011,CODE_DIF_JAVA_015,0.0,0.0
CODE_ESTRU_JAVA_011,CODE_FUN_JAVA_009,0.0,0.0
CODE_IDENT_JAVA_003_COPY,CODE_ESTRU_JAVA_011,0.0,0.0
CODE_IDENT_JAVA_005,CODE_ESTRU_JAVA_011,0.0,0.0
CODE_ESTRU_JAVA_011,CODE_FUN_JAVA_002,0.0,0.0
CODE_ESTRU_JAVA_011,CODE_IDENT_JAVA_008,0.0,0.0
CODE_FUN_JAVA_003,CODE_ESTRU_JAVA_011,0.0,0.0
CODE_IDENT_JAVA_007,CODE_ESTRU_JAVA_011,0.0,0.0
CODE_ESTRU_JAVA_011,CODE_FUN_JAVA_004,0.0,0.0
CODE_ESTRU_JAVA_011,CODE_FUN_JAVA_005,0.0,0.0
CODE_ESTRU_JAVA_011,CODE_IDENT_JAVA_009,0.0,0.0
CODE_ESTRU_JAVA_011,CODE_FUN_JAVA_001,0.0,0.0
CODE_ESTRU_JAVA_011,CODE_IDENT_JAVA_010,0.0,0.0
CODE_IDENT_JAVA_007_COPY,CODE_ESTRU_JAVA_011,0.0,0.0
CODE_ESTRU_JAVA_011,CODE_IDENT_JAVA_015_COPY,0.0,0.0
CODE_IDENT_JAVA_001_COPY,CODE_ESTRU_JAVA_011,0.0,0.0
CODE_ESTRU_JAVA_011,CODE_IDENT_JAVA_015,0.0,0.0
CODE_ESTRU_JAVA_011,CODE_IDENT_JAVA_002_COPY,0.0,0.0
CODE_ESTRU_JAVA_011,CODE_DIF_JAVA_003,0.0,0.0
CODE_IDENT_JAVA_005_COPY,CODE_ESTRU_JAVA_011,0.0,0.0
CODE_ESTRU_JAVA_011,CODE_DIF_JAVA_002,0.0,0.0
CODE_ESTRU_JAVA_011,CODE_DIF_JAVA_001,0.0,0.0
CODE_ESTRU_JAVA_011,CODE_IDENT_JAVA_010_COPY,0.0,0.0
CODE_ESTRU_JAVA_011,CODE_ESTRU_JAVA_002,0.0,0.0
CODE_ESTRU_JAVA_003,CODE_ESTRU_JAVA_011,0.0,0.0
CODE_ESTRU_JAVA_001,CODE_ESTRU_JAVA_011,0.0,0.0
CODE_ESTRU_JAVA_011,CODE_ESTRU_JAVA_008,0.0,0.0
CODE_ESTRU_JAVA_011,CODE_ESTRU_JAVA_009,0.0,0.0
CODE_ESTRU_JAVA_006,CODE_ESTRU_JAVA_011,0.0,0.0
CODE_ESTRU_JAVA_007,CODE_ESTRU_JAVA_011,0.0,0.0
CODE_ESTRU_JAVA_011,CODE_ESTRU_JAVA_004,0.0,0.0
CODE_ESTRU_JAVA_005,CODE_ESTRU_JAVA_011,0.0,0.0
CODE_ESTRU_JAVA_012,CODE_ESTRU_JAVA_010,0.0,0.0
CODE_ESTRU_JAVA_012,CODE_DIF_JAVA_007,0.0,0.0
CODE_ESTRU_JAVA_012,CODE_IDENT_JAVA_008_COPY,0.0,0.0
CODE_ESTRU_JAVA_012,CODE_DIF_JAVA_006,0.0,0.0
CODE_ESTRU_JAVA_012,CODE_DIF_JAVA_005,0.0,0.0
CODE_ESTRU_JAVA_012,CODE_DIF_JAVA_004,0.0,0.0
CODE_ESTRU_JAVA_012,CODE_FUN_JAVA_013,0.0,0.0
CODE_ESTRU_JAVA_012,CODE_FUN_JAVA_014,0.0,0.0
CODE_ESTRU_JAVA_012,CODE_DIF_JAVA_009,0.0,0.0
CODE_ESTRU_JAVA_012,CODE_ESTRU_JAVA_015,0.0,0.0
CODE_ESTRU_JAVA_012,CODE_FUN_JAVA_015,0.0,0.0
CODE_ESTRU_JAVA_012,CODE_DIF_JAVA_008,0.0,0.0
CODE_ESTRU_JAVA_012,CODE_FUN_JAVA_010,0.0,0.0
CODE_ESTRU_JAVA_012,CODE_FUN_JAVA_011,0.0,0.0
CODE_ESTRU_JAVA_012,CODE_FUN_JAVA_012,0.0,0.0
CODE_ESTRU_JAVA_012,CODE_IDENT_JAVA_002,0.0,0.0
CODE_IDENT_JAVA_001,CODE_ESTRU_JAVA_012,0.0,0.0
CODE_ESTRU_JAVA_012,CODE_FUN_JAVA_006,0.0,0.0
CODE_ESTRU_JAVA_012,CODE_IDENT_JAVA_004,0.0,0.0
CODE_IDENT_JAVA_006_COPY,CODE_ESTRU_JAVA_012,0.0,0.0
CODE_ESTRU_JAVA_012,CODE_FUN_JAVA_007,0.0,0.0
CODE_IDENT_JAVA_003,CODE_ESTRU_JAVA_012,0.0,0.0
CODE_ESTRU_JAVA_012,CODE_FUN_JAVA_008,0.0,0.0
CODE_IDENT_JAVA_006,CODE_ESTRU_JAVA_012,0.0,0.0
CODE_ESTRU_JAVA_012,CODE_DIF_JAVA_015,0.0,0.0
CODE_ESTRU_JAVA_012,CODE_FUN_JAVA_009,0.0,0.0
CODE_IDENT_JAVA_003_COPY,CODE_ESTRU_JAVA_012,0.0,0.0
CODE_IDENT_JAVA_005,CODE_ESTRU_JAVA_012,0.0,0.0
CODE_ESTRU_JAVA_012,CODE_FUN_JAVA_002,0.0,0.0
CODE_ESTRU_JAVA_012,CODE_IDENT_JAVA_008,0.0,0.0
CODE_FUN_JAVA_003,CODE_ESTRU_JAVA_012,0.0,0.0
CODE_IDENT_JAVA_007,CODE_ESTRU_JAVA_012,0.0,0.0
CODE_ESTRU_JAVA_012,CODE_FUN_JAVA_004,0.0,0.0
CODE_ESTRU_JAVA_012,CODE_FUN_JAVA_005,0.0,0.0
CODE_ESTRU_JAVA_012,CODE_IDENT_JAVA_009,0.0,0.0
CODE_ESTRU_JAVA_012,CODE_FUN_JAVA_001,0.0,0.0
CODE_ESTRU_JAVA_012,CODE_IDENT_JAVA_010,0.0,0.0
CODE_IDENT_JAVA_007_COPY,CODE_ESTRU_JAVA_012,0.0,0.0
CODE_ESTRU_JAVA_012,CODE_IDENT_JAVA_015_COPY,0.0,0.0
CODE_IDENT_JAVA_001_COPY,CODE_ESTRU_JAVA_012,0.0,0.0
CODE_ESTRU_JAVA_012,CODE_IDENT_JAVA_015,0.0,0.0
CODE_ESTRU_JAVA_012,CODE_IDENT_JAVA_002_COPY,0.0,0.0
CODE_ESTRU_JAVA_012,CODE_DIF_JAVA_003,0.0,0.0
CODE_IDENT_JAVA_005_COPY,CODE_ESTRU_JAVA_012,0.0,0.0
CODE_ESTRU_JAVA_012,CODE_DIF_JAVA_002,0.0,0.0
CODE_ESTRU_JAVA_012,CODE_DIF_JAVA_001,0.0,0.0
CODE_ESTRU_JAVA_012,CODE_IDENT_JAVA_010_COPY,0.0,0.0
CODE_ESTRU_JAVA_012,CODE_ESTRU_JAVA_002,0.0,0.0
CODE_ESTRU_JAVA_003,CODE_ESTRU_JAVA_012,0.0,0.0
CODE_ESTRU_JAVA_001,CODE_ESTRU_JAVA_012,0.0,0.0
CODE_ESTRU_JAVA_012,CODE_ESTRU_JAVA_008,0.0,0.0
CODE_ESTRU_JAVA_012,CODE_ESTRU_JAVA_009,0.0,0.0
CODE_ESTRU_JAVA_006,CODE_ESTRU_JAVA_012,0.0,0.0
CODE_ESTRU_JAVA_007,CODE_ESTRU_JAVA_012,0.0,0.0
CODE_ESTRU_JAVA_012,CODE_ESTRU_JAVA_004,0.0,0.0
CODE_ESTRU_JAVA_005,CODE_ESTRU_JAVA_012,0.0,0.0
CODE_ESTRU_JAVA_010,CODE_DIF_JAVA_007,0.0,0.0
CODE_IDENT_JAVA_008_COPY,CODE_ESTRU_JAVA_010,0.0,0.0
CODE_ESTRU_JAVA_010,CODE_DIF_JAVA_006,0.0,0.0
CODE_ESTRU_JAVA_010,CODE_DIF_JAVA_005,0.0,0.0
CODE_ESTRU_JAVA_010,CODE_DIF_JAVA_004,0.0,0.0
CODE_FUN_JAVA_013,CODE_ESTRU_JAVA_010,0.0,0.0
CODE_ESTRU_JAVA_010,CODE_FUN_JAVA_014,0.0,0.0
CODE_ESTRU_JAVA_010,CODE_DIF_JAVA_009,0.0,0.0
CODE_ESTRU_JAVA_010,CODE_ESTRU_JAVA_015,0.0,0.0
CODE_ESTRU_JAVA_010,CODE_FUN_JAVA_015,0.0,0.0
CODE_ESTRU_JAVA_010,CODE_DIF_JAVA_008,0.0,0.0
CODE_FUN_JAVA_011,CODE_ESTRU_JAVA_010,0.0,0.0
CODE_FUN_JAVA_012,CODE_ESTRU_JAVA_010,0.0,0.0
CODE_IDENT_JAVA_002,CODE_ESTRU_JAVA_010,0.0,0.0
CODE_IDENT_JAVA_001,CODE_ESTRU_JAVA_010,0.0,0.0
CODE_IDENT_JAVA_014_COPY,CODE_ESTRU_JAVA_010,0.0,0.0
CODE_ESTRU_JAVA_010,CODE_FUN_JAVA_006,0.0,0.0
CODE_IDENT_JAVA_004,CODE_ESTRU_JAVA_010,0.0,0.0
CODE_IDENT_JAVA_006_COPY,CODE_ESTRU_JAVA_010,0.0,0.0
CODE_ESTRU_JAVA_010,CODE_FUN_JAVA_007,0.0,0.0
CODE_IDENT_JAVA_003,CODE_ESTRU_JAVA_010,0.0,0.0
CODE_FUN_JAVA_008,CODE_ESTRU_JAVA_010,0.0,0.0
CODE_IDENT_JAVA_006,CODE_ESTRU_JAVA_010,0.0,0.0
CODE_ESTRU_JAVA_010,CODE_DIF_JAVA_015,0.0,0.0
CODE_ESTRU_JAVA_010,CODE_FUN_JAVA_009,0.0,0.0
CODE_IDENT_JAVA_003_COPY,CODE_ESTRU_JAVA_010,0.0,0.0
CODE_IDENT_JAVA_005,CODE_ESTRU_JAVA_010,0.0,0.0
CODE_FUN_JAVA_002,CODE_ESTRU_JAVA_010,0.0,0.0
CODE_IDENT_JAVA_008,CODE_ESTRU_JAVA_010,0.0,0.0
CODE_IDENT_JAVA_011_COPY,CODE_ESTRU_JAVA_010,0.0,0.0
CODE_FUN_JAVA_003,CODE_ESTRU_JAVA_010,0.0,0.0
CODE_IDENT_JAVA_007,CODE_ESTRU_JAVA_010,0.0,0.0
CODE_FUN_JAVA_004,CODE_ESTRU_JAVA_010,0.0,0.0
CODE_FUN_JAVA_005,CODE_ESTRU_JAVA_010,0.0,0.0
CODE_IDENT_JAVA_009,CODE_ESTRU_JAVA_010,0.0,0.0
CODE_FUN_JAVA_001,CODE_ESTRU_JAVA_010,0.0,0.0
CODE_IDENT_JAVA_011,CODE_ESTRU_JAVA_010,0.0,0.0
CODE_IDENT_JAVA_013,CODE_ESTRU_JAVA_010,0.0,0.0
CODE_IDENT_JAVA_012,CODE_ESTRU_JAVA_010,0.0,0.0
CODE_IDENT_JAVA_007_COPY,CODE_ESTRU_JAVA_010,0.0,0.0
CODE_ESTRU_JAVA_010,CODE_IDENT_JAVA_015_COPY,0.0,0.0
CODE_IDENT_JAVA_001_COPY,CODE_ESTRU_JAVA_010,0.0,0.0
CODE_ESTRU_JAVA_010,CODE_IDENT_JAVA_015,0.0,0.0
CODE_IDENT_JAVA_014,CODE_ESTRU_JAVA_010,0.0,0.0
CODE_IDENT_JAVA_002_COPY,CODE_ESTRU_JAVA_010,0.0,0.0
CODE_ESTRU_JAVA_010,CODE_DIF_JAVA_003,0.0,0.0
CODE_IDENT_JAVA_005_COPY,CODE_ESTRU_JAVA_010,0.0,0.0
CODE_IDENT_JAVA_013_COPY,CODE_ESTRU_JAVA_010,0.0,0.0
CODE_DIF_JAVA_002,CODE_ESTRU_JAVA_010,0.0,0.0
CODE_ESTRU_JAVA_010,CODE_DIF_JAVA_001,0.0,0.0
CODE_ESTRU_JAVA_002,CODE_ESTRU_JAVA_010,0.0,0.0
CODE_ESTRU_JAVA_003,CODE_ESTRU_JAVA_010,0.0,0.0
CODE_ESTRU_JAVA_001,CODE_ESTRU_JAVA_010,0.0,0.0
CODE_ESTRU_JAVA_008,CODE_ESTRU_JAVA_010,0.0,0.0
CODE_ESTRU_JAVA_009,CODE_ESTRU_JAVA_010,0.0,0.0
CODE_ESTRU_JAVA_006,CODE_ESTRU_JAVA_010,0.0,0.0
CODE_ESTRU_JAVA_007,CODE_ESTRU_JAVA_010,0.0,0.0
CODE_ESTRU_JAVA_004,CODE_ESTRU_JAVA_010,0.0,0.0
CODE_ESTRU_JAVA_005,CODE_ESTRU_JAVA_010,0.0,0.0
CODE_IDENT_JAVA_008_COPY,CODE_DIF_JAVA_007,0.0,0.0
CODE_DIF_JAVA_006,CODE_DIF_JAVA_007,0.0,0.0
CODE_FUN_JAVA_013,CODE_DIF_JAVA_007,0.0,0.0
CODE_FUN_JAVA_014,CODE_DIF_JAVA_007,0.0,0.0
CODE_ESTRU_JAVA_015,CODE_DIF_JAVA_007,0.0,0.0
CODE_FUN_JAVA_015,CODE_DIF_JAVA_007,0.0,0.0
CODE_DIF_JAVA_007,CODE_DIF_JAVA_008,0.0,0.0
CODE_FUN_JAVA_010,CODE_DIF_JAVA_007,0.0,0.0
CODE_FUN_JAVA_011,CODE_DIF_JAVA_007,0.0,0.0
CODE_FUN_JAVA_012,CODE_DIF_JAVA_007,0.0,0.0
CODE_IDENT_JAVA_002,CODE_DIF_JAVA_007,0.0,0.0
CODE_IDENT_JAVA_001,CODE_DIF_JAVA_007,0.0,0.0
CODE_IDENT_JAVA_014_COPY,CODE_DIF_JAVA_007,0.0,0.0
CODE_FUN_JAVA_006,CODE_DIF_JAVA_007,0.0,0.0
CODE_IDENT_JAVA_004,CODE_DIF_JAVA_007,0.0,0.0
CODE_IDENT_JAVA_006_COPY,CODE_DIF_JAVA_007,0.0,0.0
CODE_FUN_JAVA_007,CODE_DIF_JAVA_007,0.0,0.0
CODE_IDENT_JAVA_003,CODE_DIF_JAVA_007,0.0,0.0
CODE_FUN_JAVA_008,CODE_DIF_JAVA_007,0.0,0.0
CODE_IDENT_JAVA_006,CODE_DIF_JAVA_007,0.0,0.0
CODE_IDENT_JAVA_003_COPY,CODE_DIF_JAVA_007,0.0,0.0
CODE_IDENT_JAVA_005,CODE_DIF_JAVA_007,0.0,0.0
CODE_FUN_JAVA_002,CODE_DIF_JAVA_007,0.0,0.0
CODE_IDENT_JAVA_008,CODE_DIF_JAVA_007,0.0,0.0
CODE_IDENT_JAVA_011_COPY,CODE_DIF_JAVA_007,0.0,0.0
CODE_IDENT_JAVA_007,CODE_DIF_JAVA_007,0.0,0.0
CODE_FUN_JAVA_005,CODE_DIF_JAVA_007,0.0,0.0
CODE_FUN_JAVA_001,CODE_DIF_JAVA_007,0.0,0.0
CODE_IDENT_JAVA_011,CODE_DIF_JAVA_007,0.0,0.0
CODE_IDENT_JAVA_010,CODE_DIF_JAVA_007,0.0,0.0
CODE_IDENT_JAVA_013,CODE_DIF_JAVA_007,0.0,0.0
CODE_IDENT_JAVA_012,CODE_DIF_JAVA_007,0.0,0.0
CODE_IDENT_JAVA_007_COPY,CODE_DIF_JAVA_007,0.0,0.0
CODE_IDENT_JAVA_015_COPY,CODE_DIF_JAVA_007,0.0,0.0
CODE_IDENT_JAVA_001_COPY,CODE_DIF_JAVA_007,0.0,0.0
CODE_IDENT_JAVA_015,CODE_DIF_JAVA_007,0.0,0.0
CODE_IDENT_JAVA_014,CODE_DIF_JAVA_007,0.0,0.0
CODE_IDENT_JAVA_002_COPY,CODE_DIF_JAVA_007,0.0,0.0
CODE_IDENT_JAVA_005_COPY,CODE_DIF_JAVA_007,0.0,0.0
CODE_IDENT_JAVA_013_COPY,CODE_DIF_JAVA_007,0.0,0.0
CODE_DIF_JAVA_001,CODE_DIF_JAVA_007,0.0,0.0
CODE_IDENT_JAVA_010_COPY,CODE_DIF_JAVA_007,0.0,0.0
CODE_ESTRU_JAVA_002,CODE_DIF_JAVA_007,0.0,0.0
CODE_ESTRU_JAVA_003,CODE_DIF_JAVA_007,0.0,0.0
CODE_ESTRU_JAVA_001,CODE_DIF_JAVA_007,0.0,0.0
CODE_ESTRU_JAVA_008,CODE_DIF_JAVA_007,0.0,0.0
CODE_ESTRU_JAVA_006,CODE_DIF_JAVA_007,0.0,0.0
CODE_ESTRU_JAVA_007,CODE_DIF_JAVA_007,0.0,0.0
CODE_ESTRU_JAVA_004,CODE_DIF_JAVA_007,0.0,0.0
CODE_ESTRU_JAVA_005,CODE_DIF_JAVA_007,0.0,0.0
CODE_IDENT_JAVA_008_COPY,CODE_DIF_JAVA_006,0.0,0.0
CODE_IDENT_JAVA_008_COPY,CODE_DIF_JAVA_005,0.0,0.0
CODE_IDENT_JAVA_008_COPY,CODE_DIF_JAVA_004,0.0,0.0
CODE_IDENT_JAVA_008_COPY,CODE_FUN_JAVA_013,0.0,0.0
CODE_IDENT_JAVA_008_COPY,CODE_FUN_JAVA_014,0.0,0.0
CODE_IDENT_JAVA_008_COPY,CODE_DIF_JAVA_009,0.0,0.0
CODE_IDENT_JAVA_008_COPY,CODE_ESTRU_JAVA_015,0.0,0.0
CODE_IDENT_JAVA_008_COPY,CODE_FUN_JAVA_015,0.0,0.0
CODE_IDENT_JAVA_008_COPY,CODE_DIF_JAVA_008,0.0,0.0
CODE_IDENT_JAVA_008_COPY,CODE_FUN_JAVA_010,0.0,0.0
CODE_IDENT_JAVA_008_COPY,CODE_FUN_JAVA_011,0.0,0.0
CODE_IDENT_JAVA_008_COPY,CODE_FUN_JAVA_012,0.0,0.0
CODE_IDENT_JAVA_008_COPY,CODE_IDENT_JAVA_002,0.0,0.0
CODE_IDENT_JAVA_001,CODE_IDENT_JAVA_008_COPY,0.0,0.0
CODE_IDENT_JAVA_008_COPY,CODE_IDENT_JAVA_014_COPY,0.0,0.0
CODE_IDENT_JAVA_008_COPY,CODE_FUN_JAVA_006,0.0,0.0
CODE_IDENT_JAVA_006_COPY,CODE_IDENT_JAVA_008_COPY,0.0,0.0
CODE_IDENT_JAVA_008_COPY,CODE_FUN_JAVA_007,0.0,0.0
CODE_IDENT_JAVA_003,CODE_IDENT_JAVA_008_COPY,0.0,0.0
CODE_IDENT_JAVA_008_COPY,CODE_FUN_JAVA_008,0.0,0.0
CODE_IDENT_JAVA_006,CODE_IDENT_JAVA_008_COPY,0.0,0.0
CODE_IDENT_JAVA_008_COPY,CODE_DIF_JAVA_015,0.0,0.0
CODE_IDENT_JAVA_008_COPY,CODE_FUN_JAVA_009,0.0,0.0
CODE_IDENT_JAVA_003_COPY,CODE_IDENT_JAVA_008_COPY,0.0,0.0
CODE_IDENT_JAVA_005,CODE_IDENT_JAVA_008_COPY,0.0,0.0
CODE_IDENT_JAVA_008_COPY,CODE_FUN_JAVA_002,0.0,0.0
CODE_IDENT_JAVA_011_COPY,CODE_IDENT_JAVA_008_COPY,0.0,0.0
CODE_FUN_JAVA_003,CODE_IDENT_JAVA_008_COPY,0.0,0.0
CODE_IDENT_JAVA_007,CODE_IDENT_JAVA_008_COPY,0.0,0.0
CODE_IDENT_JAVA_008_COPY,CODE_FUN_JAVA_004,0.0,0.0
CODE_IDENT_JAVA_008_COPY,CODE_FUN_JAVA_005,0.0,0.0
CODE_IDENT_JAVA_008_COPY,CODE_FUN_JAVA_001,0.0,0.0
CODE_IDENT_JAVA_011,CODE_IDENT_JAVA_008_COPY,0.0,0.0
CODE_IDENT_JAVA_008_COPY,CODE_IDENT_JAVA_010,0.0,0.0
CODE_IDENT_JAVA_013,CODE_IDENT_JAVA_008_COPY,0.0,0.0
CODE_IDENT_JAVA_012,CODE_IDENT_JAVA_008_COPY,0.0,0.0
CODE_IDENT_JAVA_007_COPY,CODE_IDENT_JAVA_008_COPY,0.0,0.0
CODE_IDENT_JAVA_008_COPY,CODE_IDENT_JAVA_015_COPY,0.0,0.0
CODE_IDENT_JAVA_001_COPY,CODE_IDENT_JAVA_008_COPY,0.0,0.0
CODE_IDENT_JAVA_008_COPY,CODE_IDENT_JAVA_015,0.0,0.0
CODE_IDENT_JAVA_008_COPY,CODE_IDENT_JAVA_014,0.0,0.0
CODE_IDENT_JAVA_008_COPY,CODE_IDENT_JAVA_002_COPY,0.0,0.0
CODE_IDENT_JAVA_008_COPY,CODE_DIF_JAVA_003,0.0,0.0
CODE_IDENT_JAVA_005_COPY,CODE_IDENT_JAVA_008_COPY,0.0,0.0
CODE_IDENT_JAVA_013_COPY,CODE_IDENT_JAVA_008_COPY,0.0,0.0
CODE_IDENT_JAVA_008_COPY,CODE_DIF_JAVA_002,0.0,0.0
CODE_IDENT_JAVA_008_COPY,CODE_DIF_JAVA_001,0.0,0.0
CODE_IDENT_JAVA_008_COPY,CODE_IDENT_JAVA_010_COPY,0.0,0.0
CODE_IDENT_JAVA_008_COPY,CODE_ESTRU_JAVA_002,0.0,0.0
CODE_ESTRU_JAVA_003,CODE_IDENT_JAVA_008_COPY,0.0,0.0
CODE_ESTRU_JAVA_001,CODE_IDENT_JAVA_008_COPY,0.0,0.0
CODE_ESTRU_JAVA_006,CODE_IDENT_JAVA_008_COPY,0.0,0.0
CODE_ESTRU_JAVA_007,CODE_IDENT_JAVA_008_COPY,0.0,0.0
CODE_ESTRU_JAVA_005,CODE_IDENT_JAVA_008_COPY,0.0,0.0
CODE_DIF_JAVA_004,CODE_DIF_JAVA_006,0.0,0.0
CODE_FUN_JAVA_013,CODE_DIF_JAVA_006,0.0,0.0
CODE_FUN_JAVA_014,CODE_DIF_JAVA_006,0.0,0.0
CODE_DIF_JAVA_006,CODE_DIF_JAVA_009,0.0,0.0
CODE_ESTRU_JAVA_015,CODE_DIF_JAVA_006,0.0,0.0
CODE_FUN_JAVA_015,CODE_DIF_JAVA_006,0.0,0.0
CODE_DIF_JAVA_006,CODE_DIF_JAVA_008,0.0,0.0
CODE_FUN_JAVA_010,CODE_DIF_JAVA_006,0.0,0.0
CODE_FUN_JAVA_011,CODE_DIF_JAVA_006,0.0,0.0
CODE_FUN_JAVA_012,CODE_DIF_JAVA_006,0.0,0.0
CODE_IDENT_JAVA_002,CODE_DIF_JAVA_006,0.0,0.0
CODE_IDENT_JAVA_001,CODE_DIF_JAVA_006,0.0,0.0
CODE_IDENT_JAVA_014_COPY,CODE_DIF_JAVA_006,0.0,0.0
CODE_FUN_JAVA_006,CODE_DIF_JAVA_006,0.0,0.0
CODE_IDENT_JAVA_004,CODE_DIF_JAVA_006,0.0,0.0
CODE_IDENT_JAVA_006_COPY,CODE_DIF_JAVA_006,0.0,0.0
CODE_FUN_JAVA_007,CODE_DIF_JAVA_006,0.0,0.0
CODE_IDENT_JAVA_003,CODE_DIF_JAVA_006,0.0,0.0
CODE_FUN_JAVA_008,CODE_DIF_JAVA_006,0.0,0.0
CODE_IDENT_JAVA_006,CODE_DIF_JAVA_006,0.0,0.0
CODE_DIF_JAVA_006,CODE_DIF_JAVA_015,0.0,0.0
CODE_FUN_JAVA_009,CODE_DIF_JAVA_006,0.0,0.0
CODE_IDENT_JAVA_003_COPY,CODE_DIF_JAVA_006,0.0,0.0
CODE_IDENT_JAVA_005,CODE_DIF_JAVA_006,0.0,0.0
CODE_FUN_JAVA_002,CODE_DIF_JAVA_006,0.0,0.0
CODE_IDENT_JAVA_008,CODE_DIF_JAVA_006,0.0,0.0
CODE_IDENT_JAVA_011_COPY,CODE_DIF_JAVA_006,0.0,0.0
CODE_FUN_JAVA_003,CODE_DIF_JAVA_006,0.0,0.0
CODE_IDENT_JAVA_007,CODE_DIF_JAVA_006,0.0,0.0
CODE_FUN_JAVA_004,CODE_DIF_JAVA_006,0.0,0.0
CODE_FUN_JAVA_005,CODE_DIF_JAVA_006,0.0,0.0
CODE_IDENT_JAVA_009,CODE_DIF_JAVA_006,0.0,0.0
CODE_FUN_JAVA_001,CODE_DIF_JAVA_006,0.0,0.0
CODE_IDENT_JAVA_011,CODE_DIF_JAVA_006,0.0,0.0
CODE_IDENT_JAVA_010,CODE_DIF_JAVA_006,0.0,0.0
CODE_IDENT_JAVA_013,CODE_DIF_JAVA_006,0.0,0.0
CODE_IDENT_JAVA_012,CODE_DIF_JAVA_006,0.0,0.0
CODE_IDENT_JAVA_007_COPY,CODE_DIF_JAVA_006,0.0,0.0
CODE_IDENT_JAVA_015_COPY,CODE_DIF_JAVA_006,0.0,0.0
CODE_IDENT_JAVA_001_COPY,CODE_DIF_JAVA_006,0.0,0.0
CODE_IDENT_JAVA_015,CODE_DIF_JAVA_006,0.0,0.0
CODE_IDENT_JAVA_014,CODE_DIF_JAVA_006,0.0,0.0
CODE_IDENT_JAVA_002_COPY,CODE_DIF_JAVA_006,0.0,0.0
CODE_DIF_JAVA_003,CODE_DIF_JAVA_006,0.0,0.0
CODE_IDENT_JAVA_005_COPY,CODE_DIF_JAVA_006,0.0,0.0
CODE_IDENT_JAVA_013_COPY,CODE_DIF_JAVA_006,0.0,0.0
CODE_DIF_JAVA_002,CODE_DIF_JAVA_006,0.0,0.0
CODE_DIF_JAVA_001,CODE_DIF_JAVA_006,0.0,0.0
CODE_IDENT_JAVA_010_COPY,CODE_DIF_JAVA_006,0.0,0.0
CODE_ESTRU_JAVA_002,CODE_DIF_JAVA_006,0.0,0.0
CODE_ESTRU_JAVA_003,CODE_DIF_JAVA_006,0.0,0.0
CODE_ESTRU_JAVA_001,CODE_DIF_JAVA_006,0.0,0.0
CODE_ESTRU_JAVA_008,CODE_DIF_JAVA_006,0.0,0.0
CODE_ESTRU_JAVA_009,CODE_DIF_JAVA_006,0.0,0.0
CODE_ESTRU_JAVA_006,CODE_DIF_JAVA_006,0.0,0.0
CODE_ESTRU_JAVA_007,CODE_DIF_JAVA_006,0.0,0.0
CODE_ESTRU_JAVA_004,CODE_DIF_JAVA_006,0.0,0.0
CODE_ESTRU_JAVA_005,CODE_DIF_JAVA_006,0.0,0.0
CODE_DIF_JAVA_004,CODE_DIF_JAVA_005,0.0,0.0
CODE_FUN_JAVA_013,CODE_DIF_JAVA_005,0.0,0.0
CODE_FUN_JAVA_014,CODE_DIF_JAVA_005,0.0,0.0
CODE_ESTRU_JAVA_015,CODE_DIF_JAVA_005,0.0,0.0
CODE_FUN_JAVA_015,CODE_DIF_JAVA_005,0.0,0.0
CODE_FUN_JAVA_010,CODE_DIF_JAVA_005,0.0,0.0
CODE_FUN_JAVA_011,CODE_DIF_JAVA_005,0.0,0.0
CODE_FUN_JAVA_012,CODE_DIF_JAVA_005,0.0,0.0
CODE_IDENT_JAVA_002,CODE_DIF_JAVA_005,0.0,0.0
CODE_IDENT_JAVA_001,CODE_DIF_JAVA_005,0.0,0.0
CODE_IDENT_JAVA_014_COPY,CODE_DIF_JAVA_005,0.0,0.0
CODE_FUN_JAVA_006,CODE_DIF_JAVA_005,0.0,0.0
CODE_IDENT_JAVA_004,CODE_DIF_JAVA_005,0.0,0.0
CODE_IDENT_JAVA_006_COPY,CODE_DIF_JAVA_005,0.0,0.0
CODE_IDENT_JAVA_003,CODE_DIF_JAVA_005,0.0,0.0
CODE_FUN_JAVA_008,CODE_DIF_JAVA_005,0.0,0.0
CODE_IDENT_JAVA_006,CODE_DIF_JAVA_005,0.0,0.0
CODE_IDENT_JAVA_003_COPY,CODE_DIF_JAVA_005,0.0,0.0
CODE_IDENT_JAVA_005,CODE_DIF_JAVA_005,0.0,0.0
CODE_FUN_JAVA_002,CODE_DIF_JAVA_005,0.0,0.0
CODE_IDENT_JAVA_008,CODE_DIF_JAVA_005,0.0,0.0
CODE_IDENT_JAVA_011_COPY,CODE_DIF_JAVA_005,0.0,0.0
CODE_IDENT_JAVA_007,CODE_DIF_JAVA_005,0.0,0.0
CODE_FUN_JAVA_005,CODE_DIF_JAVA_005,0.0,0.0
CODE_FUN_JAVA_001,CODE_DIF_JAVA_005,0.0,0.0
CODE_IDENT_JAVA_011,CODE_DIF_JAVA_005,0.0,0.0
CODE_IDENT_JAVA_010,CODE_DIF_JAVA_005,0.0,0.0
CODE_IDENT_JAVA_013,CODE_DIF_JAVA_005,0.0,0.0
CODE_IDENT_JAVA_012,CODE_DIF_JAVA_005,0.0,0.0
CODE_IDENT_JAVA_007_COPY,CODE_DIF_JAVA_005,0.0,0.0
CODE_IDENT_JAVA_015_COPY,CODE_DIF_JAVA_005,0.0,0.0
CODE_IDENT_JAVA_001_COPY,CODE_DIF_JAVA_005,0.0,0.0
CODE_IDENT_JAVA_015,CODE_DIF_JAVA_005,0.0,0.0
CODE_IDENT_JAVA_014,CODE_DIF_JAVA_005,0.0,0.0
CODE_IDENT_JAVA_002_COPY,CODE_DIF_JAVA_005,0.0,0.0
CODE_DIF_JAVA_003,CODE_DIF_JAVA_005,0.0,0.0
CODE_IDENT_JAVA_005_COPY,CODE_DIF_JAVA_005,0.0,0.0
CODE_IDENT_JAVA_013_COPY,CODE_DIF_JAVA_005,0.0,0.0
CODE_DIF_JAVA_001,CODE_DIF_JAVA_005,0.0,0.0
CODE_IDENT_JAVA_010_COPY,CODE_DIF_JAVA_005,0.0,0.0
CODE_ESTRU_JAVA_002,CODE_DIF_JAVA_005,0.0,0.0
CODE_ESTRU_JAVA_003,CODE_DIF_JAVA_005,0.0,0.0
CODE_ESTRU_JAVA_001,CODE_DIF_JAVA_005,0.0,0.0
CODE_ESTRU_JAVA_008,CODE_DIF_JAVA_005,0.0,0.0
CODE_ESTRU_JAVA_006,CODE_DIF_JAVA_005,0.0,0.0
CODE_ESTRU_JAVA_007,CODE_DIF_JAVA_005,0.0,0.0
CODE_ESTRU_JAVA_004,CODE_DIF_JAVA_005,0.0,0.0
CODE_ESTRU_JAVA_005,CODE_DIF_JAVA_005,0.0,0.0
CODE_FUN_JAVA_013,CODE_DIF_JAVA_004,0.0,0.0
CODE_FUN_JAVA_014,CODE_DIF_JAVA_004,0.0,0.0
CODE_DIF_JAVA_004,CODE_DIF_JAVA_009,0.0,0.0
CODE_DIF_JAVA_004,CODE_ESTRU_JAVA_015,0.0,0.0
CODE_DIF_JAVA_004,CODE_FUN_JAVA_015,0.0,0.0
CODE_DIF_JAVA_004,CODE_FUN_JAVA_010,0.0,0.0
CODE_FUN_JAVA_011,CODE_DIF_JAVA_004,0.0,0.0
CODE_FUN_JAVA_012,CODE_DIF_JAVA_004,0.0,0.0
CODE_IDENT_JAVA_002,CODE_DIF_JAVA_004,0.0,0.0
CODE_IDENT_JAVA_001,CODE_DIF_JAVA_004,0.0,0.0
CODE_IDENT_JAVA_014_COPY,CODE_DIF_JAVA_004,0.0,0.0
CODE_FUN_JAVA_006,CODE_DIF_JAVA_004,0.0,0.0
CODE_IDENT_JAVA_004,CODE_DIF_JAVA_004,0.0,0.0
CODE_IDENT_JAVA_006_COPY,CODE_DIF_JAVA_004,0.0,0.0
CODE_FUN_JAVA_007,CODE_DIF_JAVA_004,0.0,0.0
CODE_IDENT_JAVA_003,CODE_DIF_JAVA_004,0.0,0.0
CODE_FUN_JAVA_008,CODE_DIF_JAVA_004,0.0,0.0
CODE_IDENT_JAVA_006,CODE_DIF_JAVA_004,0.0,0.0
CODE_DIF_JAVA_004,CODE_FUN_JAVA_009,0.0,0.0
CODE_IDENT_JAVA_003_COPY,CODE_DIF_JAVA_004,0.0,0.0
CODE_IDENT_JAVA_005,CODE_DIF_JAVA_004,0.0,0.0
CODE_FUN_JAVA_002,CODE_DIF_JAVA_004,0.0,0.0
CODE_IDENT_JAVA_008,CODE_DIF_JAVA_004,0.0,0.0
CODE_IDENT_JAVA_011_COPY,CODE_DIF_JAVA_004,0.0,0.0
CODE_FUN_JAVA_003,CODE_DIF_JAVA_004,0.0,0.0
CODE_IDENT_JAVA_007,CODE_DIF_JAVA_004,0.0,0.0
CODE_FUN_JAVA_005,CODE_DIF_JAVA_004,0.0,0.0
CODE_IDENT_JAVA_009,CODE_DIF_JAVA_004,0.0,0.0
CODE_FUN_JAVA_001,CODE_DIF_JAVA_004,0.0,0.0
CODE_IDENT_JAVA_011,CODE_DIF_JAVA_004,0.0,0.0
CODE_IDENT_JAVA_010,CODE_DIF_JAVA_004,0.0,0.0
CODE_IDENT_JAVA_013,CODE_DIF_JAVA_004,0.0,0.0
CODE_IDENT_JAVA_012,CODE_DIF_JAVA_004,0.0,0.0
CODE_IDENT_JAVA_007_COPY,CODE_DIF_JAVA_004,0.0,0.0
CODE_IDENT_JAVA_015_COPY,CODE_DIF_JAVA_004,0.0,0.0
CODE_IDENT_JAVA_001_COPY,CODE_DIF_JAVA_004,0.0,0.0
CODE_IDENT_JAVA_015,CODE_DIF_JAVA_004,0.0,0.0
CODE_IDENT_JAVA_014,CODE_DIF_JAVA_004,0.0,0.0
CODE_IDENT_JAVA_002_COPY,CODE_DIF_JAVA_004,0.0,0.0
CODE_DIF_JAVA_004,CODE_DIF_JAVA_003,0.0,0.0
CODE_IDENT_JAVA_005_COPY,CODE_DIF_JAVA_004,0.0,0.0
CODE_IDENT_JAVA_013_COPY,CODE_DIF_JAVA_004,0.0,0.0
CODE_DIF_JAVA_002,CODE_DIF_JAVA_004,0.0,0.0
CODE_DIF_JAVA_004,CODE_DIF_JAVA_001,0.0,0.0
CODE_IDENT_JAVA_010_COPY,CODE_DIF_JAVA_004,0.0,0.0
CODE_ESTRU_JAVA_002,CODE_DIF_JAVA_004,0.0,0.0
CODE_ESTRU_JAVA_003,CODE_DIF_JAVA_004,0.0,0.0
CODE_ESTRU_JAVA_001,CODE_DIF_JAVA_004,0.0,0.0
CODE_ESTRU_JAVA_008,CODE_DIF_JAVA_004,0.0,0.0
CODE_ESTRU_JAVA_009,CODE_DIF_JAVA_004,0.0,0.0
CODE_ESTRU_JAVA_006,CODE_DIF_JAVA_004,0.0,0.0
CODE_ESTRU_JAVA_007,CODE_DIF_JAVA_004,0.0,0.0
CODE_ESTRU_JAVA_004,CODE_DIF_JAVA_004,0.0,0.0
CODE_ESTRU_JAVA_005,CODE_DIF_JAVA_004,0.0,0.0
CODE_FUN_JAVA_013,CODE_FUN_JAVA_014,0.0,0.0
CODE_FUN_JAVA_013,CODE_DIF_JAVA_009,0.0,0.0
CODE_FUN_JAVA_013,CODE_ESTRU_JAVA_015,0.0,0.0
CODE_FUN_JAVA_013,CODE_FUN_JAVA_015,0.0,0.0
CODE_FUN_JAVA_013,CODE_DIF_JAVA_008,0.0,0.0
CODE_FUN_JAVA_013,CODE_FUN_JAVA_010,0.0,0.0
CODE_IDENT_JAVA_002,CODE_FUN_JAVA_013,0.0,0.0
CODE_IDENT_JAVA_001,CODE_FUN_JAVA_013,0.0,0.0
CODE_IDENT_JAVA_014_COPY,CODE_FUN_JAVA_013,0.0,0.0
CODE_FUN_JAVA_013,CODE_FUN_JAVA_006,0.0,0.0
CODE_IDENT_JAVA_004,CODE_FUN_JAVA_013,0.0,0.0
CODE_IDENT_JAVA_006_COPY,CODE_FUN_JAVA_013,0.0,0.0
CODE_IDENT_JAVA_003,CODE_FUN_JAVA_013,0.0,0.0
CODE_FUN_JAVA_008,CODE_FUN_JAVA_013,0.0,0.0
CODE_IDENT_JAVA_006,CODE_FUN_JAVA_013,0.0,0.0
CODE_FUN_JAVA_013,CODE_FUN_JAVA_009,0.0,0.0
CODE_IDENT_JAVA_003_COPY,CODE_FUN_JAVA_013,0.0,0.0
CODE_IDENT_JAVA_005,CODE_FUN_JAVA_013,0.0,0.0
CODE_FUN_JAVA_002,CODE_FUN_JAVA_013,0.0,0.0
CODE_IDENT_JAVA_008,CODE_FUN_JAVA_013,0.0,0.0
CODE_IDENT_JAVA_011_COPY,CODE_FUN_JAVA_013,0.0,0.0
CODE_IDENT_JAVA_007,CODE_FUN_JAVA_013,0.0,0.0
CODE_FUN_JAVA_013,CODE_FUN_JAVA_004,0.0,0.0
CODE_FUN_JAVA_013,CODE_FUN_JAVA_005,0.0,0.0
CODE_IDENT_JAVA_009,CODE_FUN_JAVA_013,0.0,0.0
CODE_FUN_JAVA_001,CODE_FUN_JAVA_013,0.0,0.0
CODE_IDENT_JAVA_011,CODE_FUN_JAVA_013,0.0,0.0
CODE_FUN_JAVA_013,CODE_IDENT_JAVA_010,0.0,0.0
CODE_IDENT_JAVA_013,CODE_FUN_JAVA_013,0.0,0.0
CODE_IDENT_JAVA_012,CODE_FUN_JAVA_013,0.0,0.0
CODE_IDENT_JAVA_007_COPY,CODE_FUN_JAVA_013,0.0,0.0
CODE_FUN_JAVA_013,CODE_IDENT_JAVA_015_COPY,0.0,0.0
CODE_IDENT_JAVA_001_COPY,CODE_FUN_JAVA_013,0.0,0.0
CODE_FUN_JAVA_013,CODE_IDENT_JAVA_015,0.0,0.0
CODE_IDENT_JAVA_014,CODE_FUN_JAVA_013,0.0,0.0
CODE_IDENT_JAVA_002_COPY,CODE_FUN_JAVA_013,0.0,0.0
CODE_FUN_JAVA_013,CODE_DIF_JAVA_003,0.0,0.0
CODE_IDENT_JAVA_005_COPY,CODE_FUN_JAVA_013,0.0,0.0
CODE_IDENT_JAVA_013_COPY,CODE_FUN_JAVA_013,0.0,0.0
CODE_FUN_JAVA_013,CODE_DIF_JAVA_001,0.0,0.0
CODE_FUN_JAVA_013,CODE_IDENT_JAVA_010_COPY,0.0,0.0
CODE_ESTRU_JAVA_002,CODE_FUN_JAVA_013,0.0,0.0
CODE_ESTRU_JAVA_003,CODE_FUN_JAVA_013,0.0,0.0
CODE_ESTRU_JAVA_001,CODE_FUN_JAVA_013,0.0,0.0
CODE_ESTRU_JAVA_008,CODE_FUN_JAVA_013,0.0,0.0
CODE_ESTRU_JAVA_009,CODE_FUN_JAVA_013,0.0,0.0
CODE_ESTRU_JAVA_006,CODE_FUN_JAVA_013,0.0,0.0
CODE_ESTRU_JAVA_007,CODE_FUN_JAVA_013,0.0,0.0
CODE_ESTRU_JAVA_004,CODE_FUN_JAVA_013,0.0,0.0
CODE_ESTRU_JAVA_005,CODE_FUN_JAVA_013,0.0,0.0
CODE_FUN_JAVA_014,CODE_DIF_JAVA_009,0.0,0.0
CODE_FUN_JAVA_014,CODE_ESTRU_JAVA_015,0.0,0.0
CODE_FUN_JAVA_014,CODE_FUN_JAVA_015,0.0,0.0
CODE_FUN_JAVA_014,CODE_DIF_JAVA_008,0.0,0.0
CODE_FUN_JAVA_014,CODE_FUN_JAVA_010,0.0,0.0
CODE_FUN_JAVA_011,CODE_FUN_JAVA_014,0.0,0.0
CODE_FUN_JAVA_012,CODE_FUN_JAVA_014,0.0,0.0
CODE_IDENT_JAVA_002,CODE_FUN_JAVA_014,0.0,0.0
CODE_IDENT_JAVA_001,CODE_FUN_JAVA_014,0.0,0.0
CODE_IDENT_JAVA_014_COPY,CODE_FUN_JAVA_014,0.0,0.0
CODE_FUN_JAVA_006,CODE_FUN_JAVA_014,0.0,0.0
CODE_IDENT_JAVA_004,CODE_FUN_JAVA_014,0.0,0.0
CODE_IDENT_JAVA_006_COPY,CODE_FUN_JAVA_014,0.0,0.0
CODE_FUN_JAVA_007,CODE_FUN_JAVA_014,0.0,0.0
CODE_IDENT_JAVA_003,CODE_FUN_JAVA_014,0.0,0.0
CODE_FUN_JAVA_008,CODE_FUN_JAVA_014,0.0,0.0
CODE_IDENT_JAVA_006,CODE_FUN_JAVA_014,0.0,0.0
CODE_FUN_JAVA_014,CODE_DIF_JAVA_015,0.0,0.0
CODE_FUN_JAVA_014,CODE_FUN_JAVA_009,0.0,0.0
CODE_IDENT_JAVA_003_COPY,CODE_FUN_JAVA_014,0.0,0.0
CODE_IDENT_JAVA_005,CODE_FUN_JAVA_014,0.0,0.0
CODE_FUN_JAVA_002,CODE_FUN_JAVA_014,0.0,0.0
CODE_IDENT_JAVA_008,CODE_FUN_JAVA_014,0.0,0.0
CODE_IDENT_JAVA_011_COPY,CODE_FUN_JAVA_014,0.0,0.0
CODE_FUN_JAVA_003,CODE_FUN_JAVA_014,0.0,0.0
CODE_IDENT_JAVA_007,CODE_FUN_JAVA_014,0.0,0.0
CODE_FUN_JAVA_004,CODE_FUN_JAVA_014,0.0,0.0
CODE_FUN_JAVA_005,CODE_FUN_JAVA_014,0.0,0.0
CODE_IDENT_JAVA_009,CODE_FUN_JAVA_014,0.0,0.0
CODE_FUN_JAVA_001,CODE_FUN_JAVA_014,0.0,0.0
CODE_IDENT_JAVA_011,CODE_FUN_JAVA_014,0.0,0.0
CODE_IDENT_JAVA_010,CODE_FUN_JAVA_014,0.0,0.0
CODE_IDENT_JAVA_013,CODE_FUN_JAVA_014,0.0,0.0
CODE_IDENT_JAVA_012,CODE_FUN_JAVA_014,0.0,0.0
CODE_IDENT_JAVA_007_COPY,CODE_FUN_JAVA_014,0.0,0.0
CODE_IDENT_JAVA_015_COPY,CODE_FUN_JAVA_014,0.0,0.0
CODE_IDENT_JAVA_001_COPY,CODE_FUN_JAVA_014,0.0,0.0
CODE_IDENT_JAVA_015,CODE_FUN_JAVA_014,0.0,0.0
CODE_IDENT_JAVA_014,CODE_FUN_JAVA_014,0.0,0.0
CODE_IDENT_JAVA_002_COPY,CODE_FUN_JAVA_014,0.0,0.0
CODE_FUN_JAVA_014,CODE_DIF_JAVA_003,0.0,0.0
CODE_IDENT_JAVA_005_COPY,CODE_FUN_JAVA_014,0.0,0.0
CODE_IDENT_JAVA_013_COPY,CODE_FUN_JAVA_014,0.0,0.0
CODE_DIF_JAVA_002,CODE_FUN_JAVA_014,0.0,0.0
CODE_FUN_JAVA_014,CODE_DIF_JAVA_001,0.0,0.0
CODE_IDENT_JAVA_010_COPY,CODE_FUN_JAVA_014,0.0,0.0
CODE_ESTRU_JAVA_002,CODE_FUN_JAVA_014,0.0,0.0
CODE_ESTRU_JAVA_003,CODE_FUN_JAVA_014,0.0,0.0
CODE_ESTRU_JAVA_001,CODE_FUN_JAVA_014,0.0,0.0
CODE_ESTRU_JAVA_008,CODE_FUN_JAVA_014,0.0,0.0
CODE_ESTRU_JAVA_009,CODE_FUN_JAVA_014,0.0,0.0
CODE_ESTRU_JAVA_006,CODE_FUN_JAVA_014,0.0,0.0
CODE_ESTRU_JAVA_007,CODE_FUN_JAVA_014,0.0,0.0
CODE_ESTRU_JAVA_004,CODE_FUN_JAVA_014,0.0,0.0
CODE_ESTRU_JAVA_005,CODE_FUN_JAVA_014,0.0,0.0
CODE_ESTRU_JAVA_015,CODE_DIF_JAVA_009,0.0,0.0
CODE_FUN_JAVA_015,CODE_DIF_JAVA_009,0.0,0.0
CODE_DIF_JAVA_008,CODE_DIF_JAVA_009,0.0,0.0
CODE_FUN_JAVA_010,CODE_DIF_JAVA_009,0.0,0.0
CODE_FUN_JAVA_011,CODE_DIF_JAVA_009,0.0,0.0
CODE_FUN_JAVA_012,CODE_DIF_JAVA_009,0.0,0.0
CODE_IDENT_JAVA_002,CODE_DIF_JAVA_009,0.0,0.0
CODE_IDENT_JAVA_001,CODE_DIF_JAVA_009,0.0,0.0
CODE_IDENT_JAVA_014_COPY,CODE_DIF_JAVA_009,0.0,0.0
CODE_FUN_JAVA_006,CODE_DIF_JAVA_009,0.0,0.0
CODE_IDENT_JAVA_004,CODE_DIF_JAVA_009,0.0,0.0
CODE_IDENT_JAVA_006_COPY,CODE_DIF_JAVA_009,0.0,0.0
CODE_FUN_JAVA_007,CODE_DIF_JAVA_009,0.0,0.0
CODE_IDENT_JAVA_003,CODE_DIF_JAVA_009,0.0,0.0
CODE_FUN_JAVA_008,CODE_DIF_JAVA_009,0.0,0.0
CODE_IDENT_JAVA_006,CODE_DIF_JAVA_009,0.0,0.0
CODE_DIF_JAVA_009,CODE_DIF_JAVA_015,0.0,0.0
CODE_FUN_JAVA_009,CODE_DIF_JAVA_009,0.0,0.0
CODE_IDENT_JAVA_003_COPY,CODE_DIF_JAVA_009,0.0,0.0
CODE_IDENT_JAVA_005,CODE_DIF_JAVA_009,0.0,0.0
CODE_FUN_JAVA_002,CODE_DIF_JAVA_009,0.0,0.0
CODE_IDENT_JAVA_008,CODE_DIF_JAVA_009,0.0,0.0
CODE_IDENT_JAVA_011_COPY,CODE_DIF_JAVA_009,0.0,0.0
CODE_FUN_JAVA_003,CODE_DIF_JAVA_009,0.0,0.0
CODE_IDENT_JAVA_007,CODE_DIF_JAVA_009,0.0,0.0
CODE_FUN_JAVA_004,CODE_DIF_JAVA_009,0.0,0.0
CODE_FUN_JAVA_005,CODE_DIF_JAVA_009,0.0,0.0
CODE_IDENT_JAVA_009,CODE_DIF_JAVA_009,0.0,0.0
CODE_FUN_JAVA_001,CODE_DIF_JAVA_009,0.0,0.0
CODE_IDENT_JAVA_011,CODE_DIF_JAVA_009,0.0,0.0
CODE_IDENT_JAVA_010,CODE_DIF_JAVA_009,0.0,0.0
CODE_IDENT_JAVA_013,CODE_DIF_JAVA_009,0.0,0.0
CODE_IDENT_JAVA_012,CODE_DIF_JAVA_009,0.0,0.0
CODE_IDENT_JAVA_007_COPY,CODE_DIF_JAVA_009,0.0,0.0
CODE_IDENT_JAVA_015_COPY,CODE_DIF_JAVA_009,0.0,0.0
CODE_IDENT_JAVA_001_COPY,CODE_DIF_JAVA_009,0.0,0.0
CODE_IDENT_JAVA_015,CODE_DIF_JAVA_009,0.0,0.0
CODE_IDENT_JAVA_014,CODE_DIF_JAVA_009,0.0,0.0
CODE_IDENT_JAVA_002_COPY,CODE_DIF_JAVA_009,0.0,0.0
CODE_IDENT_JAVA_005_COPY,CODE_DIF_JAVA_009,0.0,0.0
CODE_IDENT_JAVA_013_COPY,CODE_DIF_JAVA_009,0.0,0.0
CODE_DIF_JAVA_002,CODE_DIF_JAVA_009,0.0,0.0
CODE_DIF_JAVA_001,CODE_DIF_JAVA_009,0.0,0.0
CODE_IDENT_JAVA_010_COPY,CODE_DIF_JAVA_009,0.0,0.0
CODE_ESTRU_JAVA_002,CODE_DIF_JAVA_009,0.0,0.0
CODE_ESTRU_JAVA_003,CODE_DIF_JAVA_009,0.0,0.0
CODE_ESTRU_JAVA_001,CODE_DIF_JAVA_009,0.0,0.0
CODE_ESTRU_JAVA_008,CODE_DIF_JAVA_009,0.0,0.0
CODE_ESTRU_JAVA_009,CODE_DIF_JAVA_009,0.0,0.0
CODE_ESTRU_JAVA_006,CODE_DIF_JAVA_009,0.0,0.0
CODE_ESTRU_JAVA_007,CODE_DIF_JAVA_009,0.0,0.0
CODE_ESTRU_JAVA_004,CODE_DIF_JAVA_009,0.0,0.0
CODE_ESTRU_JAVA_005,CODE_DIF_JAVA_009,0.0,0.0
CODE_ESTRU_JAVA_015,CODE_DIF_JAVA_008,0.0,0.0
CODE_ESTRU_JAVA_015,CODE_FUN_JAVA_010,0.0,0.0
CODE_FUN_JAVA_011,CODE_ESTRU_JAVA_015,0.0,0.0
CODE_FUN_JAVA_012,CODE_ESTRU_JAVA_015,0.0,0.0
CODE_IDENT_JAVA_002,CODE_ESTRU_JAVA_015,0.0,0.0
CODE_IDENT_JAVA_001,CODE_ESTRU_JAVA_015,0.0,0.0
CODE_IDENT_JAVA_014_COPY,CODE_ESTRU_JAVA_015,0.0,0.0
CODE_FUN_JAVA_006,CODE_ESTRU_JAVA_015,0.0,0.0
CODE_IDENT_JAVA_004,CODE_ESTRU_JAVA_015,0.0,0.0
CODE_IDENT_JAVA_006_COPY,CODE_ESTRU_JAVA_015,0.0,0.0
CODE_FUN_JAVA_007,CODE_ESTRU_JAVA_015,0.0,0.0
CODE_IDENT_JAVA_003,CODE_ESTRU_JAVA_015,0.0,0.0
CODE_FUN_JAVA_008,CODE_ESTRU_JAVA_015,0.0,0.0
CODE_IDENT_JAVA_006,CODE_ESTRU_JAVA_015,0.0,0.0
CODE_ESTRU_JAVA_015,CODE_DIF_JAVA_015,0.0,0.0
CODE_ESTRU_JAVA_015,CODE_FUN_JAVA_009,0.0,0.0
CODE_IDENT_JAVA_003_COPY,CODE_ESTRU_JAVA_015,0.0,0.0
CODE_IDENT_JAVA_005,CODE_ESTRU_JAVA_015,0.0,0.0
CODE_FUN_JAVA_002,CODE_ESTRU_JAVA_015,0.0,0.0
CODE_IDENT_JAVA_008,CODE_ESTRU_JAVA_015,0.0,0.0
CODE_IDENT_JAVA_011_COPY,CODE_ESTRU_JAVA_015,0.0,0.0
CODE_FUN_JAVA_003,CODE_ESTRU_JAVA_015,0.0,0.0
CODE_IDENT_JAVA_007,CODE_ESTRU_JAVA_015,0.0,0.0
CODE_FUN_JAVA_004,CODE_ESTRU_JAVA_015,0.0,0.0
CODE_FUN_JAVA_005,CODE_ESTRU_JAVA_015,0.0,0.0
CODE_IDENT_JAVA_009,CODE_ESTRU_JAVA_015,0.0,0.0
CODE_FUN_JAVA_001,CODE_ESTRU_JAVA_015,0.0,0.0
CODE_IDENT_JAVA_011,CODE_ESTRU_JAVA_015,0.0,0.0
CODE_IDENT_JAVA_010,CODE_ESTRU_JAVA_015,0.0,0.0
CODE_IDENT_JAVA_013,CODE_ESTRU_JAVA_015,0.0,0.0
CODE_IDENT_JAVA_012,CODE_ESTRU_JAVA_015,0.0,0.0
CODE_IDENT_JAVA_007_COPY,CODE_ESTRU_JAVA_015,0.0,0.0
CODE_IDENT_JAVA_001_COPY,CODE_ESTRU_JAVA_015,0.0,0.0
CODE_IDENT_JAVA_014,CODE_ESTRU_JAVA_015,0.0,0.0
CODE_IDENT_JAVA_002_COPY,CODE_ESTRU_JAVA_015,0.0,0.0
CODE_ESTRU_JAVA_015,CODE_DIF_JAVA_003,0.0,0.0
CODE_IDENT_JAVA_005_COPY,CODE_ESTRU_JAVA_015,0.0,0.0
CODE_IDENT_JAVA_013_COPY,CODE_ESTRU_JAVA_015,0.0,0.0
CODE_DIF_JAVA_002,CODE_ESTRU_JAVA_015,0.0,0.0
CODE_ESTRU_JAVA_015,CODE_DIF_JAVA_001,0.0,0.0
CODE_IDENT_JAVA_010_COPY,CODE_ESTRU_JAVA_015,0.0,0.0
CODE_ESTRU_JAVA_002,CODE_ESTRU_JAVA_015,0.0,0.0
CODE_ESTRU_JAVA_003,CODE_ESTRU_JAVA_015,0.0,0.0
CODE_ESTRU_JAVA_001,CODE_ESTRU_JAVA_015,0.0,0.0
CODE_ESTRU_JAVA_008,CODE_ESTRU_JAVA_015,0.0,0.0
CODE_ESTRU_JAVA_009,CODE_ESTRU_JAVA_015,0.0,0.0
CODE_ESTRU_JAVA_006,CODE_ESTRU_JAVA_015,0.0,0.0
CODE_ESTRU_JAVA_007,CODE_ESTRU_JAVA_015,0.0,0.0
CODE_ESTRU_JAVA_004,CODE_ESTRU_JAVA_015,0.0,0.0
CODE_ESTRU_JAVA_005,CODE_ESTRU_JAVA_015,0.0,0.0
CODE_FUN_JAVA_015,CODE_DIF_JAVA_008,0.0,0.0
CODE_FUN_JAVA_015,CODE_FUN_JAVA_010,0.0,0.0
CODE_FUN_JAVA_011,CODE_FUN_JAVA_015,0.0,0.0
CODE_FUN_JAVA_012,CODE_FUN_JAVA_015,0.0,0.0
CODE_IDENT_JAVA_002,CODE_FUN_JAVA_015,0.0,0.0
CODE_IDENT_JAVA_001,CODE_FUN_JAVA_015,0.0,0.0
CODE_IDENT_JAVA_014_COPY,CODE_FUN_JAVA_015,0.0,0.0
CODE_FUN_JAVA_006,CODE_FUN_JAVA_015,0.0,0.0
CODE_IDENT_JAVA_004,CODE_FUN_JAVA_015,0.0,0.0
CODE_IDENT_JAVA_006_COPY,CODE_FUN_JAVA_015,0.0,0.0
CODE_FUN_JAVA_007,CODE_FUN_JAVA_015,0.0,0.0
CODE_IDENT_JAVA_003,CODE_FUN_JAVA_015,0.0,0.0
CODE_FUN_JAVA_008,CODE_FUN_JAVA_015,0.0,0.0
CODE_IDENT_JAVA_006,CODE_FUN_JAVA_015,0.0,0.0
CODE_FUN_JAVA_015,CODE_DIF_JAVA_015,0.0,0.0
CODE_FUN_JAVA_009,CODE_FUN_JAVA_015,0.0,0.0
CODE_IDENT_JAVA_003_COPY,CODE_FUN_JAVA_015,0.0,0.0
CODE_IDENT_JAVA_005,CODE_FUN_JAVA_015,0.0,0.0
CODE_FUN_JAVA_002,CODE_FUN_JAVA_015,0.0,0.0
CODE_IDENT_JAVA_008,CODE_FUN_JAVA_015,0.0,0.0
CODE_IDENT_JAVA_011_COPY,CODE_FUN_JAVA_015,0.0,0.0
CODE_FUN_JAVA_003,CODE_FUN_JAVA_015,0.0,0.0
CODE_IDENT_JAVA_007,CODE_FUN_JAVA_015,0.0,0.0
CODE_FUN_JAVA_004,CODE_FUN_JAVA_015,0.0,0.0
CODE_FUN_JAVA_005,CODE_FUN_JAVA_015,0.0,0.0
CODE_IDENT_JAVA_009,CODE_FUN_JAVA_015,0.0,0.0
CODE_FUN_JAVA_001,CODE_FUN_JAVA_015,0.0,0.0
CODE_IDENT_JAVA_011,CODE_FUN_JAVA_015,0.0,0.0
CODE_IDENT_JAVA_010,CODE_FUN_JAVA_015,0.0,0.0
CODE_IDENT_JAVA_013,CODE_FUN_JAVA_015,0.0,0.0
CODE_IDENT_JAVA_012,CODE_FUN_JAVA_015,0.0,0.0
CODE_IDENT_JAVA_007_COPY,CODE_FUN_JAVA_015,0.0,0.0
CODE_IDENT_JAVA_001_COPY,CODE_FUN_JAVA_015,0.0,0.0
CODE_IDENT_JAVA_014,CODE_FUN_JAVA_015,0.0,0.0
CODE_IDENT_JAVA_002_COPY,CODE_FUN_JAVA_015,0.0,0.0
CODE_DIF_JAVA_003,CODE_FUN_JAVA_015,0.0,0.0
CODE_IDENT_JAVA_005_COPY,CODE_FUN_JAVA_015,0.0,0.0
CODE_IDENT_JAVA_013_COPY,CODE_FUN_JAVA_015,0.0,0.0
CODE_DIF_JAVA_002,CODE_FUN_JAVA_015,0.0,0.0
CODE_IDENT_JAVA_010_COPY,CODE_FUN_JAVA_015,0.0,0.0
CODE_ESTRU_JAVA_002,CODE_FUN_JAVA_015,0.0,0.0
CODE_ESTRU_JAVA_003,CODE_FUN_JAVA_015,0.0,0.0
CODE_ESTRU_JAVA_001,CODE_FUN_JAVA_015,0.0,0.0
CODE_ESTRU_JAVA_008,CODE_FUN_JAVA_015,0.0,0.0
CODE_ESTRU_JAVA_009,CODE_FUN_JAVA_015,0.0,0.0
CODE_ESTRU_JAVA_006,CODE_FUN_JAVA_015,0.0,0.0
CODE_ESTRU_JAVA_007,CODE_FUN_JAVA_015,0.0,0.0
CODE_ESTRU_JAVA_004,CODE_FUN_JAVA_015,0.0,0.0
CODE_ESTRU_JAVA_005,CODE_FUN_JAVA_015,0.0,0.0
CODE_FUN_JAVA_010,CODE_DIF_JAVA_008,0.0,0.0
CODE_FUN_JAVA_011,CODE_DIF_JAVA_008,0.0,0.0
CODE_FUN_JAVA_012,CODE_DIF_JAVA_008,0.0,0.0
CODE_IDENT_JAVA_002,CODE_DIF_JAVA_008,0.0,0.0
CODE_IDENT_JAVA_001,CODE_DIF_JAVA_008,0.0,0.0
CODE_IDENT_JAVA_014_COPY,CODE_DIF_JAVA_008,0.0,0.0
CODE_FUN_JAVA_006,CODE_DIF_JAVA_008,0.0,0.0
CODE_IDENT_JAVA_004,CODE_DIF_JAVA_008,0.0,0.0
CODE_IDENT_JAVA_006_COPY,CODE_DIF_JAVA_008,0.0,0.0
CODE_IDENT_JAVA_003,CODE_DIF_JAVA_008,0.0,0.0
CODE_FUN_JAVA_008,CODE_DIF_JAVA_008,0.0,0.0
CODE_IDENT_JAVA_006,CODE_DIF_JAVA_008,0.0,0.0
CODE_DIF_JAVA_008,CODE_DIF_JAVA_015,0.0,0.0
CODE_FUN_JAVA_009,CODE_DIF_JAVA_008,0.0,0.0
CODE_IDENT_JAVA_003_COPY,CODE_DIF_JAVA_008,0.0,0.0
CODE_IDENT_JAVA_005,CODE_DIF_JAVA_008,0.0,0.0
CODE_FUN_JAVA_002,CODE_DIF_JAVA_008,0.0,0.0
CODE_IDENT_JAVA_008,CODE_DIF_JAVA_008,0.0,0.0
CODE_IDENT_JAVA_011_COPY,CODE_DIF_JAVA_008,0.0,0.0
CODE_FUN_JAVA_003,CODE_DIF_JAVA_008,0.0,0.0
CODE_IDENT_JAVA_007,CODE_DIF_JAVA_008,0.0,0.0
CODE_FUN_JAVA_004,CODE_DIF_JAVA_008,0.0,0.0
CODE_FUN_JAVA_005,CODE_DIF_JAVA_008,0.0,0.0
CODE_IDENT_JAVA_009,CODE_DIF_JAVA_008,0.0,0.0
CODE_FUN_JAVA_001,CODE_DIF_JAVA_008,0.0,0.0
CODE_IDENT_JAVA_011,CODE_DIF_JAVA_008,0.0,0.0
CODE_IDENT_JAVA_010,CODE_DIF_JAVA_008,0.0,0.0
CODE_IDENT_JAVA_013,CODE_DIF_JAVA_008,0.0,0.0
CODE_IDENT_JAVA_012,CODE_DIF_JAVA_008,0.0,0.0
CODE_IDENT_JAVA_007_COPY,CODE_DIF_JAVA_008,0.0,0.0
CODE_IDENT_JAVA_015_COPY,CODE_DIF_JAVA_008,0.0,0.0
CODE_IDENT_JAVA_001_COPY,CODE_DIF_JAVA_008,0.0,0.0
CODE_IDENT_JAVA_015,CODE_DIF_JAVA_008,0.0,0.0
CODE_IDENT_JAVA_014,CODE_DIF_JAVA_008,0.0,0.0
CODE_IDENT_JAVA_002_COPY,CODE_DIF_JAVA_008,0.0,0.0
CODE_IDENT_JAVA_005_COPY,CODE_DIF_JAVA_008,0.0,0.0
CODE_IDENT_JAVA_013_COPY,CODE_DIF_JAVA_008,0.0,0.0
CODE_DIF_JAVA_002,CODE_DIF_JAVA_008,0.0,0.0
CODE_DIF_JAVA_001,CODE_DIF_JAVA_008,0.0,0.0
CODE_IDENT_JAVA_010_COPY,CODE_DIF_JAVA_008,0.0,0.0
CODE_ESTRU_JAVA_002,CODE_DIF_JAVA_008,0.0,0.0
CODE_ESTRU_JAVA_003,CODE_DIF_JAVA_008,0.0,0.0
CODE_ESTRU_JAVA_001,CODE_DIF_JAVA_008,0.0,0.0
CODE_ESTRU_JAVA_008,CODE_DIF_JAVA_008,0.0,0.0
CODE_ESTRU_JAVA_009,CODE_DIF_JAVA_008,0.0,0.0
CODE_ESTRU_JAVA_006,CODE_DIF_JAVA_008,0.0,0.0
CODE_ESTRU_JAVA_007,CODE_DIF_JAVA_008,0.0,0.0
CODE_ESTRU_JAVA_004,CODE_DIF_JAVA_008,0.0,0.0
CODE_ESTRU_JAVA_005,CODE_DIF_JAVA_008,0.0,0.0
CODE_FUN_JAVA_011,CODE_FUN_JAVA_010,0.0,0.0
CODE_FUN_JAVA_012,CODE_FUN_JAVA_010,0.0,0.0
CODE_IDENT_JAVA_002,CODE_FUN_JAVA_010,0.0,0.0
CODE_IDENT_JAVA_001,CODE_FUN_JAVA_010,0.0,0.0
CODE_IDENT_JAVA_014_COPY,CODE_FUN_JAVA_010,0.0,0.0
CODE_FUN_JAVA_006,CODE_FUN_JAVA_010,0.0,0.0
CODE_IDENT_JAVA_004,CODE_FUN_JAVA_010,0.0,0.0
CODE_IDENT_JAVA_006_COPY,CODE_FUN_JAVA_010,0.0,0.0
CODE_FUN_JAVA_007,CODE_FUN_JAVA_010,0.0,0.0
CODE_IDENT_JAVA_003,CODE_FUN_JAVA_010,0.0,0.0
CODE_FUN_JAVA_008,CODE_FUN_JAVA_010,0.0,0.0
CODE_IDENT_JAVA_006,CODE_FUN_JAVA_010,0.0,0.0
CODE_FUN_JAVA_010,CODE_DIF_JAVA_015,0.0,0.0
CODE_FUN_JAVA_009,CODE_FUN_JAVA_010,0.0,0.0
CODE_IDENT_JAVA_003_COPY,CODE_FUN_JAVA_010,0.0,0.0
CODE_IDENT_JAVA_005,CODE_FUN_JAVA_010,0.0,0.0
CODE_FUN_JAVA_002,CODE_FUN_JAVA_010,0.0,0.0
CODE_IDENT_JAVA_008,CODE_FUN_JAVA_010,0.0,0.0
CODE_IDENT_JAVA_011_COPY,CODE_FUN_JAVA_010,0.0,0.0
CODE_FUN_JAVA_003,CODE_FUN_JAVA_010,0.0,0.0
CODE_IDENT_JAVA_007,CODE_FUN_JAVA_010,0.0,0.0
CODE_FUN_JAVA_004,CODE_FUN_JAVA_010,0.0,0.0
CODE_FUN_JAVA_005,CODE_FUN_JAVA_010,0.0,0.0
CODE_IDENT_JAVA_009,CODE_FUN_JAVA_010,0.0,0.0
CODE_FUN_JAVA_001,CODE_FUN_JAVA_010,0.0,0.0
CODE_IDENT_JAVA_011,CODE_FUN_JAVA_010,0.0,0.0
CODE_IDENT_JAVA_013,CODE_FUN_JAVA_010,0.0,0.0
CODE_IDENT_JAVA_012,CODE_FUN_JAVA_010,0.0,0.0
CODE_IDENT_JAVA_007_COPY,CODE_FUN_JAVA_010,0.0,0.0
CODE_IDENT_JAVA_015_COPY,CODE_FUN_JAVA_010,0.0,0.0
CODE_IDENT_JAVA_001_COPY,CODE_FUN_JAVA_010,0.0,0.0
CODE_IDENT_JAVA_015,CODE_FUN_JAVA_010,0.0,0.0
CODE_IDENT_JAVA_014,CODE_FUN_JAVA_010,0.0,0.0
CODE_IDENT_JAVA_002_COPY,CODE_FUN_JAVA_010,0.0,0.0
CODE_DIF_JAVA_003,CODE_FUN_JAVA_010,0.0,0.0
CODE_IDENT_JAVA_005_COPY,CODE_FUN_JAVA_010,0.0,0.0
CODE_IDENT_JAVA_013_COPY,CODE_FUN_JAVA_010,0.0,0.0
CODE_DIF_JAVA_002,CODE_FUN_JAVA_010,0.0,0.0
CODE_DIF_JAVA_001,CODE_FUN_JAVA_010,0.0,0.0
CODE_ESTRU_JAVA_002,CODE_FUN_JAVA_010,0.0,0.0
CODE_ESTRU_JAVA_003,CODE_FUN_JAVA_010,0.0,0.0
CODE_ESTRU_JAVA_001,CODE_FUN_JAVA_010,0.0,0.0
CODE_ESTRU_JAVA_008,CODE_FUN_JAVA_010,0.0,0.0
CODE_ESTRU_JAVA_009,CODE_FUN_JAVA_010,0.0,0.0
CODE_ESTRU_JAVA_006,CODE_FUN_JAVA_010,0.0,0.0
CODE_ESTRU_JAVA_007,CODE_FUN_JAVA_010,0.0,0.0
CODE_ESTRU_JAVA_004,CODE_FUN_JAVA_010,0.0,0.0
CODE_ESTRU_JAVA_005,CODE_FUN_JAVA_010,0.0,0.0
CODE_IDENT_JAVA_002,CODE_FUN_JAVA_011,0.0,0.0
CODE_IDENT_JAVA_001,CODE_FUN_JAVA_011,0.0,0.0
CODE_IDENT_JAVA_014_COPY,CODE_FUN_JAVA_011,0.0,0.0
CODE_FUN_JAVA_011,CODE_FUN_JAVA_006,0.0,0.0
CODE_IDENT_JAVA_004,CODE_FUN_JAVA_011,0.0,0.0
CODE_IDENT_JAVA_006_COPY,CODE_FUN_JAVA_011,0.0,0.0
CODE_FUN_JAVA_011,CODE_FUN_JAVA_007,0.0,0.0
CODE_IDENT_JAVA_003,CODE_FUN_JAVA_011,0.0,0.0
CODE_FUN_JAVA_008,CODE_FUN_JAVA_011,0.0,0.0
CODE_IDENT_JAVA_006,CODE_FUN_JAVA_011,0.0,0.0
CODE_FUN_JAVA_011,CODE_DIF_JAVA_015,0.0,0.0
CODE_FUN_JAVA_011,CODE_FUN_JAVA_009,0.0,0.0
CODE_IDENT_JAVA_003_COPY,CODE_FUN_JAVA_011,0.0,0.0
CODE_IDENT_JAVA_005,CODE_FUN_JAVA_011,0.0,0.0
CODE_FUN_JAVA_002,CODE_FUN_JAVA_011,0.0,0.0
CODE_IDENT_JAVA_008,CODE_FUN_JAVA_011,0.0,0.0
CODE_IDENT_JAVA_011_COPY,CODE_FUN_JAVA_011,0.0,0.0
CODE_IDENT_JAVA_007,CODE_FUN_JAVA_011,0.0,0.0
CODE_FUN_JAVA_004,CODE_FUN_JAVA_011,0.0,0.0
CODE_FUN_JAVA_005,CODE_FUN_JAVA_011,0.0,0.0
CODE_IDENT_JAVA_009,CODE_FUN_JAVA_011,0.0,0.0
CODE_FUN_JAVA_001,CODE_FUN_JAVA_011,0.0,0.0
CODE_IDENT_JAVA_011,CODE_FUN_JAVA_011,0.0,0.0
CODE_FUN_JAVA_011,CODE_IDENT_JAVA_010,0.0,0.0
CODE_IDENT_JAVA_013,CODE_FUN_JAVA_011,0.0,0.0
CODE_IDENT_JAVA_012,CODE_FUN_JAVA_011,0.0,0.0
CODE_IDENT_JAVA_007_COPY,CODE_FUN_JAVA_011,0.0,0.0
CODE_FUN_JAVA_011,CODE_IDENT_JAVA_015_COPY,0.0,0.0
CODE_IDENT_JAVA_001_COPY,CODE_FUN_JAVA_011,0.0,0.0
CODE_FUN_JAVA_011,CODE_IDENT_JAVA_015,0.0,0.0
CODE_IDENT_JAVA_014,CODE_FUN_JAVA_011,0.0,0.0
CODE_IDENT_JAVA_002_COPY,CODE_FUN_JAVA_011,0.0,0.0
CODE_FUN_JAVA_011,CODE_DIF_JAVA_003,0.0,0.0
CODE_IDENT_JAVA_005_COPY,CODE_FUN_JAVA_011,0.0,0.0
CODE_IDENT_JAVA_013_COPY,CODE_FUN_JAVA_011,0.0,0.0
CODE_FUN_JAVA_011,CODE_DIF_JAVA_001,0.0,0.0
CODE_FUN_JAVA_011,CODE_IDENT_JAVA_010_COPY,0.0,0.0
CODE_ESTRU_JAVA_002,CODE_FUN_JAVA_011,0.0,0.0
CODE_ESTRU_JAVA_003,CODE_FUN_JAVA_011,0.0,0.0
CODE_ESTRU_JAVA_001,CODE_FUN_JAVA_011,0.0,0.0
CODE_ESTRU_JAVA_008,CODE_FUN_JAVA_011,0.0,0.0
CODE_ESTRU_JAVA_009,CODE_FUN_JAVA_011,0.0,0.0
CODE_ESTRU_JAVA_006,CODE_FUN_JAVA_011,0.0,0.0
CODE_ESTRU_JAVA_007,CODE_FUN_JAVA_011,0.0,0.0
CODE_ESTRU_JAVA_004,CODE_FUN_JAVA_011,0.0,0.0
CODE_ESTRU_JAVA_005,CODE_FUN_JAVA_011,0.0,0.0
CODE_IDENT_JAVA_002,CODE_FUN_JAVA_012,0.0,0.0
CODE_IDENT_JAVA_001,CODE_FUN_JAVA_012,0.0,0.0
CODE_IDENT_JAVA_014_COPY,CODE_FUN_JAVA_012,0.0,0.0
CODE_FUN_JAVA_012,CODE_FUN_JAVA_006,0.0,0.0
CODE_IDENT_JAVA_004,CODE_FUN_JAVA_012,0.0,0.0
CODE_IDENT_JAVA_006_COPY,CODE_FUN_JAVA_012,0.0,0.0
CODE_IDENT_JAVA_003,CODE_FUN_JAVA_012,0.0,0.0
CODE_FUN_JAVA_008,CODE_FUN_JAVA_012,0.0,0.0
CODE_IDENT_JAVA_006,CODE_FUN_JAVA_012,0.0,0.0
CODE_FUN_JAVA_012,CODE_DIF_JAVA_015,0.0,0.0
CODE_FUN_JAVA_012,CODE_FUN_JAVA_009,0.0,0.0
CODE_IDENT_JAVA_003_COPY,CODE_FUN_JAVA_012,0.0,0.0
CODE_IDENT_JAVA_005,CODE_FUN_JAVA_012,0.0,0.0
CODE_FUN_JAVA_002,CODE_FUN_JAVA_012,0.0,0.0
CODE_IDENT_JAVA_008,CODE_FUN_JAVA_012,0.0,0.0
CODE_IDENT_JAVA_011_COPY,CODE_FUN_JAVA_012,0.0,0.0
CODE_IDENT_JAVA_007,CODE_FUN_JAVA_012,0.0,0.0
CODE_FUN_JAVA_004,CODE_FUN_JAVA_012,0.0,0.0
CODE_FUN_JAVA_005,CODE_FUN_JAVA_012,0.0,0.0
CODE_IDENT_JAVA_009,CODE_FUN_JAVA_012,0.0,0.0
CODE_FUN_JAVA_001,CODE_FUN_JAVA_012,0.0,0.0
CODE_IDENT_JAVA_011,CODE_FUN_JAVA_012,0.0,0.0
CODE_FUN_JAVA_012,CODE_IDENT_JAVA_010,0.0,0.0
CODE_IDENT_JAVA_013,CODE_FUN_JAVA_012,0.0,0.0
CODE_IDENT_JAVA_012,CODE_FUN_JAVA_012,0.0,0.0
CODE_IDENT_JAVA_007_COPY,CODE_FUN_JAVA_012,0.0,0.0
CODE_FUN_JAVA_012,CODE_IDENT_JAVA_015_COPY,0.0,0.0
CODE_IDENT_JAVA_001_COPY,CODE_FUN_JAVA_012,0.0,0.0
CODE_FUN_JAVA_012,CODE_IDENT_JAVA_015,0.0,0.0
CODE_IDENT_JAVA_014,CODE_FUN_JAVA_012,0.0,0.0
CODE_IDENT_JAVA_002_COPY,CODE_FUN_JAVA_012,0.0,0.0
CODE_FUN_JAVA_012,CODE_DIF_JAVA_003,0.0,0.0
CODE_IDENT_JAVA_005_COPY,CODE_FUN_JAVA_012,0.0,0.0
CODE_IDENT_JAVA_013_COPY,CODE_FUN_JAVA_012,0.0,0.0
CODE_FUN_JAVA_012,CODE_DIF_JAVA_001,0.0,0.0
CODE_FUN_JAVA_012,CODE_IDENT_JAVA_010_COPY,0.0,0.0
CODE_ESTRU_JAVA_002,CODE_FUN_JAVA_012,0.0,0.0
CODE_ESTRU_JAVA_003,CODE_FUN_JAVA_012,0.0,0.0
CODE_ESTRU_JAVA_001,CODE_FUN_JAVA_012,0.0,0.0
CODE_ESTRU_JAVA_008,CODE_FUN_JAVA_012,0.0,0.0
CODE_ESTRU_JAVA_009,CODE_FUN_JAVA_012,0.0,0.0
CODE_ESTRU_JAVA_006,CODE_FUN_JAVA_012,0.0,0.0
CODE_ESTRU_JAVA_007,CODE_FUN_JAVA_012,0.0,0.0
CODE_ESTRU_JAVA_004,CODE_FUN_JAVA_012,0.0,0.0
CODE_ESTRU_JAVA_005,CODE_FUN_JAVA_012,0.0,0.0
CODE_IDENT_JAVA_001,CODE_IDENT_JAVA_002,0.0,0.0
CODE_IDENT_JAVA_002,CODE_FUN_JAVA_006,0.0,0.0
CODE_IDENT_JAVA_002,CODE_IDENT_JAVA_004,0.0,0.0
CODE_IDENT_JAVA_006_COPY,CODE_IDENT_JAVA_002,0.0,0.0
CODE_IDENT_JAVA_002,CODE_FUN_JAVA_007,0.0,0.0
CODE_IDENT_JAVA_003,CODE_IDENT_JAVA_002,0.0,0.0
CODE_IDENT_JAVA_002,CODE_FUN_JAVA_008,0.0,0.0
CODE_IDENT_JAVA_006,CODE_IDENT_JAVA_002,0.0,0.0
CODE_IDENT_JAVA_002,CODE_DIF_JAVA_015,0.0,0.0
CODE_IDENT_JAVA_002,CODE_FUN_JAVA_009,0.0,0.0
CODE_IDENT_JAVA_003_COPY,CODE_IDENT_JAVA_002,0.0,0.0
CODE_IDENT_JAVA_005,CODE_IDENT_JAVA_002,0.0,0.0
CODE_IDENT_JAVA_002,CODE_FUN_JAVA_002,0.0,0.0
CODE_IDENT_JAVA_008,CODE_IDENT_JAVA_002,0.0,0.0
CODE_IDENT_JAVA_011_COPY,CODE_IDENT_JAVA_002,0.0,0.0
CODE_FUN_JAVA_003,CODE_IDENT_JAVA_002,0.0,0.0
CODE_IDENT_JAVA_007,CODE_IDENT_JAVA_002,0.0,0.0
CODE_IDENT_JAVA_002,CODE_FUN_JAVA_004,0.0,0.0
CODE_IDENT_JAVA_002,CODE_FUN_JAVA_005,0.0,0.0
CODE_IDENT_JAVA_002,CODE_IDENT_JAVA_009,0.0,0.0
CODE_FUN_JAVA_001,CODE_IDENT_JAVA_002,0.0,0.0
CODE_IDENT_JAVA_011,CODE_IDENT_JAVA_002,0.0,0.0
CODE_IDENT_JAVA_002,CODE_IDENT_JAVA_010,0.0,0.0
CODE_IDENT_JAVA_013,CODE_IDENT_JAVA_002,0.0,0.0
CODE_IDENT_JAVA_012,CODE_IDENT_JAVA_002,0.0,0.0
CODE_IDENT_JAVA_007_COPY,CODE_IDENT_JAVA_002,0.0,0.0
CODE_IDENT_JAVA_002,CODE_IDENT_JAVA_015_COPY,0.0,0.0
CODE_IDENT_JAVA_001_COPY,CODE_IDENT_JAVA_002,0.0,0.0
CODE_IDENT_JAVA_002,CODE_IDENT_JAVA_015,0.0,0.0
CODE_IDENT_JAVA_002,CODE_DIF_JAVA_003,0.0,0.0
CODE_IDENT_JAVA_005_COPY,CODE_IDENT_JAVA_002,0.0,0.0
CODE_IDENT_JAVA_013_COPY,CODE_IDENT_JAVA_002,0.0,0.0
CODE_IDENT_JAVA_002,CODE_DIF_JAVA_002,0.0,0.0
CODE_IDENT_JAVA_002,CODE_DIF_JAVA_001,0.0,0.0
CODE_IDENT_JAVA_002,CODE_IDENT_JAVA_010_COPY,0.0,0.0
CODE_ESTRU_JAVA_003,CODE_IDENT_JAVA_002,0.0,0.0
CODE_ESTRU_JAVA_001,CODE_IDENT_JAVA_002,0.0,0.0
CODE_ESTRU_JAVA_008,CODE_IDENT_JAVA_002,0.0,0.0
CODE_IDENT_JAVA_002,CODE_ESTRU_JAVA_009,0.0,0.0
CODE_ESTRU_JAVA_006,CODE_IDENT_JAVA_002,0.0,0.0
CODE_ESTRU_JAVA_007,CODE_IDENT_JAVA_002,0.0,0.0
CODE_ESTRU_JAVA_004,CODE_IDENT_JAVA_002,0.0,0.0
CODE_ESTRU_JAVA_005,CODE_IDENT_JAVA_002,0.0,0.0
CODE_IDENT_JAVA_001,CODE_IDENT_JAVA_014_COPY,0.0,0.0
CODE_IDENT_JAVA_001,CODE_FUN_JAVA_006,0.0,0.0
CODE_IDENT_JAVA_001,CODE_IDENT_JAVA_004,0.0,0.0
CODE_IDENT_JAVA_001,CODE_FUN_JAVA_007,0.0,0.0
CODE_IDENT_JAVA_001,CODE_FUN_JAVA_008,0.0,0.0
CODE_IDENT_JAVA_001,CODE_DIF_JAVA_015,0.0,0.0
CODE_IDENT_JAVA_001,CODE_FUN_JAVA_009,0.0,0.0
CODE_IDENT_JAVA_001,CODE_IDENT_JAVA_005,0.0,0.0
CODE_IDENT_JAVA_001,CODE_FUN_JAVA_002,0.0,0.0
CODE_IDENT_JAVA_001,CODE_IDENT_JAVA_008,0.0,0.0
CODE_IDENT_JAVA_001,CODE_IDENT_JAVA_011_COPY,0.0,0.0
CODE_IDENT_JAVA_001,CODE_FUN_JAVA_003,0.0,0.0
CODE_IDENT_JAVA_007,CODE_IDENT_JAVA_001,0.0,0.0
CODE_IDENT_JAVA_001,CODE_FUN_JAVA_004,0.0,0.0
CODE_IDENT_JAVA_001,CODE_FUN_JAVA_005,0.0,0.0
CODE_IDENT_JAVA_001,CODE_IDENT_JAVA_009,0.0,0.0
CODE_IDENT_JAVA_001,CODE_FUN_JAVA_001,0.0,0.0
CODE_IDENT_JAVA_001,CODE_IDENT_JAVA_011,0.0,0.0
CODE_IDENT_JAVA_001,CODE_IDENT_JAVA_010,0.0,0.0
CODE_IDENT_JAVA_001,CODE_IDENT_JAVA_013,0.0,0.0
CODE_IDENT_JAVA_012,CODE_IDENT_JAVA_001,0.0,0.0
CODE_IDENT_JAVA_007_COPY,CODE_IDENT_JAVA_001,0.0,0.0
CODE_IDENT_JAVA_001,CODE_IDENT_JAVA_015_COPY,0.0,0.0
CODE_IDENT_JAVA_001,CODE_IDENT_JAVA_015,0.0,0.0
CODE_IDENT_JAVA_001,CODE_IDENT_JAVA_014,0.0,0.0
CODE_IDENT_JAVA_001,CODE_IDENT_JAVA_002_COPY,0.0,0.0
CODE_IDENT_JAVA_001,CODE_DIF_JAVA_003,0.0,0.0
CODE_IDENT_JAVA_001,CODE_IDENT_JAVA_005_COPY,0.0,0.0
CODE_IDENT_JAVA_001,CODE_IDENT_JAVA_013_COPY,0.0,0.0
CODE_IDENT_JAVA_001,CODE_DIF_JAVA_002,0.0,0.0
CODE_IDENT_JAVA_001,CODE_DIF_JAVA_001,0.0,0.0
CODE_IDENT_JAVA_001,CODE_IDENT_JAVA_010_COPY,0.0,0.0
CODE_IDENT_JAVA_001,CODE_ESTRU_JAVA_002,0.0,0.0
CODE_IDENT_JAVA_001,CODE_ESTRU_JAVA_008,0.0,0.0
CODE_IDENT_JAVA_001,CODE_ESTRU_JAVA_009,0.0,0.0
CODE_IDENT_JAVA_001,CODE_ESTRU_JAVA_007,0.0,0.0
CODE_IDENT_JAVA_001,CODE_ESTRU_JAVA_004,0.0,0.0
CODE_IDENT_JAVA_001,CODE_ESTRU_JAVA_005,0.0,0.0
CODE_IDENT_JAVA_014_COPY,CODE_FUN_JAVA_006,0.0,0.0
CODE_IDENT_JAVA_004,CODE_IDENT_JAVA_014_COPY,0.0,0.0
CODE_IDENT_JAVA_006_COPY,CODE_IDENT_JAVA_014_COPY,0.0,0.0
CODE_IDENT_JAVA_014_COPY,CODE_FUN_JAVA_007,0.0,0.0
CODE_IDENT_JAVA_003,CODE_IDENT_JAVA_014_COPY,0.0,0.0
CODE_FUN_JAVA_008,CODE_IDENT_JAVA_014_COPY,0.0,0.0
CODE_IDENT_JAVA_006,CODE_IDENT_JAVA_014_COPY,0.0,0.0
CODE_IDENT_JAVA_014_COPY,CODE_DIF_JAVA_015,0.0,0.0
CODE_IDENT_JAVA_014_COPY,CODE_FUN_JAVA_009,0.0,0.0
CODE_IDENT_JAVA_003_COPY,CODE_IDENT_JAVA_014_COPY,0.0,0.0
CODE_IDENT_JAVA_005,CODE_IDENT_JAVA_014_COPY,0.0,0.0
CODE_IDENT_JAVA_014_COPY,CODE_FUN_JAVA_002,0.0,0.0
CODE_IDENT_JAVA_008,CODE_IDENT_JAVA_014_COPY,0.0,0.0
CODE_FUN_JAVA_003,CODE_IDENT_JAVA_014_COPY,0.0,0.0
CODE_IDENT_JAVA_007,CODE_IDENT_JAVA_014_COPY,0.0,0.0
CODE_IDENT_JAVA_014_COPY,CODE_FUN_JAVA_004,0.0,0.0
CODE_IDENT_JAVA_014_COPY,CODE_FUN_JAVA_005,0.0,0.0
CODE_IDENT_JAVA_009,CODE_IDENT_JAVA_014_COPY,0.0,0.0
CODE_FUN_JAVA_001,CODE_IDENT_JAVA_014_COPY,0.0,0.0
CODE_IDENT_JAVA_014_COPY,CODE_IDENT_JAVA_010,0.0,0.0
CODE_IDENT_JAVA_007_COPY,CODE_IDENT_JAVA_014_COPY,0.0,0.0
CODE_IDENT_JAVA_014_COPY,CODE_IDENT_JAVA_015_COPY,0.0,0.0
CODE_IDENT_JAVA_001_COPY,CODE_IDENT_JAVA_014_COPY,0.0,0.0
CODE_IDENT_JAVA_014_COPY,CODE_IDENT_JAVA_015,0.0,0.0
CODE_IDENT_JAVA_014_COPY,CODE_DIF_JAVA_003,0.0,0.0
CODE_IDENT_JAVA_005_COPY,CODE_IDENT_JAVA_014_COPY,0.0,0.0
CODE_IDENT_JAVA_014_COPY,CODE_DIF_JAVA_002,0.0,0.0
CODE_IDENT_JAVA_014_COPY,CODE_DIF_JAVA_001,0.0,0.0
CODE_IDENT_JAVA_014_COPY,CODE_IDENT_JAVA_010_COPY,0.0,0.0
CODE_ESTRU_JAVA_003,CODE_IDENT_JAVA_014_COPY,0.0,0.0
CODE_ESTRU_JAVA_001,CODE_IDENT_JAVA_014_COPY,0.0,0.0
CODE_ESTRU_JAVA_008,CODE_IDENT_JAVA_014_COPY,0.0,0.0
CODE_ESTRU_JAVA_009,CODE_IDENT_JAVA_014_COPY,0.0,0.0
CODE_ESTRU_JAVA_006,CODE_IDENT_JAVA_014_COPY,0.0,0.0
CODE_ESTRU_JAVA_007,CODE_IDENT_JAVA_014_COPY,0.0,0.0
CODE_ESTRU_JAVA_004,CODE_IDENT_JAVA_014_COPY,0.0,0.0
CODE_ESTRU_JAVA_005,CODE_IDENT_JAVA_014_COPY,0.0,0.0
CODE_IDENT_JAVA_004,CODE_FUN_JAVA_006,0.0,0.0
CODE_IDENT_JAVA_006_COPY,CODE_FUN_JAVA_006,0.0,0.0
CODE_FUN_JAVA_006,CODE_FUN_JAVA_007,0.0,0.0
CODE_IDENT_JAVA_003,CODE_FUN_JAVA_006,0.0,0.0
CODE_FUN_JAVA_008,CODE_FUN_JAVA_006,0.0,0.0
CODE_IDENT_JAVA_006,CODE_FUN_JAVA_006,0.0,0.0
CODE_FUN_JAVA_006,CODE_DIF_JAVA_015,0.0,0.0
CODE_FUN_JAVA_006,CODE_FUN_JAVA_009,0.0,0.0
CODE_IDENT_JAVA_003_COPY,CODE_FUN_JAVA_006,0.0,0.0
CODE_IDENT_JAVA_005,CODE_FUN_JAVA_006,0.0,0.0
CODE_FUN_JAVA_002,CODE_FUN_JAVA_006,0.0,0.0
CODE_IDENT_JAVA_008,CODE_FUN_JAVA_006,0.0,0.0
CODE_IDENT_JAVA_011_COPY,CODE_FUN_JAVA_006,0.0,0.0
CODE_FUN_JAVA_003,CODE_FUN_JAVA_006,0.0,0.0
CODE_IDENT_JAVA_007,CODE_FUN_JAVA_006,0.0,0.0
CODE_FUN_JAVA_004,CODE_FUN_JAVA_006,0.0,0.0
CODE_FUN_JAVA_005,CODE_FUN_JAVA_006,0.0,0.0
CODE_IDENT_JAVA_009,CODE_FUN_JAVA_006,0.0,0.0
CODE_FUN_JAVA_001,CODE_FUN_JAVA_006,0.0,0.0
CODE_IDENT_JAVA_011,CODE_FUN_JAVA_006,0.0,0.0
CODE_IDENT_JAVA_010,CODE_FUN_JAVA_006,0.0,0.0
CODE_IDENT_JAVA_013,CODE_FUN_JAVA_006,0.0,0.0
CODE_IDENT_JAVA_012,CODE_FUN_JAVA_006,0.0,0.0
CODE_IDENT_JAVA_007_COPY,CODE_FUN_JAVA_006,0.0,0.0
CODE_FUN_JAVA_006,CODE_IDENT_JAVA_015_COPY,0.0,0.0
CODE_IDENT_JAVA_001_COPY,CODE_FUN_JAVA_006,0.0,0.0
CODE_FUN_JAVA_006,CODE_IDENT_JAVA_015,0.0,0.0
CODE_IDENT_JAVA_014,CODE_FUN_JAVA_006,0.0,0.0
CODE_IDENT_JAVA_002_COPY,CODE_FUN_JAVA_006,0.0,0.0
CODE_FUN_JAVA_006,CODE_DIF_JAVA_003,0.0,0.0
CODE_IDENT_JAVA_005_COPY,CODE_FUN_JAVA_006,0.0,0.0
CODE_IDENT_JAVA_013_COPY,CODE_FUN_JAVA_006,0.0,0.0
CODE_DIF_JAVA_002,CODE_FUN_JAVA_006,0.0,0.0
CODE_FUN_JAVA_006,CODE_DIF_JAVA_001,0.0,0.0
CODE_IDENT_JAVA_010_COPY,CODE_FUN_JAVA_006,0.0,0.0
CODE_ESTRU_JAVA_002,CODE_FUN_JAVA_006,0.0,0.0
CODE_ESTRU_JAVA_003,CODE_FUN_JAVA_006,0.0,0.0
CODE_ESTRU_JAVA_001,CODE_FUN_JAVA_006,0.0,0.0
CODE_ESTRU_JAVA_008,CODE_FUN_JAVA_006,0.0,0.0
CODE_ESTRU_JAVA_009,CODE_FUN_JAVA_006,0.0,0.0
CODE_ESTRU_JAVA_006,CODE_FUN_JAVA_006,0.0,0.0
CODE_ESTRU_JAVA_007,CODE_FUN_JAVA_006,0.0,0.0
CODE_ESTRU_JAVA_004,CODE_FUN_JAVA_006,0.0,0.0
CODE_ESTRU_JAVA_005,CODE_FUN_JAVA_006,0.0,0.0
CODE_IDENT_JAVA_006_COPY,CODE_IDENT_JAVA_004,0.0,0.0
CODE_IDENT_JAVA_004,CODE_FUN_JAVA_007,0.0,0.0
CODE_IDENT_JAVA_003,CODE_IDENT_JAVA_004,0.0,0.0
CODE_IDENT_JAVA_004,CODE_FUN_JAVA_008,0.0,0.0
CODE_IDENT_JAVA_006,CODE_IDENT_JAVA_004,0.0,0.0
CODE_IDENT_JAVA_004,CODE_DIF_JAVA_015,0.0,0.0
CODE_IDENT_JAVA_004,CODE_FUN_JAVA_009,0.0,0.0
CODE_IDENT_JAVA_003_COPY,CODE_IDENT_JAVA_004,0.0,0.0
CODE_IDENT_JAVA_005,CODE_IDENT_JAVA_004,0.0,0.0
CODE_IDENT_JAVA_004,CODE_FUN_JAVA_002,0.0,0.0
CODE_IDENT_JAVA_011_COPY,CODE_IDENT_JAVA_004,0.0,0.0
CODE_FUN_JAVA_003,CODE_IDENT_JAVA_004,0.0,0.0
CODE_IDENT_JAVA_007,CODE_IDENT_JAVA_004,0.0,0.0
CODE_IDENT_JAVA_004,CODE_FUN_JAVA_004,0.0,0.0
CODE_IDENT_JAVA_004,CODE_FUN_JAVA_005,0.0,0.0
CODE_IDENT_JAVA_004,CODE_IDENT_JAVA_009,0.0,0.0
CODE_FUN_JAVA_001,CODE_IDENT_JAVA_004,0.0,0.0
CODE_IDENT_JAVA_011,CODE_IDENT_JAVA_004,0.0,0.0
CODE_IDENT_JAVA_004,CODE_IDENT_JAVA_010,0.0,0.0
CODE_IDENT_JAVA_013,CODE_IDENT_JAVA_004,0.0,0.0
CODE_IDENT_JAVA_012,CODE_IDENT_JAVA_004,0.0,0.0
CODE_IDENT_JAVA_007_COPY,CODE_IDENT_JAVA_004,0.0,0.0
CODE_IDENT_JAVA_004,CODE_IDENT_JAVA_015_COPY,0.0,0.0
CODE_IDENT_JAVA_001_COPY,CODE_IDENT_JAVA_004,0.0,0.0
CODE_IDENT_JAVA_004,CODE_IDENT_JAVA_015,0.0,0.0
CODE_IDENT_JAVA_004,CODE_IDENT_JAVA_014,0.0,0.0
CODE_IDENT_JAVA_002_COPY,CODE_IDENT_JAVA_004,0.0,0.0
CODE_IDENT_JAVA_004,CODE_DIF_JAVA_003,0.0,0.0
CODE_IDENT_JAVA_005_COPY,CODE_IDENT_JAVA_004,0.0,0.0
CODE_IDENT_JAVA_013_COPY,CODE_IDENT_JAVA_004,0.0,0.0
CODE_IDENT_JAVA_004,CODE_DIF_JAVA_002,0.0,0.0
CODE_IDENT_JAVA_004,CODE_DIF_JAVA_001,0.0,0.0
CODE_IDENT_JAVA_004,CODE_IDENT_JAVA_010_COPY,0.0,0.0
CODE_ESTRU_JAVA_002,CODE_IDENT_JAVA_004,0.0,0.0
CODE_ESTRU_JAVA_003,CODE_IDENT_JAVA_004,0.0,0.0
CODE_ESTRU_JAVA_001,CODE_IDENT_JAVA_004,0.0,0.0
CODE_IDENT_JAVA_004,CODE_ESTRU_JAVA_009,0.0,0.0
CODE_ESTRU_JAVA_006,CODE_IDENT_JAVA_004,0.0,0.0
CODE_ESTRU_JAVA_007,CODE_IDENT_JAVA_004,0.0,0.0
CODE_ESTRU_JAVA_005,CODE_IDENT_JAVA_004,0.0,0.0
CODE_IDENT_JAVA_006_COPY,CODE_FUN_JAVA_007,0.0,0.0
CODE_IDENT_JAVA_006_COPY,CODE_FUN_JAVA_008,0.0,0.0
CODE_IDENT_JAVA_006_COPY,CODE_DIF_JAVA_015,0.0,0.0
CODE_IDENT_JAVA_006_COPY,CODE_FUN_JAVA_009,0.0,0.0
CODE_IDENT_JAVA_005,CODE_IDENT_JAVA_006_COPY,0.0,0.0
CODE_IDENT_JAVA_006_COPY,CODE_FUN_JAVA_002,0.0,0.0
CODE_IDENT_JAVA_006_COPY,CODE_IDENT_JAVA_008,0.0,0.0
CODE_IDENT_JAVA_006_COPY,CODE_IDENT_JAVA_011_COPY,0.0,0.0
CODE_FUN_JAVA_003,CODE_IDENT_JAVA_006_COPY,0.0,0.0
CODE_IDENT_JAVA_007,CODE_IDENT_JAVA_006_COPY,0.0,0.0
CODE_IDENT_JAVA_006_COPY,CODE_FUN_JAVA_004,0.0,0.0
CODE_IDENT_JAVA_006_COPY,CODE_FUN_JAVA_005,0.0,0.0
CODE_IDENT_JAVA_006_COPY,CODE_IDENT_JAVA_009,0.0,0.0
CODE_IDENT_JAVA_006_COPY,CODE_FUN_JAVA_001,0.0,0.0
CODE_IDENT_JAVA_006_COPY,CODE_IDENT_JAVA_011,0.0,0.0
CODE_IDENT_JAVA_006_COPY,CODE_IDENT_JAVA_010,0.0,0.0
CODE_IDENT_JAVA_006_COPY,CODE_IDENT_JAVA_013,0.0,0.0
CODE_IDENT_JAVA_012,CODE_IDENT_JAVA_006_COPY,0.0,0.0
CODE_IDENT_JAVA_007_COPY,CODE_IDENT_JAVA_006_COPY,0.0,0.0
CODE_IDENT_JAVA_006_COPY,CODE_IDENT_JAVA_015_COPY,0.0,0.0
CODE_IDENT_JAVA_006_COPY,CODE_IDENT_JAVA_015,0.0,0.0
CODE_IDENT_JAVA_006_COPY,CODE_IDENT_JAVA_014,0.0,0.0
CODE_IDENT_JAVA_006_COPY,CODE_IDENT_JAVA_002_COPY,0.0,0.0
CODE_IDENT_JAVA_006_COPY,CODE_DIF_JAVA_003,0.0,0.0
CODE_IDENT_JAVA_005_COPY,CODE_IDENT_JAVA_006_COPY,0.0,0.0
CODE_IDENT_JAVA_006_COPY,CODE_IDENT_JAVA_013_COPY,0.0,0.0
CODE_IDENT_JAVA_006_COPY,CODE_DIF_JAVA_002,0.0,0.0
CODE_IDENT_JAVA_006_COPY,CODE_DIF_JAVA_001,0.0,0.0
CODE_IDENT_JAVA_006_COPY,CODE_IDENT_JAVA_010_COPY,0.0,0.0
CODE_IDENT_JAVA_006_COPY,CODE_ESTRU_JAVA_002,0.0,0.0
CODE_IDENT_JAVA_006_COPY,CODE_ESTRU_JAVA_008,0.0,0.0
CODE_IDENT_JAVA_006_COPY,CODE_ESTRU_JAVA_009,0.0,0.0
CODE_IDENT_JAVA_006_COPY,CODE_ESTRU_JAVA_007,0.0,0.0
CODE_IDENT_JAVA_006_COPY,CODE_ESTRU_JAVA_004,0.0,0.0
CODE_ESTRU_JAVA_005,CODE_IDENT_JAVA_006_COPY,0.0,0.0
CODE_IDENT_JAVA_003,CODE_FUN_JAVA_007,0.0,0.0
CODE_FUN_JAVA_008,CODE_FUN_JAVA_007,0.0,0.0
CODE_IDENT_JAVA_006,CODE_FUN_JAVA_007,0.0,0.0
CODE_FUN_JAVA_007,CODE_FUN_JAVA_009,0.0,0.0
CODE_IDENT_JAVA_003_COPY,CODE_FUN_JAVA_007,0.0,0.0
CODE_IDENT_JAVA_005,CODE_FUN_JAVA_007,0.0,0.0
CODE_IDENT_JAVA_008,CODE_FUN_JAVA_007,0.0,0.0
CODE_IDENT_JAVA_011_COPY,CODE_FUN_JAVA_007,0.0,0.0
CODE_IDENT_JAVA_007,CODE_FUN_JAVA_007,0.0,0.0
CODE_IDENT_JAVA_009,CODE_FUN_JAVA_007,0.0,0.0
CODE_FUN_JAVA_001,CODE_FUN_JAVA_007,0.0,0.0
CODE_IDENT_JAVA_011,CODE_FUN_JAVA_007,0.0,0.0
CODE_IDENT_JAVA_010,CODE_FUN_JAVA_007,0.0,0.0
CODE_IDENT_JAVA_013,CODE_FUN_JAVA_007,0.0,0.0
CODE_IDENT_JAVA_012,CODE_FUN_JAVA_007,0.0,0.0
CODE_IDENT_JAVA_007_COPY,CODE_FUN_JAVA_007,0.0,0.0
CODE_FUN_JAVA_007,CODE_IDENT_JAVA_015_COPY,0.0,0.0
CODE_IDENT_JAVA_001_COPY,CODE_FUN_JAVA_007,0.0,0.0
CODE_FUN_JAVA_007,CODE_IDENT_JAVA_015,0.0,0.0
CODE_IDENT_JAVA_014,CODE_FUN_JAVA_007,0.0,0.0
CODE_IDENT_JAVA_002_COPY,CODE_FUN_JAVA_007,0.0,0.0
CODE_IDENT_JAVA_005_COPY,CODE_FUN_JAVA_007,0.0,0.0
CODE_IDENT_JAVA_013_COPY,CODE_FUN_JAVA_007,0.0,0.0
CODE_FUN_JAVA_007,CODE_DIF_JAVA_001,0.0,0.0
CODE_IDENT_JAVA_010_COPY,CODE_FUN_JAVA_007,0.0,0.0
CODE_ESTRU_JAVA_002,CODE_FUN_JAVA_007,0.0,0.0
CODE_ESTRU_JAVA_003,CODE_FUN_JAVA_007,0.0,0.0
CODE_ESTRU_JAVA_001,CODE_FUN_JAVA_007,0.0,0.0
CODE_ESTRU_JAVA_008,CODE_FUN_JAVA_007,0.0,0.0
CODE_ESTRU_JAVA_009,CODE_FUN_JAVA_007,0.0,0.0
CODE_ESTRU_JAVA_006,CODE_FUN_JAVA_007,0.0,0.0
CODE_ESTRU_JAVA_007,CODE_FUN_JAVA_007,0.0,0.0
CODE_ESTRU_JAVA_004,CODE_FUN_JAVA_007,0.0,0.0
CODE_ESTRU_JAVA_005,CODE_FUN_JAVA_007,0.0,0.0
CODE_IDENT_JAVA_003,CODE_FUN_JAVA_008,0.0,0.0
CODE_IDENT_JAVA_003,CODE_DIF_JAVA_015,0.0,0.0
CODE_IDENT_JAVA_003,CODE_FUN_JAVA_009,0.0,0.0
CODE_IDENT_JAVA_005,CODE_IDENT_JAVA_003,0.0,0.0
CODE_IDENT_JAVA_003,CODE_FUN_JAVA_002,0.0,0.0
CODE_IDENT_JAVA_003,CODE_IDENT_JAVA_008,0.0,0.0
CODE_IDENT_JAVA_003,CODE_IDENT_JAVA_011_COPY,0.0,0.0
CODE_FUN_JAVA_003,CODE_IDENT_JAVA_003,0.0,0.0
CODE_IDENT_JAVA_007,CODE_IDENT_JAVA_003,0.0,0.0
CODE_IDENT_JAVA_003,CODE_FUN_JAVA_004,0.0,0.0
CODE_IDENT_JAVA_003,CODE_FUN_JAVA_005,0.0,0.0
CODE_IDENT_JAVA_003,CODE_IDENT_JAVA_009,0.0,0.0
CODE_IDENT_JAVA_003,CODE_FUN_JAVA_001,0.0,0.0
CODE_IDENT_JAVA_003,CODE_IDENT_JAVA_011,0.0,0.0
CODE_IDENT_JAVA_003,CODE_IDENT_JAVA_010,0.0,0.0
CODE_IDENT_JAVA_003,CODE_IDENT_JAVA_013,0.0,0.0
CODE_IDENT_JAVA_012,CODE_IDENT_JAVA_003,0.0,0.0
CODE_IDENT_JAVA_007_COPY,CODE_IDENT_JAVA_003,0.0,0.0
CODE_IDENT_JAVA_003,CODE_IDENT_JAVA_015_COPY,0.0,0.0
CODE_IDENT_JAVA_003,CODE_IDENT_JAVA_015,0.0,0.0
CODE_IDENT_JAVA_003,CODE_IDENT_JAVA_014,0.0,0.0
CODE_IDENT_JAVA_003,CODE_IDENT_JAVA_002_COPY,0.0,0.0
CODE_IDENT_JAVA_003,CODE_DIF_JAVA_003,0.0,0.0
CODE_IDENT_JAVA_005_COPY,CODE_IDENT_JAVA_003,0.0,0.0
CODE_IDENT_JAVA_003,CODE_IDENT_JAVA_013_COPY,0.0,0.0
CODE_IDENT_JAVA_003,CODE_DIF_JAVA_002,0.0,0.0
CODE_IDENT_JAVA_003,CODE_DIF_JAVA_001,0.0,0.0
CODE_IDENT_JAVA_003,CODE_IDENT_JAVA_010_COPY,0.0,0.0
CODE_IDENT_JAVA_003,CODE_ESTRU_JAVA_002,0.0,0.0
CODE_IDENT_JAVA_003,CODE_ESTRU_JAVA_008,0.0,0.0
CODE_IDENT_JAVA_003,CODE_ESTRU_JAVA_009,0.0,0.0
CODE_ESTRU_JAVA_007,CODE_IDENT_JAVA_003,0.0,0.0
CODE_IDENT_JAVA_003,CODE_ESTRU_JAVA_004,0.0,0.0
CODE_ESTRU_JAVA_005,CODE_IDENT_JAVA_003,0.0,0.0
CODE_IDENT_JAVA_006,CODE_FUN_JAVA_008,0.0,0.0
CODE_FUN_JAVA_008,CODE_DIF_JAVA_015,0.0,0.0
CODE_IDENT_JAVA_003_COPY,CODE_FUN_JAVA_008,0.0,0.0
CODE_IDENT_JAVA_005,CODE_FUN_JAVA_008,0.0,0.0
CODE_FUN_JAVA_008,CODE_FUN_JAVA_002,0.0,0.0
CODE_IDENT_JAVA_008,CODE_FUN_JAVA_008,0.0,0.0
CODE_IDENT_JAVA_011_COPY,CODE_FUN_JAVA_008,0.0,0.0
CODE_FUN_JAVA_003,CODE_FUN_JAVA_008,0.0,0.0
CODE_IDENT_JAVA_007,CODE_FUN_JAVA_008,0.0,0.0
CODE_FUN_JAVA_008,CODE_FUN_JAVA_004,0.0,0.0
CODE_IDENT_JAVA_009,CODE_FUN_JAVA_008,0.0,0.0
CODE_FUN_JAVA_001,CODE_FUN_JAVA_008,0.0,0.0
CODE_IDENT_JAVA_011,CODE_FUN_JAVA_008,0.0,0.0
CODE_FUN_JAVA_008,CODE_IDENT_JAVA_010,0.0,0.0
CODE_IDENT_JAVA_013,CODE_FUN_JAVA_008,0.0,0.0
CODE_IDENT_JAVA_012,CODE_FUN_JAVA_008,0.0,0.0
CODE_IDENT_JAVA_007_COPY,CODE_FUN_JAVA_008,0.0,0.0
CODE_FUN_JAVA_008,CODE_IDENT_JAVA_015_COPY,0.0,0.0
CODE_IDENT_JAVA_001_COPY,CODE_FUN_JAVA_008,0.0,0.0
CODE_FUN_JAVA_008,CODE_IDENT_JAVA_015,0.0,0.0
CODE_FUN_JAVA_008,CODE_IDENT_JAVA_014,0.0,0.0
CODE_IDENT_JAVA_002_COPY,CODE_FUN_JAVA_008,0.0,0.0
CODE_FUN_JAVA_008,CODE_DIF_JAVA_003,0.0,0.0
CODE_IDENT_JAVA_005_COPY,CODE_FUN_JAVA_008,0.0,0.0
CODE_IDENT_JAVA_013_COPY,CODE_FUN_JAVA_008,0.0,0.0
CODE_FUN_JAVA_008,CODE_DIF_JAVA_002,0.0,0.0
CODE_FUN_JAVA_008,CODE_DIF_JAVA_001,0.0,0.0
CODE_FUN_JAVA_008,CODE_IDENT_JAVA_010_COPY,0.0,0.0
CODE_ESTRU_JAVA_002,CODE_FUN_JAVA_008,0.0,0.0
CODE_ESTRU_JAVA_003,CODE_FUN_JAVA_008,0.0,0.0
CODE_ESTRU_JAVA_001,CODE_FUN_JAVA_008,0.0,0.0
CODE_ESTRU_JAVA_008,CODE_FUN_JAVA_008,0.0,0.0
CODE_ESTRU_JAVA_009,CODE_FUN_JAVA_008,0.0,0.0
CODE_ESTRU_JAVA_006,CODE_FUN_JAVA_008,0.0,0.0
CODE_ESTRU_JAVA_007,CODE_FUN_JAVA_008,0.0,0.0
CODE_ESTRU_JAVA_004,CODE_FUN_JAVA_008,0.0,0.0
CODE_ESTRU_JAVA_005,CODE_FUN_JAVA_008,0.0,0.0
CODE_IDENT_JAVA_006,CODE_DIF_JAVA_015,0.0,0.0
CODE_IDENT_JAVA_006,CODE_FUN_JAVA_009,0.0,0.0
CODE_IDENT_JAVA_005,CODE_IDENT_JAVA_006,0.0,0.0
CODE_IDENT_JAVA_006,CODE_FUN_JAVA_002,0.0,0.0
CODE_IDENT_JAVA_006,CODE_IDENT_JAVA_008,0.0,0.0
CODE_IDENT_JAVA_006,CODE_IDENT_JAVA_011_COPY,0.0,0.0
CODE_FUN_JAVA_003,CODE_IDENT_JAVA_006,0.0,0.0
CODE_IDENT_JAVA_007,CODE_IDENT_JAVA_006,0.0,0.0
CODE_IDENT_JAVA_006,CODE_FUN_JAVA_004,0.0,0.0
CODE_IDENT_JAVA_006,CODE_FUN_JAVA_005,0.0,0.0
CODE_IDENT_JAVA_006,CODE_IDENT_JAVA_009,0.0,0.0
CODE_IDENT_JAVA_006,CODE_FUN_JAVA_001,0.0,0.0
CODE_IDENT_JAVA_006,CODE_IDENT_JAVA_011,0.0,0.0
CODE_IDENT_JAVA_006,CODE_IDENT_JAVA_010,0.0,0.0
CODE_IDENT_JAVA_006,CODE_IDENT_JAVA_013,0.0,0.0
CODE_IDENT_JAVA_012,CODE_IDENT_JAVA_006,0.0,0.0
CODE_IDENT_JAVA_007_COPY,CODE_IDENT_JAVA_006,0.0,0.0
CODE_IDENT_JAVA_006,CODE_IDENT_JAVA_015_COPY,0.0,0.0
CODE_IDENT_JAVA_006,CODE_IDENT_JAVA_015,0.0,0.0
CODE_IDENT_JAVA_006,CODE_IDENT_JAVA_014,0.0,0.0
CODE_IDENT_JAVA_006,CODE_IDENT_JAVA_002_COPY,0.0,0.0
CODE_IDENT_JAVA_006,CODE_DIF_JAVA_003,0.0,0.0
CODE_IDENT_JAVA_005_COPY,CODE_IDENT_JAVA_006,0.0,0.0
CODE_IDENT_JAVA_006,CODE_IDENT_JAVA_013_COPY,0.0,0.0
CODE_IDENT_JAVA_006,CODE_DIF_JAVA_002,0.0,0.0
CODE_IDENT_JAVA_006,CODE_DIF_JAVA_001,0.0,0.0
CODE_IDENT_JAVA_006,CODE_IDENT_JAVA_010_COPY,0.0,0.0
CODE_IDENT_JAVA_006,CODE_ESTRU_JAVA_002,0.0,0.0
CODE_IDENT_JAVA_006,CODE_ESTRU_JAVA_008,0.0,0.0
CODE_IDENT_JAVA_006,CODE_ESTRU_JAVA_009,0.0,0.0
CODE_IDENT_JAVA_006,CODE_ESTRU_JAVA_007,0.0,0.0
CODE_IDENT_JAVA_006,CODE_ESTRU_JAVA_004,0.0,0.0
CODE_ESTRU_JAVA_005,CODE_IDENT_JAVA_006,0.0,0.0
CODE_IDENT_JAVA_003_COPY,CODE_DIF_JAVA_015,0.0,0.0
CODE_IDENT_JAVA_005,CODE_DIF_JAVA_015,0.0,0.0
CODE_IDENT_JAVA_008,CODE_DIF_JAVA_015,0.0,0.0
CODE_IDENT_JAVA_011_COPY,CODE_DIF_JAVA_015,0.0,0.0
CODE_FUN_JAVA_003,CODE_DIF_JAVA_015,0.0,0.0
CODE_IDENT_JAVA_007,CODE_DIF_JAVA_015,0.0,0.0
CODE_FUN_JAVA_004,CODE_DIF_JAVA_015,0.0,0.0
CODE_IDENT_JAVA_009,CODE_DIF_JAVA_015,0.0,0.0
CODE_FUN_JAVA_001,CODE_DIF_JAVA_015,0.0,0.0
CODE_IDENT_JAVA_011,CODE_DIF_JAVA_015,0.0,0.0
CODE_IDENT_JAVA_010,CODE_DIF_JAVA_015,0.0,0.0
CODE_IDENT_JAVA_013,CODE_DIF_JAVA_015,0.0,0.0
CODE_IDENT_JAVA_012,CODE_DIF_JAVA_015,0.0,0.0
CODE_IDENT_JAVA_007_COPY,CODE_DIF_JAVA_015,0.0,0.0
CODE_IDENT_JAVA_015_COPY,CODE_DIF_JAVA_015,0.0,0.0
CODE_IDENT_JAVA_001_COPY,CODE_DIF_JAVA_015,0.0,0.0
CODE_IDENT_JAVA_015,CODE_DIF_JAVA_015,0.0,0.0
CODE_IDENT_JAVA_014,CODE_DIF_JAVA_015,0.0,0.0
CODE_IDENT_JAVA_002_COPY,CODE_DIF_JAVA_015,0.0,0.0
CODE_DIF_JAVA_003,CODE_DIF_JAVA_015,0.0,0.0
CODE_IDENT_JAVA_005_COPY,CODE_DIF_JAVA_015,0.0,0.0
CODE_IDENT_JAVA_013_COPY,CODE_DIF_JAVA_015,0.0,0.0
CODE_DIF_JAVA_002,CODE_DIF_JAVA_015,0.0,0.0
CODE_DIF_JAVA_001,CODE_DIF_JAVA_015,0.0,0.0
CODE_IDENT_JAVA_010_COPY,CODE_DIF_JAVA_015,0.0,0.0
CODE_ESTRU_JAVA_002,CODE_DIF_JAVA_015,0.0,0.0
CODE_ESTRU_JAVA_003,CODE_DIF_JAVA_015,0.0,0.0
CODE_ESTRU_JAVA_001,CODE_DIF_JAVA_015,0.0,0.0
CODE_ESTRU_JAVA_008,CODE_DIF_JAVA_015,0.0,0.0
CODE_ESTRU_JAVA_009,CODE_DIF_JAVA_015,0.0,0.0
CODE_ESTRU_JAVA_006,CODE_DIF_JAVA_015,0.0,0.0
CODE_ESTRU_JAVA_007,CODE_DIF_JAVA_015,0.0,0.0
CODE_ESTRU_JAVA_004,CODE_DIF_JAVA_015,0.0,0.0
CODE_ESTRU_JAVA_005,CODE_DIF_JAVA_015,0.0,0.0
CODE_IDENT_JAVA_003_COPY,CODE_FUN_JAVA_009,0.0,0.0
CODE_IDENT_JAVA_005,CODE_FUN_JAVA_009,0.0,0.0
CODE_FUN_JAVA_002,CODE_FUN_JAVA_009,0.0,0.0
CODE_IDENT_JAVA_008,CODE_FUN_JAVA_009,0.0,0.0
CODE_IDENT_JAVA_011_COPY,CODE_FUN_JAVA_009,0.0,0.0
CODE_IDENT_JAVA_007,CODE_FUN_JAVA_009,0.0,0.0
CODE_FUN_JAVA_004,CODE_FUN_JAVA_009,0.0,0.0
CODE_FUN_JAVA_005,CODE_FUN_JAVA_009,0.0,0.0
CODE_IDENT_JAVA_009,CODE_FUN_JAVA_009,0.0,0.0
CODE_IDENT_JAVA_011,CODE_FUN_JAVA_009,0.0,0.0
CODE_IDENT_JAVA_010,CODE_FUN_JAVA_009,0.0,0.0
CODE_IDENT_JAVA_013,CODE_FUN_JAVA_009,0.0,0.0
CODE_IDENT_JAVA_012,CODE_FUN_JAVA_009,0.0,0.0
CODE_IDENT_JAVA_007_COPY,CODE_FUN_JAVA_009,0.0,0.0
CODE_IDENT_JAVA_015_COPY,CODE_FUN_JAVA_009,0.0,0.0
CODE_IDENT_JAVA_001_COPY,CODE_FUN_JAVA_009,0.0,0.0
CODE_IDENT_JAVA_015,CODE_FUN_JAVA_009,0.0,0.0
CODE_IDENT_JAVA_014,CODE_FUN_JAVA_009,0.0,0.0
CODE_IDENT_JAVA_002_COPY,CODE_FUN_JAVA_009,0.0,0.0
CODE_FUN_JAVA_009,CODE_DIF_JAVA_003,0.0,0.0
CODE_IDENT_JAVA_005_COPY,CODE_FUN_JAVA_009,0.0,0.0
CODE_IDENT_JAVA_013_COPY,CODE_FUN_JAVA_009,0.0,0.0
CODE_FUN_JAVA_009,CODE_DIF_JAVA_001,0.0,0.0
CODE_IDENT_JAVA_010_COPY,CODE_FUN_JAVA_009,0.0,0.0
CODE_ESTRU_JAVA_002,CODE_FUN_JAVA_009,0.0,0.0
CODE_ESTRU_JAVA_003,CODE_FUN_JAVA_009,0.0,0.0
CODE_ESTRU_JAVA_001,CODE_FUN_JAVA_009,0.0,0.0
CODE_ESTRU_JAVA_008,CODE_FUN_JAVA_009,0.0,0.0
CODE_ESTRU_JAVA_009,CODE_FUN_JAVA_009,0.0,0.0
CODE_ESTRU_JAVA_006,CODE_FUN_JAVA_009,0.0,0.0
CODE_ESTRU_JAVA_007,CODE_FUN_JAVA_009,0.0,0.0
CODE_ESTRU_JAVA_004,CODE_FUN_JAVA_009,0.0,0.0
CODE_ESTRU_JAVA_005,CODE_FUN_JAVA_009,0.0,0.0
CODE_IDENT_JAVA_005,CODE_IDENT_JAVA_003_COPY,0.0,0.0
CODE_IDENT_JAVA_003_COPY,CODE_FUN_JAVA_002,0.0,0.0
CODE_IDENT_JAVA_003_COPY,CODE_IDENT_JAVA_008,0.0,0.0
CODE_IDENT_JAVA_003_COPY,CODE_IDENT_JAVA_011_COPY,0.0,0.0
CODE_FUN_JAVA_003,CODE_IDENT_JAVA_003_COPY,0.0,0.0
CODE_IDENT_JAVA_007,CODE_IDENT_JAVA_003_COPY,0.0,0.0
CODE_IDENT_JAVA_003_COPY,CODE_FUN_JAVA_004,0.0,0.0
CODE_IDENT_JAVA_003_COPY,CODE_FUN_JAVA_005,0.0,0.0
CODE_IDENT_JAVA_003_COPY,CODE_IDENT_JAVA_009,0.0,0.0
CODE_IDENT_JAVA_003_COPY,CODE_FUN_JAVA_001,0.0,0.0
CODE_IDENT_JAVA_003_COPY,CODE_IDENT_JAVA_011,0.0,0.0
CODE_IDENT_JAVA_003_COPY,CODE_IDENT_JAVA_010,0.0,0.0
CODE_IDENT_JAVA_003_COPY,CODE_IDENT_JAVA_013,0.0,0.0
CODE_IDENT_JAVA_012,CODE_IDENT_JAVA_003_COPY,0.0,0.0
CODE_IDENT_JAVA_007_COPY,CODE_IDENT_JAVA_003_COPY,0.0,0.0
CODE_IDENT_JAVA_003_COPY,CODE_IDENT_JAVA_015_COPY,0.0,0.0
CODE_IDENT_JAVA_003_COPY,CODE_IDENT_JAVA_015,0.0,0.0
CODE_IDENT_JAVA_003_COPY,CODE_IDENT_JAVA_014,0.0,0.0
CODE_IDENT_JAVA_003_COPY,CODE_IDENT_JAVA_002_COPY,0.0,0.0
CODE_IDENT_JAVA_003_COPY,CODE_DIF_JAVA_003,0.0,0.0
CODE_IDENT_JAVA_005_COPY,CODE_IDENT_JAVA_003_COPY,0.0,0.0
CODE_IDENT_JAVA_003_COPY,CODE_IDENT_JAVA_013_COPY,0.0,0.0
CODE_IDENT_JAVA_003_COPY,CODE_DIF_JAVA_002,0.0,0.0
CODE_IDENT_JAVA_003_COPY,CODE_DIF_JAVA_001,0.0,0.0
CODE_IDENT_JAVA_003_COPY,CODE_IDENT_JAVA_010_COPY,0.0,0.0
CODE_IDENT_JAVA_003_COPY,CODE_ESTRU_JAVA_002,0.0,0.0
CODE_IDENT_JAVA_003_COPY,CODE_ESTRU_JAVA_008,0.0,0.0
CODE_IDENT_JAVA_003_COPY,CODE_ESTRU_JAVA_009,0.0,0.0
CODE_ESTRU_JAVA_007,CODE_IDENT_JAVA_003_COPY,0.0,0.0
CODE_IDENT_JAVA_003_COPY,CODE_ESTRU_JAVA_004,0.0,0.0
CODE_ESTRU_JAVA_005,CODE_IDENT_JAVA_003_COPY,0.0,0.0
CODE_IDENT_JAVA_005,CODE_FUN_JAVA_002,0.0,0.0
CODE_IDENT_JAVA_005,CODE_IDENT_JAVA_008,0.0,0.0
CODE_IDENT_JAVA_005,CODE_IDENT_JAVA_011_COPY,0.0,0.0
CODE_IDENT_JAVA_005,CODE_FUN_JAVA_003,0.0,0.0
CODE_IDENT_JAVA_007,CODE_IDENT_JAVA_005,0.0,0.0
CODE_IDENT_JAVA_005,CODE_FUN_JAVA_004,0.0,0.0
CODE_IDENT_JAVA_005,CODE_FUN_JAVA_005,0.0,0.0
CODE_IDENT_JAVA_005,CODE_IDENT_JAVA_009,0.0,0.0
CODE_IDENT_JAVA_005,CODE_FUN_JAVA_001,0.0,0.0
CODE_IDENT_JAVA_005,CODE_IDENT_JAVA_011,0.0,0.0
CODE_IDENT_JAVA_005,CODE_IDENT_JAVA_010,0.0,0.0
CODE_IDENT_JAVA_005,CODE_IDENT_JAVA_013,0.0,0.0
CODE_IDENT_JAVA_012,CODE_IDENT_JAVA_005,0.0,0.0
CODE_IDENT_JAVA_007_COPY,CODE_IDENT_JAVA_005,0.0,0.0
CODE_IDENT_JAVA_005,CODE_IDENT_JAVA_015_COPY,0.0,0.0
CODE_IDENT_JAVA_001_COPY,CODE_IDENT_JAVA_005,0.0,0.0
CODE_IDENT_JAVA_005,CODE_IDENT_JAVA_015,0.0,0.0
CODE_IDENT_JAVA_005,CODE_IDENT_JAVA_014,0.0,0.0
CODE_IDENT_JAVA_005,CODE_IDENT_JAVA_002_COPY,0.0,0.0
CODE_IDENT_JAVA_005,CODE_DIF_JAVA_003,0.0,0.0
CODE_IDENT_JAVA_005,CODE_IDENT_JAVA_013_COPY,0.0,0.0
CODE_IDENT_JAVA_005,CODE_DIF_JAVA_002,0.0,0.0
CODE_IDENT_JAVA_005,CODE_DIF_JAVA_001,0.0,0.0
CODE_IDENT_JAVA_005,CODE_IDENT_JAVA_010_COPY,0.0,0.0
CODE_IDENT_JAVA_005,CODE_ESTRU_JAVA_002,0.0,0.0
CODE_IDENT_JAVA_005,CODE_ESTRU_JAVA_003,0.0,0.0
CODE_ESTRU_JAVA_001,CODE_IDENT_JAVA_005,0.0,0.0
CODE_IDENT_JAVA_005,CODE_ESTRU_JAVA_008,0.0,0.0
CODE_IDENT_JAVA_005,CODE_ESTRU_JAVA_009,0.0,0.0
CODE_IDENT_JAVA_005,CODE_ESTRU_JAVA_006,0.0,0.0
CODE_IDENT_JAVA_005,CODE_ESTRU_JAVA_007,0.0,0.0
CODE_IDENT_JAVA_005,CODE_ESTRU_JAVA_004,0.0,0.0
CODE_IDENT_JAVA_008,CODE_FUN_JAVA_002,0.0,0.0
CODE_IDENT_JAVA_011_COPY,CODE_FUN_JAVA_002,0.0,0.0
CODE_FUN_JAVA_003,CODE_FUN_JAVA_002,0.0,0.0
CODE_IDENT_JAVA_007,CODE_FUN_JAVA_002,0.0,0.0
CODE_FUN_JAVA_002,CODE_FUN_JAVA_004,0.0,0.0
CODE_IDENT_JAVA_009,CODE_FUN_JAVA_002,0.0,0.0
CODE_IDENT_JAVA_011,CODE_FUN_JAVA_002,0.0,0.0
CODE_FUN_JAVA_002,CODE_IDENT_JAVA_010,0.0,0.0
CODE_IDENT_JAVA_013,CODE_FUN_JAVA_002,0.0,0.0
CODE_IDENT_JAVA_012,CODE_FUN_JAVA_002,0.0,0.0
CODE_IDENT_JAVA_007_COPY,CODE_FUN_JAVA_002,0.0,0.0
CODE_FUN_JAVA_002,CODE_IDENT_JAVA_015_COPY,0.0,0.0
CODE_IDENT_JAVA_001_COPY,CODE_FUN_JAVA_002,0.0,0.0
CODE_FUN_JAVA_002,CODE_IDENT_JAVA_015,0.0,0.0
CODE_IDENT_JAVA_014,CODE_FUN_JAVA_002,0.0,0.0
CODE_IDENT_JAVA_002_COPY,CODE_FUN_JAVA_002,0.0,0.0
CODE_FUN_JAVA_002,CODE_DIF_JAVA_003,0.0,0.0
CODE_IDENT_JAVA_005_COPY,CODE_FUN_JAVA_002,0.0,0.0
CODE_IDENT_JAVA_013_COPY,CODE_FUN_JAVA_002,0.0,0.0
CODE_FUN_JAVA_002,CODE_DIF_JAVA_002,0.0,0.0
CODE_FUN_JAVA_002,CODE_DIF_JAVA_001,0.0,0.0
CODE_FUN_JAVA_002,CODE_IDENT_JAVA_010_COPY,0.0,0.0
CODE_ESTRU_JAVA_002,CODE_FUN_JAVA_002,0.0,0.0
CODE_ESTRU_JAVA_003,CODE_FUN_JAVA_002,0.0,0.0
CODE_ESTRU_JAVA_001,CODE_FUN_JAVA_002,0.0,0.0
CODE_ESTRU_JAVA_008,CODE_FUN_JAVA_002,0.0,0.0
CODE_ESTRU_JAVA_009,CODE_FUN_JAVA_002,0.0,0.0
CODE_ESTRU_JAVA_006,CODE_FUN_JAVA_002,0.0,0.0
CODE_ESTRU_JAVA_007,CODE_FUN_JAVA_002,0.0,0.0
CODE_ESTRU_JAVA_004,CODE_FUN_JAVA_002,0.0,0.0
CODE_ESTRU_JAVA_005,CODE_FUN_JAVA_002,0.0,0.0
CODE_IDENT_JAVA_011_COPY,CODE_IDENT_JAVA_008,0.0,0.0
CODE_FUN_JAVA_003,CODE_IDENT_JAVA_008,0.0,0.0
CODE_IDENT_JAVA_007,CODE_IDENT_JAVA_008,0.0,0.0
CODE_IDENT_JAVA_008,CODE_FUN_JAVA_004,0.0,0.0
CODE_IDENT_JAVA_008,CODE_FUN_JAVA_005,0.0,0.0
CODE_IDENT_JAVA_008,CODE_FUN_JAVA_001,0.0,0.0
CODE_IDENT_JAVA_011,CODE_IDENT_JAVA_008,0.0,0.0
CODE_IDENT_JAVA_008,CODE_IDENT_JAVA_010,0.0,0.0
CODE_IDENT_JAVA_013,CODE_IDENT_JAVA_008,0.0,0.0
CODE_IDENT_JAVA_012,CODE_IDENT_JAVA_008,0.0,0.0
CODE_IDENT_JAVA_007_COPY,CODE_IDENT_JAVA_008,0.0,0.0
CODE_IDENT_JAVA_008,CODE_IDENT_JAVA_015_COPY,0.0,0.0
CODE_IDENT_JAVA_001_COPY,CODE_IDENT_JAVA_008,0.0,0.0
CODE_IDENT_JAVA_008,CODE_IDENT_JAVA_015,0.0,0.0
CODE_IDENT_JAVA_008,CODE_IDENT_JAVA_014,0.0,0.0
CODE_IDENT_JAVA_008,CODE_IDENT_JAVA_002_COPY,0.0,0.0
CODE_IDENT_JAVA_008,CODE_DIF_JAVA_003,0.0,0.0
CODE_IDENT_JAVA_005_COPY,CODE_IDENT_JAVA_008,0.0,0.0
CODE_IDENT_JAVA_013_COPY,CODE_IDENT_JAVA_008,0.0,0.0
CODE_IDENT_JAVA_008,CODE_DIF_JAVA_002,0.0,0.0
CODE_IDENT_JAVA_008,CODE_DIF_JAVA_001,0.0,0.0
CODE_IDENT_JAVA_008,CODE_IDENT_JAVA_010_COPY,0.0,0.0
CODE_IDENT_JAVA_008,CODE_ESTRU_JAVA_002,0.0,0.0
CODE_ESTRU_JAVA_003,CODE_IDENT_JAVA_008,0.0,0.0
CODE_ESTRU_JAVA_001,CODE_IDENT_JAVA_008,0.0,0.0
CODE_ESTRU_JAVA_006,CODE_IDENT_JAVA_008,0.0,0.0
CODE_ESTRU_JAVA_007,CODE_IDENT_JAVA_008,0.0,0.0
CODE_ESTRU_JAVA_005,CODE_IDENT_JAVA_008,0.0,0.0
CODE_FUN_JAVA_003,CODE_IDENT_JAVA_011_COPY,0.0,0.0
CODE_IDENT_JAVA_007,CODE_IDENT_JAVA_011_COPY,0.0,0.0
CODE_IDENT_JAVA_011_COPY,CODE_FUN_JAVA_004,0.0,0.0
CODE_IDENT_JAVA_011_COPY,CODE_FUN_JAVA_005,0.0,0.0
CODE_IDENT_JAVA_011_COPY,CODE_IDENT_JAVA_009,0.0,0.0
CODE_IDENT_JAVA_011_COPY,CODE_FUN_JAVA_001,0.0,0.0
CODE_IDENT_JAVA_011_COPY,CODE_IDENT_JAVA_010,0.0,0.0
CODE_IDENT_JAVA_007_COPY,CODE_IDENT_JAVA_011_COPY,0.0,0.0
CODE_IDENT_JAVA_011_COPY,CODE_IDENT_JAVA_015_COPY,0.0,0.0
CODE_IDENT_JAVA_001_COPY,CODE_IDENT_JAVA_011_COPY,0.0,0.0
CODE_IDENT_JAVA_011_COPY,CODE_IDENT_JAVA_015,0.0,0.0
CODE_IDENT_JAVA_011_COPY,CODE_IDENT_JAVA_002_COPY,0.0,0.0
CODE_IDENT_JAVA_011_COPY,CODE_DIF_JAVA_003,0.0,0.0
CODE_IDENT_JAVA_005_COPY,CODE_IDENT_JAVA_011_COPY,0.0,0.0
CODE_IDENT_JAVA_011_COPY,CODE_DIF_JAVA_002,0.0,0.0
CODE_IDENT_JAVA_011_COPY,CODE_DIF_JAVA_001,0.0,0.0
CODE_IDENT_JAVA_011_COPY,CODE_IDENT_JAVA_010_COPY,0.0,0.0
CODE_IDENT_JAVA_011_COPY,CODE_ESTRU_JAVA_002,0.0,0.0
CODE_ESTRU_JAVA_003,CODE_IDENT_JAVA_011_COPY,0.0,0.0
CODE_ESTRU_JAVA_001,CODE_IDENT_JAVA_011_COPY,0.0,0.0
CODE_IDENT_JAVA_011_COPY,CODE_ESTRU_JAVA_008,0.0,0.0
CODE_IDENT_JAVA_011_COPY,CODE_ESTRU_JAVA_009,0.0,0.0
CODE_ESTRU_JAVA_006,CODE_IDENT_JAVA_011_COPY,0.0,0.0
CODE_ESTRU_JAVA_007,CODE_IDENT_JAVA_011_COPY,0.0,0.0
CODE_IDENT_JAVA_011_COPY,CODE_ESTRU_JAVA_004,0.0,0.0
CODE_ESTRU_JAVA_005,CODE_IDENT_JAVA_011_COPY,0.0,0.0
CODE_IDENT_JAVA_007,CODE_FUN_JAVA_003,0.0,0.0
CODE_FUN_JAVA_003,CODE_FUN_JAVA_004,0.0,0.0
CODE_FUN_JAVA_003,CODE_FUN_JAVA_005,0.0,0.0
CODE_FUN_JAVA_003,CODE_IDENT_JAVA_009,0.0,0.0
CODE_FUN_JAVA_003,CODE_IDENT_JAVA_011,0.0,0.0
CODE_FUN_JAVA_003,CODE_IDENT_JAVA_010,0.0,0.0
CODE_FUN_JAVA_003,CODE_IDENT_JAVA_013,0.0,0.0
CODE_IDENT_JAVA_012,CODE_FUN_JAVA_003,0.0,0.0
CODE_IDENT_JAVA_007_COPY,CODE_FUN_JAVA_003,0.0,0.0
CODE_FUN_JAVA_003,CODE_IDENT_JAVA_015_COPY,0.0,0.0
CODE_IDENT_JAVA_001_COPY,CODE_FUN_JAVA_003,0.0,0.0
CODE_FUN_JAVA_003,CODE_IDENT_JAVA_015,0.0,0.0
CODE_FUN_JAVA_003,CODE_IDENT_JAVA_014,0.0,0.0
CODE_FUN_JAVA_003,CODE_IDENT_JAVA_002_COPY,0.0,0.0
CODE_FUN_JAVA_003,CODE_DIF_JAVA_003,0.0,0.0
CODE_IDENT_JAVA_005_COPY,CODE_FUN_JAVA_003,0.0,0.0
CODE_FUN_JAVA_003,CODE_IDENT_JAVA_013_COPY,0.0,0.0
CODE_FUN_JAVA_003,CODE_DIF_JAVA_001,0.0,0.0
CODE_FUN_JAVA_003,CODE_IDENT_JAVA_010_COPY,0.0,0.0
CODE_FUN_JAVA_003,CODE_ESTRU_JAVA_002,0.0,0.0
CODE_FUN_JAVA_003,CODE_ESTRU_JAVA_003,0.0,0.0
CODE_ESTRU_JAVA_001,CODE_FUN_JAVA_003,0.0,0.0
CODE_FUN_JAVA_003,CODE_ESTRU_JAVA_008,0.0,0.0
CODE_FUN_JAVA_003,CODE_ESTRU_JAVA_009,0.0,0.0
CODE_FUN_JAVA_003,CODE_ESTRU_JAVA_006,0.0,0.0
CODE_FUN_JAVA_003,CODE_ESTRU_JAVA_007,0.0,0.0
CODE_FUN_JAVA_003,CODE_ESTRU_JAVA_004,0.0,0.0
CODE_ESTRU_JAVA_005,CODE_FUN_JAVA_003,0.0,0.0
CODE_IDENT_JAVA_007,CODE_FUN_JAVA_004,0.0,0.0
CODE_IDENT_JAVA_007,CODE_FUN_JAVA_005,0.0,0.0
CODE_IDENT_JAVA_007,CODE_IDENT_JAVA_009,0.0,0.0
CODE_IDENT_JAVA_007,CODE_FUN_JAVA_001,0.0,0.0
CODE_IDENT_JAVA_007,CODE_IDENT_JAVA_011,0.0,0.0
CODE_IDENT_JAVA_007,CODE_IDENT_JAVA_010,0.0,0.0
CODE_IDENT_JAVA_007,CODE_IDENT_JAVA_013,0.0,0.0
CODE_IDENT_JAVA_007,CODE_IDENT_JAVA_012,0.0,0.0
CODE_IDENT_JAVA_007,CODE_IDENT_JAVA_015_COPY,0.0,0.0
CODE_IDENT_JAVA_007,CODE_IDENT_JAVA_001_COPY,0.0,0.0
CODE_IDENT_JAVA_007,CODE_IDENT_JAVA_015,0.0,0.0
CODE_IDENT_JAVA_007,CODE_IDENT_JAVA_014,0.0,0.0
CODE_IDENT_JAVA_007,CODE_IDENT_JAVA_002_COPY,0.0,0.0
CODE_IDENT_JAVA_007,CODE_DIF_JAVA_003,0.0,0.0
CODE_IDENT_JAVA_007,CODE_IDENT_JAVA_005_COPY,0.0,0.0
CODE_IDENT_JAVA_007,CODE_IDENT_JAVA_013_COPY,0.0,0.0
CODE_IDENT_JAVA_007,CODE_DIF_JAVA_002,0.0,0.0
CODE_IDENT_JAVA_007,CODE_DIF_JAVA_001,0.0,0.0
CODE_IDENT_JAVA_007,CODE_IDENT_JAVA_010_COPY,0.0,0.0
CODE_IDENT_JAVA_007,CODE_ESTRU_JAVA_002,0.0,0.0
CODE_IDENT_JAVA_007,CODE_ESTRU_JAVA_003,0.0,0.0
CODE_IDENT_JAVA_007,CODE_ESTRU_JAVA_001,0.0,0.0
CODE_IDENT_JAVA_007,CODE_ESTRU_JAVA_008,0.0,0.0
CODE_IDENT_JAVA_007,CODE_ESTRU_JAVA_009,0.0,0.0
CODE_IDENT_JAVA_007,CODE_ESTRU_JAVA_006,0.0,0.0
CODE_IDENT_JAVA_007,CODE_ESTRU_JAVA_004,0.0,0.0
CODE_IDENT_JAVA_007,CODE_ESTRU_JAVA_005,0.0,0.0
CODE_FUN_JAVA_004,CODE_FUN_JAVA_005,0.0,0.0
CODE_IDENT_JAVA_009,CODE_FUN_JAVA_004,0.0,0.0
CODE_FUN_JAVA_001,CODE_FUN_JAVA_004,0.0,0.0
CODE_IDENT_JAVA_011,CODE_FUN_JAVA_004,0.0,0.0
CODE_FUN_JAVA_004,CODE_IDENT_JAVA_010,0.0,0.0
CODE_IDENT_JAVA_013,CODE_FUN_JAVA_004,0.0,0.0
CODE_IDENT_JAVA_012,CODE_FUN_JAVA_004,0.0,0.0
CODE_IDENT_JAVA_007_COPY,CODE_FUN_JAVA_004,0.0,0.0
CODE_FUN_JAVA_004,CODE_IDENT_JAVA_015_COPY,0.0,0.0
CODE_IDENT_JAVA_001_COPY,CODE_FUN_JAVA_004,0.0,0.0
CODE_FUN_JAVA_004,CODE_IDENT_JAVA_015,0.0,0.0
CODE_IDENT_JAVA_014,CODE_FUN_JAVA_004,0.0,0.0
CODE_IDENT_JAVA_002_COPY,CODE_FUN_JAVA_004,0.0,0.0
CODE_FUN_JAVA_004,CODE_DIF_JAVA_003,0.0,0.0
CODE_IDENT_JAVA_005_COPY,CODE_FUN_JAVA_004,0.0,0.0
CODE_IDENT_JAVA_013_COPY,CODE_FUN_JAVA_004,0.0,0.0
CODE_DIF_JAVA_002,CODE_FUN_JAVA_004,0.0,0.0
CODE_FUN_JAVA_004,CODE_DIF_JAVA_001,0.0,0.0
CODE_FUN_JAVA_004,CODE_IDENT_JAVA_010_COPY,0.0,0.0
CODE_ESTRU_JAVA_002,CODE_FUN_JAVA_004,0.0,0.0
CODE_ESTRU_JAVA_003,CODE_FUN_JAVA_004,0.0,0.0
CODE_ESTRU_JAVA_001,CODE_FUN_JAVA_004,0.0,0.0
CODE_ESTRU_JAVA_008,CODE_FUN_JAVA_004,0.0,0.0
CODE_ESTRU_JAVA_009,CODE_FUN_JAVA_004,0.0,0.0
CODE_ESTRU_JAVA_006,CODE_FUN_JAVA_004,0.0,0.0
CODE_ESTRU_JAVA_007,CODE_FUN_JAVA_004,0.0,0.0
CODE_ESTRU_JAVA_004,CODE_FUN_JAVA_004,0.0,0.0
CODE_ESTRU_JAVA_005,CODE_FUN_JAVA_004,0.0,0.0
CODE_IDENT_JAVA_009,CODE_FUN_JAVA_005,0.0,0.0
CODE_FUN_JAVA_001,CODE_FUN_JAVA_005,0.0,0.0
CODE_IDENT_JAVA_011,CODE_FUN_JAVA_005,0.0,0.0
CODE_FUN_JAVA_005,CODE_IDENT_JAVA_010,0.0,0.0
CODE_IDENT_JAVA_013,CODE_FUN_JAVA_005,0.0,0.0
CODE_IDENT_JAVA_012,CODE_FUN_JAVA_005,0.0,0.0
CODE_IDENT_JAVA_007_COPY,CODE_FUN_JAVA_005,0.0,0.0
CODE_FUN_JAVA_005,CODE_IDENT_JAVA_015_COPY,0.0,0.0
CODE_IDENT_JAVA_001_COPY,CODE_FUN_JAVA_005,0.0,0.0
CODE_FUN_JAVA_005,CODE_IDENT_JAVA_015,0.0,0.0
CODE_IDENT_JAVA_014,CODE_FUN_JAVA_005,0.0,0.0
CODE_IDENT_JAVA_002_COPY,CODE_FUN_JAVA_005,0.0,0.0
CODE_FUN_JAVA_005,CODE_DIF_JAVA_003,0.0,0.0
CODE_IDENT_JAVA_005_COPY,CODE_FUN_JAVA_005,0.0,0.0
CODE_IDENT_JAVA_013_COPY,CODE_FUN_JAVA_005,0.0,0.0
CODE_DIF_JAVA_002,CODE_FUN_JAVA_005,0.0,0.0
CODE_FUN_JAVA_005,CODE_DIF_JAVA_001,0.0,0.0
CODE_FUN_JAVA_005,CODE_IDENT_JAVA_010_COPY,0.0,0.0
CODE_ESTRU_JAVA_002,CODE_FUN_JAVA_005,0.0,0.0
CODE_ESTRU_JAVA_003,CODE_FUN_JAVA_005,0.0,0.0
CODE_ESTRU_JAVA_001,CODE_FUN_JAVA_005,0.0,0.0
CODE_ESTRU_JAVA_008,CODE_FUN_JAVA_005,0.0,0.0
CODE_ESTRU_JAVA_009,CODE_FUN_JAVA_005,0.0,0.0
CODE_ESTRU_JAVA_006,CODE_FUN_JAVA_005,0.0,0.0
CODE_ESTRU_JAVA_007,CODE_FUN_JAVA_005,0.0,0.0
CODE_ESTRU_JAVA_004,CODE_FUN_JAVA_005,0.0,0.0
CODE_ESTRU_JAVA_005,CODE_FUN_JAVA_005,0.0,0.0
CODE_FUN_JAVA_001,CODE_IDENT_JAVA_009,0.0,0.0
CODE_IDENT_JAVA_011,CODE_IDENT_JAVA_009,0.0,0.0
CODE_IDENT_JAVA_009,CODE_IDENT_JAVA_010,0.0,0.0
CODE_IDENT_JAVA_013,CODE_IDENT_JAVA_009,0.0,0.0
CODE_IDENT_JAVA_012,CODE_IDENT_JAVA_009,0.0,0.0
CODE_IDENT_JAVA_007_COPY,CODE_IDENT_JAVA_009,0.0,0.0
CODE_IDENT_JAVA_009,CODE_IDENT_JAVA_015_COPY,0.0,0.0
CODE_IDENT_JAVA_001_COPY,CODE_IDENT_JAVA_009,0.0,0.0
CODE_IDENT_JAVA_009,CODE_IDENT_JAVA_015,0.0,0.0
CODE_IDENT_JAVA_009,CODE_IDENT_JAVA_014,0.0,0.0
CODE_IDENT_JAVA_002_COPY,CODE_IDENT_JAVA_009,0.0,0.0
CODE_IDENT_JAVA_009,CODE_DIF_JAVA_003,0.0,0.0
CODE_IDENT_JAVA_005_COPY,CODE_IDENT_JAVA_009,0.0,0.0
CODE_IDENT_JAVA_013_COPY,CODE_IDENT_JAVA_009,0.0,0.0
CODE_IDENT_JAVA_009,CODE_DIF_JAVA_002,0.0,0.0
CODE_IDENT_JAVA_009,CODE_DIF_JAVA_001,0.0,0.0
CODE_IDENT_JAVA_009,CODE_IDENT_JAVA_010_COPY,0.0,0.0
CODE_ESTRU_JAVA_002,CODE_IDENT_JAVA_009,0.0,0.0
CODE_ESTRU_JAVA_003,CODE_IDENT_JAVA_009,0.0,0.0
CODE_ESTRU_JAVA_001,CODE_IDENT_JAVA_009,0.0,0.0
CODE_ESTRU_JAVA_006,CODE_IDENT_JAVA_009,0.0,0.0
CODE_ESTRU_JAVA_007,CODE_IDENT_JAVA_009,0.0,0.0
CODE_ESTRU_JAVA_004,CODE_IDENT_JAVA_009,0.0,0.0
CODE_ESTRU_JAVA_005,CODE_IDENT_JAVA_009,0.0,0.0
CODE_IDENT_JAVA_011,CODE_FUN_JAVA_001,0.0,0.0
CODE_FUN_JAVA_001,CODE_IDENT_JAVA_010,0.0,0.0
CODE_IDENT_JAVA_013,CODE_FUN_JAVA_001,0.0,0.0
CODE_IDENT_JAVA_012,CODE_FUN_JAVA_001,0.0,0.0
CODE_IDENT_JAVA_007_COPY,CODE_FUN_JAVA_001,0.0,0.0
CODE_FUN_JAVA_001,CODE_IDENT_JAVA_015_COPY,0.0,0.0
CODE_IDENT_JAVA_001_COPY,CODE_FUN_JAVA_001,0.0,0.0
CODE_FUN_JAVA_001,CODE_IDENT_JAVA_015,0.0,0.0
CODE_FUN_JAVA_001,CODE_IDENT_JAVA_014,0.0,0.0
CODE_FUN_JAVA_001,CODE_IDENT_JAVA_002_COPY,0.0,0.0
CODE_FUN_JAVA_001,CODE_DIF_JAVA_003,0.0,0.0
CODE_IDENT_JAVA_005_COPY,CODE_FUN_JAVA_001,0.0,0.0
CODE_IDENT_JAVA_013_COPY,CODE_FUN_JAVA_001,0.0,0.0
CODE_FUN_JAVA_001,CODE_DIF_JAVA_002,0.0,0.0
CODE_FUN_JAVA_001,CODE_DIF_JAVA_001,0.0,0.0
CODE_FUN_JAVA_001,CODE_IDENT_JAVA_010_COPY,0.0,0.0
CODE_ESTRU_JAVA_002,CODE_FUN_JAVA_001,0.0,0.0
CODE_ESTRU_JAVA_003,CODE_FUN_JAVA_001,0.0,0.0
CODE_ESTRU_JAVA_001,CODE_FUN_JAVA_001,0.0,0.0
CODE_ESTRU_JAVA_008,CODE_FUN_JAVA_001,0.0,0.0
CODE_FUN_JAVA_001,CODE_ESTRU_JAVA_009,0.0,0.0
CODE_ESTRU_JAVA_006,CODE_FUN_JAVA_001,0.0,0.0
CODE_ESTRU_JAVA_007,CODE_FUN_JAVA_001,0.0,0.0
CODE_ESTRU_JAVA_004,CODE_FUN_JAVA_001,0.0,0.0
CODE_ESTRU_JAVA_005,CODE_FUN_JAVA_001,0.0,0.0
CODE_IDENT_JAVA_011,CODE_IDENT_JAVA_010,0.0,0.0
CODE_IDENT_JAVA_007_COPY,CODE_IDENT_JAVA_011,0.0,0.0
CODE_IDENT_JAVA_011,CODE_IDENT_JAVA_015_COPY,0.0,0.0
CODE_IDENT_JAVA_001_COPY,CODE_IDENT_JAVA_011,0.0,0.0
CODE_IDENT_JAVA_011,CODE_IDENT_JAVA_015,0.0,0.0
CODE_IDENT_JAVA_011,CODE_IDENT_JAVA_002_COPY,0.0,0.0
CODE_IDENT_JAVA_011,CODE_DIF_JAVA_003,0.0,0.0
CODE_IDENT_JAVA_005_COPY,CODE_IDENT_JAVA_011,0.0,0.0
CODE_IDENT_JAVA_011,CODE_DIF_JAVA_002,0.0,0.0
CODE_IDENT_JAVA_011,CODE_DIF_JAVA_001,0.0,0.0
CODE_IDENT_JAVA_011,CODE_IDENT_JAVA_010_COPY,0.0,0.0
CODE_IDENT_JAVA_011,CODE_ESTRU_JAVA_002,0.0,0.0
CODE_ESTRU_JAVA_003,CODE_IDENT_JAVA_011,0.0,0.0
CODE_ESTRU_JAVA_001,CODE_IDENT_JAVA_011,0.0,0.0
CODE_IDENT_JAVA_011,CODE_ESTRU_JAVA_008,0.0,0.0
CODE_IDENT_JAVA_011,CODE_ESTRU_JAVA_009,0.0,0.0
CODE_ESTRU_JAVA_006,CODE_IDENT_JAVA_011,0.0,0.0
CODE_ESTRU_JAVA_007,CODE_IDENT_JAVA_011,0.0,0.0
CODE_IDENT_JAVA_011,CODE_ESTRU_JAVA_004,0.0,0.0
CODE_ESTRU_JAVA_005,CODE_IDENT_JAVA_011,0.0,0.0
CODE_IDENT_JAVA_013,CODE_IDENT_JAVA_010,0.0,0.0
CODE_IDENT_JAVA_012,CODE_IDENT_JAVA_010,0.0,0.0
CODE_IDENT_JAVA_007_COPY,CODE_IDENT_JAVA_010,0.0,0.0
CODE_IDENT_JAVA_010,CODE_IDENT_JAVA_015_COPY,0.0,0.0
CODE_IDENT_JAVA_001_COPY,CODE_IDENT_JAVA_010,0.0,0.0
CODE_IDENT_JAVA_010,CODE_IDENT_JAVA_015,0.0,0.0
CODE_IDENT_JAVA_014,CODE_IDENT_JAVA_010,0.0,0.0
CODE_IDENT_JAVA_002_COPY,CODE_IDENT_JAVA_010,0.0,0.0
CODE_IDENT_JAVA_010,CODE_DIF_JAVA_003,0.0,0.0
CODE_IDENT_JAVA_005_COPY,CODE_IDENT_JAVA_010,0.0,0.0
CODE_IDENT_JAVA_013_COPY,CODE_IDENT_JAVA_010,0.0,0.0
CODE_DIF_JAVA_002,CODE_IDENT_JAVA_010,0.0,0.0
CODE_IDENT_JAVA_010,CODE_DIF_JAVA_001,0.0,0.0
CODE_ESTRU_JAVA_002,CODE_IDENT_JAVA_010,0.0,0.0
CODE_ESTRU_JAVA_003,CODE_IDENT_JAVA_010,0.0,0.0
CODE_ESTRU_JAVA_001,CODE_IDENT_JAVA_010,0.0,0.0
CODE_ESTRU_JAVA_008,CODE_IDENT_JAVA_010,0.0,0.0
CODE_ESTRU_JAVA_009,CODE_IDENT_JAVA_010,0.0,0.0
CODE_ESTRU_JAVA_006,CODE_IDENT_JAVA_010,0.0,0.0
CODE_ESTRU_JAVA_007,CODE_IDENT_JAVA_010,0.0,0.0
CODE_ESTRU_JAVA_004,CODE_IDENT_JAVA_010,0.0,0.0
CODE_ESTRU_JAVA_005,CODE_IDENT_JAVA_010,0.0,0.0
CODE_IDENT_JAVA_007_COPY,CODE_IDENT_JAVA_013,0.0,0.0
CODE_IDENT_JAVA_013,CODE_IDENT_JAVA_015_COPY,0.0,0.0
CODE_IDENT_JAVA_001_COPY,CODE_IDENT_JAVA_013,0.0,0.0
CODE_IDENT_JAVA_013,CODE_IDENT_JAVA_015,0.0,0.0
CODE_IDENT_JAVA_013,CODE_IDENT_JAVA_002_COPY,0.0,0.0
CODE_IDENT_JAVA_013,CODE_DIF_JAVA_003,0.0,0.0
CODE_IDENT_JAVA_005_COPY,CODE_IDENT_JAVA_013,0.0,0.0
CODE_IDENT_JAVA_013,CODE_DIF_JAVA_002,0.0,0.0
CODE_IDENT_JAVA_013,CODE_DIF_JAVA_001,0.0,0.0
CODE_IDENT_JAVA_013,CODE_IDENT_JAVA_010_COPY,0.0,0.0
CODE_IDENT_JAVA_013,CODE_ESTRU_JAVA_002,0.0,0.0
CODE_ESTRU_JAVA_003,CODE_IDENT_JAVA_013,0.0,0.0
CODE_ESTRU_JAVA_001,CODE_IDENT_JAVA_013,0.0,0.0
CODE_IDENT_JAVA_013,CODE_ESTRU_JAVA_008,0.0,0.0
CODE_IDENT_JAVA_013,CODE_ESTRU_JAVA_009,0.0,0.0
CODE_ESTRU_JAVA_006,CODE_IDENT_JAVA_013,0.0,0.0
CODE_ESTRU_JAVA_007,CODE_IDENT_JAVA_013,0.0,0.0
CODE_IDENT_JAVA_013,CODE_ESTRU_JAVA_004,0.0,0.0
CODE_ESTRU_JAVA_005,CODE_IDENT_JAVA_013,0.0,0.0
CODE_IDENT_JAVA_007_COPY,CODE_IDENT_JAVA_012,0.0,0.0
CODE_IDENT_JAVA_012,CODE_IDENT_JAVA_015_COPY,0.0,0.0
CODE_IDENT_JAVA_012,CODE_IDENT_JAVA_001_COPY,0.0,0.0
CODE_IDENT_JAVA_012,CODE_IDENT_JAVA_015,0.0,0.0
CODE_IDENT_JAVA_012,CODE_IDENT_JAVA_002_COPY,0.0,0.0
CODE_IDENT_JAVA_012,CODE_DIF_JAVA_003,0.0,0.0
CODE_IDENT_JAVA_012,CODE_IDENT_JAVA_005_COPY,0.0,0.0
CODE_IDENT_JAVA_012,CODE_DIF_JAVA_002,0.0,0.0
CODE_IDENT_JAVA_012,CODE_DIF_JAVA_001,0.0,0.0
CODE_IDENT_JAVA_012,CODE_IDENT_JAVA_010_COPY,0.0,0.0
CODE_IDENT_JAVA_012,CODE_ESTRU_JAVA_002,0.0,0.0
CODE_IDENT_JAVA_012,CODE_ESTRU_JAVA_003,0.0,0.0
CODE_IDENT_JAVA_012,CODE_ESTRU_JAVA_001,0.0,0.0
CODE_IDENT_JAVA_012,CODE_ESTRU_JAVA_008,0.0,0.0
CODE_IDENT_JAVA_012,CODE_ESTRU_JAVA_009,0.0,0.0
CODE_IDENT_JAVA_012,CODE_ESTRU_JAVA_006,0.0,0.0
CODE_IDENT_JAVA_012,CODE_ESTRU_JAVA_007,0.0,0.0
CODE_IDENT_JAVA_012,CODE_ESTRU_JAVA_004,0.0,0.0
CODE_IDENT_JAVA_012,CODE_ESTRU_JAVA_005,0.0,0.0
CODE_IDENT_JAVA_007_COPY,CODE_IDENT_JAVA_015_COPY,0.0,0.0
CODE_IDENT_JAVA_007_COPY,CODE_IDENT_JAVA_001_COPY,0.0,0.0
CODE_IDENT_JAVA_007_COPY,CODE_IDENT_JAVA_015,0.0,0.0
CODE_IDENT_JAVA_007_COPY,CODE_IDENT_JAVA_014,0.0,0.0
CODE_IDENT_JAVA_007_COPY,CODE_IDENT_JAVA_002_COPY,0.0,0.0
CODE_IDENT_JAVA_007_COPY,CODE_DIF_JAVA_003,0.0,0.0
CODE_IDENT_JAVA_007_COPY,CODE_IDENT_JAVA_005_COPY,0.0,0.0
CODE_IDENT_JAVA_007_COPY,CODE_IDENT_JAVA_013_COPY,0.0,0.0
CODE_IDENT_JAVA_007_COPY,CODE_DIF_JAVA_002,0.0,0.0
CODE_IDENT_JAVA_007_COPY,CODE_DIF_JAVA_001,0.0,0.0
CODE_IDENT_JAVA_007_COPY,CODE_IDENT_JAVA_010_COPY,0.0,0.0
CODE_IDENT_JAVA_007_COPY,CODE_ESTRU_JAVA_002,0.0,0.0
CODE_IDENT_JAVA_007_COPY,CODE_ESTRU_JAVA_003,0.0,0.0
CODE_IDENT_JAVA_007_COPY,CODE_ESTRU_JAVA_001,0.0,0.0
CODE_IDENT_JAVA_007_COPY,CODE_ESTRU_JAVA_008,0.0,0.0
CODE_IDENT_JAVA_007_COPY,CODE_ESTRU_JAVA_009,0.0,0.0
CODE_IDENT_JAVA_007_COPY,CODE_ESTRU_JAVA_006,0.0,0.0
CODE_IDENT_JAVA_007_COPY,CODE_ESTRU_JAVA_004,0.0,0.0
CODE_IDENT_JAVA_007_COPY,CODE_ESTRU_JAVA_005,0.0,0.0
CODE_IDENT_JAVA_001_COPY,CODE_IDENT_JAVA_015_COPY,0.0,0.0
CODE_IDENT_JAVA_014,CODE_IDENT_JAVA_015_COPY,0.0,0.0
CODE_IDENT_JAVA_002_COPY,CODE_IDENT_JAVA_015_COPY,0.0,0.0
CODE_IDENT_JAVA_015_COPY,CODE_DIF_JAVA_003,0.0,0.0
CODE_IDENT_JAVA_005_COPY,CODE_IDENT_JAVA_015_COPY,0.0,0.0
CODE_IDENT_JAVA_013_COPY,CODE_IDENT_JAVA_015_COPY,0.0,0.0
CODE_DIF_JAVA_002,CODE_IDENT_JAVA_015_COPY,0.0,0.0
CODE_IDENT_JAVA_015_COPY,CODE_DIF_JAVA_001,0.0,0.0
CODE_IDENT_JAVA_010_COPY,CODE_IDENT_JAVA_015_COPY,0.0,0.0
CODE_ESTRU_JAVA_002,CODE_IDENT_JAVA_015_COPY,0.0,0.0
CODE_ESTRU_JAVA_003,CODE_IDENT_JAVA_015_COPY,0.0,0.0
CODE_ESTRU_JAVA_001,CODE_IDENT_JAVA_015_COPY,0.0,0.0
CODE_ESTRU_JAVA_008,CODE_IDENT_JAVA_015_COPY,0.0,0.0
CODE_ESTRU_JAVA_009,CODE_IDENT_JAVA_015_COPY,0.0,0.0
CODE_ESTRU_JAVA_006,CODE_IDENT_JAVA_015_COPY,0.0,0.0
CODE_ESTRU_JAVA_007,CODE_IDENT_JAVA_015_COPY,0.0,0.0
CODE_ESTRU_JAVA_004,CODE_IDENT_JAVA_015_COPY,0.0,0.0
CODE_ESTRU_JAVA_005,CODE_IDENT_JAVA_015_COPY,0.0,0.0
CODE_IDENT_JAVA_001_COPY,CODE_IDENT_JAVA_015,0.0,0.0
CODE_IDENT_JAVA_001_COPY,CODE_IDENT_JAVA_014,0.0,0.0
CODE_IDENT_JAVA_001_COPY,CODE_IDENT_JAVA_002_COPY,0.0,0.0
CODE_IDENT_JAVA_001_COPY,CODE_DIF_JAVA_003,0.0,0.0
CODE_IDENT_JAVA_001_COPY,CODE_IDENT_JAVA_005_COPY,0.0,0.0
CODE_IDENT_JAVA_001_COPY,CODE_IDENT_JAVA_013_COPY,0.0,0.0
CODE_IDENT_JAVA_001_COPY,CODE_DIF_JAVA_002,0.0,0.0
CODE_IDENT_JAVA_001_COPY,CODE_DIF_JAVA_001,0.0,0.0
CODE_IDENT_JAVA_001_COPY,CODE_IDENT_JAVA_010_COPY,0.0,0.0
CODE_IDENT_JAVA_001_COPY,CODE_ESTRU_JAVA_002,0.0,0.0
CODE_IDENT_JAVA_001_COPY,CODE_ESTRU_JAVA_008,0.0,0.0
CODE_IDENT_JAVA_001_COPY,CODE_ESTRU_JAVA_009,0.0,0.0
CODE_IDENT_JAVA_001_COPY,CODE_ESTRU_JAVA_007,0.0,0.0
CODE_IDENT_JAVA_001_COPY,CODE_ESTRU_JAVA_004,0.0,0.0
CODE_IDENT_JAVA_001_COPY,CODE_ESTRU_JAVA_005,0.0,0.0
CODE_IDENT_JAVA_014,CODE_IDENT_JAVA_015,0.0,0.0
CODE_IDENT_JAVA_002_COPY,CODE_IDENT_JAVA_015,0.0,0.0
CODE_IDENT_JAVA_015,CODE_DIF_JAVA_003,0.0,0.0
CODE_IDENT_JAVA_005_COPY,CODE_IDENT_JAVA_015,0.0,0.0
CODE_IDENT_JAVA_013_COPY,CODE_IDENT_JAVA_015,0.0,0.0
CODE_DIF_JAVA_002,CODE_IDENT_JAVA_015,0.0,0.0
CODE_IDENT_JAVA_015,CODE_DIF_JAVA_001,0.0,0.0
CODE_IDENT_JAVA_010_COPY,CODE_IDENT_JAVA_015,0.0,0.0
CODE_ESTRU_JAVA_002,CODE_IDENT_JAVA_015,0.0,0.0
CODE_ESTRU_JAVA_003,CODE_IDENT_JAVA_015,0.0,0.0
CODE_ESTRU_JAVA_001,CODE_IDENT_JAVA_015,0.0,0.0
CODE_ESTRU_JAVA_008,CODE_IDENT_JAVA_015,0.0,0.0
CODE_ESTRU_JAVA_009,CODE_IDENT_JAVA_015,0.0,0.0
CODE_ESTRU_JAVA_006,CODE_IDENT_JAVA_015,0.0,0.0
CODE_ESTRU_JAVA_007,CODE_IDENT_JAVA_015,0.0,0.0
CODE_ESTRU_JAVA_004,CODE_IDENT_JAVA_015,0.0,0.0
CODE_ESTRU_JAVA_005,CODE_IDENT_JAVA_015,0.0,0.0
CODE_IDENT_JAVA_014,CODE_DIF_JAVA_003,0.0,0.0
CODE_IDENT_JAVA_005_COPY,CODE_IDENT_JAVA_014,0.0,0.0
CODE_IDENT_JAVA_014,CODE_DIF_JAVA_002,0.0,0.0
CODE_IDENT_JAVA_014,CODE_DIF_JAVA_001,0.0,0.0
CODE_IDENT_JAVA_014,CODE_IDENT_JAVA_010_COPY,0.0,0.0
CODE_ESTRU_JAVA_003,CODE_IDENT_JAVA_014,0.0,0.0
CODE_ESTRU_JAVA_001,CODE_IDENT_JAVA_014,0.0,0.0
CODE_ESTRU_JAVA_008,CODE_IDENT_JAVA_014,0.0,0.0
CODE_ESTRU_JAVA_009,CODE_IDENT_JAVA_014,0.0,0.0
CODE_ESTRU_JAVA_006,CODE_IDENT_JAVA_014,0.0,0.0
CODE_ESTRU_JAVA_007,CODE_IDENT_JAVA_014,0.0,0.0
CODE_ESTRU_JAVA_004,CODE_IDENT_JAVA_014,0.0,0.0
CODE_ESTRU_JAVA_005,CODE_IDENT_JAVA_014,0.0,0.0
CODE_IDENT_JAVA_002_COPY,CODE_DIF_JAVA_003,0.0,0.0
CODE_IDENT_JAVA_005_COPY,CODE_IDENT_JAVA_002_COPY,0.0,0.0
CODE_IDENT_JAVA_013_COPY,CODE_IDENT_JAVA_002_COPY,0.0,0.0
CODE_IDENT_JAVA_002_COPY,CODE_DIF_JAVA_002,0.0,0.0
CODE_IDENT_JAVA_002_COPY,CODE_DIF_JAVA_001,0.0,0.0
CODE_IDENT_JAVA_002_COPY,CODE_IDENT_JAVA_010_COPY,0.0,0.0
CODE_ESTRU_JAVA_003,CODE_IDENT_JAVA_002_COPY,0.0,0.0
CODE_ESTRU_JAVA_001,CODE_IDENT_JAVA_002_COPY,0.0,0.0
CODE_ESTRU_JAVA_008,CODE_IDENT_JAVA_002_COPY,0.0,0.0
CODE_IDENT_JAVA_002_COPY,CODE_ESTRU_JAVA_009,0.0,0.0
CODE_ESTRU_JAVA_006,CODE_IDENT_JAVA_002_COPY,0.0,0.0
CODE_ESTRU_JAVA_007,CODE_IDENT_JAVA_002_COPY,0.0,0.0
CODE_ESTRU_JAVA_004,CODE_IDENT_JAVA_002_COPY,0.0,0.0
CODE_ESTRU_JAVA_005,CODE_IDENT_JAVA_002_COPY,0.0,0.0
CODE_IDENT_JAVA_005_COPY,CODE_DIF_JAVA_003,0.0,0.0
CODE_IDENT_JAVA_013_COPY,CODE_DIF_JAVA_003,0.0,0.0
CODE_DIF_JAVA_002,CODE_DIF_JAVA_003,0.0,0.0
CODE_DIF_JAVA_001,CODE_DIF_JAVA_003,0.0,0.0
CODE_IDENT_JAVA_010_COPY,CODE_DIF_JAVA_003,0.0,0.0
CODE_ESTRU_JAVA_002,CODE_DIF_JAVA_003,0.0,0.0
CODE_ESTRU_JAVA_003,CODE_DIF_JAVA_003,0.0,0.0
CODE_ESTRU_JAVA_001,CODE_DIF_JAVA_003,0.0,0.0
CODE_ESTRU_JAVA_008,CODE_DIF_JAVA_003,0.0,0.0
CODE_ESTRU_JAVA_009,CODE_DIF_JAVA_003,0.0,0.0
CODE_ESTRU_JAVA_006,CODE_DIF_JAVA_003,0.0,0.0
CODE_ESTRU_JAVA_007,CODE_DIF_JAVA_003,0.0,0.0
CODE_ESTRU_JAVA_004,CODE_DIF_JAVA_003,0.0,0.0
CODE_ESTRU_JAVA_005,CODE_DIF_JAVA_003,0.0,0.0
CODE_IDENT_JAVA_005_COPY,CODE_IDENT_JAVA_013_COPY,0.0,0.0
CODE_IDENT_JAVA_005_COPY,CODE_DIF_JAVA_002,0.0,0.0
CODE_IDENT_JAVA_005_COPY,CODE_DIF_JAVA_001,0.0,0.0
CODE_IDENT_JAVA_005_COPY,CODE_IDENT_JAVA_010_COPY,0.0,0.0
CODE_IDENT_JAVA_005_COPY,CODE_ESTRU_JAVA_002,0.0,0.0
CODE_IDENT_JAVA_005_COPY,CODE_ESTRU_JAVA_003,0.0,0.0
CODE_ESTRU_JAVA_001,CODE_IDENT_JAVA_005_COPY,0.0,0.0
CODE_IDENT_JAVA_005_COPY,CODE_ESTRU_JAVA_008,0.0,0.0
CODE_IDENT_JAVA_005_COPY,CODE_ESTRU_JAVA_009,0.0,0.0
CODE_IDENT_JAVA_005_COPY,CODE_ESTRU_JAVA_006,0.0,0.0
CODE_IDENT_JAVA_005_COPY,CODE_ESTRU_JAVA_007,0.0,0.0
CODE_IDENT_JAVA_005_COPY,CODE_ESTRU_JAVA_004,0.0,0.0
CODE_IDENT_JAVA_013_COPY,CODE_DIF_JAVA_002,0.0,0.0
CODE_IDENT_JAVA_013_COPY,CODE_DIF_JAVA_001,0.0,0.0
CODE_IDENT_JAVA_013_COPY,CODE_IDENT_JAVA_010_COPY,0.0,0.0
CODE_IDENT_JAVA_013_COPY,CODE_ESTRU_JAVA_002,0.0,0.0
CODE_ESTRU_JAVA_003,CODE_IDENT_JAVA_013_COPY,0.0,0.0
CODE_ESTRU_JAVA_001,CODE_IDENT_JAVA_013_COPY,0.0,0.0
CODE_IDENT_JAVA_013_COPY,CODE_ESTRU_JAVA_008,0.0,0.0
CODE_IDENT_JAVA_013_COPY,CODE_ESTRU_JAVA_009,0.0,0.0
CODE_ESTRU_JAVA_006,CODE_IDENT_JAVA_013_COPY,0.0,0.0
CODE_ESTRU_JAVA_007,CODE_IDENT_JAVA_013_COPY,0.0,0.0
CODE_IDENT_JAVA_013_COPY,CODE_ESTRU_JAVA_004,0.0,0.0
CODE_ESTRU_JAVA_005,CODE_IDENT_JAVA_013_COPY,0.0,0.0
CODE_DIF_JAVA_002,CODE_DIF_JAVA_001,0.0,0.0
CODE_DIF_JAVA_002,CODE_IDENT_JAVA_010_COPY,0.0,0.0
CODE_ESTRU_JAVA_002,CODE_DIF_JAVA_002,0.0,0.0
CODE_ESTRU_JAVA_003,CODE_DIF_JAVA_002,0.0,0.0
CODE_ESTRU_JAVA_001,CODE_DIF_JAVA_002,0.0,0.0
CODE_ESTRU_JAVA_008,CODE_DIF_JAVA_002,0.0,0.0
CODE_ESTRU_JAVA_009,CODE_DIF_JAVA_002,0.0,0.0
CODE_ESTRU_JAVA_006,CODE_DIF_JAVA_002,0.0,0.0
CODE_ESTRU_JAVA_007,CODE_DIF_JAVA_002,0.0,0.0
CODE_ESTRU_JAVA_004,CODE_DIF_JAVA_002,0.0,0.0
CODE_ESTRU_JAVA_005,CODE_DIF_JAVA_002,0.0,0.0
CODE_IDENT_JAVA_010_COPY,CODE_DIF_JAVA_001,0.0,0.0
CODE_ESTRU_JAVA_002,CODE_DIF_JAVA_001,0.0,0.0
CODE_ESTRU_JAVA_003,CODE_DIF_JAVA_001,0.0,0.0
CODE_ESTRU_JAVA_001,CODE_DIF_JAVA_001,0.0,0.0
CODE_ESTRU_JAVA_008,CODE_DIF_JAVA_001,0.0,0.0
CODE_ESTRU_JAVA_009,CODE_DIF_JAVA_001,0.0,0.0
CODE_ESTRU_JAVA_006,CODE_DIF_JAVA_001,0.0,0.0
CODE_ESTRU_JAVA_007,CODE_DIF_JAVA_001,0.0,0.0
CODE_ESTRU_JAVA_004,CODE_DIF_JAVA_001,0.0,0.0
CODE_ESTRU_JAVA_005,CODE_DIF_JAVA_001,0.0,0.0
CODE_ESTRU_JAVA_002,CODE_IDENT_JAVA_010_COPY,0.0,0.0
CODE_ESTRU_JAVA_003,CODE_IDENT_JAVA_010_COPY,0.0,0.0
CODE_ESTRU_JAVA_001,CODE_IDENT_JAVA_010_COPY,0.0,0.0
CODE_ESTRU_JAVA_008,CODE_IDENT_JAVA_010_COPY,0.0,0.0
CODE_ESTRU_JAVA_009,CODE_IDENT_JAVA_010_COPY,0.0,0.0
CODE_ESTRU_JAVA_006,CODE_IDENT_JAVA_010_COPY,0.0,0.0
CODE_ESTRU_JAVA_007,CODE_IDENT_JAVA_010_COPY,0.0,0.0
CODE_ESTRU_JAVA_004,CODE_IDENT_JAVA_010_COPY,0.0,0.0
CODE_ESTRU_JAVA_005,CODE_IDENT_JAVA_010_COPY,0.0,0.0
CODE_ESTRU_JAVA_003,CODE_ESTRU_JAVA_002,0.0,0.0
CODE_ESTRU_JAVA_001,CODE_ESTRU_JAVA_002,0.0,0.0
CODE_ESTRU_JAVA_008,CODE_ESTRU_JAVA_002,0.0,0.0
CODE_ESTRU_JAVA_002,CODE_ESTRU_JAVA_009,0.0,0.0
CODE_ESTRU_JAVA_006,CODE_ESTRU_JAVA_002,0.0,0.0
CODE_ESTRU_JAVA_007,CODE_ESTRU_JAVA_002,0.0,0.0
CODE_ESTRU_JAVA_002,CODE_ESTRU_JAVA_004,0.0,0.0
CODE_ESTRU_JAVA_005,CODE_ESTRU_JAVA_002,0.0,0.0
CODE_ESTRU_JAVA_003,CODE_ESTRU_JAVA_008,0.0,0.0
CODE_ESTRU_JAVA_003,CODE_ESTRU_JAVA_009,0.0,0.0
CODE_ESTRU_JAVA_007,CODE_ESTRU_JAVA_003,0.0,0.0
CODE_ESTRU_JAVA_003,CODE_ESTRU_JAVA_004,0.0,0.0
CODE_ESTRU_JAVA_005,CODE_ESTRU_JAVA_003,0.0,0.0
CODE_ESTRU_JAVA_001,CODE_ESTRU_JAVA_008,0.0,0.0
CODE_ESTRU_JAVA_001,CODE_ESTRU_JAVA_009,0.0,0.0
CODE_ESTRU_JAVA_001,CODE_ESTRU_JAVA_007,0.0,0.0
CODE_ESTRU_JAVA_001,CODE_ESTRU_JAVA_004,0.0,0.0
CODE_ESTRU_JAVA_001,CODE_ESTRU_JAVA_005,0.0,0.0
CODE_ESTRU_JAVA_006,CODE_ESTRU_JAVA_008,0.0,0.0
CODE_ESTRU_JAVA_007,CODE_ESTRU_JAVA_008,0.0,0.0
CODE_ESTRU_JAVA_005,CODE_ESTRU_JAVA_008,0.0,0.0
CODE_ESTRU_JAVA_006,CODE_ESTRU_JAVA_009,0.0,0.0
CODE_ESTRU_JAVA_007,CODE_ESTRU_JAVA_009,0.0,0.0
CODE_ESTRU_JAVA_004,CODE_ESTRU_JAVA_009,0.0,0.0
CODE_ESTRU_JAVA_005,CODE_ESTRU_JAVA_009,0.0,0.0
CODE_ESTRU_JAVA_006,CODE_ESTRU_JAVA_007,0.0,0.0
CODE_ESTRU_JAVA_006,CODE_ESTRU_JAVA_004,0.0,0.0
CODE_ESTRU_JAVA_005,CODE_ESTRU_JAVA_006,0.0,0.0
CODE_ESTRU_JAVA_007,CODE_ESTRU_JAVA_004,0.0,0.0
CODE_ESTRU_JAVA_005,CODE_ESTRU_JAVA_007,0.0,0.0
CODE_ESTRU_JAVA_005,CODE_ESTRU_JAVA_004,0.0,0.0
