id,leftFileId,leftFilePath,rightFileId,rightFilePath,similarity,totalOverlap,longestFragment,leftCovered,rightCovered
5223,52,baselines_work/cohorte/csharp/CODE_IDENT_CS_004/CODE_IDENT_CS_004.cs,50,baselines_work/cohorte/csharp/CODE_IDENT_CS_004_COPY/CODE_IDENT_CS_004.cs,0.8951048951048951,256,16,128,128
3420,7,baselines_work/cohorte/csharp/CODE_DIF_CS_011/CODE_DIF_CS_011.cs,10,baselines_work/cohorte/csharp/CODE_DIF_CS_013/CODE_DIF_CS_013.cs,0.2915492957746479,207,12,102,105
3291,8,baselines_work/cohorte/csharp/CODE_DIF_CS_009/CODE_DIF_CS_009.cs,10,baselines_work/cohorte/csharp/CODE_DIF_CS_013/CODE_DIF_CS_013.cs,0.1986644407345576,119,11,57,62
2875,4,baselines_work/cohorte/csharp/CODE_DIF_CS_003/CODE_DIF_CS_003.cs,5,baselines_work/cohorte/csharp/CODE_DIF_CS_008/CODE_DIF_CS_008.cs,0.16619718309859155,118,16,57,61
3159,9,baselines_work/cohorte/csharp/CODE_DIF_CS_007/CODE_DIF_CS_007.cs,11,baselines_work/cohorte/csharp/CODE_DIF_CS_014/CODE_DIF_CS_014.cs,0.22674418604651161,117,10,66,51
4905,37,baselines_work/cohorte/csharp/CODE_FUN_CS_011/CODE_FUN_CS_011.cs,42,baselines_work/cohorte/csharp/CODE_FUN_CS_013/CODE_FUN_CS_013.cs,0.5235849056603774,111,11,55,56
2957,0,baselines_work/cohorte/csharp/CODE_DIF_CS_004/CODE_DIF_CS_004.cs,14,baselines_work/cohorte/csharp/CODE_ESTRU_CS_004/CODE_ESTRU_CS_004.cs,0.17111459968602827,109,6,58,51
3153,9,baselines_work/cohorte/csharp/CODE_DIF_CS_007/CODE_DIF_CS_007.cs,5,baselines_work/cohorte/csharp/CODE_DIF_CS_008/CODE_DIF_CS_008.cs,0.15138888888888888,109,9,54,55
5064,47,baselines_work/cohorte/csharp/CODE_IDENT_CS_001/CODE_IDENT_CS_001.cs,45,baselines_work/cohorte/csharp/CODE_IDENT_CS_001_COPY/CODE_IDENT_CS_001.cs,0.8833333333333333,106,18,53,53
2951,0,baselines_work/cohorte/csharp/CODE_DIF_CS_004/CODE_DIF_CS_004.cs,10,baselines_work/cohorte/csharp/CODE_DIF_CS_013/CODE_DIF_CS_013.cs,0.12560386473429952,104,5,49,55
3356,12,baselines_work/cohorte/csharp/CODE_DIF_CS_010/CODE_DIF_CS_010.cs,10,baselines_work/cohorte/csharp/CODE_DIF_CS_013/CODE_DIF_CS_013.cs,0.15568862275449102,104,7,54,50
4835,39,baselines_work/cohorte/csharp/CODE_FUN_CS_009/CODE_FUN_CS_009.cs,41,baselines_work/cohorte/csharp/CODE_FUN_CS_012/CODE_FUN_CS_012.cs,0.6227544910179641,104,9,52,52
5379,58,baselines_work/cohorte/csharp/CODE_IDENT_CS_008/CODE_IDENT_CS_008.cs,65,baselines_work/cohorte/csharp/CODE_IDENT_CS_008_COPY/CODE_IDENT_CS_008.cs,0.5909090909090909,104,16,52,52
3225,5,baselines_work/cohorte/csharp/CODE_DIF_CS_008/CODE_DIF_CS_008.cs,10,baselines_work/cohorte/csharp/CODE_DIF_CS_013/CODE_DIF_CS_013.cs,0.12,102,7,53,49
3483,13,baselines_work/cohorte/csharp/CODE_DIF_CS_012/CODE_DIF_CS_012.cs,10,baselines_work/cohorte/csharp/CODE_DIF_CS_013/CODE_DIF_CS_013.cs,0.14613180515759314,102,6,45,57
3223,5,baselines_work/cohorte/csharp/CODE_DIF_CS_008/CODE_DIF_CS_008.cs,7,baselines_work/cohorte/csharp/CODE_DIF_CS_011/CODE_DIF_CS_011.cs,0.1396011396011396,98,9,50,48
4157,22,baselines_work/cohorte/csharp/CODE_ESTRU_CS_008/CODE_ESTRU_CS_008.cs,58,baselines_work/cohorte/csharp/CODE_IDENT_CS_008/CODE_IDENT_CS_008.cs,0.56,98,16,49,49
4158,22,baselines_work/cohorte/csharp/CODE_ESTRU_CS_008/CODE_ESTRU_CS_008.cs,65,baselines_work/cohorte/csharp/CODE_IDENT_CS_008_COPY/CODE_IDENT_CS_008.cs,0.56,98,16,49,49
3289,8,baselines_work/cohorte/csharp/CODE_DIF_CS_009/CODE_DIF_CS_009.cs,7,baselines_work/cohorte/csharp/CODE_DIF_CS_011/CODE_DIF_CS_011.cs,0.21286031042128603,96,11,46,50
2972,0,baselines_work/cohorte/csharp/CODE_DIF_CS_004/CODE_DIF_CS_004.cs,30,baselines_work/cohorte/csharp/CODE_FUN_CS_004/CODE_FUN_CS_004.cs,0.1687612208258528,94,5,54,40
3917,14,baselines_work/cohorte/csharp/CODE_ESTRU_CS_004/CODE_ESTRU_CS_004.cs,30,baselines_work/cohorte/csharp/CODE_FUN_CS_004/CODE_FUN_CS_004.cs,0.22139303482587064,89,6,46,43
3758,17,baselines_work/cohorte/csharp/CODE_ESTRU_CS_001/CODE_ESTRU_CS_001.cs,47,baselines_work/cohorte/csharp/CODE_IDENT_CS_001/CODE_IDENT_CS_001.cs,0.5734265734265734,82,10,42,40
3759,17,baselines_work/cohorte/csharp/CODE_ESTRU_CS_001/CODE_ESTRU_CS_001.cs,45,baselines_work/cohorte/csharp/CODE_IDENT_CS_001_COPY/CODE_IDENT_CS_001.cs,0.5734265734265734,82,10,42,40
3354,12,baselines_work/cohorte/csharp/CODE_DIF_CS_010/CODE_DIF_CS_010.cs,7,baselines_work/cohorte/csharp/CODE_DIF_CS_011/CODE_DIF_CS_011.cs,0.15576923076923077,81,7,42,39
2872,4,baselines_work/cohorte/csharp/CODE_DIF_CS_003/CODE_DIF_CS_003.cs,3,baselines_work/cohorte/csharp/CODE_DIF_CS_005/CODE_DIF_CS_005.cs,0.182648401826484,80,8,43,37
5003,43,baselines_work/cohorte/csharp/CODE_FUN_CS_014/CODE_FUN_CS_014.cs,44,baselines_work/cohorte/csharp/CODE_FUN_CS_015/CODE_FUN_CS_015.cs,0.43820224719101125,78,11,37,41
5471,63,baselines_work/cohorte/csharp/CODE_IDENT_CS_012/CODE_IDENT_CS_012.cs,67,baselines_work/cohorte/csharp/CODE_IDENT_CS_012_COPY/CODE_IDENT_CS_012.cs,0.7346938775510204,72,12,36,36
3547,10,baselines_work/cohorte/csharp/CODE_DIF_CS_013/CODE_DIF_CS_013.cs,16,baselines_work/cohorte/csharp/CODE_DIF_CS_015/CODE_DIF_CS_015.cs,0.09659863945578231,71,4,41,30
3612,11,baselines_work/cohorte/csharp/CODE_DIF_CS_014/CODE_DIF_CS_014.cs,14,baselines_work/cohorte/csharp/CODE_ESTRU_CS_004/CODE_ESTRU_CS_004.cs,0.1463917525773196,71,14,35,36
2946,0,baselines_work/cohorte/csharp/CODE_DIF_CS_004/CODE_DIF_CS_004.cs,5,baselines_work/cohorte/csharp/CODE_DIF_CS_008/CODE_DIF_CS_008.cs,0.08136792452830188,69,8,30,39
3015,3,baselines_work/cohorte/csharp/CODE_DIF_CS_005/CODE_DIF_CS_005.cs,9,baselines_work/cohorte/csharp/CODE_DIF_CS_007/CODE_DIF_CS_007.cs,0.14935064935064934,69,8,35,34
3546,10,baselines_work/cohorte/csharp/CODE_DIF_CS_013/CODE_DIF_CS_013.cs,11,baselines_work/cohorte/csharp/CODE_DIF_CS_014/CODE_DIF_CS_014.cs,0.10454545454545454,69,3,42,27
4655,30,baselines_work/cohorte/csharp/CODE_FUN_CS_004/CODE_FUN_CS_004.cs,52,baselines_work/cohorte/csharp/CODE_IDENT_CS_004/CODE_IDENT_CS_004.cs,0.21316614420062696,68,10,32,36
4656,30,baselines_work/cohorte/csharp/CODE_FUN_CS_004/CODE_FUN_CS_004.cs,50,baselines_work/cohorte/csharp/CODE_IDENT_CS_004_COPY/CODE_IDENT_CS_004.cs,0.21316614420062696,68,10,32,36
2949,0,baselines_work/cohorte/csharp/CODE_DIF_CS_004/CODE_DIF_CS_004.cs,7,baselines_work/cohorte/csharp/CODE_DIF_CS_011/CODE_DIF_CS_011.cs,0.09852941176470588,67,8,35,32
3288,8,baselines_work/cohorte/csharp/CODE_DIF_CS_009/CODE_DIF_CS_009.cs,12,baselines_work/cohorte/csharp/CODE_DIF_CS_010/CODE_DIF_CS_010.cs,0.1662531017369727,67,7,33,34
4363,27,baselines_work/cohorte/csharp/CODE_ESTRU_CS_012/CODE_ESTRU_CS_012.cs,63,baselines_work/cohorte/csharp/CODE_IDENT_CS_012/CODE_IDENT_CS_012.cs,0.6320754716981132,67,12,34,33
4364,27,baselines_work/cohorte/csharp/CODE_ESTRU_CS_012/CODE_ESTRU_CS_012.cs,67,baselines_work/cohorte/csharp/CODE_IDENT_CS_012_COPY/CODE_IDENT_CS_012.cs,0.6320754716981132,67,12,34,33
3156,9,baselines_work/cohorte/csharp/CODE_DIF_CS_007/CODE_DIF_CS_007.cs,7,baselines_work/cohorte/csharp/CODE_DIF_CS_011/CODE_DIF_CS_011.cs,0.11956521739130435,66,5,36,30
4210,23,baselines_work/cohorte/csharp/CODE_ESTRU_CS_009/CODE_ESTRU_CS_009.cs,62,baselines_work/cohorte/csharp/CODE_IDENT_CS_009/CODE_IDENT_CS_009.cs,0.7674418604651163,66,9,33,33
4211,23,baselines_work/cohorte/csharp/CODE_ESTRU_CS_009/CODE_ESTRU_CS_009.cs,61,baselines_work/cohorte/csharp/CODE_IDENT_CS_009_COPY/CODE_IDENT_CS_009.cs,0.7674418604651163,66,9,33,33
5408,62,baselines_work/cohorte/csharp/CODE_IDENT_CS_009/CODE_IDENT_CS_009.cs,61,baselines_work/cohorte/csharp/CODE_IDENT_CS_009_COPY/CODE_IDENT_CS_009.cs,0.7674418604651163,66,9,33,33
2952,0,baselines_work/cohorte/csharp/CODE_DIF_CS_004/CODE_DIF_CS_004.cs,11,baselines_work/cohorte/csharp/CODE_DIF_CS_014/CODE_DIF_CS_014.cs,0.10093167701863354,65,6,38,27
4262,24,baselines_work/cohorte/csharp/CODE_ESTRU_CS_010/CODE_ESTRU_CS_010.cs,64,baselines_work/cohorte/csharp/CODE_IDENT_CS_010/CODE_IDENT_CS_010.cs,0.6274509803921569,64,17,32,32
4263,24,baselines_work/cohorte/csharp/CODE_ESTRU_CS_010/CODE_ESTRU_CS_010.cs,59,baselines_work/cohorte/csharp/CODE_IDENT_CS_010_COPY/CODE_IDENT_CS_010.cs,0.6274509803921569,64,17,32,32
5433,64,baselines_work/cohorte/csharp/CODE_IDENT_CS_010/CODE_IDENT_CS_010.cs,59,baselines_work/cohorte/csharp/CODE_IDENT_CS_010_COPY/CODE_IDENT_CS_010.cs,0.6274509803921569,64,17,32,32
5498,73,baselines_work/cohorte/csharp/CODE_IDENT_CS_015/CODE_IDENT_CS_015.cs,74,baselines_work/cohorte/csharp/CODE_IDENT_CS_015_COPY/CODE_IDENT_CS_015.cs,0.5423728813559322,64,22,32,32
4553,29,baselines_work/cohorte/csharp/CODE_FUN_CS_002/CODE_FUN_CS_002.cs,31,baselines_work/cohorte/csharp/CODE_FUN_CS_003/CODE_FUN_CS_003.cs,0.7349397590361446,61,7,29,32
2945,0,baselines_work/cohorte/csharp/CODE_DIF_CS_004/CODE_DIF_CS_004.cs,9,baselines_work/cohorte/csharp/CODE_DIF_CS_007/CODE_DIF_CS_007.cs,0.08695652173913043,60,3,31,29
3608,11,baselines_work/cohorte/csharp/CODE_DIF_CS_014/CODE_DIF_CS_014.cs,16,baselines_work/cohorte/csharp/CODE_DIF_CS_015/CODE_DIF_CS_015.cs,0.10582010582010581,60,4,30,30
5454,66,baselines_work/cohorte/csharp/CODE_IDENT_CS_011/CODE_IDENT_CS_011.cs,68,baselines_work/cohorte/csharp/CODE_IDENT_CS_011_COPY/CODE_IDENT_CS_011.cs,0.379746835443038,60,5,30,30
3224,5,baselines_work/cohorte/csharp/CODE_DIF_CS_008/CODE_DIF_CS_008.cs,13,baselines_work/cohorte/csharp/CODE_DIF_CS_012/CODE_DIF_CS_012.cs,0.08550724637681159,59,6,35,24
4680,34,baselines_work/cohorte/csharp/CODE_FUN_CS_005/CODE_FUN_CS_005.cs,35,baselines_work/cohorte/csharp/CODE_FUN_CS_007/CODE_FUN_CS_007.cs,0.4715447154471545,58,14,28,30
3016,3,baselines_work/cohorte/csharp/CODE_DIF_CS_005/CODE_DIF_CS_005.cs,5,baselines_work/cohorte/csharp/CODE_DIF_CS_008/CODE_DIF_CS_008.cs,0.09032258064516129,56,8,26,30
3419,7,baselines_work/cohorte/csharp/CODE_DIF_CS_011/CODE_DIF_CS_011.cs,13,baselines_work/cohorte/csharp/CODE_DIF_CS_012/CODE_DIF_CS_012.cs,0.10181818181818182,56,5,33,23
2990,0,baselines_work/cohorte/csharp/CODE_DIF_CS_004/CODE_DIF_CS_004.cs,52,baselines_work/cohorte/csharp/CODE_IDENT_CS_004/CODE_IDENT_CS_004.cs,0.10338345864661654,55,5,30,25
2991,0,baselines_work/cohorte/csharp/CODE_DIF_CS_004/CODE_DIF_CS_004.cs,50,baselines_work/cohorte/csharp/CODE_IDENT_CS_004_COPY/CODE_IDENT_CS_004.cs,0.10338345864661654,55,5,30,25
4719,40,baselines_work/cohorte/csharp/CODE_FUN_CS_006/CODE_FUN_CS_006.cs,35,baselines_work/cohorte/csharp/CODE_FUN_CS_007/CODE_FUN_CS_007.cs,0.34177215189873417,54,13,26,28
5484,69,baselines_work/cohorte/csharp/CODE_IDENT_CS_013/CODE_IDENT_CS_013.cs,71,baselines_work/cohorte/csharp/CODE_IDENT_CS_013_COPY/CODE_IDENT_CS_013.cs,0.40298507462686567,54,3,27,27
3158,9,baselines_work/cohorte/csharp/CODE_DIF_CS_007/CODE_DIF_CS_007.cs,10,baselines_work/cohorte/csharp/CODE_DIF_CS_013/CODE_DIF_CS_013.cs,0.07571428571428572,53,5,29,24
2874,4,baselines_work/cohorte/csharp/CODE_DIF_CS_003/CODE_DIF_CS_003.cs,9,baselines_work/cohorte/csharp/CODE_DIF_CS_007/CODE_DIF_CS_007.cs,0.09420289855072464,52,8,25,27
5309,60,baselines_work/cohorte/csharp/CODE_IDENT_CS_006/CODE_IDENT_CS_006.cs,55,baselines_work/cohorte/csharp/CODE_IDENT_CS_006_COPY/CODE_IDENT_CS_006.cs,0.6190476190476191,52,16,26,26
2953,0,baselines_work/cohorte/csharp/CODE_DIF_CS_004/CODE_DIF_CS_004.cs,16,baselines_work/cohorte/csharp/CODE_DIF_CS_015/CODE_DIF_CS_015.cs,0.07093184979137691,51,3,26,25
3160,9,baselines_work/cohorte/csharp/CODE_DIF_CS_007/CODE_DIF_CS_007.cs,16,baselines_work/cohorte/csharp/CODE_DIF_CS_015/CODE_DIF_CS_015.cs,0.08629441624365482,51,3,31,20
2905,4,baselines_work/cohorte/csharp/CODE_DIF_CS_003/CODE_DIF_CS_003.cs,36,baselines_work/cohorte/csharp/CODE_FUN_CS_008/CODE_FUN_CS_008.cs,0.12919896640826872,50,6,31,19
3788,15,baselines_work/cohorte/csharp/CODE_ESTRU_CS_002/CODE_ESTRU_CS_002.cs,20,baselines_work/cohorte/csharp/CODE_ESTRU_CS_003/CODE_ESTRU_CS_003.cs,0.5813953488372093,50,4,25,25
4507,26,baselines_work/cohorte/csharp/CODE_ESTRU_CS_015/CODE_ESTRU_CS_015.cs,73,baselines_work/cohorte/csharp/CODE_IDENT_CS_015/CODE_IDENT_CS_015.cs,0.4032258064516129,50,17,25,25
4508,26,baselines_work/cohorte/csharp/CODE_ESTRU_CS_015/CODE_ESTRU_CS_015.cs,74,baselines_work/cohorte/csharp/CODE_IDENT_CS_015_COPY/CODE_IDENT_CS_015.cs,0.4032258064516129,50,17,25,25
4940,41,baselines_work/cohorte/csharp/CODE_FUN_CS_012/CODE_FUN_CS_012.cs,44,baselines_work/cohorte/csharp/CODE_FUN_CS_015/CODE_FUN_CS_015.cs,0.2717391304347826,50,6,27,23
3292,8,baselines_work/cohorte/csharp/CODE_DIF_CS_009/CODE_DIF_CS_009.cs,11,baselines_work/cohorte/csharp/CODE_DIF_CS_014/CODE_DIF_CS_014.cs,0.1180722891566265,49,4,23,26
3421,7,baselines_work/cohorte/csharp/CODE_DIF_CS_011/CODE_DIF_CS_011.cs,11,baselines_work/cohorte/csharp/CODE_DIF_CS_014/CODE_DIF_CS_014.cs,0.09315589353612168,49,4,28,21
3355,12,baselines_work/cohorte/csharp/CODE_DIF_CS_010/CODE_DIF_CS_010.cs,13,baselines_work/cohorte/csharp/CODE_DIF_CS_012/CODE_DIF_CS_012.cs,0.09448818897637795,48,6,24,24
3227,5,baselines_work/cohorte/csharp/CODE_DIF_CS_008/CODE_DIF_CS_008.cs,16,baselines_work/cohorte/csharp/CODE_DIF_CS_015/CODE_DIF_CS_015.cs,0.0620782726045884,46,3,27,19
3357,12,baselines_work/cohorte/csharp/CODE_DIF_CS_010/CODE_DIF_CS_010.cs,11,baselines_work/cohorte/csharp/CODE_DIF_CS_014/CODE_DIF_CS_014.cs,0.09504132231404959,46,5,23,23
4679,34,baselines_work/cohorte/csharp/CODE_FUN_CS_005/CODE_FUN_CS_005.cs,40,baselines_work/cohorte/csharp/CODE_FUN_CS_006/CODE_FUN_CS_006.cs,0.33093525179856115,46,13,23,23
4838,39,baselines_work/cohorte/csharp/CODE_FUN_CS_009/CODE_FUN_CS_009.cs,44,baselines_work/cohorte/csharp/CODE_FUN_CS_015/CODE_FUN_CS_015.cs,0.2658959537572254,46,7,26,20
5174,51,baselines_work/cohorte/csharp/CODE_IDENT_CS_003/CODE_IDENT_CS_003.cs,49,baselines_work/cohorte/csharp/CODE_IDENT_CS_003_COPY/CODE_IDENT_CS_003.cs,0.7666666666666667,46,7,23,23
2950,0,baselines_work/cohorte/csharp/CODE_DIF_CS_004/CODE_DIF_CS_004.cs,13,baselines_work/cohorte/csharp/CODE_DIF_CS_012/CODE_DIF_CS_012.cs,0.0658682634730539,44,3,23,21
5493,72,baselines_work/cohorte/csharp/CODE_IDENT_CS_014/CODE_IDENT_CS_014.cs,70,baselines_work/cohorte/csharp/CODE_IDENT_CS_014_COPY/CODE_IDENT_CS_014.cs,0.6285714285714286,44,5,22,22
3231,5,baselines_work/cohorte/csharp/CODE_DIF_CS_008/CODE_DIF_CS_008.cs,14,baselines_work/cohorte/csharp/CODE_ESTRU_CS_004/CODE_ESTRU_CS_004.cs,0.06525037936267071,43,3,27,16
4228,24,baselines_work/cohorte/csharp/CODE_ESTRU_CS_010/CODE_ESTRU_CS_010.cs,26,baselines_work/cohorte/csharp/CODE_ESTRU_CS_015/CODE_ESTRU_CS_015.cs,0.43,43,15,20,23
4275,25,baselines_work/cohorte/csharp/CODE_ESTRU_CS_011/CODE_ESTRU_CS_011.cs,32,baselines_work/cohorte/csharp/CODE_ESTRU_CS_013/CODE_ESTRU_CS_013.cs,0.3049645390070922,43,3,19,24
4497,26,baselines_work/cohorte/csharp/CODE_ESTRU_CS_015/CODE_ESTRU_CS_015.cs,64,baselines_work/cohorte/csharp/CODE_IDENT_CS_010/CODE_IDENT_CS_010.cs,0.3524590163934426,43,15,23,20
4498,26,baselines_work/cohorte/csharp/CODE_ESTRU_CS_015/CODE_ESTRU_CS_015.cs,59,baselines_work/cohorte/csharp/CODE_IDENT_CS_010_COPY/CODE_IDENT_CS_010.cs,0.3524590163934426,43,15,23,20
2948,0,baselines_work/cohorte/csharp/CODE_DIF_CS_004/CODE_DIF_CS_004.cs,12,baselines_work/cohorte/csharp/CODE_DIF_CS_010/CODE_DIF_CS_010.cs,0.06645569620253164,42,3,24,18
3935,14,baselines_work/cohorte/csharp/CODE_ESTRU_CS_004/CODE_ESTRU_CS_004.cs,52,baselines_work/cohorte/csharp/CODE_IDENT_CS_004/CODE_IDENT_CS_004.cs,0.11140583554376658,42,7,22,20
3936,14,baselines_work/cohorte/csharp/CODE_ESTRU_CS_004/CODE_ESTRU_CS_004.cs,50,baselines_work/cohorte/csharp/CODE_IDENT_CS_004_COPY/CODE_IDENT_CS_004.cs,0.11140583554376658,42,7,22,20
3154,9,baselines_work/cohorte/csharp/CODE_DIF_CS_007/CODE_DIF_CS_007.cs,8,baselines_work/cohorte/csharp/CODE_DIF_CS_009/CODE_DIF_CS_009.cs,0.0951276102088167,41,6,24,17
3226,5,baselines_work/cohorte/csharp/CODE_DIF_CS_008/CODE_DIF_CS_008.cs,11,baselines_work/cohorte/csharp/CODE_DIF_CS_014/CODE_DIF_CS_014.cs,0.06156156156156156,41,3,24,17
3627,11,baselines_work/cohorte/csharp/CODE_DIF_CS_014/CODE_DIF_CS_014.cs,30,baselines_work/cohorte/csharp/CODE_FUN_CS_004/CODE_FUN_CS_004.cs,0.10123456790123457,41,4,19,22
2873,4,baselines_work/cohorte/csharp/CODE_DIF_CS_003/CODE_DIF_CS_003.cs,6,baselines_work/cohorte/csharp/CODE_DIF_CS_006/CODE_DIF_CS_006.cs,0.09324009324009325,40,6,25,15
3422,7,baselines_work/cohorte/csharp/CODE_DIF_CS_011/CODE_DIF_CS_011.cs,16,baselines_work/cohorte/csharp/CODE_DIF_CS_015/CODE_DIF_CS_015.cs,0.06655574043261231,40,4,23,17
4837,39,baselines_work/cohorte/csharp/CODE_FUN_CS_009/CODE_FUN_CS_009.cs,43,baselines_work/cohorte/csharp/CODE_FUN_CS_014/CODE_FUN_CS_014.cs,0.25477707006369427,40,4,23,17
4313,25,baselines_work/cohorte/csharp/CODE_ESTRU_CS_011/CODE_ESTRU_CS_011.cs,66,baselines_work/cohorte/csharp/CODE_IDENT_CS_011/CODE_IDENT_CS_011.cs,0.2389937106918239,38,3,19,19
4314,25,baselines_work/cohorte/csharp/CODE_ESTRU_CS_011/CODE_ESTRU_CS_011.cs,68,baselines_work/cohorte/csharp/CODE_IDENT_CS_011_COPY/CODE_IDENT_CS_011.cs,0.2389937106918239,38,3,19,19
5121,46,baselines_work/cohorte/csharp/CODE_IDENT_CS_002/CODE_IDENT_CS_002.cs,48,baselines_work/cohorte/csharp/CODE_IDENT_CS_002_COPY/CODE_IDENT_CS_002.cs,0.7307692307692307,38,5,19,19
3551,10,baselines_work/cohorte/csharp/CODE_DIF_CS_013/CODE_DIF_CS_013.cs,14,baselines_work/cohorte/csharp/CODE_ESTRU_CS_004/CODE_ESTRU_CS_004.cs,0.05666156202143951,37,2,22,15
4939,41,baselines_work/cohorte/csharp/CODE_FUN_CS_012/CODE_FUN_CS_012.cs,43,baselines_work/cohorte/csharp/CODE_FUN_CS_014/CODE_FUN_CS_014.cs,0.22023809523809523,37,3,20,17
2881,4,baselines_work/cohorte/csharp/CODE_DIF_CS_003/CODE_DIF_CS_003.cs,11,baselines_work/cohorte/csharp/CODE_DIF_CS_014/CODE_DIF_CS_014.cs,0.07114624505928854,36,3,20,16
3115,6,baselines_work/cohorte/csharp/CODE_DIF_CS_006/CODE_DIF_CS_006.cs,36,baselines_work/cohorte/csharp/CODE_FUN_CS_008/CODE_FUN_CS_008.cs,0.12162162162162163,36,3,18,18
4408,32,baselines_work/cohorte/csharp/CODE_ESTRU_CS_013/CODE_ESTRU_CS_013.cs,66,baselines_work/cohorte/csharp/CODE_IDENT_CS_011/CODE_IDENT_CS_011.cs,0.24647887323943662,35,3,18,17
4409,32,baselines_work/cohorte/csharp/CODE_ESTRU_CS_013/CODE_ESTRU_CS_013.cs,68,baselines_work/cohorte/csharp/CODE_IDENT_CS_011_COPY/CODE_IDENT_CS_011.cs,0.24647887323943662,35,3,18,17
3022,3,baselines_work/cohorte/csharp/CODE_DIF_CS_005/CODE_DIF_CS_005.cs,11,baselines_work/cohorte/csharp/CODE_DIF_CS_014/CODE_DIF_CS_014.cs,0.08173076923076923,34,4,18,16
3584,10,baselines_work/cohorte/csharp/CODE_DIF_CS_013/CODE_DIF_CS_013.cs,52,baselines_work/cohorte/csharp/CODE_IDENT_CS_004/CODE_IDENT_CS_004.cs,0.06204379562043796,34,2,19,15
3585,10,baselines_work/cohorte/csharp/CODE_DIF_CS_013/CODE_DIF_CS_013.cs,50,baselines_work/cohorte/csharp/CODE_IDENT_CS_004_COPY/CODE_IDENT_CS_004.cs,0.06204379562043796,34,2,19,15
4272,24,baselines_work/cohorte/csharp/CODE_ESTRU_CS_010/CODE_ESTRU_CS_010.cs,73,baselines_work/cohorte/csharp/CODE_IDENT_CS_015/CODE_IDENT_CS_015.cs,0.3269230769230769,34,15,17,17
4273,24,baselines_work/cohorte/csharp/CODE_ESTRU_CS_010/CODE_ESTRU_CS_010.cs,74,baselines_work/cohorte/csharp/CODE_IDENT_CS_015_COPY/CODE_IDENT_CS_015.cs,0.3269230769230769,34,15,17,17
5442,64,baselines_work/cohorte/csharp/CODE_IDENT_CS_010/CODE_IDENT_CS_010.cs,73,baselines_work/cohorte/csharp/CODE_IDENT_CS_015/CODE_IDENT_CS_015.cs,0.3269230769230769,34,15,17,17
5443,64,baselines_work/cohorte/csharp/CODE_IDENT_CS_010/CODE_IDENT_CS_010.cs,74,baselines_work/cohorte/csharp/CODE_IDENT_CS_015_COPY/CODE_IDENT_CS_015.cs,0.3269230769230769,34,15,17,17
5452,59,baselines_work/cohorte/csharp/CODE_IDENT_CS_010_COPY/CODE_IDENT_CS_010.cs,73,baselines_work/cohorte/csharp/CODE_IDENT_CS_015/CODE_IDENT_CS_015.cs,0.3269230769230769,34,15,17,17
5453,59,baselines_work/cohorte/csharp/CODE_IDENT_CS_010_COPY/CODE_IDENT_CS_010.cs,74,baselines_work/cohorte/csharp/CODE_IDENT_CS_015_COPY/CODE_IDENT_CS_015.cs,0.3269230769230769,34,15,17,17
2741,2,baselines_work/cohorte/csharp/CODE_DIF_CS_001/CODE_DIF_CS_001.cs,14,baselines_work/cohorte/csharp/CODE_ESTRU_CS_004/CODE_ESTRU_CS_004.cs,0.09295774647887324,33,3,17,16
3155,9,baselines_work/cohorte/csharp/CODE_DIF_CS_007/CODE_DIF_CS_007.cs,12,baselines_work/cohorte/csharp/CODE_DIF_CS_010/CODE_DIF_CS_010.cs,0.06547619047619048,33,5,17,16
2944,0,baselines_work/cohorte/csharp/CODE_DIF_CS_004/CODE_DIF_CS_004.cs,6,baselines_work/cohorte/csharp/CODE_DIF_CS_006/CODE_DIF_CS_006.cs,0.054673721340388004,31,3,17,14
3459,7,baselines_work/cohorte/csharp/CODE_DIF_CS_011/CODE_DIF_CS_011.cs,52,baselines_work/cohorte/csharp/CODE_IDENT_CS_004/CODE_IDENT_CS_004.cs,0.0748792270531401,31,3,17,14
3460,7,baselines_work/cohorte/csharp/CODE_DIF_CS_011/CODE_DIF_CS_011.cs,50,baselines_work/cohorte/csharp/CODE_IDENT_CS_004_COPY/CODE_IDENT_CS_004.cs,0.0748792270531401,31,3,17,14
3645,11,baselines_work/cohorte/csharp/CODE_DIF_CS_014/CODE_DIF_CS_014.cs,52,baselines_work/cohorte/csharp/CODE_IDENT_CS_004/CODE_IDENT_CS_004.cs,0.08157894736842106,31,3,15,16
3646,11,baselines_work/cohorte/csharp/CODE_DIF_CS_014/CODE_DIF_CS_014.cs,50,baselines_work/cohorte/csharp/CODE_IDENT_CS_004_COPY/CODE_IDENT_CS_004.cs,0.08157894736842106,31,3,15,16
4175,23,baselines_work/cohorte/csharp/CODE_ESTRU_CS_009/CODE_ESTRU_CS_009.cs,27,baselines_work/cohorte/csharp/CODE_ESTRU_CS_012/CODE_ESTRU_CS_012.cs,0.3229166666666667,31,4,15,16
4216,23,baselines_work/cohorte/csharp/CODE_ESTRU_CS_009/CODE_ESTRU_CS_009.cs,63,baselines_work/cohorte/csharp/CODE_IDENT_CS_012/CODE_IDENT_CS_012.cs,0.3229166666666667,31,4,15,16
4217,23,baselines_work/cohorte/csharp/CODE_ESTRU_CS_009/CODE_ESTRU_CS_009.cs,67,baselines_work/cohorte/csharp/CODE_IDENT_CS_012_COPY/CODE_IDENT_CS_012.cs,0.3229166666666667,31,4,15,16
4357,27,baselines_work/cohorte/csharp/CODE_ESTRU_CS_012/CODE_ESTRU_CS_012.cs,62,baselines_work/cohorte/csharp/CODE_IDENT_CS_009/CODE_IDENT_CS_009.cs,0.3229166666666667,31,4,16,15
4358,27,baselines_work/cohorte/csharp/CODE_ESTRU_CS_012/CODE_ESTRU_CS_012.cs,61,baselines_work/cohorte/csharp/CODE_IDENT_CS_009_COPY/CODE_IDENT_CS_009.cs,0.3229166666666667,31,4,16,15
5413,62,baselines_work/cohorte/csharp/CODE_IDENT_CS_009/CODE_IDENT_CS_009.cs,63,baselines_work/cohorte/csharp/CODE_IDENT_CS_012/CODE_IDENT_CS_012.cs,0.3229166666666667,31,4,15,16
5414,62,baselines_work/cohorte/csharp/CODE_IDENT_CS_009/CODE_IDENT_CS_009.cs,67,baselines_work/cohorte/csharp/CODE_IDENT_CS_012_COPY/CODE_IDENT_CS_012.cs,0.3229166666666667,31,4,15,16
5425,61,baselines_work/cohorte/csharp/CODE_IDENT_CS_009_COPY/CODE_IDENT_CS_009.cs,63,baselines_work/cohorte/csharp/CODE_IDENT_CS_012/CODE_IDENT_CS_012.cs,0.3229166666666667,31,4,15,16
5426,61,baselines_work/cohorte/csharp/CODE_IDENT_CS_009_COPY/CODE_IDENT_CS_009.cs,67,baselines_work/cohorte/csharp/CODE_IDENT_CS_012_COPY/CODE_IDENT_CS_012.cs,0.3229166666666667,31,4,15,16
3312,8,baselines_work/cohorte/csharp/CODE_DIF_CS_009/CODE_DIF_CS_009.cs,30,baselines_work/cohorte/csharp/CODE_FUN_CS_004/CODE_FUN_CS_004.cs,0.09146341463414634,30,4,15,15
5268,53,baselines_work/cohorte/csharp/CODE_IDENT_CS_005/CODE_IDENT_CS_005.cs,54,baselines_work/cohorte/csharp/CODE_IDENT_CS_005_COPY/CODE_IDENT_CS_005.cs,0.625,30,12,15,15
2798,1,baselines_work/cohorte/csharp/CODE_DIF_CS_002/CODE_DIF_CS_002.cs,4,baselines_work/cohorte/csharp/CODE_DIF_CS_003/CODE_DIF_CS_003.cs,0.07880434782608696,29,6,11,18
3264,5,baselines_work/cohorte/csharp/CODE_DIF_CS_008/CODE_DIF_CS_008.cs,52,baselines_work/cohorte/csharp/CODE_IDENT_CS_004/CODE_IDENT_CS_004.cs,0.052346570397111915,29,3,16,13
3265,5,baselines_work/cohorte/csharp/CODE_DIF_CS_008/CODE_DIF_CS_008.cs,50,baselines_work/cohorte/csharp/CODE_IDENT_CS_004_COPY/CODE_IDENT_CS_004.cs,0.052346570397111915,29,3,16,13
3489,13,baselines_work/cohorte/csharp/CODE_DIF_CS_012/CODE_DIF_CS_012.cs,14,baselines_work/cohorte/csharp/CODE_ESTRU_CS_004/CODE_ESTRU_CS_004.cs,0.05719921104536489,29,3,15,14
3484,13,baselines_work/cohorte/csharp/CODE_DIF_CS_012/CODE_DIF_CS_012.cs,11,baselines_work/cohorte/csharp/CODE_DIF_CS_014/CODE_DIF_CS_014.cs,0.054474708171206226,28,3,13,15
3631,11,baselines_work/cohorte/csharp/CODE_DIF_CS_014/CODE_DIF_CS_014.cs,36,baselines_work/cohorte/csharp/CODE_FUN_CS_008/CODE_FUN_CS_008.cs,0.07506702412868632,28,3,14,14
3046,3,baselines_work/cohorte/csharp/CODE_DIF_CS_005/CODE_DIF_CS_005.cs,36,baselines_work/cohorte/csharp/CODE_FUN_CS_008/CODE_FUN_CS_008.cs,0.09090909090909091,27,5,13,14
3084,6,baselines_work/cohorte/csharp/CODE_DIF_CS_006/CODE_DIF_CS_006.cs,9,baselines_work/cohorte/csharp/CODE_DIF_CS_007/CODE_DIF_CS_007.cs,0.05856832971800434,27,4,13,14
3183,9,baselines_work/cohorte/csharp/CODE_DIF_CS_007/CODE_DIF_CS_007.cs,36,baselines_work/cohorte/csharp/CODE_FUN_CS_008/CODE_FUN_CS_008.cs,0.06801007556675064,27,2,13,14
4412,32,baselines_work/cohorte/csharp/CODE_ESTRU_CS_013/CODE_ESTRU_CS_013.cs,69,baselines_work/cohorte/csharp/CODE_IDENT_CS_013/CODE_IDENT_CS_013.cs,0.20610687022900764,27,3,15,12
4413,32,baselines_work/cohorte/csharp/CODE_ESTRU_CS_013/CODE_ESTRU_CS_013.cs,71,baselines_work/cohorte/csharp/CODE_IDENT_CS_013_COPY/CODE_IDENT_CS_013.cs,0.20610687022900764,27,3,15,12
4972,42,baselines_work/cohorte/csharp/CODE_FUN_CS_013/CODE_FUN_CS_013.cs,44,baselines_work/cohorte/csharp/CODE_FUN_CS_015/CODE_FUN_CS_015.cs,0.13170731707317074,27,5,12,15
3014,3,baselines_work/cohorte/csharp/CODE_DIF_CS_005/CODE_DIF_CS_005.cs,6,baselines_work/cohorte/csharp/CODE_DIF_CS_006/CODE_DIF_CS_006.cs,0.07669616519174041,26,3,12,14
3445,7,baselines_work/cohorte/csharp/CODE_DIF_CS_011/CODE_DIF_CS_011.cs,36,baselines_work/cohorte/csharp/CODE_FUN_CS_008/CODE_FUN_CS_008.cs,0.06388206388206388,26,5,12,14
4103,18,baselines_work/cohorte/csharp/CODE_ESTRU_CS_007/CODE_ESTRU_CS_007.cs,56,baselines_work/cohorte/csharp/CODE_IDENT_CS_007/CODE_IDENT_CS_007.cs,0.4482758620689655,26,11,13,13
4104,18,baselines_work/cohorte/csharp/CODE_ESTRU_CS_007/CODE_ESTRU_CS_007.cs,57,baselines_work/cohorte/csharp/CODE_IDENT_CS_007_COPY/CODE_IDENT_CS_007.cs,0.4482758620689655,26,11,13,13
4907,37,baselines_work/cohorte/csharp/CODE_FUN_CS_011/CODE_FUN_CS_011.cs,44,baselines_work/cohorte/csharp/CODE_FUN_CS_015/CODE_FUN_CS_015.cs,0.12322274881516587,26,5,11,15
5346,56,baselines_work/cohorte/csharp/CODE_IDENT_CS_007/CODE_IDENT_CS_007.cs,57,baselines_work/cohorte/csharp/CODE_IDENT_CS_007_COPY/CODE_IDENT_CS_007.cs,0.4482758620689655,26,11,13,13
3164,9,baselines_work/cohorte/csharp/CODE_DIF_CS_007/CODE_DIF_CS_007.cs,14,baselines_work/cohorte/csharp/CODE_ESTRU_CS_004/CODE_ESTRU_CS_004.cs,0.04911591355599214,25,3,11,14
2880,4,baselines_work/cohorte/csharp/CODE_DIF_CS_003/CODE_DIF_CS_003.cs,10,baselines_work/cohorte/csharp/CODE_DIF_CS_013/CODE_DIF_CS_013.cs,0.034782608695652174,24,3,11,13
2882,4,baselines_work/cohorte/csharp/CODE_DIF_CS_003/CODE_DIF_CS_003.cs,16,baselines_work/cohorte/csharp/CODE_DIF_CS_015/CODE_DIF_CS_015.cs,0.04130808950086059,24,3,16,8
2910,4,baselines_work/cohorte/csharp/CODE_DIF_CS_003/CODE_DIF_CS_003.cs,42,baselines_work/cohorte/csharp/CODE_FUN_CS_013/CODE_FUN_CS_013.cs,0.06876790830945559,24,6,15,9
4238,24,baselines_work/cohorte/csharp/CODE_ESTRU_CS_010/CODE_ESTRU_CS_010.cs,38,baselines_work/cohorte/csharp/CODE_FUN_CS_010/CODE_FUN_CS_010.cs,0.22857142857142856,24,5,12,12
4317,25,baselines_work/cohorte/csharp/CODE_ESTRU_CS_011/CODE_ESTRU_CS_011.cs,69,baselines_work/cohorte/csharp/CODE_IDENT_CS_013/CODE_IDENT_CS_013.cs,0.16216216216216217,24,3,11,13
4318,25,baselines_work/cohorte/csharp/CODE_ESTRU_CS_011/CODE_ESTRU_CS_011.cs,71,baselines_work/cohorte/csharp/CODE_IDENT_CS_013_COPY/CODE_IDENT_CS_013.cs,0.16216216216216217,24,3,11,13
4892,38,baselines_work/cohorte/csharp/CODE_FUN_CS_010/CODE_FUN_CS_010.cs,64,baselines_work/cohorte/csharp/CODE_IDENT_CS_010/CODE_IDENT_CS_010.cs,0.192,24,5,12,12
4893,38,baselines_work/cohorte/csharp/CODE_FUN_CS_010/CODE_FUN_CS_010.cs,59,baselines_work/cohorte/csharp/CODE_IDENT_CS_010_COPY/CODE_IDENT_CS_010.cs,0.192,24,5,12,12
3570,10,baselines_work/cohorte/csharp/CODE_DIF_CS_013/CODE_DIF_CS_013.cs,36,baselines_work/cohorte/csharp/CODE_FUN_CS_008/CODE_FUN_CS_008.cs,0.04251386321626617,23,3,13,10
2908,4,baselines_work/cohorte/csharp/CODE_DIF_CS_003/CODE_DIF_CS_003.cs,37,baselines_work/cohorte/csharp/CODE_FUN_CS_011/CODE_FUN_CS_011.cs,0.061971830985915494,22,6,14,8
2947,0,baselines_work/cohorte/csharp/CODE_DIF_CS_004/CODE_DIF_CS_004.cs,8,baselines_work/cohorte/csharp/CODE_DIF_CS_009/CODE_DIF_CS_009.cs,0.03935599284436494,22,2,13,9
3021,3,baselines_work/cohorte/csharp/CODE_DIF_CS_005/CODE_DIF_CS_005.cs,10,baselines_work/cohorte/csharp/CODE_DIF_CS_013/CODE_DIF_CS_013.cs,0.03666666666666667,22,3,8,14
3297,8,baselines_work/cohorte/csharp/CODE_DIF_CS_009/CODE_DIF_CS_009.cs,14,baselines_work/cohorte/csharp/CODE_ESTRU_CS_004/CODE_ESTRU_CS_004.cs,0.05392156862745098,22,4,11,11
3358,12,baselines_work/cohorte/csharp/CODE_DIF_CS_010/CODE_DIF_CS_010.cs,16,baselines_work/cohorte/csharp/CODE_DIF_CS_015/CODE_DIF_CS_015.cs,0.03935599284436494,22,4,13,9
3485,13,baselines_work/cohorte/csharp/CODE_DIF_CS_012/CODE_DIF_CS_012.cs,16,baselines_work/cohorte/csharp/CODE_DIF_CS_015/CODE_DIF_CS_015.cs,0.03735144312393888,22,3,12,10
3960,19,baselines_work/cohorte/csharp/CODE_ESTRU_CS_005/CODE_ESTRU_CS_005.cs,18,baselines_work/cohorte/csharp/CODE_ESTRU_CS_007/CODE_ESTRU_CS_007.cs,0.3235294117647059,22,11,11,11
3996,19,baselines_work/cohorte/csharp/CODE_ESTRU_CS_005/CODE_ESTRU_CS_005.cs,56,baselines_work/cohorte/csharp/CODE_IDENT_CS_007/CODE_IDENT_CS_007.cs,0.3235294117647059,22,11,11,11
3997,19,baselines_work/cohorte/csharp/CODE_ESTRU_CS_005/CODE_ESTRU_CS_005.cs,57,baselines_work/cohorte/csharp/CODE_IDENT_CS_007_COPY/CODE_IDENT_CS_007.cs,0.3235294117647059,22,11,11,11
4460,28,baselines_work/cohorte/csharp/CODE_ESTRU_CS_014/CODE_ESTRU_CS_014.cs,72,baselines_work/cohorte/csharp/CODE_IDENT_CS_014/CODE_IDENT_CS_014.cs,0.3333333333333333,22,4,11,11
4461,28,baselines_work/cohorte/csharp/CODE_ESTRU_CS_014/CODE_ESTRU_CS_014.cs,70,baselines_work/cohorte/csharp/CODE_IDENT_CS_014_COPY/CODE_IDENT_CS_014.cs,0.3333333333333333,22,4,11,11
4963,41,baselines_work/cohorte/csharp/CODE_FUN_CS_012/CODE_FUN_CS_012.cs,63,baselines_work/cohorte/csharp/CODE_IDENT_CS_012/CODE_IDENT_CS_012.cs,0.14102564102564102,22,6,12,10
4964,41,baselines_work/cohorte/csharp/CODE_FUN_CS_012/CODE_FUN_CS_012.cs,67,baselines_work/cohorte/csharp/CODE_IDENT_CS_012_COPY/CODE_IDENT_CS_012.cs,0.14102564102564102,22,6,12,10
2756,2,baselines_work/cohorte/csharp/CODE_DIF_CS_001/CODE_DIF_CS_001.cs,30,baselines_work/cohorte/csharp/CODE_FUN_CS_004/CODE_FUN_CS_004.cs,0.07636363636363637,21,3,12,9
3096,6,baselines_work/cohorte/csharp/CODE_DIF_CS_006/CODE_DIF_CS_006.cs,14,baselines_work/cohorte/csharp/CODE_ESTRU_CS_004/CODE_ESTRU_CS_004.cs,0.051470588235294115,21,3,9,12
3293,8,baselines_work/cohorte/csharp/CODE_DIF_CS_009/CODE_DIF_CS_009.cs,16,baselines_work/cohorte/csharp/CODE_DIF_CS_015/CODE_DIF_CS_015.cs,0.04285714285714286,21,4,11,10
3426,7,baselines_work/cohorte/csharp/CODE_DIF_CS_011/CODE_DIF_CS_011.cs,14,baselines_work/cohorte/csharp/CODE_ESTRU_CS_004/CODE_ESTRU_CS_004.cs,0.04046242774566474,21,3,12,9
3672,16,baselines_work/cohorte/csharp/CODE_DIF_CS_015/CODE_DIF_CS_015.cs,14,baselines_work/cohorte/csharp/CODE_ESTRU_CS_004/CODE_ESTRU_CS_004.cs,0.038461538461538464,21,2,11,10
3877,20,baselines_work/cohorte/csharp/CODE_ESTRU_CS_003/CODE_ESTRU_CS_003.cs,51,baselines_work/cohorte/csharp/CODE_IDENT_CS_003/CODE_IDENT_CS_003.cs,0.25609756097560976,21,2,12,9
3878,20,baselines_work/cohorte/csharp/CODE_ESTRU_CS_003/CODE_ESTRU_CS_003.cs,49,baselines_work/cohorte/csharp/CODE_IDENT_CS_003_COPY/CODE_IDENT_CS_003.cs,0.25609756097560976,21,2,12,9
3914,14,baselines_work/cohorte/csharp/CODE_ESTRU_CS_004/CODE_ESTRU_CS_004.cs,33,baselines_work/cohorte/csharp/CODE_FUN_CS_001/CODE_FUN_CS_001.cs,0.07094594594594594,21,4,12,9
4048,21,baselines_work/cohorte/csharp/CODE_ESTRU_CS_006/CODE_ESTRU_CS_006.cs,60,baselines_work/cohorte/csharp/CODE_IDENT_CS_006/CODE_IDENT_CS_006.cs,0.2625,21,5,11,10
4049,21,baselines_work/cohorte/csharp/CODE_ESTRU_CS_006/CODE_ESTRU_CS_006.cs,55,baselines_work/cohorte/csharp/CODE_IDENT_CS_006_COPY/CODE_IDENT_CS_006.cs,0.2625,21,5,11,10
2774,2,baselines_work/cohorte/csharp/CODE_DIF_CS_001/CODE_DIF_CS_001.cs,52,baselines_work/cohorte/csharp/CODE_IDENT_CS_004/CODE_IDENT_CS_004.cs,0.08,20,4,7,13
2775,2,baselines_work/cohorte/csharp/CODE_DIF_CS_001/CODE_DIF_CS_001.cs,50,baselines_work/cohorte/csharp/CODE_IDENT_CS_004_COPY/CODE_IDENT_CS_004.cs,0.08,20,4,7,13
3221,5,baselines_work/cohorte/csharp/CODE_DIF_CS_008/CODE_DIF_CS_008.cs,8,baselines_work/cohorte/csharp/CODE_DIF_CS_009/CODE_DIF_CS_009.cs,0.03442340791738382,20,2,12,8
4473,26,baselines_work/cohorte/csharp/CODE_ESTRU_CS_015/CODE_ESTRU_CS_015.cs,38,baselines_work/cohorte/csharp/CODE_FUN_CS_010/CODE_FUN_CS_010.cs,0.16,20,5,12,8
4800,36,baselines_work/cohorte/csharp/CODE_FUN_CS_008/CODE_FUN_CS_008.cs,42,baselines_work/cohorte/csharp/CODE_FUN_CS_013/CODE_FUN_CS_013.cs,0.08695652173913043,20,6,10,10
2943,0,baselines_work/cohorte/csharp/CODE_DIF_CS_004/CODE_DIF_CS_004.cs,3,baselines_work/cohorte/csharp/CODE_DIF_CS_005/CODE_DIF_CS_005.cs,0.03298611111111111,19,2,7,12
3018,3,baselines_work/cohorte/csharp/CODE_DIF_CS_005/CODE_DIF_CS_005.cs,12,baselines_work/cohorte/csharp/CODE_DIF_CS_010/CODE_DIF_CS_010.cs,0.04702970297029703,19,2,10,9
3129,6,baselines_work/cohorte/csharp/CODE_DIF_CS_006/CODE_DIF_CS_006.cs,52,baselines_work/cohorte/csharp/CODE_IDENT_CS_004/CODE_IDENT_CS_004.cs,0.0627062706270627,19,3,9,10
3130,6,baselines_work/cohorte/csharp/CODE_DIF_CS_006/CODE_DIF_CS_006.cs,50,baselines_work/cohorte/csharp/CODE_IDENT_CS_004_COPY/CODE_IDENT_CS_004.cs,0.0627062706270627,19,3,9,10
3362,12,baselines_work/cohorte/csharp/CODE_DIF_CS_010/CODE_DIF_CS_010.cs,14,baselines_work/cohorte/csharp/CODE_ESTRU_CS_004/CODE_ESTRU_CS_004.cs,0.039832285115303984,19,2,9,10
3504,13,baselines_work/cohorte/csharp/CODE_DIF_CS_012/CODE_DIF_CS_012.cs,30,baselines_work/cohorte/csharp/CODE_FUN_CS_004/CODE_FUN_CS_004.cs,0.04449648711943794,19,1,10,9
3566,10,baselines_work/cohorte/csharp/CODE_DIF_CS_013/CODE_DIF_CS_013.cs,30,baselines_work/cohorte/csharp/CODE_FUN_CS_004/CODE_FUN_CS_004.cs,0.03315881326352531,19,2,11,8
3691,16,baselines_work/cohorte/csharp/CODE_DIF_CS_015/CODE_DIF_CS_015.cs,36,baselines_work/cohorte/csharp/CODE_FUN_CS_008/CODE_FUN_CS_008.cs,0.04377880184331797,19,2,10,9
3992,19,baselines_work/cohorte/csharp/CODE_ESTRU_CS_005/CODE_ESTRU_CS_005.cs,53,baselines_work/cohorte/csharp/CODE_IDENT_CS_005/CODE_IDENT_CS_005.cs,0.31666666666666665,19,8,10,9
3993,19,baselines_work/cohorte/csharp/CODE_ESTRU_CS_005/CODE_ESTRU_CS_005.cs,54,baselines_work/cohorte/csharp/CODE_IDENT_CS_005_COPY/CODE_IDENT_CS_005.cs,0.31666666666666665,19,8,10,9
4099,18,baselines_work/cohorte/csharp/CODE_ESTRU_CS_007/CODE_ESTRU_CS_007.cs,53,baselines_work/cohorte/csharp/CODE_IDENT_CS_005/CODE_IDENT_CS_005.cs,0.38,19,8,10,9
4100,18,baselines_work/cohorte/csharp/CODE_ESTRU_CS_007/CODE_ESTRU_CS_007.cs,54,baselines_work/cohorte/csharp/CODE_IDENT_CS_005_COPY/CODE_IDENT_CS_005.cs,0.38,19,8,10,9
4511,33,baselines_work/cohorte/csharp/CODE_FUN_CS_001/CODE_FUN_CS_001.cs,30,baselines_work/cohorte/csharp/CODE_FUN_CS_004/CODE_FUN_CS_004.cs,0.076,19,5,8,11
4906,37,baselines_work/cohorte/csharp/CODE_FUN_CS_011/CODE_FUN_CS_011.cs,43,baselines_work/cohorte/csharp/CODE_FUN_CS_014/CODE_FUN_CS_014.cs,0.09743589743589744,19,4,10,9
4971,42,baselines_work/cohorte/csharp/CODE_FUN_CS_013/CODE_FUN_CS_013.cs,43,baselines_work/cohorte/csharp/CODE_FUN_CS_014/CODE_FUN_CS_014.cs,0.10052910052910052,19,4,10,9
5122,46,baselines_work/cohorte/csharp/CODE_IDENT_CS_002/CODE_IDENT_CS_002.cs,51,baselines_work/cohorte/csharp/CODE_IDENT_CS_003/CODE_IDENT_CS_003.cs,0.31666666666666665,19,2,11,8
5123,46,baselines_work/cohorte/csharp/CODE_IDENT_CS_002/CODE_IDENT_CS_002.cs,49,baselines_work/cohorte/csharp/CODE_IDENT_CS_003_COPY/CODE_IDENT_CS_003.cs,0.31666666666666665,19,2,11,8
5148,48,baselines_work/cohorte/csharp/CODE_IDENT_CS_002_COPY/CODE_IDENT_CS_002.cs,51,baselines_work/cohorte/csharp/CODE_IDENT_CS_003/CODE_IDENT_CS_003.cs,0.31666666666666665,19,2,11,8
5149,48,baselines_work/cohorte/csharp/CODE_IDENT_CS_002_COPY/CODE_IDENT_CS_002.cs,49,baselines_work/cohorte/csharp/CODE_IDENT_CS_003_COPY/CODE_IDENT_CS_003.cs,0.31666666666666665,19,2,11,8
5271,53,baselines_work/cohorte/csharp/CODE_IDENT_CS_005/CODE_IDENT_CS_005.cs,56,baselines_work/cohorte/csharp/CODE_IDENT_CS_007/CODE_IDENT_CS_007.cs,0.3392857142857143,19,8,9,10
5272,53,baselines_work/cohorte/csharp/CODE_IDENT_CS_005/CODE_IDENT_CS_005.cs,57,baselines_work/cohorte/csharp/CODE_IDENT_CS_007_COPY/CODE_IDENT_CS_007.cs,0.3392857142857143,19,8,9,10
5291,54,baselines_work/cohorte/csharp/CODE_IDENT_CS_005_COPY/CODE_IDENT_CS_005.cs,56,baselines_work/cohorte/csharp/CODE_IDENT_CS_007/CODE_IDENT_CS_007.cs,0.3392857142857143,19,8,9,10
5292,54,baselines_work/cohorte/csharp/CODE_IDENT_CS_005_COPY/CODE_IDENT_CS_005.cs,57,baselines_work/cohorte/csharp/CODE_IDENT_CS_007_COPY/CODE_IDENT_CS_007.cs,0.3392857142857143,19,8,9,10
2726,2,baselines_work/cohorte/csharp/CODE_DIF_CS_001/CODE_DIF_CS_001.cs,0,baselines_work/cohorte/csharp/CODE_DIF_CS_004/CODE_DIF_CS_004.cs,0.03557312252964427,18,2,9,9
2833,1,baselines_work/cohorte/csharp/CODE_DIF_CS_002/CODE_DIF_CS_002.cs,36,baselines_work/cohorte/csharp/CODE_FUN_CS_008/CODE_FUN_CS_008.cs,0.08,18,6,9,9
3108,6,baselines_work/cohorte/csharp/CODE_DIF_CS_006/CODE_DIF_CS_006.cs,33,baselines_work/cohorte/csharp/CODE_FUN_CS_001/CODE_FUN_CS_001.cs,0.08108108108108109,18,3,9,9
3179,9,baselines_work/cohorte/csharp/CODE_DIF_CS_007/CODE_DIF_CS_007.cs,30,baselines_work/cohorte/csharp/CODE_FUN_CS_004/CODE_FUN_CS_004.cs,0.04195804195804196,18,2,7,11
3197,9,baselines_work/cohorte/csharp/CODE_DIF_CS_007/CODE_DIF_CS_007.cs,52,baselines_work/cohorte/csharp/CODE_IDENT_CS_004/CODE_IDENT_CS_004.cs,0.04455445544554455,18,3,9,9
3198,9,baselines_work/cohorte/csharp/CODE_DIF_CS_007/CODE_DIF_CS_007.cs,50,baselines_work/cohorte/csharp/CODE_IDENT_CS_004_COPY/CODE_IDENT_CS_004.cs,0.04455445544554455,18,3,9,9
3384,12,baselines_work/cohorte/csharp/CODE_DIF_CS_010/CODE_DIF_CS_010.cs,37,baselines_work/cohorte/csharp/CODE_FUN_CS_011/CODE_FUN_CS_011.cs,0.05405405405405406,18,2,8,10
3818,15,baselines_work/cohorte/csharp/CODE_ESTRU_CS_002/CODE_ESTRU_CS_002.cs,46,baselines_work/cohorte/csharp/CODE_IDENT_CS_002/CODE_IDENT_CS_002.cs,0.3,18,3,9,9
3819,15,baselines_work/cohorte/csharp/CODE_ESTRU_CS_002/CODE_ESTRU_CS_002.cs,48,baselines_work/cohorte/csharp/CODE_IDENT_CS_002_COPY/CODE_IDENT_CS_002.cs,0.3,18,3,9,9
3875,20,baselines_work/cohorte/csharp/CODE_ESTRU_CS_003/CODE_ESTRU_CS_003.cs,46,baselines_work/cohorte/csharp/CODE_IDENT_CS_002/CODE_IDENT_CS_002.cs,0.24324324324324326,18,3,9,9
3876,20,baselines_work/cohorte/csharp/CODE_ESTRU_CS_003/CODE_ESTRU_CS_003.cs,48,baselines_work/cohorte/csharp/CODE_IDENT_CS_002_COPY/CODE_IDENT_CS_002.cs,0.24324324324324326,18,3,9,9
4337,27,baselines_work/cohorte/csharp/CODE_ESTRU_CS_012/CODE_ESTRU_CS_012.cs,41,baselines_work/cohorte/csharp/CODE_FUN_CS_012/CODE_FUN_CS_012.cs,0.140625,18,6,8,10
4798,36,baselines_work/cohorte/csharp/CODE_FUN_CS_008/CODE_FUN_CS_008.cs,37,baselines_work/cohorte/csharp/CODE_FUN_CS_011/CODE_FUN_CS_011.cs,0.07627118644067797,18,6,9,9
5457,66,baselines_work/cohorte/csharp/CODE_IDENT_CS_011/CODE_IDENT_CS_011.cs,69,baselines_work/cohorte/csharp/CODE_IDENT_CS_013/CODE_IDENT_CS_013.cs,0.12244897959183673,18,3,9,9
5458,66,baselines_work/cohorte/csharp/CODE_IDENT_CS_011/CODE_IDENT_CS_011.cs,71,baselines_work/cohorte/csharp/CODE_IDENT_CS_013_COPY/CODE_IDENT_CS_013.cs,0.12244897959183673,18,3,9,9
5465,68,baselines_work/cohorte/csharp/CODE_IDENT_CS_011_COPY/CODE_IDENT_CS_011.cs,69,baselines_work/cohorte/csharp/CODE_IDENT_CS_013/CODE_IDENT_CS_013.cs,0.12244897959183673,18,3,9,9
5466,68,baselines_work/cohorte/csharp/CODE_IDENT_CS_011_COPY/CODE_IDENT_CS_011.cs,71,baselines_work/cohorte/csharp/CODE_IDENT_CS_013_COPY/CODE_IDENT_CS_013.cs,0.12244897959183673,18,3,9,9
2969,0,baselines_work/cohorte/csharp/CODE_DIF_CS_004/CODE_DIF_CS_004.cs,33,baselines_work/cohorte/csharp/CODE_FUN_CS_001/CODE_FUN_CS_001.cs,0.037694013303769404,17,3,12,5
3820,15,baselines_work/cohorte/csharp/CODE_ESTRU_CS_002/CODE_ESTRU_CS_002.cs,51,baselines_work/cohorte/csharp/CODE_IDENT_CS_003/CODE_IDENT_CS_003.cs,0.25,17,1,10,7
3821,15,baselines_work/cohorte/csharp/CODE_ESTRU_CS_002/CODE_ESTRU_CS_002.cs,49,baselines_work/cohorte/csharp/CODE_IDENT_CS_003_COPY/CODE_IDENT_CS_003.cs,0.25,17,1,10,7
4328,27,baselines_work/cohorte/csharp/CODE_ESTRU_CS_012/CODE_ESTRU_CS_012.cs,31,baselines_work/cohorte/csharp/CODE_FUN_CS_003/CODE_FUN_CS_003.cs,0.23943661971830985,17,3,9,8
4630,31,baselines_work/cohorte/csharp/CODE_FUN_CS_003/CODE_FUN_CS_003.cs,63,baselines_work/cohorte/csharp/CODE_IDENT_CS_012/CODE_IDENT_CS_012.cs,0.1297709923664122,17,3,8,9
4631,31,baselines_work/cohorte/csharp/CODE_FUN_CS_003/CODE_FUN_CS_003.cs,67,baselines_work/cohorte/csharp/CODE_IDENT_CS_012_COPY/CODE_IDENT_CS_012.cs,0.1297709923664122,17,3,8,9
2736,2,baselines_work/cohorte/csharp/CODE_DIF_CS_001/CODE_DIF_CS_001.cs,11,baselines_work/cohorte/csharp/CODE_DIF_CS_014/CODE_DIF_CS_014.cs,0.04419889502762431,16,3,8,8
2766,2,baselines_work/cohorte/csharp/CODE_DIF_CS_001/CODE_DIF_CS_001.cs,43,baselines_work/cohorte/csharp/CODE_FUN_CS_014/CODE_FUN_CS_014.cs,0.0851063829787234,16,4,8,8
2836,1,baselines_work/cohorte/csharp/CODE_DIF_CS_002/CODE_DIF_CS_002.cs,37,baselines_work/cohorte/csharp/CODE_FUN_CS_011/CODE_FUN_CS_011.cs,0.08290155440414508,16,6,8,8
2838,1,baselines_work/cohorte/csharp/CODE_DIF_CS_002/CODE_DIF_CS_002.cs,42,baselines_work/cohorte/csharp/CODE_FUN_CS_013/CODE_FUN_CS_013.cs,0.0855614973262032,16,6,8,8
3114,6,baselines_work/cohorte/csharp/CODE_DIF_CS_006/CODE_DIF_CS_006.cs,35,baselines_work/cohorte/csharp/CODE_FUN_CS_007/CODE_FUN_CS_007.cs,0.06986899563318777,16,2,7,9
3250,5,baselines_work/cohorte/csharp/CODE_DIF_CS_008/CODE_DIF_CS_008.cs,36,baselines_work/cohorte/csharp/CODE_FUN_CS_008/CODE_FUN_CS_008.cs,0.029250457038391225,16,2,9,7
3512,13,baselines_work/cohorte/csharp/CODE_DIF_CS_012/CODE_DIF_CS_012.cs,41,baselines_work/cohorte/csharp/CODE_FUN_CS_012/CODE_FUN_CS_012.cs,0.045714285714285714,16,4,8,8
3513,13,baselines_work/cohorte/csharp/CODE_DIF_CS_012/CODE_DIF_CS_012.cs,42,baselines_work/cohorte/csharp/CODE_FUN_CS_013/CODE_FUN_CS_013.cs,0.04481792717086835,16,3,7,9
3624,11,baselines_work/cohorte/csharp/CODE_DIF_CS_014/CODE_DIF_CS_014.cs,33,baselines_work/cohorte/csharp/CODE_FUN_CS_001/CODE_FUN_CS_001.cs,0.05351170568561873,16,3,8,8
4562,29,baselines_work/cohorte/csharp/CODE_FUN_CS_002/CODE_FUN_CS_002.cs,41,baselines_work/cohorte/csharp/CODE_FUN_CS_012/CODE_FUN_CS_012.cs,0.11428571428571428,16,6,6,10
4604,31,baselines_work/cohorte/csharp/CODE_FUN_CS_003/CODE_FUN_CS_003.cs,41,baselines_work/cohorte/csharp/CODE_FUN_CS_012/CODE_FUN_CS_012.cs,0.10457516339869281,16,6,6,10
4724,40,baselines_work/cohorte/csharp/CODE_FUN_CS_006/CODE_FUN_CS_006.cs,41,baselines_work/cohorte/csharp/CODE_FUN_CS_012/CODE_FUN_CS_012.cs,0.08888888888888889,16,6,8,8
4796,36,baselines_work/cohorte/csharp/CODE_FUN_CS_008/CODE_FUN_CS_008.cs,39,baselines_work/cohorte/csharp/CODE_FUN_CS_009/CODE_FUN_CS_009.cs,0.07920792079207921,16,6,8,8
4799,36,baselines_work/cohorte/csharp/CODE_FUN_CS_008/CODE_FUN_CS_008.cs,41,baselines_work/cohorte/csharp/CODE_FUN_CS_012/CODE_FUN_CS_012.cs,0.07174887892376682,16,6,8,8
4904,37,baselines_work/cohorte/csharp/CODE_FUN_CS_011/CODE_FUN_CS_011.cs,41,baselines_work/cohorte/csharp/CODE_FUN_CS_012/CODE_FUN_CS_012.cs,0.07804878048780488,16,3,8,8
4938,41,baselines_work/cohorte/csharp/CODE_FUN_CS_012/CODE_FUN_CS_012.cs,42,baselines_work/cohorte/csharp/CODE_FUN_CS_013/CODE_FUN_CS_013.cs,0.08648648648648649,16,3,8,8
2765,2,baselines_work/cohorte/csharp/CODE_DIF_CS_001/CODE_DIF_CS_001.cs,42,baselines_work/cohorte/csharp/CODE_FUN_CS_013/CODE_FUN_CS_013.cs,0.07317073170731707,15,3,6,9
2877,4,baselines_work/cohorte/csharp/CODE_DIF_CS_003/CODE_DIF_CS_003.cs,12,baselines_work/cohorte/csharp/CODE_DIF_CS_010/CODE_DIF_CS_010.cs,0.030364372469635626,15,2,8,7
2878,4,baselines_work/cohorte/csharp/CODE_DIF_CS_003/CODE_DIF_CS_003.cs,7,baselines_work/cohorte/csharp/CODE_DIF_CS_011/CODE_DIF_CS_011.cs,0.027675276752767528,15,2,8,7
3019,3,baselines_work/cohorte/csharp/CODE_DIF_CS_005/CODE_DIF_CS_005.cs,7,baselines_work/cohorte/csharp/CODE_DIF_CS_011/CODE_DIF_CS_011.cs,0.033185840707964605,15,2,7,8
3020,3,baselines_work/cohorte/csharp/CODE_DIF_CS_005/CODE_DIF_CS_005.cs,13,baselines_work/cohorte/csharp/CODE_DIF_CS_012/CODE_DIF_CS_012.cs,0.03409090909090909,15,2,7,8
3091,6,baselines_work/cohorte/csharp/CODE_DIF_CS_006/CODE_DIF_CS_006.cs,11,baselines_work/cohorte/csharp/CODE_DIF_CS_014/CODE_DIF_CS_014.cs,0.03614457831325301,15,3,7,8
3118,6,baselines_work/cohorte/csharp/CODE_DIF_CS_006/CODE_DIF_CS_006.cs,37,baselines_work/cohorte/csharp/CODE_FUN_CS_011/CODE_FUN_CS_011.cs,0.056818181818181816,15,3,8,7
3120,6,baselines_work/cohorte/csharp/CODE_DIF_CS_006/CODE_DIF_CS_006.cs,42,baselines_work/cohorte/csharp/CODE_FUN_CS_013/CODE_FUN_CS_013.cs,0.05813953488372093,15,3,8,7
3377,12,baselines_work/cohorte/csharp/CODE_DIF_CS_010/CODE_DIF_CS_010.cs,30,baselines_work/cohorte/csharp/CODE_FUN_CS_004/CODE_FUN_CS_004.cs,0.037783375314861464,15,1,7,8
3609,11,baselines_work/cohorte/csharp/CODE_DIF_CS_014/CODE_DIF_CS_014.cs,17,baselines_work/cohorte/csharp/CODE_ESTRU_CS_001/CODE_ESTRU_CS_001.cs,0.04777070063694268,15,2,7,8
3705,16,baselines_work/cohorte/csharp/CODE_DIF_CS_015/CODE_DIF_CS_015.cs,52,baselines_work/cohorte/csharp/CODE_IDENT_CS_004/CODE_IDENT_CS_004.cs,0.034013605442176874,15,2,8,7
3706,16,baselines_work/cohorte/csharp/CODE_DIF_CS_015/CODE_DIF_CS_015.cs,50,baselines_work/cohorte/csharp/CODE_IDENT_CS_004_COPY/CODE_IDENT_CS_004.cs,0.034013605442176874,15,2,8,7
4187,23,baselines_work/cohorte/csharp/CODE_ESTRU_CS_009/CODE_ESTRU_CS_009.cs,39,baselines_work/cohorte/csharp/CODE_FUN_CS_009/CODE_FUN_CS_009.cs,0.15463917525773196,15,7,7,8
4855,39,baselines_work/cohorte/csharp/CODE_FUN_CS_009/CODE_FUN_CS_009.cs,62,baselines_work/cohorte/csharp/CODE_IDENT_CS_009/CODE_IDENT_CS_009.cs,0.1111111111111111,15,7,8,7
4856,39,baselines_work/cohorte/csharp/CODE_FUN_CS_009/CODE_FUN_CS_009.cs,61,baselines_work/cohorte/csharp/CODE_IDENT_CS_009_COPY/CODE_IDENT_CS_009.cs,0.1111111111111111,15,7,8,7
2730,2,baselines_work/cohorte/csharp/CODE_DIF_CS_001/CODE_DIF_CS_001.cs,5,baselines_work/cohorte/csharp/CODE_DIF_CS_008/CODE_DIF_CS_008.cs,0.024734982332155476,14,2,6,8
2763,2,baselines_work/cohorte/csharp/CODE_DIF_CS_001/CODE_DIF_CS_001.cs,37,baselines_work/cohorte/csharp/CODE_FUN_CS_011/CODE_FUN_CS_011.cs,0.06635071090047394,14,3,7,7
2863,1,baselines_work/cohorte/csharp/CODE_DIF_CS_002/CODE_DIF_CS_002.cs,63,baselines_work/cohorte/csharp/CODE_IDENT_CS_012/CODE_IDENT_CS_012.cs,0.08860759493670886,14,2,7,7
2864,1,baselines_work/cohorte/csharp/CODE_DIF_CS_002/CODE_DIF_CS_002.cs,67,baselines_work/cohorte/csharp/CODE_IDENT_CS_012_COPY/CODE_IDENT_CS_012.cs,0.08860759493670886,14,2,7,7
3023,3,baselines_work/cohorte/csharp/CODE_DIF_CS_005/CODE_DIF_CS_005.cs,16,baselines_work/cohorte/csharp/CODE_DIF_CS_015/CODE_DIF_CS_015.cs,0.028513238289205704,14,2,7,7
3089,6,baselines_work/cohorte/csharp/CODE_DIF_CS_006/CODE_DIF_CS_006.cs,13,baselines_work/cohorte/csharp/CODE_DIF_CS_012/CODE_DIF_CS_012.cs,0.03189066059225513,14,3,6,8
3111,6,baselines_work/cohorte/csharp/CODE_DIF_CS_006/CODE_DIF_CS_006.cs,30,baselines_work/cohorte/csharp/CODE_FUN_CS_004/CODE_FUN_CS_004.cs,0.042682926829268296,14,3,6,8
3386,12,baselines_work/cohorte/csharp/CODE_DIF_CS_010/CODE_DIF_CS_010.cs,42,baselines_work/cohorte/csharp/CODE_FUN_CS_013/CODE_FUN_CS_013.cs,0.04281345565749235,14,2,7,7
3637,11,baselines_work/cohorte/csharp/CODE_DIF_CS_014/CODE_DIF_CS_014.cs,43,baselines_work/cohorte/csharp/CODE_FUN_CS_014/CODE_FUN_CS_014.cs,0.0440251572327044,14,4,7,7
3638,11,baselines_work/cohorte/csharp/CODE_DIF_CS_014/CODE_DIF_CS_014.cs,44,baselines_work/cohorte/csharp/CODE_FUN_CS_015/CODE_FUN_CS_015.cs,0.041916167664670656,14,4,7,7
4462,28,baselines_work/cohorte/csharp/CODE_ESTRU_CS_014/CODE_ESTRU_CS_014.cs,73,baselines_work/cohorte/csharp/CODE_IDENT_CS_015/CODE_IDENT_CS_015.cs,0.15217391304347827,14,3,7,7
4463,28,baselines_work/cohorte/csharp/CODE_ESTRU_CS_014/CODE_ESTRU_CS_014.cs,74,baselines_work/cohorte/csharp/CODE_IDENT_CS_015_COPY/CODE_IDENT_CS_015.cs,0.15217391304347827,14,3,7,7
4559,29,baselines_work/cohorte/csharp/CODE_FUN_CS_002/CODE_FUN_CS_002.cs,39,baselines_work/cohorte/csharp/CODE_FUN_CS_009/CODE_FUN_CS_009.cs,0.11764705882352941,14,6,6,8
4601,31,baselines_work/cohorte/csharp/CODE_FUN_CS_003/CODE_FUN_CS_003.cs,39,baselines_work/cohorte/csharp/CODE_FUN_CS_009/CODE_FUN_CS_009.cs,0.10606060606060606,14,6,6,8
5494,72,baselines_work/cohorte/csharp/CODE_IDENT_CS_014/CODE_IDENT_CS_014.cs,73,baselines_work/cohorte/csharp/CODE_IDENT_CS_015/CODE_IDENT_CS_015.cs,0.14583333333333334,14,3,7,7
5495,72,baselines_work/cohorte/csharp/CODE_IDENT_CS_014/CODE_IDENT_CS_014.cs,74,baselines_work/cohorte/csharp/CODE_IDENT_CS_015_COPY/CODE_IDENT_CS_015.cs,0.14583333333333334,14,3,7,7
5496,70,baselines_work/cohorte/csharp/CODE_IDENT_CS_014_COPY/CODE_IDENT_CS_014.cs,73,baselines_work/cohorte/csharp/CODE_IDENT_CS_015/CODE_IDENT_CS_015.cs,0.14583333333333334,14,3,7,7
5497,70,baselines_work/cohorte/csharp/CODE_IDENT_CS_014_COPY/CODE_IDENT_CS_014.cs,74,baselines_work/cohorte/csharp/CODE_IDENT_CS_015_COPY/CODE_IDENT_CS_015.cs,0.14583333333333334,14,3,7,7
2886,4,baselines_work/cohorte/csharp/CODE_DIF_CS_003/CODE_DIF_CS_003.cs,14,baselines_work/cohorte/csharp/CODE_ESTRU_CS_004/CODE_ESTRU_CS_004.cs,0.026052104208416832,13,1,8,5
2976,0,baselines_work/cohorte/csharp/CODE_DIF_CS_004/CODE_DIF_CS_004.cs,36,baselines_work/cohorte/csharp/CODE_FUN_CS_008/CODE_FUN_CS_008.cs,0.024761904761904763,13,3,8,5
3090,6,baselines_work/cohorte/csharp/CODE_DIF_CS_006/CODE_DIF_CS_006.cs,10,baselines_work/cohorte/csharp/CODE_DIF_CS_013/CODE_DIF_CS_013.cs,0.021702838063439065,13,2,6,7
3246,5,baselines_work/cohorte/csharp/CODE_DIF_CS_008/CODE_DIF_CS_008.cs,30,baselines_work/cohorte/csharp/CODE_FUN_CS_004/CODE_FUN_CS_004.cs,0.022452504317789293,13,1,6,7
3506,13,baselines_work/cohorte/csharp/CODE_DIF_CS_012/CODE_DIF_CS_012.cs,40,baselines_work/cohorte/csharp/CODE_FUN_CS_006/CODE_FUN_CS_006.cs,0.0377906976744186,13,4,7,6
4809,36,baselines_work/cohorte/csharp/CODE_FUN_CS_008/CODE_FUN_CS_008.cs,52,baselines_work/cohorte/csharp/CODE_IDENT_CS_004/CODE_IDENT_CS_004.cs,0.04727272727272727,13,2,7,6
4810,36,baselines_work/cohorte/csharp/CODE_FUN_CS_008/CODE_FUN_CS_008.cs,50,baselines_work/cohorte/csharp/CODE_IDENT_CS_004_COPY/CODE_IDENT_CS_004.cs,0.04727272727272727,13,2,7,6
4902,38,baselines_work/cohorte/csharp/CODE_FUN_CS_010/CODE_FUN_CS_010.cs,73,baselines_work/cohorte/csharp/CODE_IDENT_CS_015/CODE_IDENT_CS_015.cs,0.10236220472440945,13,5,6,7
4903,38,baselines_work/cohorte/csharp/CODE_FUN_CS_010/CODE_FUN_CS_010.cs,74,baselines_work/cohorte/csharp/CODE_IDENT_CS_015_COPY/CODE_IDENT_CS_015.cs,0.10236220472440945,13,5,6,7
2735,2,baselines_work/cohorte/csharp/CODE_DIF_CS_001/CODE_DIF_CS_001.cs,10,baselines_work/cohorte/csharp/CODE_DIF_CS_013/CODE_DIF_CS_013.cs,0.02197802197802198,12,2,7,5
2800,1,baselines_work/cohorte/csharp/CODE_DIF_CS_002/CODE_DIF_CS_002.cs,3,baselines_work/cohorte/csharp/CODE_DIF_CS_005/CODE_DIF_CS_005.cs,0.043478260869565216,12,5,6,6
3049,3,baselines_work/cohorte/csharp/CODE_DIF_CS_005/CODE_DIF_CS_005.cs,37,baselines_work/cohorte/csharp/CODE_FUN_CS_011/CODE_FUN_CS_011.cs,0.045283018867924525,12,5,6,6
3051,3,baselines_work/cohorte/csharp/CODE_DIF_CS_005/CODE_DIF_CS_005.cs,42,baselines_work/cohorte/csharp/CODE_FUN_CS_013/CODE_FUN_CS_013.cs,0.04633204633204633,12,5,6,6
3119,6,baselines_work/cohorte/csharp/CODE_DIF_CS_006/CODE_DIF_CS_006.cs,41,baselines_work/cohorte/csharp/CODE_FUN_CS_012/CODE_FUN_CS_012.cs,0.04780876494023904,12,3,6,6
3449,7,baselines_work/cohorte/csharp/CODE_DIF_CS_011/CODE_DIF_CS_011.cs,41,baselines_work/cohorte/csharp/CODE_FUN_CS_012/CODE_FUN_CS_012.cs,0.03314917127071823,12,3,6,6
3486,13,baselines_work/cohorte/csharp/CODE_DIF_CS_012/CODE_DIF_CS_012.cs,17,baselines_work/cohorte/csharp/CODE_ESTRU_CS_001/CODE_ESTRU_CS_001.cs,0.03571428571428571,12,2,5,7
3508,13,baselines_work/cohorte/csharp/CODE_DIF_CS_012/CODE_DIF_CS_012.cs,36,baselines_work/cohorte/csharp/CODE_FUN_CS_008/CODE_FUN_CS_008.cs,0.030379746835443037,12,3,6,6
3574,10,baselines_work/cohorte/csharp/CODE_DIF_CS_013/CODE_DIF_CS_013.cs,41,baselines_work/cohorte/csharp/CODE_FUN_CS_012/CODE_FUN_CS_012.cs,0.024193548387096774,12,3,6,6
3745,17,baselines_work/cohorte/csharp/CODE_ESTRU_CS_001/CODE_ESTRU_CS_001.cs,31,baselines_work/cohorte/csharp/CODE_FUN_CS_003/CODE_FUN_CS_003.cs,0.096,12,3,6,6
3746,17,baselines_work/cohorte/csharp/CODE_ESTRU_CS_001/CODE_ESTRU_CS_001.cs,30,baselines_work/cohorte/csharp/CODE_FUN_CS_004/CODE_FUN_CS_004.cs,0.04633204633204633,12,2,5,7
3764,17,baselines_work/cohorte/csharp/CODE_ESTRU_CS_001/CODE_ESTRU_CS_001.cs,52,baselines_work/cohorte/csharp/CODE_IDENT_CS_004/CODE_IDENT_CS_004.cs,0.05128205128205128,12,2,6,6
3765,17,baselines_work/cohorte/csharp/CODE_ESTRU_CS_001/CODE_ESTRU_CS_001.cs,50,baselines_work/cohorte/csharp/CODE_IDENT_CS_004_COPY/CODE_IDENT_CS_004.cs,0.05128205128205128,12,2,6,6
4334,27,baselines_work/cohorte/csharp/CODE_ESTRU_CS_012/CODE_ESTRU_CS_012.cs,39,baselines_work/cohorte/csharp/CODE_FUN_CS_009/CODE_FUN_CS_009.cs,0.11214953271028037,12,4,6,6
4418,28,baselines_work/cohorte/csharp/CODE_ESTRU_CS_014/CODE_ESTRU_CS_014.cs,26,baselines_work/cohorte/csharp/CODE_ESTRU_CS_015/CODE_ESTRU_CS_015.cs,0.13636363636363635,12,3,6,6
4505,26,baselines_work/cohorte/csharp/CODE_ESTRU_CS_015/CODE_ESTRU_CS_015.cs,72,baselines_work/cohorte/csharp/CODE_IDENT_CS_014/CODE_IDENT_CS_014.cs,0.12244897959183673,12,3,6,6
4506,26,baselines_work/cohorte/csharp/CODE_ESTRU_CS_015/CODE_ESTRU_CS_015.cs,70,baselines_work/cohorte/csharp/CODE_IDENT_CS_014_COPY/CODE_IDENT_CS_014.cs,0.12244897959183673,12,3,6,6
4529,33,baselines_work/cohorte/csharp/CODE_FUN_CS_001/CODE_FUN_CS_001.cs,52,baselines_work/cohorte/csharp/CODE_IDENT_CS_004/CODE_IDENT_CS_004.cs,0.05333333333333334,12,4,5,7
4530,33,baselines_work/cohorte/csharp/CODE_FUN_CS_001/CODE_FUN_CS_001.cs,50,baselines_work/cohorte/csharp/CODE_IDENT_CS_004_COPY/CODE_IDENT_CS_004.cs,0.05333333333333334,12,4,5,7
4684,34,baselines_work/cohorte/csharp/CODE_FUN_CS_005/CODE_FUN_CS_005.cs,37,baselines_work/cohorte/csharp/CODE_FUN_CS_011/CODE_FUN_CS_011.cs,0.0759493670886076,12,3,6,6
4861,39,baselines_work/cohorte/csharp/CODE_FUN_CS_009/CODE_FUN_CS_009.cs,63,baselines_work/cohorte/csharp/CODE_IDENT_CS_012/CODE_IDENT_CS_012.cs,0.08275862068965517,12,4,6,6
4862,39,baselines_work/cohorte/csharp/CODE_FUN_CS_009/CODE_FUN_CS_009.cs,67,baselines_work/cohorte/csharp/CODE_IDENT_CS_012_COPY/CODE_IDENT_CS_012.cs,0.08275862068965517,12,4,6,6
4997,42,baselines_work/cohorte/csharp/CODE_FUN_CS_013/CODE_FUN_CS_013.cs,69,baselines_work/cohorte/csharp/CODE_IDENT_CS_013/CODE_IDENT_CS_013.cs,0.06976744186046512,12,2,6,6
4998,42,baselines_work/cohorte/csharp/CODE_FUN_CS_013/CODE_FUN_CS_013.cs,71,baselines_work/cohorte/csharp/CODE_IDENT_CS_013_COPY/CODE_IDENT_CS_013.cs,0.06976744186046512,12,2,6,6
5322,60,baselines_work/cohorte/csharp/CODE_IDENT_CS_006/CODE_IDENT_CS_006.cs,69,baselines_work/cohorte/csharp/CODE_IDENT_CS_013/CODE_IDENT_CS_013.cs,0.11428571428571428,12,2,4,8
5323,60,baselines_work/cohorte/csharp/CODE_IDENT_CS_006/CODE_IDENT_CS_006.cs,71,baselines_work/cohorte/csharp/CODE_IDENT_CS_013_COPY/CODE_IDENT_CS_013.cs,0.11428571428571428,12,2,4,8
5340,55,baselines_work/cohorte/csharp/CODE_IDENT_CS_006_COPY/CODE_IDENT_CS_006.cs,69,baselines_work/cohorte/csharp/CODE_IDENT_CS_013/CODE_IDENT_CS_013.cs,0.11428571428571428,12,2,4,8
5341,55,baselines_work/cohorte/csharp/CODE_IDENT_CS_006_COPY/CODE_IDENT_CS_006.cs,71,baselines_work/cohorte/csharp/CODE_IDENT_CS_013_COPY/CODE_IDENT_CS_013.cs,0.11428571428571428,12,2,4,8
2732,2,baselines_work/cohorte/csharp/CODE_DIF_CS_001/CODE_DIF_CS_001.cs,12,baselines_work/cohorte/csharp/CODE_DIF_CS_010/CODE_DIF_CS_010.cs,0.03142857142857143,11,1,6,5
2801,1,baselines_work/cohorte/csharp/CODE_DIF_CS_002/CODE_DIF_CS_002.cs,6,baselines_work/cohorte/csharp/CODE_DIF_CS_006/CODE_DIF_CS_006.cs,0.04119850187265917,11,3,5,6
2871,4,baselines_work/cohorte/csharp/CODE_DIF_CS_003/CODE_DIF_CS_003.cs,0,baselines_work/cohorte/csharp/CODE_DIF_CS_004/CODE_DIF_CS_004.cs,0.016923076923076923,11,3,7,4
3027,3,baselines_work/cohorte/csharp/CODE_DIF_CS_005/CODE_DIF_CS_005.cs,14,baselines_work/cohorte/csharp/CODE_ESTRU_CS_004/CODE_ESTRU_CS_004.cs,0.02689486552567237,11,2,6,5
3085,6,baselines_work/cohorte/csharp/CODE_DIF_CS_006/CODE_DIF_CS_006.cs,5,baselines_work/cohorte/csharp/CODE_DIF_CS_008/CODE_DIF_CS_008.cs,0.017770597738287562,11,1,5,6
3176,9,baselines_work/cohorte/csharp/CODE_DIF_CS_007/CODE_DIF_CS_007.cs,33,baselines_work/cohorte/csharp/CODE_FUN_CS_001/CODE_FUN_CS_001.cs,0.034055727554179564,11,2,6,5
3222,5,baselines_work/cohorte/csharp/CODE_DIF_CS_008/CODE_DIF_CS_008.cs,12,baselines_work/cohorte/csharp/CODE_DIF_CS_010/CODE_DIF_CS_010.cs,0.016819571865443424,11,1,6,5
3330,8,baselines_work/cohorte/csharp/CODE_DIF_CS_009/CODE_DIF_CS_009.cs,52,baselines_work/cohorte/csharp/CODE_IDENT_CS_004/CODE_IDENT_CS_004.cs,0.036303630363036306,11,2,5,6
3331,8,baselines_work/cohorte/csharp/CODE_DIF_CS_009/CODE_DIF_CS_009.cs,50,baselines_work/cohorte/csharp/CODE_IDENT_CS_004_COPY/CODE_IDENT_CS_004.cs,0.036303630363036306,11,2,5,6
3919,14,baselines_work/cohorte/csharp/CODE_ESTRU_CS_004/CODE_ESTRU_CS_004.cs,40,baselines_work/cohorte/csharp/CODE_FUN_CS_006/CODE_FUN_CS_006.cs,0.034482758620689655,11,2,6,5
4327,27,baselines_work/cohorte/csharp/CODE_ESTRU_CS_012/CODE_ESTRU_CS_012.cs,29,baselines_work/cohorte/csharp/CODE_FUN_CS_002/CODE_FUN_CS_002.cs,0.171875,11,3,6,5
4588,29,baselines_work/cohorte/csharp/CODE_FUN_CS_002/CODE_FUN_CS_002.cs,63,baselines_work/cohorte/csharp/CODE_IDENT_CS_012/CODE_IDENT_CS_012.cs,0.09322033898305085,11,3,5,6
4589,29,baselines_work/cohorte/csharp/CODE_FUN_CS_002/CODE_FUN_CS_002.cs,67,baselines_work/cohorte/csharp/CODE_IDENT_CS_012_COPY/CODE_IDENT_CS_012.cs,0.09322033898305085,11,3,5,6
2767,2,baselines_work/cohorte/csharp/CODE_DIF_CS_001/CODE_DIF_CS_001.cs,44,baselines_work/cohorte/csharp/CODE_FUN_CS_015/CODE_FUN_CS_015.cs,0.049019607843137254,10,3,5,5
2799,1,baselines_work/cohorte/csharp/CODE_DIF_CS_002/CODE_DIF_CS_002.cs,0,baselines_work/cohorte/csharp/CODE_DIF_CS_004/CODE_DIF_CS_004.cs,0.020491803278688523,10,3,5,5
2810,1,baselines_work/cohorte/csharp/CODE_DIF_CS_002/CODE_DIF_CS_002.cs,16,baselines_work/cohorte/csharp/CODE_DIF_CS_015/CODE_DIF_CS_015.cs,0.02386634844868735,10,2,4,6
2822,1,baselines_work/cohorte/csharp/CODE_DIF_CS_002/CODE_DIF_CS_002.cs,27,baselines_work/cohorte/csharp/CODE_ESTRU_CS_012/CODE_ESTRU_CS_012.cs,0.06329113924050633,10,2,5,5
2837,1,baselines_work/cohorte/csharp/CODE_DIF_CS_002/CODE_DIF_CS_002.cs,41,baselines_work/cohorte/csharp/CODE_FUN_CS_012/CODE_FUN_CS_012.cs,0.05555555555555555,10,3,5,5
3042,3,baselines_work/cohorte/csharp/CODE_DIF_CS_005/CODE_DIF_CS_005.cs,30,baselines_work/cohorte/csharp/CODE_FUN_CS_004/CODE_FUN_CS_004.cs,0.030395136778115502,10,2,5,5
3092,6,baselines_work/cohorte/csharp/CODE_DIF_CS_006/CODE_DIF_CS_006.cs,16,baselines_work/cohorte/csharp/CODE_DIF_CS_015/CODE_DIF_CS_015.cs,0.02040816326530612,10,1,5,5
3113,6,baselines_work/cohorte/csharp/CODE_DIF_CS_006/CODE_DIF_CS_006.cs,40,baselines_work/cohorte/csharp/CODE_FUN_CS_006/CODE_FUN_CS_006.cs,0.04081632653061224,10,3,5,5
3157,9,baselines_work/cohorte/csharp/CODE_DIF_CS_007/CODE_DIF_CS_007.cs,13,baselines_work/cohorte/csharp/CODE_DIF_CS_012/CODE_DIF_CS_012.cs,0.018518518518518517,10,1,5,5
3381,12,baselines_work/cohorte/csharp/CODE_DIF_CS_010/CODE_DIF_CS_010.cs,36,baselines_work/cohorte/csharp/CODE_FUN_CS_008/CODE_FUN_CS_008.cs,0.0273972602739726,10,3,5,5
3446,7,baselines_work/cohorte/csharp/CODE_DIF_CS_011/CODE_DIF_CS_011.cs,39,baselines_work/cohorte/csharp/CODE_FUN_CS_009/CODE_FUN_CS_009.cs,0.02932551319648094,10,3,5,5
3451,7,baselines_work/cohorte/csharp/CODE_DIF_CS_011/CODE_DIF_CS_011.cs,43,baselines_work/cohorte/csharp/CODE_FUN_CS_014/CODE_FUN_CS_014.cs,0.028409090909090908,10,2,5,5
3511,13,baselines_work/cohorte/csharp/CODE_DIF_CS_012/CODE_DIF_CS_012.cs,37,baselines_work/cohorte/csharp/CODE_FUN_CS_011/CODE_FUN_CS_011.cs,0.027548209366391185,10,3,5,5
3695,16,baselines_work/cohorte/csharp/CODE_DIF_CS_015/CODE_DIF_CS_015.cs,41,baselines_work/cohorte/csharp/CODE_FUN_CS_012/CODE_FUN_CS_012.cs,0.02570694087403599,10,3,5,5
3744,17,baselines_work/cohorte/csharp/CODE_ESTRU_CS_001/CODE_ESTRU_CS_001.cs,29,baselines_work/cohorte/csharp/CODE_FUN_CS_002/CODE_FUN_CS_002.cs,0.0847457627118644,10,3,6,4
3920,14,baselines_work/cohorte/csharp/CODE_ESTRU_CS_004/CODE_ESTRU_CS_004.cs,35,baselines_work/cohorte/csharp/CODE_FUN_CS_007/CODE_FUN_CS_007.cs,0.033003300330033,10,1,5,5
3921,14,baselines_work/cohorte/csharp/CODE_ESTRU_CS_004/CODE_ESTRU_CS_004.cs,36,baselines_work/cohorte/csharp/CODE_FUN_CS_008/CODE_FUN_CS_008.cs,0.02702702702702703,10,3,4,6
4180,23,baselines_work/cohorte/csharp/CODE_ESTRU_CS_009/CODE_ESTRU_CS_009.cs,29,baselines_work/cohorte/csharp/CODE_FUN_CS_002/CODE_FUN_CS_002.cs,0.18518518518518517,10,3,5,5
4190,23,baselines_work/cohorte/csharp/CODE_ESTRU_CS_009/CODE_ESTRU_CS_009.cs,41,baselines_work/cohorte/csharp/CODE_FUN_CS_012/CODE_FUN_CS_012.cs,0.0847457627118644,10,4,4,6
4560,29,baselines_work/cohorte/csharp/CODE_FUN_CS_002/CODE_FUN_CS_002.cs,38,baselines_work/cohorte/csharp/CODE_FUN_CS_010/CODE_FUN_CS_010.cs,0.08,10,2,5,5
4582,29,baselines_work/cohorte/csharp/CODE_FUN_CS_002/CODE_FUN_CS_002.cs,62,baselines_work/cohorte/csharp/CODE_IDENT_CS_009/CODE_IDENT_CS_009.cs,0.09259259259259259,10,3,5,5
4583,29,baselines_work/cohorte/csharp/CODE_FUN_CS_002/CODE_FUN_CS_002.cs,61,baselines_work/cohorte/csharp/CODE_IDENT_CS_009_COPY/CODE_IDENT_CS_009.cs,0.09259259259259259,10,3,5,5
4834,39,baselines_work/cohorte/csharp/CODE_FUN_CS_009/CODE_FUN_CS_009.cs,37,baselines_work/cohorte/csharp/CODE_FUN_CS_011/CODE_FUN_CS_011.cs,0.05555555555555555,10,3,5,5
4836,39,baselines_work/cohorte/csharp/CODE_FUN_CS_009/CODE_FUN_CS_009.cs,42,baselines_work/cohorte/csharp/CODE_FUN_CS_013/CODE_FUN_CS_013.cs,0.05747126436781609,10,3,5,5
4914,37,baselines_work/cohorte/csharp/CODE_FUN_CS_011/CODE_FUN_CS_011.cs,52,baselines_work/cohorte/csharp/CODE_IDENT_CS_004/CODE_IDENT_CS_004.cs,0.038910505836575876,10,1,3,7
4915,37,baselines_work/cohorte/csharp/CODE_FUN_CS_011/CODE_FUN_CS_011.cs,50,baselines_work/cohorte/csharp/CODE_IDENT_CS_004_COPY/CODE_IDENT_CS_004.cs,0.038910505836575876,10,1,3,7
4957,41,baselines_work/cohorte/csharp/CODE_FUN_CS_012/CODE_FUN_CS_012.cs,62,baselines_work/cohorte/csharp/CODE_IDENT_CS_009/CODE_IDENT_CS_009.cs,0.0684931506849315,10,4,6,4
4958,41,baselines_work/cohorte/csharp/CODE_FUN_CS_012/CODE_FUN_CS_012.cs,61,baselines_work/cohorte/csharp/CODE_IDENT_CS_009_COPY/CODE_IDENT_CS_009.cs,0.0684931506849315,10,4,6,4
3088,6,baselines_work/cohorte/csharp/CODE_DIF_CS_006/CODE_DIF_CS_006.cs,7,baselines_work/cohorte/csharp/CODE_DIF_CS_011/CODE_DIF_CS_011.cs,0.019955654101995565,9,1,4,5
3388,12,baselines_work/cohorte/csharp/CODE_DIF_CS_010/CODE_DIF_CS_010.cs,44,baselines_work/cohorte/csharp/CODE_FUN_CS_015/CODE_FUN_CS_015.cs,0.027607361963190184,9,1,3,6
4192,23,baselines_work/cohorte/csharp/CODE_ESTRU_CS_009/CODE_ESTRU_CS_009.cs,43,baselines_work/cohorte/csharp/CODE_FUN_CS_014/CODE_FUN_CS_014.cs,0.08333333333333333,9,2,4,5
4761,35,baselines_work/cohorte/csharp/CODE_FUN_CS_007/CODE_FUN_CS_007.cs,37,baselines_work/cohorte/csharp/CODE_FUN_CS_011/CODE_FUN_CS_011.cs,0.05142857142857143,9,2,5,4
4763,35,baselines_work/cohorte/csharp/CODE_FUN_CS_007/CODE_FUN_CS_007.cs,42,baselines_work/cohorte/csharp/CODE_FUN_CS_013/CODE_FUN_CS_013.cs,0.05325443786982249,9,2,5,4
4801,36,baselines_work/cohorte/csharp/CODE_FUN_CS_008/CODE_FUN_CS_008.cs,43,baselines_work/cohorte/csharp/CODE_FUN_CS_014/CODE_FUN_CS_014.cs,0.04225352112676056,9,2,5,4
4833,39,baselines_work/cohorte/csharp/CODE_FUN_CS_009/CODE_FUN_CS_009.cs,38,baselines_work/cohorte/csharp/CODE_FUN_CS_010/CODE_FUN_CS_010.cs,0.05921052631578947,9,3,5,4
4870,38,baselines_work/cohorte/csharp/CODE_FUN_CS_010/CODE_FUN_CS_010.cs,41,baselines_work/cohorte/csharp/CODE_FUN_CS_012/CODE_FUN_CS_012.cs,0.06293706293706294,9,3,4,5
5020,43,baselines_work/cohorte/csharp/CODE_FUN_CS_014/CODE_FUN_CS_014.cs,62,baselines_work/cohorte/csharp/CODE_IDENT_CS_009/CODE_IDENT_CS_009.cs,0.06428571428571428,9,2,5,4
5021,43,baselines_work/cohorte/csharp/CODE_FUN_CS_014/CODE_FUN_CS_014.cs,61,baselines_work/cohorte/csharp/CODE_IDENT_CS_009_COPY/CODE_IDENT_CS_009.cs,0.06428571428571428,9,2,5,4
2734,2,baselines_work/cohorte/csharp/CODE_DIF_CS_001/CODE_DIF_CS_001.cs,13,baselines_work/cohorte/csharp/CODE_DIF_CS_012/CODE_DIF_CS_012.cs,0.02072538860103627,8,1,4,4
2802,1,baselines_work/cohorte/csharp/CODE_DIF_CS_002/CODE_DIF_CS_002.cs,9,baselines_work/cohorte/csharp/CODE_DIF_CS_007/CODE_DIF_CS_007.cs,0.020512820512820513,8,2,2,6
2847,1,baselines_work/cohorte/csharp/CODE_DIF_CS_002/CODE_DIF_CS_002.cs,52,baselines_work/cohorte/csharp/CODE_IDENT_CS_004/CODE_IDENT_CS_004.cs,0.034482758620689655,8,3,4,4
2848,1,baselines_work/cohorte/csharp/CODE_DIF_CS_002/CODE_DIF_CS_002.cs,50,baselines_work/cohorte/csharp/CODE_IDENT_CS_004_COPY/CODE_IDENT_CS_004.cs,0.034482758620689655,8,3,4,4
2911,4,baselines_work/cohorte/csharp/CODE_DIF_CS_003/CODE_DIF_CS_003.cs,43,baselines_work/cohorte/csharp/CODE_FUN_CS_014/CODE_FUN_CS_014.cs,0.024096385542168676,8,4,4,4
3017,3,baselines_work/cohorte/csharp/CODE_DIF_CS_005/CODE_DIF_CS_005.cs,8,baselines_work/cohorte/csharp/CODE_DIF_CS_009/CODE_DIF_CS_009.cs,0.02416918429003021,8,1,4,4
3052,3,baselines_work/cohorte/csharp/CODE_DIF_CS_005/CODE_DIF_CS_005.cs,43,baselines_work/cohorte/csharp/CODE_FUN_CS_014/CODE_FUN_CS_014.cs,0.03305785123966942,8,4,4,4
3188,9,baselines_work/cohorte/csharp/CODE_DIF_CS_007/CODE_DIF_CS_007.cs,42,baselines_work/cohorte/csharp/CODE_FUN_CS_013/CODE_FUN_CS_013.cs,0.022284122562674095,8,1,4,4
3189,9,baselines_work/cohorte/csharp/CODE_DIF_CS_007/CODE_DIF_CS_007.cs,43,baselines_work/cohorte/csharp/CODE_FUN_CS_014/CODE_FUN_CS_014.cs,0.023391812865497075,8,4,4,4
3235,5,baselines_work/cohorte/csharp/CODE_DIF_CS_008/CODE_DIF_CS_008.cs,22,baselines_work/cohorte/csharp/CODE_ESTRU_CS_008/CODE_ESTRU_CS_008.cs,0.01603206412825651,8,2,3,5
3254,5,baselines_work/cohorte/csharp/CODE_DIF_CS_008/CODE_DIF_CS_008.cs,41,baselines_work/cohorte/csharp/CODE_FUN_CS_012/CODE_FUN_CS_012.cs,0.01593625498007968,8,1,4,4
3256,5,baselines_work/cohorte/csharp/CODE_DIF_CS_008/CODE_DIF_CS_008.cs,43,baselines_work/cohorte/csharp/CODE_FUN_CS_014/CODE_FUN_CS_014.cs,0.016260162601626018,8,4,4,4
3272,5,baselines_work/cohorte/csharp/CODE_DIF_CS_008/CODE_DIF_CS_008.cs,58,baselines_work/cohorte/csharp/CODE_IDENT_CS_008/CODE_IDENT_CS_008.cs,0.01593625498007968,8,2,3,5
3273,5,baselines_work/cohorte/csharp/CODE_DIF_CS_008/CODE_DIF_CS_008.cs,65,baselines_work/cohorte/csharp/CODE_IDENT_CS_008_COPY/CODE_IDENT_CS_008.cs,0.01593625498007968,8,2,3,5
3317,8,baselines_work/cohorte/csharp/CODE_DIF_CS_009/CODE_DIF_CS_009.cs,39,baselines_work/cohorte/csharp/CODE_FUN_CS_009/CODE_FUN_CS_009.cs,0.034782608695652174,8,2,4,4
3320,8,baselines_work/cohorte/csharp/CODE_DIF_CS_009/CODE_DIF_CS_009.cs,41,baselines_work/cohorte/csharp/CODE_FUN_CS_012/CODE_FUN_CS_012.cs,0.03187250996015936,8,2,4,4
3385,12,baselines_work/cohorte/csharp/CODE_DIF_CS_010/CODE_DIF_CS_010.cs,41,baselines_work/cohorte/csharp/CODE_FUN_CS_012/CODE_FUN_CS_012.cs,0.025,8,2,4,4
3387,12,baselines_work/cohorte/csharp/CODE_DIF_CS_010/CODE_DIF_CS_010.cs,43,baselines_work/cohorte/csharp/CODE_FUN_CS_014/CODE_FUN_CS_014.cs,0.025806451612903226,8,1,4,4
3395,12,baselines_work/cohorte/csharp/CODE_DIF_CS_010/CODE_DIF_CS_010.cs,52,baselines_work/cohorte/csharp/CODE_IDENT_CS_004/CODE_IDENT_CS_004.cs,0.021505376344086023,8,2,4,4
3396,12,baselines_work/cohorte/csharp/CODE_DIF_CS_010/CODE_DIF_CS_010.cs,50,baselines_work/cohorte/csharp/CODE_IDENT_CS_004_COPY/CODE_IDENT_CS_004.cs,0.021505376344086023,8,2,4,4
3509,13,baselines_work/cohorte/csharp/CODE_DIF_CS_012/CODE_DIF_CS_012.cs,39,baselines_work/cohorte/csharp/CODE_FUN_CS_009/CODE_FUN_CS_009.cs,0.0243161094224924,8,3,4,4
3555,10,baselines_work/cohorte/csharp/CODE_DIF_CS_013/CODE_DIF_CS_013.cs,22,baselines_work/cohorte/csharp/CODE_ESTRU_CS_008/CODE_ESTRU_CS_008.cs,0.016227180527383367,8,2,3,5
3571,10,baselines_work/cohorte/csharp/CODE_DIF_CS_013/CODE_DIF_CS_013.cs,39,baselines_work/cohorte/csharp/CODE_FUN_CS_009/CODE_FUN_CS_009.cs,0.016842105263157894,8,3,4,4
3573,10,baselines_work/cohorte/csharp/CODE_DIF_CS_013/CODE_DIF_CS_013.cs,37,baselines_work/cohorte/csharp/CODE_FUN_CS_011/CODE_FUN_CS_011.cs,0.015717092337917484,8,3,4,4
3575,10,baselines_work/cohorte/csharp/CODE_DIF_CS_013/CODE_DIF_CS_013.cs,42,baselines_work/cohorte/csharp/CODE_FUN_CS_013/CODE_FUN_CS_013.cs,0.015904572564612324,8,3,4,4
3592,10,baselines_work/cohorte/csharp/CODE_DIF_CS_013/CODE_DIF_CS_013.cs,58,baselines_work/cohorte/csharp/CODE_IDENT_CS_008/CODE_IDENT_CS_008.cs,0.016129032258064516,8,2,3,5
3593,10,baselines_work/cohorte/csharp/CODE_DIF_CS_013/CODE_DIF_CS_013.cs,65,baselines_work/cohorte/csharp/CODE_IDENT_CS_008_COPY/CODE_IDENT_CS_008.cs,0.016129032258064516,8,2,3,5
3632,11,baselines_work/cohorte/csharp/CODE_DIF_CS_014/CODE_DIF_CS_014.cs,39,baselines_work/cohorte/csharp/CODE_FUN_CS_009/CODE_FUN_CS_009.cs,0.026058631921824105,8,3,4,4
3635,11,baselines_work/cohorte/csharp/CODE_DIF_CS_014/CODE_DIF_CS_014.cs,41,baselines_work/cohorte/csharp/CODE_FUN_CS_012/CODE_FUN_CS_012.cs,0.024390243902439025,8,3,4,4
3639,11,baselines_work/cohorte/csharp/CODE_DIF_CS_014/CODE_DIF_CS_014.cs,47,baselines_work/cohorte/csharp/CODE_IDENT_CS_001/CODE_IDENT_CS_001.cs,0.02768166089965398,8,2,4,4
3640,11,baselines_work/cohorte/csharp/CODE_DIF_CS_014/CODE_DIF_CS_014.cs,45,baselines_work/cohorte/csharp/CODE_IDENT_CS_001_COPY/CODE_IDENT_CS_001.cs,0.02768166089965398,8,2,4,4
3687,16,baselines_work/cohorte/csharp/CODE_DIF_CS_015/CODE_DIF_CS_015.cs,30,baselines_work/cohorte/csharp/CODE_FUN_CS_004/CODE_FUN_CS_004.cs,0.017167381974248927,8,2,4,4
3692,16,baselines_work/cohorte/csharp/CODE_DIF_CS_015/CODE_DIF_CS_015.cs,39,baselines_work/cohorte/csharp/CODE_FUN_CS_009/CODE_FUN_CS_009.cs,0.021739130434782608,8,3,4,4
3694,16,baselines_work/cohorte/csharp/CODE_DIF_CS_015/CODE_DIF_CS_015.cs,37,baselines_work/cohorte/csharp/CODE_FUN_CS_011/CODE_FUN_CS_011.cs,0.01990049751243781,8,1,4,4
3696,16,baselines_work/cohorte/csharp/CODE_DIF_CS_015/CODE_DIF_CS_015.cs,42,baselines_work/cohorte/csharp/CODE_FUN_CS_013/CODE_FUN_CS_013.cs,0.020202020202020204,8,1,4,4
3698,16,baselines_work/cohorte/csharp/CODE_DIF_CS_015/CODE_DIF_CS_015.cs,44,baselines_work/cohorte/csharp/CODE_FUN_CS_015/CODE_FUN_CS_015.cs,0.020253164556962026,8,2,4,4
3713,16,baselines_work/cohorte/csharp/CODE_DIF_CS_015/CODE_DIF_CS_015.cs,58,baselines_work/cohorte/csharp/CODE_IDENT_CS_008/CODE_IDENT_CS_008.cs,0.02056555269922879,8,2,3,5
3714,16,baselines_work/cohorte/csharp/CODE_DIF_CS_015/CODE_DIF_CS_015.cs,65,baselines_work/cohorte/csharp/CODE_IDENT_CS_008_COPY/CODE_IDENT_CS_008.cs,0.02056555269922879,8,2,3,5
3870,20,baselines_work/cohorte/csharp/CODE_ESTRU_CS_003/CODE_ESTRU_CS_003.cs,42,baselines_work/cohorte/csharp/CODE_FUN_CS_013/CODE_FUN_CS_013.cs,0.05161290322580645,8,1,4,4
4135,22,baselines_work/cohorte/csharp/CODE_ESTRU_CS_008/CODE_ESTRU_CS_008.cs,36,baselines_work/cohorte/csharp/CODE_FUN_CS_008/CODE_FUN_CS_008.cs,0.03636363636363636,8,2,4,4
4173,23,baselines_work/cohorte/csharp/CODE_ESTRU_CS_009/CODE_ESTRU_CS_009.cs,24,baselines_work/cohorte/csharp/CODE_ESTRU_CS_010/CODE_ESTRU_CS_010.cs,0.08,8,3,4,4
4181,23,baselines_work/cohorte/csharp/CODE_ESTRU_CS_009/CODE_ESTRU_CS_009.cs,31,baselines_work/cohorte/csharp/CODE_FUN_CS_003/CODE_FUN_CS_003.cs,0.13114754098360656,8,3,4,4
4212,23,baselines_work/cohorte/csharp/CODE_ESTRU_CS_009/CODE_ESTRU_CS_009.cs,64,baselines_work/cohorte/csharp/CODE_IDENT_CS_010/CODE_IDENT_CS_010.cs,0.08,8,3,4,4
4213,23,baselines_work/cohorte/csharp/CODE_ESTRU_CS_009/CODE_ESTRU_CS_009.cs,59,baselines_work/cohorte/csharp/CODE_IDENT_CS_010_COPY/CODE_IDENT_CS_010.cs,0.08,8,3,4,4
4220,23,baselines_work/cohorte/csharp/CODE_ESTRU_CS_009/CODE_ESTRU_CS_009.cs,72,baselines_work/cohorte/csharp/CODE_IDENT_CS_014/CODE_IDENT_CS_014.cs,0.10526315789473684,8,3,3,5
4221,23,baselines_work/cohorte/csharp/CODE_ESTRU_CS_009/CODE_ESTRU_CS_009.cs,70,baselines_work/cohorte/csharp/CODE_IDENT_CS_014_COPY/CODE_IDENT_CS_014.cs,0.10526315789473684,8,3,3,5
4260,24,baselines_work/cohorte/csharp/CODE_ESTRU_CS_010/CODE_ESTRU_CS_010.cs,62,baselines_work/cohorte/csharp/CODE_IDENT_CS_009/CODE_IDENT_CS_009.cs,0.09090909090909091,8,3,4,4
4261,24,baselines_work/cohorte/csharp/CODE_ESTRU_CS_010/CODE_ESTRU_CS_010.cs,61,baselines_work/cohorte/csharp/CODE_IDENT_CS_009_COPY/CODE_IDENT_CS_009.cs,0.09090909090909091,8,3,4,4
4420,28,baselines_work/cohorte/csharp/CODE_ESTRU_CS_014/CODE_ESTRU_CS_014.cs,29,baselines_work/cohorte/csharp/CODE_FUN_CS_002/CODE_FUN_CS_002.cs,0.18181818181818182,8,4,4,4
4433,28,baselines_work/cohorte/csharp/CODE_ESTRU_CS_014/CODE_ESTRU_CS_014.cs,44,baselines_work/cohorte/csharp/CODE_FUN_CS_015/CODE_FUN_CS_015.cs,0.07017543859649122,8,3,4,4
4516,33,baselines_work/cohorte/csharp/CODE_FUN_CS_001/CODE_FUN_CS_001.cs,39,baselines_work/cohorte/csharp/CODE_FUN_CS_009/CODE_FUN_CS_009.cs,0.05263157894736842,8,2,4,4
4561,29,baselines_work/cohorte/csharp/CODE_FUN_CS_002/CODE_FUN_CS_002.cs,37,baselines_work/cohorte/csharp/CODE_FUN_CS_011/CODE_FUN_CS_011.cs,0.05228758169934641,8,3,4,4
4563,29,baselines_work/cohorte/csharp/CODE_FUN_CS_002/CODE_FUN_CS_002.cs,42,baselines_work/cohorte/csharp/CODE_FUN_CS_013/CODE_FUN_CS_013.cs,0.05442176870748299,8,3,4,4
4592,29,baselines_work/cohorte/csharp/CODE_FUN_CS_002/CODE_FUN_CS_002.cs,72,baselines_work/cohorte/csharp/CODE_IDENT_CS_014/CODE_IDENT_CS_014.cs,0.08163265306122448,8,4,4,4
4593,29,baselines_work/cohorte/csharp/CODE_FUN_CS_002/CODE_FUN_CS_002.cs,70,baselines_work/cohorte/csharp/CODE_IDENT_CS_014_COPY/CODE_IDENT_CS_014.cs,0.08163265306122448,8,4,4,4
4602,31,baselines_work/cohorte/csharp/CODE_FUN_CS_003/CODE_FUN_CS_003.cs,38,baselines_work/cohorte/csharp/CODE_FUN_CS_010/CODE_FUN_CS_010.cs,0.057971014492753624,8,2,4,4
4624,31,baselines_work/cohorte/csharp/CODE_FUN_CS_003/CODE_FUN_CS_003.cs,62,baselines_work/cohorte/csharp/CODE_IDENT_CS_009/CODE_IDENT_CS_009.cs,0.06611570247933884,8,3,4,4
4625,31,baselines_work/cohorte/csharp/CODE_FUN_CS_003/CODE_FUN_CS_003.cs,61,baselines_work/cohorte/csharp/CODE_IDENT_CS_009_COPY/CODE_IDENT_CS_009.cs,0.06611570247933884,8,3,4,4
4686,34,baselines_work/cohorte/csharp/CODE_FUN_CS_005/CODE_FUN_CS_005.cs,42,baselines_work/cohorte/csharp/CODE_FUN_CS_013/CODE_FUN_CS_013.cs,0.05263157894736842,8,3,4,4
4725,40,baselines_work/cohorte/csharp/CODE_FUN_CS_006/CODE_FUN_CS_006.cs,42,baselines_work/cohorte/csharp/CODE_FUN_CS_013/CODE_FUN_CS_013.cs,0.0427807486631016,8,1,3,5
4727,40,baselines_work/cohorte/csharp/CODE_FUN_CS_006/CODE_FUN_CS_006.cs,44,baselines_work/cohorte/csharp/CODE_FUN_CS_015/CODE_FUN_CS_015.cs,0.043010752688172046,8,1,3,5
4802,36,baselines_work/cohorte/csharp/CODE_FUN_CS_008/CODE_FUN_CS_008.cs,44,baselines_work/cohorte/csharp/CODE_FUN_CS_015/CODE_FUN_CS_015.cs,0.034934497816593885,8,2,5,3
4817,36,baselines_work/cohorte/csharp/CODE_FUN_CS_008/CODE_FUN_CS_008.cs,58,baselines_work/cohorte/csharp/CODE_IDENT_CS_008/CODE_IDENT_CS_008.cs,0.03587443946188341,8,2,4,4
4818,36,baselines_work/cohorte/csharp/CODE_FUN_CS_008/CODE_FUN_CS_008.cs,65,baselines_work/cohorte/csharp/CODE_IDENT_CS_008_COPY/CODE_IDENT_CS_008.cs,0.03587443946188341,8,2,4,4
4983,42,baselines_work/cohorte/csharp/CODE_FUN_CS_013/CODE_FUN_CS_013.cs,60,baselines_work/cohorte/csharp/CODE_IDENT_CS_006/CODE_IDENT_CS_006.cs,0.052980132450331126,8,2,6,2
4984,42,baselines_work/cohorte/csharp/CODE_FUN_CS_013/CODE_FUN_CS_013.cs,55,baselines_work/cohorte/csharp/CODE_IDENT_CS_006_COPY/CODE_IDENT_CS_006.cs,0.052980132450331126,8,2,6,2
5006,43,baselines_work/cohorte/csharp/CODE_FUN_CS_014/CODE_FUN_CS_014.cs,46,baselines_work/cohorte/csharp/CODE_IDENT_CS_002/CODE_IDENT_CS_002.cs,0.08163265306122448,8,2,2,6
5007,43,baselines_work/cohorte/csharp/CODE_FUN_CS_014/CODE_FUN_CS_014.cs,48,baselines_work/cohorte/csharp/CODE_IDENT_CS_002_COPY/CODE_IDENT_CS_002.cs,0.08163265306122448,8,2,2,6
5036,44,baselines_work/cohorte/csharp/CODE_FUN_CS_015/CODE_FUN_CS_015.cs,46,baselines_work/cohorte/csharp/CODE_IDENT_CS_002/CODE_IDENT_CS_002.cs,0.07017543859649122,8,2,2,6
5037,44,baselines_work/cohorte/csharp/CODE_FUN_CS_015/CODE_FUN_CS_015.cs,48,baselines_work/cohorte/csharp/CODE_IDENT_CS_002_COPY/CODE_IDENT_CS_002.cs,0.07017543859649122,8,2,2,6
5069,47,baselines_work/cohorte/csharp/CODE_IDENT_CS_001/CODE_IDENT_CS_001.cs,52,baselines_work/cohorte/csharp/CODE_IDENT_CS_004/CODE_IDENT_CS_004.cs,0.037914691943127965,8,2,4,4
5070,47,baselines_work/cohorte/csharp/CODE_IDENT_CS_001/CODE_IDENT_CS_001.cs,50,baselines_work/cohorte/csharp/CODE_IDENT_CS_004_COPY/CODE_IDENT_CS_004.cs,0.037914691943127965,8,2,4,4
5097,45,baselines_work/cohorte/csharp/CODE_IDENT_CS_001_COPY/CODE_IDENT_CS_001.cs,52,baselines_work/cohorte/csharp/CODE_IDENT_CS_004/CODE_IDENT_CS_004.cs,0.037914691943127965,8,2,4,4
5098,45,baselines_work/cohorte/csharp/CODE_IDENT_CS_001_COPY/CODE_IDENT_CS_001.cs,50,baselines_work/cohorte/csharp/CODE_IDENT_CS_004_COPY/CODE_IDENT_CS_004.cs,0.037914691943127965,8,2,4,4
5409,62,baselines_work/cohorte/csharp/CODE_IDENT_CS_009/CODE_IDENT_CS_009.cs,64,baselines_work/cohorte/csharp/CODE_IDENT_CS_010/CODE_IDENT_CS_010.cs,0.08,8,3,4,4
5410,62,baselines_work/cohorte/csharp/CODE_IDENT_CS_009/CODE_IDENT_CS_009.cs,59,baselines_work/cohorte/csharp/CODE_IDENT_CS_010_COPY/CODE_IDENT_CS_010.cs,0.08,8,3,4,4
5417,62,baselines_work/cohorte/csharp/CODE_IDENT_CS_009/CODE_IDENT_CS_009.cs,72,baselines_work/cohorte/csharp/CODE_IDENT_CS_014/CODE_IDENT_CS_014.cs,0.10526315789473684,8,3,3,5
5418,62,baselines_work/cohorte/csharp/CODE_IDENT_CS_009/CODE_IDENT_CS_009.cs,70,baselines_work/cohorte/csharp/CODE_IDENT_CS_014_COPY/CODE_IDENT_CS_014.cs,0.10526315789473684,8,3,3,5
5421,61,baselines_work/cohorte/csharp/CODE_IDENT_CS_009_COPY/CODE_IDENT_CS_009.cs,64,baselines_work/cohorte/csharp/CODE_IDENT_CS_010/CODE_IDENT_CS_010.cs,0.08,8,3,4,4
5422,61,baselines_work/cohorte/csharp/CODE_IDENT_CS_009_COPY/CODE_IDENT_CS_009.cs,59,baselines_work/cohorte/csharp/CODE_IDENT_CS_010_COPY/CODE_IDENT_CS_010.cs,0.08,8,3,4,4
5429,61,baselines_work/cohorte/csharp/CODE_IDENT_CS_009_COPY/CODE_IDENT_CS_009.cs,72,baselines_work/cohorte/csharp/CODE_IDENT_CS_014/CODE_IDENT_CS_014.cs,0.10526315789473684,8,3,3,5
5430,61,baselines_work/cohorte/csharp/CODE_IDENT_CS_009_COPY/CODE_IDENT_CS_009.cs,70,baselines_work/cohorte/csharp/CODE_IDENT_CS_014_COPY/CODE_IDENT_CS_014.cs,0.10526315789473684,8,3,3,5
2879,4,baselines_work/cohorte/csharp/CODE_DIF_CS_003/CODE_DIF_CS_003.cs,13,baselines_work/cohorte/csharp/CODE_DIF_CS_012/CODE_DIF_CS_012.cs,0.013207547169811321,7,1,4,3
2894,4,baselines_work/cohorte/csharp/CODE_DIF_CS_003/CODE_DIF_CS_003.cs,27,baselines_work/cohorte/csharp/CODE_ESTRU_CS_012/CODE_ESTRU_CS_012.cs,0.021875,7,2,4,3
2935,4,baselines_work/cohorte/csharp/CODE_DIF_CS_003/CODE_DIF_CS_003.cs,63,baselines_work/cohorte/csharp/CODE_IDENT_CS_012/CODE_IDENT_CS_012.cs,0.021875,7,2,4,3
2936,4,baselines_work/cohorte/csharp/CODE_DIF_CS_003/CODE_DIF_CS_003.cs,67,baselines_work/cohorte/csharp/CODE_IDENT_CS_012_COPY/CODE_IDENT_CS_012.cs,0.021875,7,2,4,3
3162,9,baselines_work/cohorte/csharp/CODE_DIF_CS_007/CODE_DIF_CS_007.cs,15,baselines_work/cohorte/csharp/CODE_ESTRU_CS_002/CODE_ESTRU_CS_002.cs,0.02413793103448276,7,1,3,4
3319,8,baselines_work/cohorte/csharp/CODE_DIF_CS_009/CODE_DIF_CS_009.cs,37,baselines_work/cohorte/csharp/CODE_FUN_CS_011/CODE_FUN_CS_011.cs,0.026515151515151516,7,2,4,3
3321,8,baselines_work/cohorte/csharp/CODE_DIF_CS_009/CODE_DIF_CS_009.cs,42,baselines_work/cohorte/csharp/CODE_FUN_CS_013/CODE_FUN_CS_013.cs,0.027131782945736434,7,2,4,3
3731,17,baselines_work/cohorte/csharp/CODE_ESTRU_CS_001/CODE_ESTRU_CS_001.cs,14,baselines_work/cohorte/csharp/CODE_ESTRU_CS_004/CODE_ESTRU_CS_004.cs,0.02064896755162242,7,2,3,4
3853,20,baselines_work/cohorte/csharp/CODE_ESTRU_CS_003/CODE_ESTRU_CS_003.cs,25,baselines_work/cohorte/csharp/CODE_ESTRU_CS_011/CODE_ESTRU_CS_011.cs,0.05263157894736842,7,1,3,4
3855,20,baselines_work/cohorte/csharp/CODE_ESTRU_CS_003/CODE_ESTRU_CS_003.cs,32,baselines_work/cohorte/csharp/CODE_ESTRU_CS_013/CODE_ESTRU_CS_013.cs,0.06140350877192982,7,1,3,4
3893,20,baselines_work/cohorte/csharp/CODE_ESTRU_CS_003/CODE_ESTRU_CS_003.cs,66,baselines_work/cohorte/csharp/CODE_IDENT_CS_011/CODE_IDENT_CS_011.cs,0.05303030303030303,7,1,3,4
3894,20,baselines_work/cohorte/csharp/CODE_ESTRU_CS_003/CODE_ESTRU_CS_003.cs,68,baselines_work/cohorte/csharp/CODE_IDENT_CS_011_COPY/CODE_IDENT_CS_011.cs,0.05303030303030303,7,1,3,4
3897,20,baselines_work/cohorte/csharp/CODE_ESTRU_CS_003/CODE_ESTRU_CS_003.cs,69,baselines_work/cohorte/csharp/CODE_IDENT_CS_013/CODE_IDENT_CS_013.cs,0.05785123966942149,7,1,3,4
3898,20,baselines_work/cohorte/csharp/CODE_ESTRU_CS_003/CODE_ESTRU_CS_003.cs,71,baselines_work/cohorte/csharp/CODE_IDENT_CS_013_COPY/CODE_IDENT_CS_013.cs,0.05785123966942149,7,1,3,4
3923,14,baselines_work/cohorte/csharp/CODE_ESTRU_CS_004/CODE_ESTRU_CS_004.cs,38,baselines_work/cohorte/csharp/CODE_FUN_CS_010/CODE_FUN_CS_010.cs,0.02258064516129032,7,1,5,2
4476,26,baselines_work/cohorte/csharp/CODE_ESTRU_CS_015/CODE_ESTRU_CS_015.cs,42,baselines_work/cohorte/csharp/CODE_FUN_CS_013/CODE_FUN_CS_013.cs,0.047619047619047616,7,1,4,3
4762,35,baselines_work/cohorte/csharp/CODE_FUN_CS_007/CODE_FUN_CS_007.cs,41,baselines_work/cohorte/csharp/CODE_FUN_CS_012/CODE_FUN_CS_012.cs,0.043209876543209874,7,2,4,3
4764,35,baselines_work/cohorte/csharp/CODE_FUN_CS_007/CODE_FUN_CS_007.cs,43,baselines_work/cohorte/csharp/CODE_FUN_CS_014/CODE_FUN_CS_014.cs,0.046052631578947366,7,2,4,3
5040,44,baselines_work/cohorte/csharp/CODE_FUN_CS_015/CODE_FUN_CS_015.cs,52,baselines_work/cohorte/csharp/CODE_IDENT_CS_004/CODE_IDENT_CS_004.cs,0.029166666666666667,7,1,5,2
5041,44,baselines_work/cohorte/csharp/CODE_FUN_CS_015/CODE_FUN_CS_015.cs,50,baselines_work/cohorte/csharp/CODE_IDENT_CS_004_COPY/CODE_IDENT_CS_004.cs,0.029166666666666667,7,1,5,2
2737,2,baselines_work/cohorte/csharp/CODE_DIF_CS_001/CODE_DIF_CS_001.cs,16,baselines_work/cohorte/csharp/CODE_DIF_CS_015/CODE_DIF_CS_015.cs,0.013729977116704805,6,2,3,3
2753,2,baselines_work/cohorte/csharp/CODE_DIF_CS_001/CODE_DIF_CS_001.cs,33,baselines_work/cohorte/csharp/CODE_FUN_CS_001/CODE_FUN_CS_001.cs,0.03550295857988166,6,3,3,3
2803,1,baselines_work/cohorte/csharp/CODE_DIF_CS_002/CODE_DIF_CS_002.cs,5,baselines_work/cohorte/csharp/CODE_DIF_CS_008/CODE_DIF_CS_008.cs,0.010948905109489052,6,2,2,4
2804,1,baselines_work/cohorte/csharp/CODE_DIF_CS_002/CODE_DIF_CS_002.cs,8,baselines_work/cohorte/csharp/CODE_DIF_CS_009/CODE_DIF_CS_009.cs,0.023166023166023165,6,2,3,3
2808,1,baselines_work/cohorte/csharp/CODE_DIF_CS_002/CODE_DIF_CS_002.cs,10,baselines_work/cohorte/csharp/CODE_DIF_CS_013/CODE_DIF_CS_013.cs,0.011363636363636364,6,1,2,4
2819,1,baselines_work/cohorte/csharp/CODE_DIF_CS_002/CODE_DIF_CS_002.cs,23,baselines_work/cohorte/csharp/CODE_ESTRU_CS_009/CODE_ESTRU_CS_009.cs,0.04054054054054054,6,2,3,3
2829,1,baselines_work/cohorte/csharp/CODE_DIF_CS_002/CODE_DIF_CS_002.cs,30,baselines_work/cohorte/csharp/CODE_FUN_CS_004/CODE_FUN_CS_004.cs,0.023346303501945526,6,3,3,3
2857,1,baselines_work/cohorte/csharp/CODE_DIF_CS_002/CODE_DIF_CS_002.cs,62,baselines_work/cohorte/csharp/CODE_IDENT_CS_009/CODE_IDENT_CS_009.cs,0.04054054054054054,6,2,3,3
2858,1,baselines_work/cohorte/csharp/CODE_DIF_CS_002/CODE_DIF_CS_002.cs,61,baselines_work/cohorte/csharp/CODE_IDENT_CS_009_COPY/CODE_IDENT_CS_009.cs,0.04054054054054054,6,2,3,3
2876,4,baselines_work/cohorte/csharp/CODE_DIF_CS_003/CODE_DIF_CS_003.cs,8,baselines_work/cohorte/csharp/CODE_DIF_CS_009/CODE_DIF_CS_009.cs,0.014251781472684086,6,1,3,3
2978,0,baselines_work/cohorte/csharp/CODE_DIF_CS_004/CODE_DIF_CS_004.cs,38,baselines_work/cohorte/csharp/CODE_FUN_CS_010/CODE_FUN_CS_010.cs,0.012903225806451613,6,1,4,2
2979,0,baselines_work/cohorte/csharp/CODE_DIF_CS_004/CODE_DIF_CS_004.cs,37,baselines_work/cohorte/csharp/CODE_FUN_CS_011/CODE_FUN_CS_011.cs,0.012170385395537525,6,1,2,4
3086,6,baselines_work/cohorte/csharp/CODE_DIF_CS_006/CODE_DIF_CS_006.cs,8,baselines_work/cohorte/csharp/CODE_DIF_CS_009/CODE_DIF_CS_009.cs,0.01818181818181818,6,3,3,3
3161,9,baselines_work/cohorte/csharp/CODE_DIF_CS_007/CODE_DIF_CS_007.cs,17,baselines_work/cohorte/csharp/CODE_ESTRU_CS_001/CODE_ESTRU_CS_001.cs,0.01775147928994083,6,2,3,3
3187,9,baselines_work/cohorte/csharp/CODE_DIF_CS_007/CODE_DIF_CS_007.cs,41,baselines_work/cohorte/csharp/CODE_FUN_CS_012/CODE_FUN_CS_012.cs,0.017045454545454544,6,1,3,3
3228,5,baselines_work/cohorte/csharp/CODE_DIF_CS_008/CODE_DIF_CS_008.cs,17,baselines_work/cohorte/csharp/CODE_ESTRU_CS_001/CODE_ESTRU_CS_001.cs,0.012295081967213115,6,2,3,3
3253,5,baselines_work/cohorte/csharp/CODE_DIF_CS_008/CODE_DIF_CS_008.cs,37,baselines_work/cohorte/csharp/CODE_FUN_CS_011/CODE_FUN_CS_011.cs,0.011650485436893204,6,1,4,2
3255,5,baselines_work/cohorte/csharp/CODE_DIF_CS_008/CODE_DIF_CS_008.cs,42,baselines_work/cohorte/csharp/CODE_FUN_CS_013/CODE_FUN_CS_013.cs,0.011787819253438114,6,1,4,2
3258,5,baselines_work/cohorte/csharp/CODE_DIF_CS_008/CODE_DIF_CS_008.cs,47,baselines_work/cohorte/csharp/CODE_IDENT_CS_001/CODE_IDENT_CS_001.cs,0.012958963282937365,6,2,3,3
3259,5,baselines_work/cohorte/csharp/CODE_DIF_CS_008/CODE_DIF_CS_008.cs,45,baselines_work/cohorte/csharp/CODE_IDENT_CS_001_COPY/CODE_IDENT_CS_001.cs,0.012958963282937365,6,2,3,3
3379,12,baselines_work/cohorte/csharp/CODE_DIF_CS_010/CODE_DIF_CS_010.cs,40,baselines_work/cohorte/csharp/CODE_FUN_CS_006/CODE_FUN_CS_006.cs,0.01910828025477707,6,1,3,3
3382,12,baselines_work/cohorte/csharp/CODE_DIF_CS_010/CODE_DIF_CS_010.cs,39,baselines_work/cohorte/csharp/CODE_FUN_CS_009/CODE_FUN_CS_009.cs,0.020066889632107024,6,2,3,3
3448,7,baselines_work/cohorte/csharp/CODE_DIF_CS_011/CODE_DIF_CS_011.cs,37,baselines_work/cohorte/csharp/CODE_FUN_CS_011/CODE_FUN_CS_011.cs,0.016,6,2,3,3
3450,7,baselines_work/cohorte/csharp/CODE_DIF_CS_011/CODE_DIF_CS_011.cs,42,baselines_work/cohorte/csharp/CODE_FUN_CS_013/CODE_FUN_CS_013.cs,0.016260162601626018,6,2,3,3
3493,13,baselines_work/cohorte/csharp/CODE_DIF_CS_012/CODE_DIF_CS_012.cs,22,baselines_work/cohorte/csharp/CODE_ESTRU_CS_008/CODE_ESTRU_CS_008.cs,0.01729106628242075,6,1,3,3
3514,13,baselines_work/cohorte/csharp/CODE_DIF_CS_012/CODE_DIF_CS_012.cs,43,baselines_work/cohorte/csharp/CODE_FUN_CS_014/CODE_FUN_CS_014.cs,0.01764705882352941,6,1,3,3
3516,13,baselines_work/cohorte/csharp/CODE_DIF_CS_012/CODE_DIF_CS_012.cs,47,baselines_work/cohorte/csharp/CODE_IDENT_CS_001/CODE_IDENT_CS_001.cs,0.01929260450160772,6,1,3,3
3517,13,baselines_work/cohorte/csharp/CODE_DIF_CS_012/CODE_DIF_CS_012.cs,45,baselines_work/cohorte/csharp/CODE_IDENT_CS_001_COPY/CODE_IDENT_CS_001.cs,0.01929260450160772,6,1,3,3
3522,13,baselines_work/cohorte/csharp/CODE_DIF_CS_012/CODE_DIF_CS_012.cs,52,baselines_work/cohorte/csharp/CODE_IDENT_CS_004/CODE_IDENT_CS_004.cs,0.014925373134328358,6,2,3,3
3523,13,baselines_work/cohorte/csharp/CODE_DIF_CS_012/CODE_DIF_CS_012.cs,50,baselines_work/cohorte/csharp/CODE_IDENT_CS_004_COPY/CODE_IDENT_CS_004.cs,0.014925373134328358,6,2,3,3
3530,13,baselines_work/cohorte/csharp/CODE_DIF_CS_012/CODE_DIF_CS_012.cs,58,baselines_work/cohorte/csharp/CODE_IDENT_CS_008/CODE_IDENT_CS_008.cs,0.017142857142857144,6,1,3,3
3531,13,baselines_work/cohorte/csharp/CODE_DIF_CS_012/CODE_DIF_CS_012.cs,65,baselines_work/cohorte/csharp/CODE_IDENT_CS_008_COPY/CODE_IDENT_CS_008.cs,0.017142857142857144,6,1,3,3
3563,10,baselines_work/cohorte/csharp/CODE_DIF_CS_013/CODE_DIF_CS_013.cs,33,baselines_work/cohorte/csharp/CODE_FUN_CS_001/CODE_FUN_CS_001.cs,0.01284796573875803,6,2,3,3
3669,16,baselines_work/cohorte/csharp/CODE_DIF_CS_015/CODE_DIF_CS_015.cs,17,baselines_work/cohorte/csharp/CODE_ESTRU_CS_001/CODE_ESTRU_CS_001.cs,0.016,6,3,3,3
3677,16,baselines_work/cohorte/csharp/CODE_DIF_CS_015/CODE_DIF_CS_015.cs,23,baselines_work/cohorte/csharp/CODE_ESTRU_CS_009/CODE_ESTRU_CS_009.cs,0.01680672268907563,6,3,3,3
3680,16,baselines_work/cohorte/csharp/CODE_DIF_CS_015/CODE_DIF_CS_015.cs,27,baselines_work/cohorte/csharp/CODE_ESTRU_CS_012/CODE_ESTRU_CS_012.cs,0.01634877384196185,6,3,3,3
3690,16,baselines_work/cohorte/csharp/CODE_DIF_CS_015/CODE_DIF_CS_015.cs,35,baselines_work/cohorte/csharp/CODE_FUN_CS_007/CODE_FUN_CS_007.cs,0.01634877384196185,6,2,3,3
3697,16,baselines_work/cohorte/csharp/CODE_DIF_CS_015/CODE_DIF_CS_015.cs,43,baselines_work/cohorte/csharp/CODE_FUN_CS_014/CODE_FUN_CS_014.cs,0.0158311345646438,6,2,3,3
3699,16,baselines_work/cohorte/csharp/CODE_DIF_CS_015/CODE_DIF_CS_015.cs,47,baselines_work/cohorte/csharp/CODE_IDENT_CS_001/CODE_IDENT_CS_001.cs,0.017142857142857144,6,3,3,3
3700,16,baselines_work/cohorte/csharp/CODE_DIF_CS_015/CODE_DIF_CS_015.cs,45,baselines_work/cohorte/csharp/CODE_IDENT_CS_001_COPY/CODE_IDENT_CS_001.cs,0.017142857142857144,6,3,3,3
3715,16,baselines_work/cohorte/csharp/CODE_DIF_CS_015/CODE_DIF_CS_015.cs,62,baselines_work/cohorte/csharp/CODE_IDENT_CS_009/CODE_IDENT_CS_009.cs,0.01680672268907563,6,3,3,3
3716,16,baselines_work/cohorte/csharp/CODE_DIF_CS_015/CODE_DIF_CS_015.cs,61,baselines_work/cohorte/csharp/CODE_IDENT_CS_009_COPY/CODE_IDENT_CS_009.cs,0.01680672268907563,6,3,3,3
3721,16,baselines_work/cohorte/csharp/CODE_DIF_CS_015/CODE_DIF_CS_015.cs,63,baselines_work/cohorte/csharp/CODE_IDENT_CS_012/CODE_IDENT_CS_012.cs,0.01634877384196185,6,3,3,3
3722,16,baselines_work/cohorte/csharp/CODE_DIF_CS_015/CODE_DIF_CS_015.cs,67,baselines_work/cohorte/csharp/CODE_IDENT_CS_012_COPY/CODE_IDENT_CS_012.cs,0.01634877384196185,6,3,3,3
3743,17,baselines_work/cohorte/csharp/CODE_ESTRU_CS_001/CODE_ESTRU_CS_001.cs,33,baselines_work/cohorte/csharp/CODE_FUN_CS_001/CODE_FUN_CS_001.cs,0.0392156862745098,6,1,3,3
3918,14,baselines_work/cohorte/csharp/CODE_ESTRU_CS_004/CODE_ESTRU_CS_004.cs,34,baselines_work/cohorte/csharp/CODE_FUN_CS_005/CODE_FUN_CS_005.cs,0.02127659574468085,6,1,3,3
3926,14,baselines_work/cohorte/csharp/CODE_ESTRU_CS_004/CODE_ESTRU_CS_004.cs,42,baselines_work/cohorte/csharp/CODE_FUN_CS_013/CODE_FUN_CS_013.cs,0.018072289156626505,6,1,2,4
3928,14,baselines_work/cohorte/csharp/CODE_ESTRU_CS_004/CODE_ESTRU_CS_004.cs,44,baselines_work/cohorte/csharp/CODE_FUN_CS_015/CODE_FUN_CS_015.cs,0.01812688821752266,6,2,3,3
4225,24,baselines_work/cohorte/csharp/CODE_ESTRU_CS_010/CODE_ESTRU_CS_010.cs,27,baselines_work/cohorte/csharp/CODE_ESTRU_CS_012/CODE_ESTRU_CS_012.cs,0.061224489795918366,6,3,3,3
4227,24,baselines_work/cohorte/csharp/CODE_ESTRU_CS_010/CODE_ESTRU_CS_010.cs,28,baselines_work/cohorte/csharp/CODE_ESTRU_CS_014/CODE_ESTRU_CS_014.cs,0.07692307692307693,6,1,3,3
4230,24,baselines_work/cohorte/csharp/CODE_ESTRU_CS_010/CODE_ESTRU_CS_010.cs,29,baselines_work/cohorte/csharp/CODE_FUN_CS_002/CODE_FUN_CS_002.cs,0.10714285714285714,6,1,3,3
4266,24,baselines_work/cohorte/csharp/CODE_ESTRU_CS_010/CODE_ESTRU_CS_010.cs,63,baselines_work/cohorte/csharp/CODE_IDENT_CS_012/CODE_IDENT_CS_012.cs,0.061224489795918366,6,3,3,3
4267,24,baselines_work/cohorte/csharp/CODE_ESTRU_CS_010/CODE_ESTRU_CS_010.cs,67,baselines_work/cohorte/csharp/CODE_IDENT_CS_012_COPY/CODE_IDENT_CS_012.cs,0.061224489795918366,6,3,3,3
4297,25,baselines_work/cohorte/csharp/CODE_ESTRU_CS_011/CODE_ESTRU_CS_011.cs,51,baselines_work/cohorte/csharp/CODE_IDENT_CS_003/CODE_IDENT_CS_003.cs,0.05504587155963303,6,1,4,2
4298,25,baselines_work/cohorte/csharp/CODE_ESTRU_CS_011/CODE_ESTRU_CS_011.cs,49,baselines_work/cohorte/csharp/CODE_IDENT_CS_003_COPY/CODE_IDENT_CS_003.cs,0.05504587155963303,6,1,4,2
4359,27,baselines_work/cohorte/csharp/CODE_ESTRU_CS_012/CODE_ESTRU_CS_012.cs,64,baselines_work/cohorte/csharp/CODE_IDENT_CS_010/CODE_IDENT_CS_010.cs,0.05454545454545454,6,3,3,3
4360,27,baselines_work/cohorte/csharp/CODE_ESTRU_CS_012/CODE_ESTRU_CS_012.cs,59,baselines_work/cohorte/csharp/CODE_IDENT_CS_010_COPY/CODE_IDENT_CS_010.cs,0.05454545454545454,6,3,3,3
4392,32,baselines_work/cohorte/csharp/CODE_ESTRU_CS_013/CODE_ESTRU_CS_013.cs,51,baselines_work/cohorte/csharp/CODE_IDENT_CS_003/CODE_IDENT_CS_003.cs,0.06521739130434782,6,1,4,2
4393,32,baselines_work/cohorte/csharp/CODE_ESTRU_CS_013/CODE_ESTRU_CS_013.cs,49,baselines_work/cohorte/csharp/CODE_IDENT_CS_003_COPY/CODE_IDENT_CS_003.cs,0.06521739130434782,6,1,4,2
4429,28,baselines_work/cohorte/csharp/CODE_ESTRU_CS_014/CODE_ESTRU_CS_014.cs,37,baselines_work/cohorte/csharp/CODE_FUN_CS_011/CODE_FUN_CS_011.cs,0.049586776859504134,6,3,3,3
4430,28,baselines_work/cohorte/csharp/CODE_ESTRU_CS_014/CODE_ESTRU_CS_014.cs,41,baselines_work/cohorte/csharp/CODE_FUN_CS_012/CODE_FUN_CS_012.cs,0.05555555555555555,6,3,3,3
4431,28,baselines_work/cohorte/csharp/CODE_ESTRU_CS_014/CODE_ESTRU_CS_014.cs,42,baselines_work/cohorte/csharp/CODE_FUN_CS_013/CODE_FUN_CS_013.cs,0.05217391304347826,6,3,3,3
4452,28,baselines_work/cohorte/csharp/CODE_ESTRU_CS_014/CODE_ESTRU_CS_014.cs,64,baselines_work/cohorte/csharp/CODE_IDENT_CS_010/CODE_IDENT_CS_010.cs,0.06666666666666667,6,1,3,3
4453,28,baselines_work/cohorte/csharp/CODE_ESTRU_CS_014/CODE_ESTRU_CS_014.cs,59,baselines_work/cohorte/csharp/CODE_IDENT_CS_010_COPY/CODE_IDENT_CS_010.cs,0.06666666666666667,6,1,3,3
4514,33,baselines_work/cohorte/csharp/CODE_FUN_CS_001/CODE_FUN_CS_001.cs,35,baselines_work/cohorte/csharp/CODE_FUN_CS_007/CODE_FUN_CS_007.cs,0.039735099337748346,6,2,3,3
4522,33,baselines_work/cohorte/csharp/CODE_FUN_CS_001/CODE_FUN_CS_001.cs,44,baselines_work/cohorte/csharp/CODE_FUN_CS_015/CODE_FUN_CS_015.cs,0.0335195530726257,6,2,3,3
4584,29,baselines_work/cohorte/csharp/CODE_FUN_CS_002/CODE_FUN_CS_002.cs,64,baselines_work/cohorte/csharp/CODE_IDENT_CS_010/CODE_IDENT_CS_010.cs,0.04918032786885246,6,1,3,3
4585,29,baselines_work/cohorte/csharp/CODE_FUN_CS_002/CODE_FUN_CS_002.cs,59,baselines_work/cohorte/csharp/CODE_IDENT_CS_010_COPY/CODE_IDENT_CS_010.cs,0.04918032786885246,6,1,3,3
4603,31,baselines_work/cohorte/csharp/CODE_FUN_CS_003/CODE_FUN_CS_003.cs,37,baselines_work/cohorte/csharp/CODE_FUN_CS_011/CODE_FUN_CS_011.cs,0.03614457831325301,6,1,3,3
4605,31,baselines_work/cohorte/csharp/CODE_FUN_CS_003/CODE_FUN_CS_003.cs,42,baselines_work/cohorte/csharp/CODE_FUN_CS_013/CODE_FUN_CS_013.cs,0.0375,6,1,3,3
4687,34,baselines_work/cohorte/csharp/CODE_FUN_CS_005/CODE_FUN_CS_005.cs,43,baselines_work/cohorte/csharp/CODE_FUN_CS_014/CODE_FUN_CS_014.cs,0.044444444444444446,6,3,3,3
4688,34,baselines_work/cohorte/csharp/CODE_FUN_CS_005/CODE_FUN_CS_005.cs,44,baselines_work/cohorte/csharp/CODE_FUN_CS_015/CODE_FUN_CS_015.cs,0.039735099337748346,6,1,2,4
4765,35,baselines_work/cohorte/csharp/CODE_FUN_CS_007/CODE_FUN_CS_007.cs,44,baselines_work/cohorte/csharp/CODE_FUN_CS_015/CODE_FUN_CS_015.cs,0.03571428571428571,6,1,2,4
4865,39,baselines_work/cohorte/csharp/CODE_FUN_CS_009/CODE_FUN_CS_009.cs,72,baselines_work/cohorte/csharp/CODE_IDENT_CS_014/CODE_IDENT_CS_014.cs,0.048,6,3,3,3
4866,39,baselines_work/cohorte/csharp/CODE_FUN_CS_009/CODE_FUN_CS_009.cs,70,baselines_work/cohorte/csharp/CODE_IDENT_CS_014_COPY/CODE_IDENT_CS_014.cs,0.048,6,3,3,3
4872,38,baselines_work/cohorte/csharp/CODE_FUN_CS_010/CODE_FUN_CS_010.cs,43,baselines_work/cohorte/csharp/CODE_FUN_CS_014/CODE_FUN_CS_014.cs,0.045112781954887216,6,3,3,3
4873,38,baselines_work/cohorte/csharp/CODE_FUN_CS_010/CODE_FUN_CS_010.cs,44,baselines_work/cohorte/csharp/CODE_FUN_CS_015/CODE_FUN_CS_015.cs,0.040268456375838924,6,3,3,3
4880,38,baselines_work/cohorte/csharp/CODE_FUN_CS_010/CODE_FUN_CS_010.cs,52,baselines_work/cohorte/csharp/CODE_IDENT_CS_004/CODE_IDENT_CS_004.cs,0.03076923076923077,6,1,2,4
4881,38,baselines_work/cohorte/csharp/CODE_FUN_CS_010/CODE_FUN_CS_010.cs,50,baselines_work/cohorte/csharp/CODE_IDENT_CS_004_COPY/CODE_IDENT_CS_004.cs,0.03076923076923077,6,1,2,4
5008,43,baselines_work/cohorte/csharp/CODE_FUN_CS_014/CODE_FUN_CS_014.cs,51,baselines_work/cohorte/csharp/CODE_IDENT_CS_003/CODE_IDENT_CS_003.cs,0.05660377358490566,6,2,2,4
5009,43,baselines_work/cohorte/csharp/CODE_FUN_CS_014/CODE_FUN_CS_014.cs,49,baselines_work/cohorte/csharp/CODE_IDENT_CS_003_COPY/CODE_IDENT_CS_003.cs,0.05660377358490566,6,2,2,4
5030,43,baselines_work/cohorte/csharp/CODE_FUN_CS_014/CODE_FUN_CS_014.cs,72,baselines_work/cohorte/csharp/CODE_IDENT_CS_014/CODE_IDENT_CS_014.cs,0.046153846153846156,6,1,3,3
5031,43,baselines_work/cohorte/csharp/CODE_FUN_CS_014/CODE_FUN_CS_014.cs,70,baselines_work/cohorte/csharp/CODE_IDENT_CS_014_COPY/CODE_IDENT_CS_014.cs,0.046153846153846156,6,1,3,3
5038,44,baselines_work/cohorte/csharp/CODE_FUN_CS_015/CODE_FUN_CS_015.cs,51,baselines_work/cohorte/csharp/CODE_IDENT_CS_003/CODE_IDENT_CS_003.cs,0.04918032786885246,6,2,2,4
5039,44,baselines_work/cohorte/csharp/CODE_FUN_CS_015/CODE_FUN_CS_015.cs,49,baselines_work/cohorte/csharp/CODE_IDENT_CS_003_COPY/CODE_IDENT_CS_003.cs,0.04918032786885246,6,2,2,4
5189,51,baselines_work/cohorte/csharp/CODE_IDENT_CS_003/CODE_IDENT_CS_003.cs,66,baselines_work/cohorte/csharp/CODE_IDENT_CS_011/CODE_IDENT_CS_011.cs,0.05454545454545454,6,1,2,4
5190,51,baselines_work/cohorte/csharp/CODE_IDENT_CS_003/CODE_IDENT_CS_003.cs,68,baselines_work/cohorte/csharp/CODE_IDENT_CS_011_COPY/CODE_IDENT_CS_011.cs,0.05454545454545454,6,1,2,4
5193,51,baselines_work/cohorte/csharp/CODE_IDENT_CS_003/CODE_IDENT_CS_003.cs,69,baselines_work/cohorte/csharp/CODE_IDENT_CS_013/CODE_IDENT_CS_013.cs,0.06060606060606061,6,1,2,4
5194,51,baselines_work/cohorte/csharp/CODE_IDENT_CS_003/CODE_IDENT_CS_003.cs,71,baselines_work/cohorte/csharp/CODE_IDENT_CS_013_COPY/CODE_IDENT_CS_013.cs,0.06060606060606061,6,1,2,4
5213,49,baselines_work/cohorte/csharp/CODE_IDENT_CS_003_COPY/CODE_IDENT_CS_003.cs,66,baselines_work/cohorte/csharp/CODE_IDENT_CS_011/CODE_IDENT_CS_011.cs,0.05454545454545454,6,1,2,4
5214,49,baselines_work/cohorte/csharp/CODE_IDENT_CS_003_COPY/CODE_IDENT_CS_003.cs,68,baselines_work/cohorte/csharp/CODE_IDENT_CS_011_COPY/CODE_IDENT_CS_011.cs,0.05454545454545454,6,1,2,4
5217,49,baselines_work/cohorte/csharp/CODE_IDENT_CS_003_COPY/CODE_IDENT_CS_003.cs,69,baselines_work/cohorte/csharp/CODE_IDENT_CS_013/CODE_IDENT_CS_013.cs,0.06060606060606061,6,1,2,4
5218,49,baselines_work/cohorte/csharp/CODE_IDENT_CS_003_COPY/CODE_IDENT_CS_003.cs,71,baselines_work/cohorte/csharp/CODE_IDENT_CS_013_COPY/CODE_IDENT_CS_013.cs,0.06060606060606061,6,1,2,4
5436,64,baselines_work/cohorte/csharp/CODE_IDENT_CS_010/CODE_IDENT_CS_010.cs,63,baselines_work/cohorte/csharp/CODE_IDENT_CS_012/CODE_IDENT_CS_012.cs,0.061224489795918366,6,3,3,3
5437,64,baselines_work/cohorte/csharp/CODE_IDENT_CS_010/CODE_IDENT_CS_010.cs,67,baselines_work/cohorte/csharp/CODE_IDENT_CS_012_COPY/CODE_IDENT_CS_012.cs,0.061224489795918366,6,3,3,3
5446,59,baselines_work/cohorte/csharp/CODE_IDENT_CS_010_COPY/CODE_IDENT_CS_010.cs,63,baselines_work/cohorte/csharp/CODE_IDENT_CS_012/CODE_IDENT_CS_012.cs,0.061224489795918366,6,3,3,3
5447,59,baselines_work/cohorte/csharp/CODE_IDENT_CS_010_COPY/CODE_IDENT_CS_010.cs,67,baselines_work/cohorte/csharp/CODE_IDENT_CS_012_COPY/CODE_IDENT_CS_012.cs,0.061224489795918366,6,3,3,3
3163,9,baselines_work/cohorte/csharp/CODE_DIF_CS_007/CODE_DIF_CS_007.cs,20,baselines_work/cohorte/csharp/CODE_ESTRU_CS_003/CODE_ESTRU_CS_003.cs,0.01644736842105263,5,1,2,3
3186,9,baselines_work/cohorte/csharp/CODE_DIF_CS_007/CODE_DIF_CS_007.cs,37,baselines_work/cohorte/csharp/CODE_FUN_CS_011/CODE_FUN_CS_011.cs,0.0136986301369863,5,1,3,2
3295,8,baselines_work/cohorte/csharp/CODE_DIF_CS_009/CODE_DIF_CS_009.cs,15,baselines_work/cohorte/csharp/CODE_ESTRU_CS_002/CODE_ESTRU_CS_002.cs,0.026455026455026454,5,1,2,3
3296,8,baselines_work/cohorte/csharp/CODE_DIF_CS_009/CODE_DIF_CS_009.cs,20,baselines_work/cohorte/csharp/CODE_ESTRU_CS_003/CODE_ESTRU_CS_003.cs,0.024630541871921183,5,1,2,3
3360,12,baselines_work/cohorte/csharp/CODE_DIF_CS_010/CODE_DIF_CS_010.cs,15,baselines_work/cohorte/csharp/CODE_ESTRU_CS_002/CODE_ESTRU_CS_002.cs,0.01937984496124031,5,1,2,3
3361,12,baselines_work/cohorte/csharp/CODE_DIF_CS_010/CODE_DIF_CS_010.cs,20,baselines_work/cohorte/csharp/CODE_ESTRU_CS_003/CODE_ESTRU_CS_003.cs,0.01838235294117647,5,1,2,3
3441,7,baselines_work/cohorte/csharp/CODE_DIF_CS_011/CODE_DIF_CS_011.cs,30,baselines_work/cohorte/csharp/CODE_FUN_CS_004/CODE_FUN_CS_004.cs,0.011389521640091117,5,1,3,2
3507,13,baselines_work/cohorte/csharp/CODE_DIF_CS_012/CODE_DIF_CS_012.cs,35,baselines_work/cohorte/csharp/CODE_FUN_CS_007/CODE_FUN_CS_007.cs,0.01524390243902439,5,2,2,3
3526,13,baselines_work/cohorte/csharp/CODE_DIF_CS_012/CODE_DIF_CS_012.cs,60,baselines_work/cohorte/csharp/CODE_IDENT_CS_006/CODE_IDENT_CS_006.cs,0.016556291390728478,5,1,3,2
3527,13,baselines_work/cohorte/csharp/CODE_DIF_CS_012/CODE_DIF_CS_012.cs,55,baselines_work/cohorte/csharp/CODE_IDENT_CS_006_COPY/CODE_IDENT_CS_006.cs,0.016556291390728478,5,1,3,2
3540,13,baselines_work/cohorte/csharp/CODE_DIF_CS_012/CODE_DIF_CS_012.cs,69,baselines_work/cohorte/csharp/CODE_IDENT_CS_013/CODE_IDENT_CS_013.cs,0.015479876160990712,5,1,2,3
3541,13,baselines_work/cohorte/csharp/CODE_DIF_CS_012/CODE_DIF_CS_012.cs,71,baselines_work/cohorte/csharp/CODE_IDENT_CS_013_COPY/CODE_IDENT_CS_013.cs,0.015479876160990712,5,1,2,3
3796,15,baselines_work/cohorte/csharp/CODE_ESTRU_CS_002/CODE_ESTRU_CS_002.cs,25,baselines_work/cohorte/csharp/CODE_ESTRU_CS_011/CODE_ESTRU_CS_011.cs,0.04201680672268908,5,1,2,3
3798,15,baselines_work/cohorte/csharp/CODE_ESTRU_CS_002/CODE_ESTRU_CS_002.cs,32,baselines_work/cohorte/csharp/CODE_ESTRU_CS_013/CODE_ESTRU_CS_013.cs,0.05,5,1,2,3
3836,15,baselines_work/cohorte/csharp/CODE_ESTRU_CS_002/CODE_ESTRU_CS_002.cs,66,baselines_work/cohorte/csharp/CODE_IDENT_CS_011/CODE_IDENT_CS_011.cs,0.0423728813559322,5,1,2,3
3837,15,baselines_work/cohorte/csharp/CODE_ESTRU_CS_002/CODE_ESTRU_CS_002.cs,68,baselines_work/cohorte/csharp/CODE_IDENT_CS_011_COPY/CODE_IDENT_CS_011.cs,0.0423728813559322,5,1,2,3
3840,15,baselines_work/cohorte/csharp/CODE_ESTRU_CS_002/CODE_ESTRU_CS_002.cs,69,baselines_work/cohorte/csharp/CODE_IDENT_CS_013/CODE_IDENT_CS_013.cs,0.04672897196261682,5,1,2,3
3841,15,baselines_work/cohorte/csharp/CODE_ESTRU_CS_002/CODE_ESTRU_CS_002.cs,71,baselines_work/cohorte/csharp/CODE_IDENT_CS_013_COPY/CODE_IDENT_CS_013.cs,0.04672897196261682,5,1,2,3
3857,20,baselines_work/cohorte/csharp/CODE_ESTRU_CS_003/CODE_ESTRU_CS_003.cs,26,baselines_work/cohorte/csharp/CODE_ESTRU_CS_015/CODE_ESTRU_CS_015.cs,0.0390625,5,1,1,4
3904,14,baselines_work/cohorte/csharp/CODE_ESTRU_CS_004/CODE_ESTRU_CS_004.cs,21,baselines_work/cohorte/csharp/CODE_ESTRU_CS_006/CODE_ESTRU_CS_006.cs,0.017793594306049824,5,2,3,2
3968,19,baselines_work/cohorte/csharp/CODE_ESTRU_CS_005/CODE_ESTRU_CS_005.cs,26,baselines_work/cohorte/csharp/CODE_ESTRU_CS_015/CODE_ESTRU_CS_015.cs,0.045871559633027525,5,1,1,4
4566,29,baselines_work/cohorte/csharp/CODE_FUN_CS_002/CODE_FUN_CS_002.cs,47,baselines_work/cohorte/csharp/CODE_IDENT_CS_001/CODE_IDENT_CS_001.cs,0.04950495049504951,5,1,2,3
4567,29,baselines_work/cohorte/csharp/CODE_FUN_CS_002/CODE_FUN_CS_002.cs,45,baselines_work/cohorte/csharp/CODE_IDENT_CS_001_COPY/CODE_IDENT_CS_001.cs,0.04950495049504951,5,1,2,3
4608,31,baselines_work/cohorte/csharp/CODE_FUN_CS_003/CODE_FUN_CS_003.cs,47,baselines_work/cohorte/csharp/CODE_IDENT_CS_001/CODE_IDENT_CS_001.cs,0.043859649122807015,5,1,2,3
4609,31,baselines_work/cohorte/csharp/CODE_FUN_CS_003/CODE_FUN_CS_003.cs,45,baselines_work/cohorte/csharp/CODE_IDENT_CS_001_COPY/CODE_IDENT_CS_001.cs,0.043859649122807015,5,1,2,3
4649,30,baselines_work/cohorte/csharp/CODE_FUN_CS_004/CODE_FUN_CS_004.cs,47,baselines_work/cohorte/csharp/CODE_IDENT_CS_001/CODE_IDENT_CS_001.cs,0.021929824561403508,5,1,3,2
4650,30,baselines_work/cohorte/csharp/CODE_FUN_CS_004/CODE_FUN_CS_004.cs,45,baselines_work/cohorte/csharp/CODE_IDENT_CS_001_COPY/CODE_IDENT_CS_001.cs,0.021929824561403508,5,1,3,2
4888,38,baselines_work/cohorte/csharp/CODE_FUN_CS_010/CODE_FUN_CS_010.cs,58,baselines_work/cohorte/csharp/CODE_IDENT_CS_008/CODE_IDENT_CS_008.cs,0.03496503496503497,5,1,2,3
4889,38,baselines_work/cohorte/csharp/CODE_FUN_CS_010/CODE_FUN_CS_010.cs,65,baselines_work/cohorte/csharp/CODE_IDENT_CS_008_COPY/CODE_IDENT_CS_008.cs,0.03496503496503497,5,1,2,3
2725,2,baselines_work/cohorte/csharp/CODE_DIF_CS_001/CODE_DIF_CS_001.cs,4,baselines_work/cohorte/csharp/CODE_DIF_CS_003/CODE_DIF_CS_003.cs,0.010362694300518135,4,1,2,2
2729,2,baselines_work/cohorte/csharp/CODE_DIF_CS_001/CODE_DIF_CS_001.cs,9,baselines_work/cohorte/csharp/CODE_DIF_CS_007/CODE_DIF_CS_007.cs,0.00980392156862745,4,1,1,3
2758,2,baselines_work/cohorte/csharp/CODE_DIF_CS_001/CODE_DIF_CS_001.cs,40,baselines_work/cohorte/csharp/CODE_FUN_CS_006/CODE_FUN_CS_006.cs,0.020833333333333332,4,2,2,2
2761,2,baselines_work/cohorte/csharp/CODE_DIF_CS_001/CODE_DIF_CS_001.cs,39,baselines_work/cohorte/csharp/CODE_FUN_CS_009/CODE_FUN_CS_009.cs,0.022598870056497175,4,1,2,2
2764,2,baselines_work/cohorte/csharp/CODE_DIF_CS_001/CODE_DIF_CS_001.cs,41,baselines_work/cohorte/csharp/CODE_FUN_CS_012/CODE_FUN_CS_012.cs,0.020202020202020204,4,1,2,2
2792,2,baselines_work/cohorte/csharp/CODE_DIF_CS_001/CODE_DIF_CS_001.cs,69,baselines_work/cohorte/csharp/CODE_IDENT_CS_013/CODE_IDENT_CS_013.cs,0.023391812865497075,4,1,1,3
2793,2,baselines_work/cohorte/csharp/CODE_DIF_CS_001/CODE_DIF_CS_001.cs,71,baselines_work/cohorte/csharp/CODE_IDENT_CS_013_COPY/CODE_IDENT_CS_013.cs,0.023391812865497075,4,1,1,3
2807,1,baselines_work/cohorte/csharp/CODE_DIF_CS_002/CODE_DIF_CS_002.cs,13,baselines_work/cohorte/csharp/CODE_DIF_CS_012/CODE_DIF_CS_012.cs,0.010869565217391304,4,1,2,2
2809,1,baselines_work/cohorte/csharp/CODE_DIF_CS_002/CODE_DIF_CS_002.cs,11,baselines_work/cohorte/csharp/CODE_DIF_CS_014/CODE_DIF_CS_014.cs,0.011627906976744186,4,2,2,2
2814,1,baselines_work/cohorte/csharp/CODE_DIF_CS_002/CODE_DIF_CS_002.cs,14,baselines_work/cohorte/csharp/CODE_ESTRU_CS_004/CODE_ESTRU_CS_004.cs,0.011869436201780416,4,2,2,2
2840,1,baselines_work/cohorte/csharp/CODE_DIF_CS_002/CODE_DIF_CS_002.cs,44,baselines_work/cohorte/csharp/CODE_FUN_CS_015/CODE_FUN_CS_015.cs,0.021505376344086023,4,1,1,3
2909,4,baselines_work/cohorte/csharp/CODE_DIF_CS_003/CODE_DIF_CS_003.cs,41,baselines_work/cohorte/csharp/CODE_FUN_CS_012/CODE_FUN_CS_012.cs,0.011695906432748537,4,2,2,2
2961,0,baselines_work/cohorte/csharp/CODE_DIF_CS_004/CODE_DIF_CS_004.cs,22,baselines_work/cohorte/csharp/CODE_ESTRU_CS_008/CODE_ESTRU_CS_008.cs,0.008385744234800839,4,1,1,3
2973,0,baselines_work/cohorte/csharp/CODE_DIF_CS_004/CODE_DIF_CS_004.cs,34,baselines_work/cohorte/csharp/CODE_FUN_CS_005/CODE_FUN_CS_005.cs,0.009153318077803204,4,1,2,2
2974,0,baselines_work/cohorte/csharp/CODE_DIF_CS_004/CODE_DIF_CS_004.cs,40,baselines_work/cohorte/csharp/CODE_FUN_CS_006/CODE_FUN_CS_006.cs,0.008438818565400843,4,1,2,2
2980,0,baselines_work/cohorte/csharp/CODE_DIF_CS_004/CODE_DIF_CS_004.cs,41,baselines_work/cohorte/csharp/CODE_FUN_CS_012/CODE_FUN_CS_012.cs,0.008333333333333333,4,1,2,2
2983,0,baselines_work/cohorte/csharp/CODE_DIF_CS_004/CODE_DIF_CS_004.cs,44,baselines_work/cohorte/csharp/CODE_FUN_CS_015/CODE_FUN_CS_015.cs,0.00823045267489712,4,1,2,2
2998,0,baselines_work/cohorte/csharp/CODE_DIF_CS_004/CODE_DIF_CS_004.cs,58,baselines_work/cohorte/csharp/CODE_IDENT_CS_008/CODE_IDENT_CS_008.cs,0.008333333333333333,4,1,1,3
2999,0,baselines_work/cohorte/csharp/CODE_DIF_CS_004/CODE_DIF_CS_004.cs,65,baselines_work/cohorte/csharp/CODE_IDENT_CS_008_COPY/CODE_IDENT_CS_008.cs,0.008333333333333333,4,1,1,3
3047,3,baselines_work/cohorte/csharp/CODE_DIF_CS_005/CODE_DIF_CS_005.cs,39,baselines_work/cohorte/csharp/CODE_FUN_CS_009/CODE_FUN_CS_009.cs,0.017316017316017316,4,1,2,2
3104,6,baselines_work/cohorte/csharp/CODE_DIF_CS_006/CODE_DIF_CS_006.cs,27,baselines_work/cohorte/csharp/CODE_ESTRU_CS_012/CODE_ESTRU_CS_012.cs,0.017467248908296942,4,1,2,2
3112,6,baselines_work/cohorte/csharp/CODE_DIF_CS_006/CODE_DIF_CS_006.cs,34,baselines_work/cohorte/csharp/CODE_FUN_CS_005/CODE_FUN_CS_005.cs,0.019230769230769232,4,1,2,2
3116,6,baselines_work/cohorte/csharp/CODE_DIF_CS_006/CODE_DIF_CS_006.cs,39,baselines_work/cohorte/csharp/CODE_FUN_CS_009/CODE_FUN_CS_009.cs,0.017391304347826087,4,1,2,2
3127,6,baselines_work/cohorte/csharp/CODE_DIF_CS_006/CODE_DIF_CS_006.cs,51,baselines_work/cohorte/csharp/CODE_IDENT_CS_003/CODE_IDENT_CS_003.cs,0.021621621621621623,4,2,2,2
3128,6,baselines_work/cohorte/csharp/CODE_DIF_CS_006/CODE_DIF_CS_006.cs,49,baselines_work/cohorte/csharp/CODE_IDENT_CS_003_COPY/CODE_IDENT_CS_003.cs,0.021621621621621623,4,2,2,2
3191,9,baselines_work/cohorte/csharp/CODE_DIF_CS_007/CODE_DIF_CS_007.cs,47,baselines_work/cohorte/csharp/CODE_IDENT_CS_001/CODE_IDENT_CS_001.cs,0.012779552715654952,4,2,2,2
3192,9,baselines_work/cohorte/csharp/CODE_DIF_CS_007/CODE_DIF_CS_007.cs,45,baselines_work/cohorte/csharp/CODE_IDENT_CS_001_COPY/CODE_IDENT_CS_001.cs,0.012779552715654952,4,2,2,2
3248,5,baselines_work/cohorte/csharp/CODE_DIF_CS_008/CODE_DIF_CS_008.cs,40,baselines_work/cohorte/csharp/CODE_FUN_CS_006/CODE_FUN_CS_006.cs,0.008064516129032258,4,1,2,2
3282,5,baselines_work/cohorte/csharp/CODE_DIF_CS_008/CODE_DIF_CS_008.cs,69,baselines_work/cohorte/csharp/CODE_IDENT_CS_013/CODE_IDENT_CS_013.cs,0.008421052631578947,4,1,1,3
3283,5,baselines_work/cohorte/csharp/CODE_DIF_CS_008/CODE_DIF_CS_008.cs,71,baselines_work/cohorte/csharp/CODE_IDENT_CS_013_COPY/CODE_IDENT_CS_013.cs,0.008421052631578947,4,1,1,3
3290,8,baselines_work/cohorte/csharp/CODE_DIF_CS_009/CODE_DIF_CS_009.cs,13,baselines_work/cohorte/csharp/CODE_DIF_CS_012/CODE_DIF_CS_012.cs,0.009111617312072893,4,2,2,2
3309,8,baselines_work/cohorte/csharp/CODE_DIF_CS_009/CODE_DIF_CS_009.cs,33,baselines_work/cohorte/csharp/CODE_FUN_CS_001/CODE_FUN_CS_001.cs,0.018018018018018018,4,1,2,2
3322,8,baselines_work/cohorte/csharp/CODE_DIF_CS_009/CODE_DIF_CS_009.cs,43,baselines_work/cohorte/csharp/CODE_FUN_CS_014/CODE_FUN_CS_014.cs,0.016597510373443983,4,1,2,2
3359,12,baselines_work/cohorte/csharp/CODE_DIF_CS_010/CODE_DIF_CS_010.cs,17,baselines_work/cohorte/csharp/CODE_ESTRU_CS_001/CODE_ESTRU_CS_001.cs,0.013071895424836602,4,2,2,2
3364,12,baselines_work/cohorte/csharp/CODE_DIF_CS_010/CODE_DIF_CS_010.cs,21,baselines_work/cohorte/csharp/CODE_ESTRU_CS_006/CODE_ESTRU_CS_006.cs,0.014492753623188406,4,2,2,2
3424,7,baselines_work/cohorte/csharp/CODE_DIF_CS_011/CODE_DIF_CS_011.cs,15,baselines_work/cohorte/csharp/CODE_ESTRU_CS_002/CODE_ESTRU_CS_002.cs,0.013333333333333334,4,1,1,3
3425,7,baselines_work/cohorte/csharp/CODE_DIF_CS_011/CODE_DIF_CS_011.cs,20,baselines_work/cohorte/csharp/CODE_ESTRU_CS_003/CODE_ESTRU_CS_003.cs,0.012738853503184714,4,1,1,3
3452,7,baselines_work/cohorte/csharp/CODE_DIF_CS_011/CODE_DIF_CS_011.cs,44,baselines_work/cohorte/csharp/CODE_FUN_CS_015/CODE_FUN_CS_015.cs,0.010869565217391304,4,2,2,2
3491,13,baselines_work/cohorte/csharp/CODE_DIF_CS_012/CODE_DIF_CS_012.cs,21,baselines_work/cohorte/csharp/CODE_ESTRU_CS_006/CODE_ESTRU_CS_006.cs,0.013071895424836602,4,1,2,2
3515,13,baselines_work/cohorte/csharp/CODE_DIF_CS_012/CODE_DIF_CS_012.cs,44,baselines_work/cohorte/csharp/CODE_FUN_CS_015/CODE_FUN_CS_015.cs,0.011235955056179775,4,1,2,2
3542,13,baselines_work/cohorte/csharp/CODE_DIF_CS_012/CODE_DIF_CS_012.cs,72,baselines_work/cohorte/csharp/CODE_IDENT_CS_014/CODE_IDENT_CS_014.cs,0.012987012987012988,4,1,2,2
3543,13,baselines_work/cohorte/csharp/CODE_DIF_CS_012/CODE_DIF_CS_012.cs,70,baselines_work/cohorte/csharp/CODE_IDENT_CS_014_COPY/CODE_IDENT_CS_014.cs,0.012987012987012988,4,1,2,2
3549,10,baselines_work/cohorte/csharp/CODE_DIF_CS_013/CODE_DIF_CS_013.cs,15,baselines_work/cohorte/csharp/CODE_ESTRU_CS_002/CODE_ESTRU_CS_002.cs,0.009216589861751152,4,1,1,3
3550,10,baselines_work/cohorte/csharp/CODE_DIF_CS_013/CODE_DIF_CS_013.cs,20,baselines_work/cohorte/csharp/CODE_ESTRU_CS_003/CODE_ESTRU_CS_003.cs,0.008928571428571428,4,1,1,3
3553,10,baselines_work/cohorte/csharp/CODE_DIF_CS_013/CODE_DIF_CS_013.cs,21,baselines_work/cohorte/csharp/CODE_ESTRU_CS_006/CODE_ESTRU_CS_006.cs,0.008849557522123894,4,2,2,2
3569,10,baselines_work/cohorte/csharp/CODE_DIF_CS_013/CODE_DIF_CS_013.cs,35,baselines_work/cohorte/csharp/CODE_FUN_CS_007/CODE_FUN_CS_007.cs,0.008438818565400843,4,2,2,2
3576,10,baselines_work/cohorte/csharp/CODE_DIF_CS_013/CODE_DIF_CS_013.cs,43,baselines_work/cohorte/csharp/CODE_FUN_CS_014/CODE_FUN_CS_014.cs,0.00823045267489712,4,1,2,2
3633,11,baselines_work/cohorte/csharp/CODE_DIF_CS_014/CODE_DIF_CS_014.cs,38,baselines_work/cohorte/csharp/CODE_FUN_CS_010/CODE_FUN_CS_010.cs,0.012779552715654952,4,1,2,2
3636,11,baselines_work/cohorte/csharp/CODE_DIF_CS_014/CODE_DIF_CS_014.cs,42,baselines_work/cohorte/csharp/CODE_FUN_CS_013/CODE_FUN_CS_013.cs,0.011940298507462687,4,1,2,2
3670,16,baselines_work/cohorte/csharp/CODE_DIF_CS_015/CODE_DIF_CS_015.cs,15,baselines_work/cohorte/csharp/CODE_ESTRU_CS_002/CODE_ESTRU_CS_002.cs,0.012232415902140673,4,1,1,3
3671,16,baselines_work/cohorte/csharp/CODE_DIF_CS_015/CODE_DIF_CS_015.cs,20,baselines_work/cohorte/csharp/CODE_ESTRU_CS_003/CODE_ESTRU_CS_003.cs,0.011730205278592375,4,1,1,3
3676,16,baselines_work/cohorte/csharp/CODE_DIF_CS_015/CODE_DIF_CS_015.cs,22,baselines_work/cohorte/csharp/CODE_ESTRU_CS_008/CODE_ESTRU_CS_008.cs,0.010362694300518135,4,2,2,2
3685,16,baselines_work/cohorte/csharp/CODE_DIF_CS_015/CODE_DIF_CS_015.cs,29,baselines_work/cohorte/csharp/CODE_FUN_CS_002/CODE_FUN_CS_002.cs,0.012307692307692308,4,2,2,2
3686,16,baselines_work/cohorte/csharp/CODE_DIF_CS_015/CODE_DIF_CS_015.cs,31,baselines_work/cohorte/csharp/CODE_FUN_CS_003/CODE_FUN_CS_003.cs,0.012048192771084338,4,2,2,2
3689,16,baselines_work/cohorte/csharp/CODE_DIF_CS_015/CODE_DIF_CS_015.cs,40,baselines_work/cohorte/csharp/CODE_FUN_CS_006/CODE_FUN_CS_006.cs,0.010443864229765013,4,1,2,2
3703,16,baselines_work/cohorte/csharp/CODE_DIF_CS_015/CODE_DIF_CS_015.cs,51,baselines_work/cohorte/csharp/CODE_IDENT_CS_003/CODE_IDENT_CS_003.cs,0.01238390092879257,4,1,2,2
3704,16,baselines_work/cohorte/csharp/CODE_DIF_CS_015/CODE_DIF_CS_015.cs,49,baselines_work/cohorte/csharp/CODE_IDENT_CS_003_COPY/CODE_IDENT_CS_003.cs,0.01238390092879257,4,1,2,2
3811,15,baselines_work/cohorte/csharp/CODE_ESTRU_CS_002/CODE_ESTRU_CS_002.cs,37,baselines_work/cohorte/csharp/CODE_FUN_CS_011/CODE_FUN_CS_011.cs,0.027210884353741496,4,1,3,1
3813,15,baselines_work/cohorte/csharp/CODE_ESTRU_CS_002/CODE_ESTRU_CS_002.cs,42,baselines_work/cohorte/csharp/CODE_FUN_CS_013/CODE_FUN_CS_013.cs,0.028368794326241134,4,1,3,1
3814,15,baselines_work/cohorte/csharp/CODE_ESTRU_CS_002/CODE_ESTRU_CS_002.cs,43,baselines_work/cohorte/csharp/CODE_FUN_CS_014/CODE_FUN_CS_014.cs,0.03225806451612903,4,1,3,1
3815,15,baselines_work/cohorte/csharp/CODE_ESTRU_CS_002/CODE_ESTRU_CS_002.cs,44,baselines_work/cohorte/csharp/CODE_FUN_CS_015/CODE_FUN_CS_015.cs,0.02857142857142857,4,1,3,1
3868,20,baselines_work/cohorte/csharp/CODE_ESTRU_CS_003/CODE_ESTRU_CS_003.cs,37,baselines_work/cohorte/csharp/CODE_FUN_CS_011/CODE_FUN_CS_011.cs,0.024844720496894408,4,1,3,1
3871,20,baselines_work/cohorte/csharp/CODE_ESTRU_CS_003/CODE_ESTRU_CS_003.cs,43,baselines_work/cohorte/csharp/CODE_FUN_CS_014/CODE_FUN_CS_014.cs,0.028985507246376812,4,1,3,1
3872,20,baselines_work/cohorte/csharp/CODE_ESTRU_CS_003/CODE_ESTRU_CS_003.cs,44,baselines_work/cohorte/csharp/CODE_FUN_CS_015/CODE_FUN_CS_015.cs,0.025974025974025976,4,1,3,1
3927,14,baselines_work/cohorte/csharp/CODE_ESTRU_CS_004/CODE_ESTRU_CS_004.cs,43,baselines_work/cohorte/csharp/CODE_FUN_CS_014/CODE_FUN_CS_014.cs,0.012698412698412698,4,2,2,2
3953,14,baselines_work/cohorte/csharp/CODE_ESTRU_CS_004/CODE_ESTRU_CS_004.cs,69,baselines_work/cohorte/csharp/CODE_IDENT_CS_013/CODE_IDENT_CS_013.cs,0.013422818791946308,4,1,1,3
3954,14,baselines_work/cohorte/csharp/CODE_ESTRU_CS_004/CODE_ESTRU_CS_004.cs,71,baselines_work/cohorte/csharp/CODE_IDENT_CS_013_COPY/CODE_IDENT_CS_013.cs,0.013422818791946308,4,1,1,3
3981,19,baselines_work/cohorte/csharp/CODE_ESTRU_CS_005/CODE_ESTRU_CS_005.cs,42,baselines_work/cohorte/csharp/CODE_FUN_CS_013/CODE_FUN_CS_013.cs,0.029411764705882353,4,1,1,3
4186,23,baselines_work/cohorte/csharp/CODE_ESTRU_CS_009/CODE_ESTRU_CS_009.cs,36,baselines_work/cohorte/csharp/CODE_FUN_CS_008/CODE_FUN_CS_008.cs,0.024539877300613498,4,1,2,2
4241,24,baselines_work/cohorte/csharp/CODE_ESTRU_CS_010/CODE_ESTRU_CS_010.cs,42,baselines_work/cohorte/csharp/CODE_FUN_CS_013/CODE_FUN_CS_013.cs,0.031496062992125984,4,1,1,3
4258,24,baselines_work/cohorte/csharp/CODE_ESTRU_CS_010/CODE_ESTRU_CS_010.cs,58,baselines_work/cohorte/csharp/CODE_IDENT_CS_008/CODE_IDENT_CS_008.cs,0.03333333333333333,4,1,1,3
4259,24,baselines_work/cohorte/csharp/CODE_ESTRU_CS_010/CODE_ESTRU_CS_010.cs,65,baselines_work/cohorte/csharp/CODE_IDENT_CS_008_COPY/CODE_IDENT_CS_008.cs,0.03333333333333333,4,1,1,3
4270,24,baselines_work/cohorte/csharp/CODE_ESTRU_CS_010/CODE_ESTRU_CS_010.cs,72,baselines_work/cohorte/csharp/CODE_IDENT_CS_014/CODE_IDENT_CS_014.cs,0.05128205128205128,4,1,2,2
4271,24,baselines_work/cohorte/csharp/CODE_ESTRU_CS_010/CODE_ESTRU_CS_010.cs,70,baselines_work/cohorte/csharp/CODE_IDENT_CS_014_COPY/CODE_IDENT_CS_014.cs,0.05128205128205128,4,1,2,2
4465,26,baselines_work/cohorte/csharp/CODE_ESTRU_CS_015/CODE_ESTRU_CS_015.cs,29,baselines_work/cohorte/csharp/CODE_FUN_CS_002/CODE_FUN_CS_002.cs,0.05263157894736842,4,1,2,2
4478,26,baselines_work/cohorte/csharp/CODE_ESTRU_CS_015/CODE_ESTRU_CS_015.cs,44,baselines_work/cohorte/csharp/CODE_FUN_CS_015/CODE_FUN_CS_015.cs,0.0273972602739726,4,1,2,2
4519,33,baselines_work/cohorte/csharp/CODE_FUN_CS_001/CODE_FUN_CS_001.cs,41,baselines_work/cohorte/csharp/CODE_FUN_CS_012/CODE_FUN_CS_012.cs,0.023121387283236993,4,2,2,2
4521,33,baselines_work/cohorte/csharp/CODE_FUN_CS_001/CODE_FUN_CS_001.cs,43,baselines_work/cohorte/csharp/CODE_FUN_CS_014/CODE_FUN_CS_014.cs,0.024539877300613498,4,1,2,2
4721,40,baselines_work/cohorte/csharp/CODE_FUN_CS_006/CODE_FUN_CS_006.cs,39,baselines_work/cohorte/csharp/CODE_FUN_CS_009/CODE_FUN_CS_009.cs,0.025157232704402517,4,1,2,2
4723,40,baselines_work/cohorte/csharp/CODE_FUN_CS_006/CODE_FUN_CS_006.cs,37,baselines_work/cohorte/csharp/CODE_FUN_CS_011/CODE_FUN_CS_011.cs,0.02072538860103627,4,1,2,2
4752,40,baselines_work/cohorte/csharp/CODE_FUN_CS_006/CODE_FUN_CS_006.cs,69,baselines_work/cohorte/csharp/CODE_IDENT_CS_013/CODE_IDENT_CS_013.cs,0.026143790849673203,4,1,1,3
4753,40,baselines_work/cohorte/csharp/CODE_FUN_CS_006/CODE_FUN_CS_006.cs,71,baselines_work/cohorte/csharp/CODE_IDENT_CS_013_COPY/CODE_IDENT_CS_013.cs,0.026143790849673203,4,1,1,3
4770,35,baselines_work/cohorte/csharp/CODE_FUN_CS_007/CODE_FUN_CS_007.cs,51,baselines_work/cohorte/csharp/CODE_IDENT_CS_003/CODE_IDENT_CS_003.cs,0.041666666666666664,4,1,2,2
4771,35,baselines_work/cohorte/csharp/CODE_FUN_CS_007/CODE_FUN_CS_007.cs,49,baselines_work/cohorte/csharp/CODE_IDENT_CS_003_COPY/CODE_IDENT_CS_003.cs,0.041666666666666664,4,1,2,2
4780,35,baselines_work/cohorte/csharp/CODE_FUN_CS_007/CODE_FUN_CS_007.cs,58,baselines_work/cohorte/csharp/CODE_IDENT_CS_008/CODE_IDENT_CS_008.cs,0.024691358024691357,4,1,1,3
4781,35,baselines_work/cohorte/csharp/CODE_FUN_CS_007/CODE_FUN_CS_007.cs,65,baselines_work/cohorte/csharp/CODE_IDENT_CS_008_COPY/CODE_IDENT_CS_008.cs,0.024691358024691357,4,1,1,3
4819,36,baselines_work/cohorte/csharp/CODE_FUN_CS_008/CODE_FUN_CS_008.cs,62,baselines_work/cohorte/csharp/CODE_IDENT_CS_009/CODE_IDENT_CS_009.cs,0.020942408376963352,4,1,2,2
4820,36,baselines_work/cohorte/csharp/CODE_FUN_CS_008/CODE_FUN_CS_008.cs,61,baselines_work/cohorte/csharp/CODE_IDENT_CS_009_COPY/CODE_IDENT_CS_009.cs,0.020942408376963352,4,1,2,2
4827,36,baselines_work/cohorte/csharp/CODE_FUN_CS_008/CODE_FUN_CS_008.cs,69,baselines_work/cohorte/csharp/CODE_IDENT_CS_013/CODE_IDENT_CS_013.cs,0.02040816326530612,4,1,1,3
4828,36,baselines_work/cohorte/csharp/CODE_FUN_CS_008/CODE_FUN_CS_008.cs,71,baselines_work/cohorte/csharp/CODE_IDENT_CS_013_COPY/CODE_IDENT_CS_013.cs,0.02040816326530612,4,1,1,3
4871,38,baselines_work/cohorte/csharp/CODE_FUN_CS_010/CODE_FUN_CS_010.cs,42,baselines_work/cohorte/csharp/CODE_FUN_CS_013/CODE_FUN_CS_013.cs,0.02666666666666667,4,1,1,3
4975,42,baselines_work/cohorte/csharp/CODE_FUN_CS_013/CODE_FUN_CS_013.cs,46,baselines_work/cohorte/csharp/CODE_IDENT_CS_002/CODE_IDENT_CS_002.cs,0.032,4,1,2,2
4976,42,baselines_work/cohorte/csharp/CODE_FUN_CS_013/CODE_FUN_CS_013.cs,48,baselines_work/cohorte/csharp/CODE_IDENT_CS_002_COPY/CODE_IDENT_CS_002.cs,0.032,4,1,2,2
4979,42,baselines_work/cohorte/csharp/CODE_FUN_CS_013/CODE_FUN_CS_013.cs,52,baselines_work/cohorte/csharp/CODE_IDENT_CS_004/CODE_IDENT_CS_004.cs,0.01593625498007968,4,1,2,2
4980,42,baselines_work/cohorte/csharp/CODE_FUN_CS_013/CODE_FUN_CS_013.cs,50,baselines_work/cohorte/csharp/CODE_IDENT_CS_004_COPY/CODE_IDENT_CS_004.cs,0.01593625498007968,4,1,2,2
4991,42,baselines_work/cohorte/csharp/CODE_FUN_CS_013/CODE_FUN_CS_013.cs,64,baselines_work/cohorte/csharp/CODE_IDENT_CS_010/CODE_IDENT_CS_010.cs,0.022099447513812154,4,1,3,1
4992,42,baselines_work/cohorte/csharp/CODE_FUN_CS_013/CODE_FUN_CS_013.cs,59,baselines_work/cohorte/csharp/CODE_IDENT_CS_010_COPY/CODE_IDENT_CS_010.cs,0.022099447513812154,4,1,3,1
5062,44,baselines_work/cohorte/csharp/CODE_FUN_CS_015/CODE_FUN_CS_015.cs,73,baselines_work/cohorte/csharp/CODE_IDENT_CS_015/CODE_IDENT_CS_015.cs,0.023255813953488372,4,1,2,2
5063,44,baselines_work/cohorte/csharp/CODE_FUN_CS_015/CODE_FUN_CS_015.cs,74,baselines_work/cohorte/csharp/CODE_IDENT_CS_015_COPY/CODE_IDENT_CS_015.cs,0.023255813953488372,4,1,2,2
5183,51,baselines_work/cohorte/csharp/CODE_IDENT_CS_003/CODE_IDENT_CS_003.cs,58,baselines_work/cohorte/csharp/CODE_IDENT_CS_008/CODE_IDENT_CS_008.cs,0.031746031746031744,4,1,1,3
5184,51,baselines_work/cohorte/csharp/CODE_IDENT_CS_003/CODE_IDENT_CS_003.cs,65,baselines_work/cohorte/csharp/CODE_IDENT_CS_008_COPY/CODE_IDENT_CS_008.cs,0.031746031746031744,4,1,1,3
5207,49,baselines_work/cohorte/csharp/CODE_IDENT_CS_003_COPY/CODE_IDENT_CS_003.cs,58,baselines_work/cohorte/csharp/CODE_IDENT_CS_008/CODE_IDENT_CS_008.cs,0.031746031746031744,4,1,1,3
5208,49,baselines_work/cohorte/csharp/CODE_IDENT_CS_003_COPY/CODE_IDENT_CS_003.cs,65,baselines_work/cohorte/csharp/CODE_IDENT_CS_008_COPY/CODE_IDENT_CS_008.cs,0.031746031746031744,4,1,1,3
5382,58,baselines_work/cohorte/csharp/CODE_IDENT_CS_008/CODE_IDENT_CS_008.cs,64,baselines_work/cohorte/csharp/CODE_IDENT_CS_010/CODE_IDENT_CS_010.cs,0.02531645569620253,4,1,3,1
5383,58,baselines_work/cohorte/csharp/CODE_IDENT_CS_008/CODE_IDENT_CS_008.cs,59,baselines_work/cohorte/csharp/CODE_IDENT_CS_010_COPY/CODE_IDENT_CS_010.cs,0.02531645569620253,4,1,3,1
5396,65,baselines_work/cohorte/csharp/CODE_IDENT_CS_008_COPY/CODE_IDENT_CS_008.cs,64,baselines_work/cohorte/csharp/CODE_IDENT_CS_010/CODE_IDENT_CS_010.cs,0.02531645569620253,4,1,3,1
5397,65,baselines_work/cohorte/csharp/CODE_IDENT_CS_008_COPY/CODE_IDENT_CS_008.cs,59,baselines_work/cohorte/csharp/CODE_IDENT_CS_010_COPY/CODE_IDENT_CS_010.cs,0.02531645569620253,4,1,3,1
5440,64,baselines_work/cohorte/csharp/CODE_IDENT_CS_010/CODE_IDENT_CS_010.cs,72,baselines_work/cohorte/csharp/CODE_IDENT_CS_014/CODE_IDENT_CS_014.cs,0.05128205128205128,4,1,2,2
5441,64,baselines_work/cohorte/csharp/CODE_IDENT_CS_010/CODE_IDENT_CS_010.cs,70,baselines_work/cohorte/csharp/CODE_IDENT_CS_014_COPY/CODE_IDENT_CS_014.cs,0.05128205128205128,4,1,2,2
5450,59,baselines_work/cohorte/csharp/CODE_IDENT_CS_010_COPY/CODE_IDENT_CS_010.cs,72,baselines_work/cohorte/csharp/CODE_IDENT_CS_014/CODE_IDENT_CS_014.cs,0.05128205128205128,4,1,2,2
5451,59,baselines_work/cohorte/csharp/CODE_IDENT_CS_010_COPY/CODE_IDENT_CS_010.cs,70,baselines_work/cohorte/csharp/CODE_IDENT_CS_014_COPY/CODE_IDENT_CS_014.cs,0.05128205128205128,4,1,2,2
2733,2,baselines_work/cohorte/csharp/CODE_DIF_CS_001/CODE_DIF_CS_001.cs,7,baselines_work/cohorte/csharp/CODE_DIF_CS_011/CODE_DIF_CS_011.cs,0.007537688442211055,3,1,1,2
2757,2,baselines_work/cohorte/csharp/CODE_DIF_CS_001/CODE_DIF_CS_001.cs,34,baselines_work/cohorte/csharp/CODE_FUN_CS_005/CODE_FUN_CS_005.cs,0.01935483870967742,3,1,2,1
2883,4,baselines_work/cohorte/csharp/CODE_DIF_CS_003/CODE_DIF_CS_003.cs,17,baselines_work/cohorte/csharp/CODE_ESTRU_CS_001/CODE_ESTRU_CS_001.cs,0.009146341463414634,3,1,2,1
2891,4,baselines_work/cohorte/csharp/CODE_DIF_CS_003/CODE_DIF_CS_003.cs,23,baselines_work/cohorte/csharp/CODE_ESTRU_CS_009/CODE_ESTRU_CS_009.cs,0.00967741935483871,3,1,2,1
2901,4,baselines_work/cohorte/csharp/CODE_DIF_CS_003/CODE_DIF_CS_003.cs,30,baselines_work/cohorte/csharp/CODE_FUN_CS_004/CODE_FUN_CS_004.cs,0.007159904534606206,3,1,1,2
2903,4,baselines_work/cohorte/csharp/CODE_DIF_CS_003/CODE_DIF_CS_003.cs,40,baselines_work/cohorte/csharp/CODE_FUN_CS_006/CODE_FUN_CS_006.cs,0.008928571428571428,3,1,2,1
2906,4,baselines_work/cohorte/csharp/CODE_DIF_CS_003/CODE_DIF_CS_003.cs,39,baselines_work/cohorte/csharp/CODE_FUN_CS_009/CODE_FUN_CS_009.cs,0.009345794392523364,3,1,2,1
2907,4,baselines_work/cohorte/csharp/CODE_DIF_CS_003/CODE_DIF_CS_003.cs,38,baselines_work/cohorte/csharp/CODE_FUN_CS_010/CODE_FUN_CS_010.cs,0.009174311926605505,3,1,2,1
2929,4,baselines_work/cohorte/csharp/CODE_DIF_CS_003/CODE_DIF_CS_003.cs,62,baselines_work/cohorte/csharp/CODE_IDENT_CS_009/CODE_IDENT_CS_009.cs,0.00967741935483871,3,1,2,1
2930,4,baselines_work/cohorte/csharp/CODE_DIF_CS_003/CODE_DIF_CS_003.cs,61,baselines_work/cohorte/csharp/CODE_IDENT_CS_009_COPY/CODE_IDENT_CS_009.cs,0.00967741935483871,3,1,2,1
3185,9,baselines_work/cohorte/csharp/CODE_DIF_CS_007/CODE_DIF_CS_007.cs,38,baselines_work/cohorte/csharp/CODE_FUN_CS_010/CODE_FUN_CS_010.cs,0.008902077151335312,3,1,2,1
3423,7,baselines_work/cohorte/csharp/CODE_DIF_CS_011/CODE_DIF_CS_011.cs,17,baselines_work/cohorte/csharp/CODE_ESTRU_CS_001/CODE_ESTRU_CS_001.cs,0.008620689655172414,3,1,2,1
3453,7,baselines_work/cohorte/csharp/CODE_DIF_CS_011/CODE_DIF_CS_011.cs,47,baselines_work/cohorte/csharp/CODE_IDENT_CS_001/CODE_IDENT_CS_001.cs,0.009287925696594427,3,1,2,1
3454,7,baselines_work/cohorte/csharp/CODE_DIF_CS_011/CODE_DIF_CS_011.cs,45,baselines_work/cohorte/csharp/CODE_IDENT_CS_001_COPY/CODE_IDENT_CS_001.cs,0.009287925696594427,3,1,2,1
3494,13,baselines_work/cohorte/csharp/CODE_DIF_CS_012/CODE_DIF_CS_012.cs,23,baselines_work/cohorte/csharp/CODE_ESTRU_CS_009/CODE_ESTRU_CS_009.cs,0.009433962264150943,3,1,2,1
3532,13,baselines_work/cohorte/csharp/CODE_DIF_CS_012/CODE_DIF_CS_012.cs,62,baselines_work/cohorte/csharp/CODE_IDENT_CS_009/CODE_IDENT_CS_009.cs,0.009433962264150943,3,1,2,1
3533,13,baselines_work/cohorte/csharp/CODE_DIF_CS_012/CODE_DIF_CS_012.cs,61,baselines_work/cohorte/csharp/CODE_IDENT_CS_009_COPY/CODE_IDENT_CS_009.cs,0.009433962264150943,3,1,2,1
3558,10,baselines_work/cohorte/csharp/CODE_DIF_CS_013/CODE_DIF_CS_013.cs,25,baselines_work/cohorte/csharp/CODE_ESTRU_CS_011/CODE_ESTRU_CS_011.cs,0.006237006237006237,3,1,1,2
3560,10,baselines_work/cohorte/csharp/CODE_DIF_CS_013/CODE_DIF_CS_013.cs,32,baselines_work/cohorte/csharp/CODE_ESTRU_CS_013/CODE_ESTRU_CS_013.cs,0.006493506493506494,3,1,1,2
3598,10,baselines_work/cohorte/csharp/CODE_DIF_CS_013/CODE_DIF_CS_013.cs,66,baselines_work/cohorte/csharp/CODE_IDENT_CS_011/CODE_IDENT_CS_011.cs,0.00625,3,1,1,2
3599,10,baselines_work/cohorte/csharp/CODE_DIF_CS_013/CODE_DIF_CS_013.cs,68,baselines_work/cohorte/csharp/CODE_IDENT_CS_011_COPY/CODE_IDENT_CS_011.cs,0.00625,3,1,1,2
3693,16,baselines_work/cohorte/csharp/CODE_DIF_CS_015/CODE_DIF_CS_015.cs,38,baselines_work/cohorte/csharp/CODE_FUN_CS_010/CODE_FUN_CS_010.cs,0.008021390374331552,3,1,1,2
4035,21,baselines_work/cohorte/csharp/CODE_ESTRU_CS_006/CODE_ESTRU_CS_006.cs,42,baselines_work/cohorte/csharp/CODE_FUN_CS_013/CODE_FUN_CS_013.cs,0.022222222222222223,3,1,1,2
4088,18,baselines_work/cohorte/csharp/CODE_ESTRU_CS_007/CODE_ESTRU_CS_007.cs,42,baselines_work/cohorte/csharp/CODE_FUN_CS_013/CODE_FUN_CS_013.cs,0.023809523809523808,3,1,1,2
4285,25,baselines_work/cohorte/csharp/CODE_ESTRU_CS_011/CODE_ESTRU_CS_011.cs,36,baselines_work/cohorte/csharp/CODE_FUN_CS_008/CODE_FUN_CS_008.cs,0.013636363636363636,3,1,2,1
4380,32,baselines_work/cohorte/csharp/CODE_ESTRU_CS_013/CODE_ESTRU_CS_013.cs,36,baselines_work/cohorte/csharp/CODE_FUN_CS_008/CODE_FUN_CS_008.cs,0.014778325123152709,3,1,2,1
4640,30,baselines_work/cohorte/csharp/CODE_FUN_CS_004/CODE_FUN_CS_004.cs,35,baselines_work/cohorte/csharp/CODE_FUN_CS_007/CODE_FUN_CS_007.cs,0.012244897959183673,3,1,2,1
4760,35,baselines_work/cohorte/csharp/CODE_FUN_CS_007/CODE_FUN_CS_007.cs,38,baselines_work/cohorte/csharp/CODE_FUN_CS_010/CODE_FUN_CS_010.cs,0.02040816326530612,3,1,1,2
4823,36,baselines_work/cohorte/csharp/CODE_FUN_CS_008/CODE_FUN_CS_008.cs,66,baselines_work/cohorte/csharp/CODE_IDENT_CS_011/CODE_IDENT_CS_011.cs,0.014492753623188406,3,1,1,2
4824,36,baselines_work/cohorte/csharp/CODE_FUN_CS_008/CODE_FUN_CS_008.cs,68,baselines_work/cohorte/csharp/CODE_IDENT_CS_011_COPY/CODE_IDENT_CS_011.cs,0.014492753623188406,3,1,1,2
4878,38,baselines_work/cohorte/csharp/CODE_FUN_CS_010/CODE_FUN_CS_010.cs,51,baselines_work/cohorte/csharp/CODE_IDENT_CS_003/CODE_IDENT_CS_003.cs,0.03896103896103896,3,1,2,1
4879,38,baselines_work/cohorte/csharp/CODE_FUN_CS_010/CODE_FUN_CS_010.cs,49,baselines_work/cohorte/csharp/CODE_IDENT_CS_003_COPY/CODE_IDENT_CS_003.cs,0.03896103896103896,3,1,2,1
4985,42,baselines_work/cohorte/csharp/CODE_FUN_CS_013/CODE_FUN_CS_013.cs,56,baselines_work/cohorte/csharp/CODE_IDENT_CS_007/CODE_IDENT_CS_007.cs,0.021739130434782608,3,1,2,1
4986,42,baselines_work/cohorte/csharp/CODE_FUN_CS_013/CODE_FUN_CS_013.cs,57,baselines_work/cohorte/csharp/CODE_IDENT_CS_007_COPY/CODE_IDENT_CS_007.cs,0.021739130434782608,3,1,2,1
2727,2,baselines_work/cohorte/csharp/CODE_DIF_CS_001/CODE_DIF_CS_001.cs,3,baselines_work/cohorte/csharp/CODE_DIF_CS_005/CODE_DIF_CS_005.cs,0.006802721088435374,2,1,1,1
2731,2,baselines_work/cohorte/csharp/CODE_DIF_CS_001/CODE_DIF_CS_001.cs,8,baselines_work/cohorte/csharp/CODE_DIF_CS_009/CODE_DIF_CS_009.cs,0.007220216606498195,2,1,1,1
2760,2,baselines_work/cohorte/csharp/CODE_DIF_CS_001/CODE_DIF_CS_001.cs,36,baselines_work/cohorte/csharp/CODE_FUN_CS_008/CODE_FUN_CS_008.cs,0.00823045267489712,2,1,1,1
2762,2,baselines_work/cohorte/csharp/CODE_DIF_CS_001/CODE_DIF_CS_001.cs,38,baselines_work/cohorte/csharp/CODE_FUN_CS_010/CODE_FUN_CS_010.cs,0.01092896174863388,2,1,1,1
2778,2,baselines_work/cohorte/csharp/CODE_DIF_CS_001/CODE_DIF_CS_001.cs,60,baselines_work/cohorte/csharp/CODE_IDENT_CS_006/CODE_IDENT_CS_006.cs,0.013333333333333334,2,1,1,1
2779,2,baselines_work/cohorte/csharp/CODE_DIF_CS_001/CODE_DIF_CS_001.cs,55,baselines_work/cohorte/csharp/CODE_IDENT_CS_006_COPY/CODE_IDENT_CS_006.cs,0.013333333333333334,2,1,1,1
2805,1,baselines_work/cohorte/csharp/CODE_DIF_CS_002/CODE_DIF_CS_002.cs,12,baselines_work/cohorte/csharp/CODE_DIF_CS_010/CODE_DIF_CS_010.cs,0.006024096385542169,2,1,1,1
2806,1,baselines_work/cohorte/csharp/CODE_DIF_CS_002/CODE_DIF_CS_002.cs,7,baselines_work/cohorte/csharp/CODE_DIF_CS_011/CODE_DIF_CS_011.cs,0.005263157894736842,2,1,1,1
2820,1,baselines_work/cohorte/csharp/CODE_DIF_CS_002/CODE_DIF_CS_002.cs,24,baselines_work/cohorte/csharp/CODE_ESTRU_CS_010/CODE_ESTRU_CS_010.cs,0.012345679012345678,2,1,1,1
2825,1,baselines_work/cohorte/csharp/CODE_DIF_CS_002/CODE_DIF_CS_002.cs,26,baselines_work/cohorte/csharp/CODE_ESTRU_CS_015/CODE_ESTRU_CS_015.cs,0.0125,2,1,1,1
2830,1,baselines_work/cohorte/csharp/CODE_DIF_CS_002/CODE_DIF_CS_002.cs,34,baselines_work/cohorte/csharp/CODE_FUN_CS_005/CODE_FUN_CS_005.cs,0.014598540145985401,2,1,1,1
2831,1,baselines_work/cohorte/csharp/CODE_DIF_CS_002/CODE_DIF_CS_002.cs,40,baselines_work/cohorte/csharp/CODE_FUN_CS_006/CODE_FUN_CS_006.cs,0.011494252873563218,2,1,1,1
2832,1,baselines_work/cohorte/csharp/CODE_DIF_CS_002/CODE_DIF_CS_002.cs,35,baselines_work/cohorte/csharp/CODE_FUN_CS_007/CODE_FUN_CS_007.cs,0.012658227848101266,2,1,1,1
2834,1,baselines_work/cohorte/csharp/CODE_DIF_CS_002/CODE_DIF_CS_002.cs,39,baselines_work/cohorte/csharp/CODE_FUN_CS_009/CODE_FUN_CS_009.cs,0.012578616352201259,2,1,1,1
2835,1,baselines_work/cohorte/csharp/CODE_DIF_CS_002/CODE_DIF_CS_002.cs,38,baselines_work/cohorte/csharp/CODE_FUN_CS_010/CODE_FUN_CS_010.cs,0.012121212121212121,2,1,1,1
2839,1,baselines_work/cohorte/csharp/CODE_DIF_CS_002/CODE_DIF_CS_002.cs,43,baselines_work/cohorte/csharp/CODE_FUN_CS_014/CODE_FUN_CS_014.cs,0.011764705882352941,2,1,1,1
2859,1,baselines_work/cohorte/csharp/CODE_DIF_CS_002/CODE_DIF_CS_002.cs,64,baselines_work/cohorte/csharp/CODE_IDENT_CS_010/CODE_IDENT_CS_010.cs,0.012345679012345678,2,1,1,1
2860,1,baselines_work/cohorte/csharp/CODE_DIF_CS_002/CODE_DIF_CS_002.cs,59,baselines_work/cohorte/csharp/CODE_IDENT_CS_010_COPY/CODE_IDENT_CS_010.cs,0.012345679012345678,2,1,1,1
2869,1,baselines_work/cohorte/csharp/CODE_DIF_CS_002/CODE_DIF_CS_002.cs,73,baselines_work/cohorte/csharp/CODE_IDENT_CS_015/CODE_IDENT_CS_015.cs,0.012195121951219513,2,1,1,1
2870,1,baselines_work/cohorte/csharp/CODE_DIF_CS_002/CODE_DIF_CS_002.cs,74,baselines_work/cohorte/csharp/CODE_IDENT_CS_015_COPY/CODE_IDENT_CS_015.cs,0.012195121951219513,2,1,1,1
2915,4,baselines_work/cohorte/csharp/CODE_DIF_CS_003/CODE_DIF_CS_003.cs,46,baselines_work/cohorte/csharp/CODE_IDENT_CS_002/CODE_IDENT_CS_002.cs,0.007462686567164179,2,1,1,1
2916,4,baselines_work/cohorte/csharp/CODE_DIF_CS_003/CODE_DIF_CS_003.cs,48,baselines_work/cohorte/csharp/CODE_IDENT_CS_002_COPY/CODE_IDENT_CS_002.cs,0.007462686567164179,2,1,1,1
2919,4,baselines_work/cohorte/csharp/CODE_DIF_CS_003/CODE_DIF_CS_003.cs,52,baselines_work/cohorte/csharp/CODE_IDENT_CS_004/CODE_IDENT_CS_004.cs,0.005076142131979695,2,1,1,1
2920,4,baselines_work/cohorte/csharp/CODE_DIF_CS_003/CODE_DIF_CS_003.cs,50,baselines_work/cohorte/csharp/CODE_IDENT_CS_004_COPY/CODE_IDENT_CS_004.cs,0.005076142131979695,2,1,1,1
2975,0,baselines_work/cohorte/csharp/CODE_DIF_CS_004/CODE_DIF_CS_004.cs,35,baselines_work/cohorte/csharp/CODE_FUN_CS_007/CODE_FUN_CS_007.cs,0.004366812227074236,2,1,1,1
2981,0,baselines_work/cohorte/csharp/CODE_DIF_CS_004/CODE_DIF_CS_004.cs,42,baselines_work/cohorte/csharp/CODE_FUN_CS_013/CODE_FUN_CS_013.cs,0.004106776180698152,2,1,1,1
2982,0,baselines_work/cohorte/csharp/CODE_DIF_CS_004/CODE_DIF_CS_004.cs,43,baselines_work/cohorte/csharp/CODE_FUN_CS_014/CODE_FUN_CS_014.cs,0.00425531914893617,2,1,1,1
3024,3,baselines_work/cohorte/csharp/CODE_DIF_CS_005/CODE_DIF_CS_005.cs,17,baselines_work/cohorte/csharp/CODE_ESTRU_CS_001/CODE_ESTRU_CS_001.cs,0.008403361344537815,2,1,1,1
3032,3,baselines_work/cohorte/csharp/CODE_DIF_CS_005/CODE_DIF_CS_005.cs,23,baselines_work/cohorte/csharp/CODE_ESTRU_CS_009/CODE_ESTRU_CS_009.cs,0.00909090909090909,2,1,1,1
3035,3,baselines_work/cohorte/csharp/CODE_DIF_CS_005/CODE_DIF_CS_005.cs,27,baselines_work/cohorte/csharp/CODE_ESTRU_CS_012/CODE_ESTRU_CS_012.cs,0.008695652173913044,2,1,1,1
3039,3,baselines_work/cohorte/csharp/CODE_DIF_CS_005/CODE_DIF_CS_005.cs,33,baselines_work/cohorte/csharp/CODE_FUN_CS_001/CODE_FUN_CS_001.cs,0.008968609865470852,2,1,1,1
3044,3,baselines_work/cohorte/csharp/CODE_DIF_CS_005/CODE_DIF_CS_005.cs,40,baselines_work/cohorte/csharp/CODE_FUN_CS_006/CODE_FUN_CS_006.cs,0.008130081300813009,2,1,1,1
3050,3,baselines_work/cohorte/csharp/CODE_DIF_CS_005/CODE_DIF_CS_005.cs,41,baselines_work/cohorte/csharp/CODE_FUN_CS_012/CODE_FUN_CS_012.cs,0.007936507936507936,2,1,1,1
3060,3,baselines_work/cohorte/csharp/CODE_DIF_CS_005/CODE_DIF_CS_005.cs,52,baselines_work/cohorte/csharp/CODE_IDENT_CS_004/CODE_IDENT_CS_004.cs,0.006578947368421052,2,1,1,1
3061,3,baselines_work/cohorte/csharp/CODE_DIF_CS_005/CODE_DIF_CS_005.cs,50,baselines_work/cohorte/csharp/CODE_IDENT_CS_004_COPY/CODE_IDENT_CS_004.cs,0.006578947368421052,2,1,1,1
3070,3,baselines_work/cohorte/csharp/CODE_DIF_CS_005/CODE_DIF_CS_005.cs,62,baselines_work/cohorte/csharp/CODE_IDENT_CS_009/CODE_IDENT_CS_009.cs,0.00909090909090909,2,1,1,1
3071,3,baselines_work/cohorte/csharp/CODE_DIF_CS_005/CODE_DIF_CS_005.cs,61,baselines_work/cohorte/csharp/CODE_IDENT_CS_009_COPY/CODE_IDENT_CS_009.cs,0.00909090909090909,2,1,1,1
3076,3,baselines_work/cohorte/csharp/CODE_DIF_CS_005/CODE_DIF_CS_005.cs,63,baselines_work/cohorte/csharp/CODE_IDENT_CS_012/CODE_IDENT_CS_012.cs,0.008695652173913044,2,1,1,1
3077,3,baselines_work/cohorte/csharp/CODE_DIF_CS_005/CODE_DIF_CS_005.cs,67,baselines_work/cohorte/csharp/CODE_IDENT_CS_012_COPY/CODE_IDENT_CS_012.cs,0.008695652173913044,2,1,1,1
3087,6,baselines_work/cohorte/csharp/CODE_DIF_CS_006/CODE_DIF_CS_006.cs,12,baselines_work/cohorte/csharp/CODE_DIF_CS_010/CODE_DIF_CS_010.cs,0.004962779156327543,2,1,1,1
3093,6,baselines_work/cohorte/csharp/CODE_DIF_CS_006/CODE_DIF_CS_006.cs,17,baselines_work/cohorte/csharp/CODE_ESTRU_CS_001/CODE_ESTRU_CS_001.cs,0.008438818565400843,2,1,1,1
3117,6,baselines_work/cohorte/csharp/CODE_DIF_CS_006/CODE_DIF_CS_006.cs,38,baselines_work/cohorte/csharp/CODE_FUN_CS_010/CODE_FUN_CS_010.cs,0.00847457627118644,2,1,1,1
3123,6,baselines_work/cohorte/csharp/CODE_DIF_CS_006/CODE_DIF_CS_006.cs,47,baselines_work/cohorte/csharp/CODE_IDENT_CS_001/CODE_IDENT_CS_001.cs,0.009433962264150943,2,1,1,1
3124,6,baselines_work/cohorte/csharp/CODE_DIF_CS_006/CODE_DIF_CS_006.cs,45,baselines_work/cohorte/csharp/CODE_IDENT_CS_001_COPY/CODE_IDENT_CS_001.cs,0.009433962264150943,2,1,1,1
3145,6,baselines_work/cohorte/csharp/CODE_DIF_CS_006/CODE_DIF_CS_006.cs,63,baselines_work/cohorte/csharp/CODE_IDENT_CS_012/CODE_IDENT_CS_012.cs,0.008733624454148471,2,1,1,1
3146,6,baselines_work/cohorte/csharp/CODE_DIF_CS_006/CODE_DIF_CS_006.cs,67,baselines_work/cohorte/csharp/CODE_IDENT_CS_012_COPY/CODE_IDENT_CS_012.cs,0.008733624454148471,2,1,1,1
3166,9,baselines_work/cohorte/csharp/CODE_DIF_CS_007/CODE_DIF_CS_007.cs,21,baselines_work/cohorte/csharp/CODE_ESTRU_CS_006/CODE_ESTRU_CS_006.cs,0.006493506493506494,2,1,1,1
3167,9,baselines_work/cohorte/csharp/CODE_DIF_CS_007/CODE_DIF_CS_007.cs,18,baselines_work/cohorte/csharp/CODE_ESTRU_CS_007/CODE_ESTRU_CS_007.cs,0.006872852233676976,2,1,1,1
3181,9,baselines_work/cohorte/csharp/CODE_DIF_CS_007/CODE_DIF_CS_007.cs,40,baselines_work/cohorte/csharp/CODE_FUN_CS_006/CODE_FUN_CS_006.cs,0.005780346820809248,2,1,1,1
3184,9,baselines_work/cohorte/csharp/CODE_DIF_CS_007/CODE_DIF_CS_007.cs,39,baselines_work/cohorte/csharp/CODE_FUN_CS_009/CODE_FUN_CS_009.cs,0.006042296072507553,2,1,1,1
3190,9,baselines_work/cohorte/csharp/CODE_DIF_CS_007/CODE_DIF_CS_007.cs,44,baselines_work/cohorte/csharp/CODE_FUN_CS_015/CODE_FUN_CS_015.cs,0.00558659217877095,2,1,1,1
3193,9,baselines_work/cohorte/csharp/CODE_DIF_CS_007/CODE_DIF_CS_007.cs,46,baselines_work/cohorte/csharp/CODE_IDENT_CS_002/CODE_IDENT_CS_002.cs,0.007194244604316547,2,1,1,1
3194,9,baselines_work/cohorte/csharp/CODE_DIF_CS_007/CODE_DIF_CS_007.cs,48,baselines_work/cohorte/csharp/CODE_IDENT_CS_002_COPY/CODE_IDENT_CS_002.cs,0.007194244604316547,2,1,1,1
3203,9,baselines_work/cohorte/csharp/CODE_DIF_CS_007/CODE_DIF_CS_007.cs,56,baselines_work/cohorte/csharp/CODE_IDENT_CS_007/CODE_IDENT_CS_007.cs,0.006872852233676976,2,1,1,1
3204,9,baselines_work/cohorte/csharp/CODE_DIF_CS_007/CODE_DIF_CS_007.cs,57,baselines_work/cohorte/csharp/CODE_IDENT_CS_007_COPY/CODE_IDENT_CS_007.cs,0.006872852233676976,2,1,1,1
3229,5,baselines_work/cohorte/csharp/CODE_DIF_CS_008/CODE_DIF_CS_008.cs,15,baselines_work/cohorte/csharp/CODE_ESTRU_CS_002/CODE_ESTRU_CS_002.cs,0.004545454545454545,2,1,1,1
3230,5,baselines_work/cohorte/csharp/CODE_DIF_CS_008/CODE_DIF_CS_008.cs,20,baselines_work/cohorte/csharp/CODE_ESTRU_CS_003/CODE_ESTRU_CS_003.cs,0.004405286343612335,2,1,1,1
3243,5,baselines_work/cohorte/csharp/CODE_DIF_CS_008/CODE_DIF_CS_008.cs,33,baselines_work/cohorte/csharp/CODE_FUN_CS_001/CODE_FUN_CS_001.cs,0.004228329809725159,2,1,1,1
3247,5,baselines_work/cohorte/csharp/CODE_DIF_CS_008/CODE_DIF_CS_008.cs,34,baselines_work/cohorte/csharp/CODE_FUN_CS_005/CODE_FUN_CS_005.cs,0.004357298474945534,2,1,1,1
3249,5,baselines_work/cohorte/csharp/CODE_DIF_CS_008/CODE_DIF_CS_008.cs,35,baselines_work/cohorte/csharp/CODE_FUN_CS_007/CODE_FUN_CS_007.cs,0.004166666666666667,2,1,1,1
3251,5,baselines_work/cohorte/csharp/CODE_DIF_CS_008/CODE_DIF_CS_008.cs,39,baselines_work/cohorte/csharp/CODE_FUN_CS_009/CODE_FUN_CS_009.cs,0.004158004158004158,2,1,1,1
3294,8,baselines_work/cohorte/csharp/CODE_DIF_CS_009/CODE_DIF_CS_009.cs,17,baselines_work/cohorte/csharp/CODE_ESTRU_CS_001/CODE_ESTRU_CS_001.cs,0.008438818565400843,2,1,1,1
3315,8,baselines_work/cohorte/csharp/CODE_DIF_CS_009/CODE_DIF_CS_009.cs,35,baselines_work/cohorte/csharp/CODE_FUN_CS_007/CODE_FUN_CS_007.cs,0.008733624454148471,2,1,1,1
3316,8,baselines_work/cohorte/csharp/CODE_DIF_CS_009/CODE_DIF_CS_009.cs,36,baselines_work/cohorte/csharp/CODE_FUN_CS_008/CODE_FUN_CS_008.cs,0.006756756756756757,2,1,1,1
3323,8,baselines_work/cohorte/csharp/CODE_DIF_CS_009/CODE_DIF_CS_009.cs,44,baselines_work/cohorte/csharp/CODE_FUN_CS_015/CODE_FUN_CS_015.cs,0.007782101167315175,2,1,1,1
3324,8,baselines_work/cohorte/csharp/CODE_DIF_CS_009/CODE_DIF_CS_009.cs,47,baselines_work/cohorte/csharp/CODE_IDENT_CS_001/CODE_IDENT_CS_001.cs,0.009433962264150943,2,1,1,1
3325,8,baselines_work/cohorte/csharp/CODE_DIF_CS_009/CODE_DIF_CS_009.cs,45,baselines_work/cohorte/csharp/CODE_IDENT_CS_001_COPY/CODE_IDENT_CS_001.cs,0.009433962264150943,2,1,1,1
3374,12,baselines_work/cohorte/csharp/CODE_DIF_CS_010/CODE_DIF_CS_010.cs,33,baselines_work/cohorte/csharp/CODE_FUN_CS_001/CODE_FUN_CS_001.cs,0.006872852233676976,2,1,1,1
3378,12,baselines_work/cohorte/csharp/CODE_DIF_CS_010/CODE_DIF_CS_010.cs,34,baselines_work/cohorte/csharp/CODE_FUN_CS_005/CODE_FUN_CS_005.cs,0.007220216606498195,2,1,1,1
3380,12,baselines_work/cohorte/csharp/CODE_DIF_CS_010/CODE_DIF_CS_010.cs,35,baselines_work/cohorte/csharp/CODE_FUN_CS_007/CODE_FUN_CS_007.cs,0.006711409395973154,2,1,1,1
3389,12,baselines_work/cohorte/csharp/CODE_DIF_CS_010/CODE_DIF_CS_010.cs,47,baselines_work/cohorte/csharp/CODE_IDENT_CS_001/CODE_IDENT_CS_001.cs,0.0071174377224199285,2,1,1,1
3390,12,baselines_work/cohorte/csharp/CODE_DIF_CS_010/CODE_DIF_CS_010.cs,45,baselines_work/cohorte/csharp/CODE_IDENT_CS_001_COPY/CODE_IDENT_CS_001.cs,0.0071174377224199285,2,1,1,1
3430,7,baselines_work/cohorte/csharp/CODE_DIF_CS_011/CODE_DIF_CS_011.cs,22,baselines_work/cohorte/csharp/CODE_ESTRU_CS_008/CODE_ESTRU_CS_008.cs,0.005571030640668524,2,1,1,1
3438,7,baselines_work/cohorte/csharp/CODE_DIF_CS_011/CODE_DIF_CS_011.cs,33,baselines_work/cohorte/csharp/CODE_FUN_CS_001/CODE_FUN_CS_001.cs,0.006006006006006006,2,1,1,1
3444,7,baselines_work/cohorte/csharp/CODE_DIF_CS_011/CODE_DIF_CS_011.cs,35,baselines_work/cohorte/csharp/CODE_FUN_CS_007/CODE_FUN_CS_007.cs,0.0058823529411764705,2,1,1,1
3467,7,baselines_work/cohorte/csharp/CODE_DIF_CS_011/CODE_DIF_CS_011.cs,58,baselines_work/cohorte/csharp/CODE_IDENT_CS_008/CODE_IDENT_CS_008.cs,0.0055248618784530384,2,1,1,1
3468,7,baselines_work/cohorte/csharp/CODE_DIF_CS_011/CODE_DIF_CS_011.cs,65,baselines_work/cohorte/csharp/CODE_IDENT_CS_008_COPY/CODE_IDENT_CS_008.cs,0.0055248618784530384,2,1,1,1
3487,13,baselines_work/cohorte/csharp/CODE_DIF_CS_012/CODE_DIF_CS_012.cs,15,baselines_work/cohorte/csharp/CODE_ESTRU_CS_002/CODE_ESTRU_CS_002.cs,0.006944444444444444,2,1,1,1
3488,13,baselines_work/cohorte/csharp/CODE_DIF_CS_012/CODE_DIF_CS_012.cs,20,baselines_work/cohorte/csharp/CODE_ESTRU_CS_003/CODE_ESTRU_CS_003.cs,0.006622516556291391,2,1,1,1
3492,13,baselines_work/cohorte/csharp/CODE_DIF_CS_012/CODE_DIF_CS_012.cs,18,baselines_work/cohorte/csharp/CODE_ESTRU_CS_007/CODE_ESTRU_CS_007.cs,0.006920415224913495,2,1,1,1
3495,13,baselines_work/cohorte/csharp/CODE_DIF_CS_012/CODE_DIF_CS_012.cs,24,baselines_work/cohorte/csharp/CODE_ESTRU_CS_010/CODE_ESTRU_CS_010.cs,0.006024096385542169,2,1,1,1
3499,13,baselines_work/cohorte/csharp/CODE_DIF_CS_012/CODE_DIF_CS_012.cs,28,baselines_work/cohorte/csharp/CODE_ESTRU_CS_014/CODE_ESTRU_CS_014.cs,0.006493506493506494,2,1,1,1
3501,13,baselines_work/cohorte/csharp/CODE_DIF_CS_012/CODE_DIF_CS_012.cs,33,baselines_work/cohorte/csharp/CODE_FUN_CS_001/CODE_FUN_CS_001.cs,0.006230529595015576,2,1,1,1
3505,13,baselines_work/cohorte/csharp/CODE_DIF_CS_012/CODE_DIF_CS_012.cs,34,baselines_work/cohorte/csharp/CODE_FUN_CS_005/CODE_FUN_CS_005.cs,0.006514657980456026,2,1,1,1
3528,13,baselines_work/cohorte/csharp/CODE_DIF_CS_012/CODE_DIF_CS_012.cs,56,baselines_work/cohorte/csharp/CODE_IDENT_CS_007/CODE_IDENT_CS_007.cs,0.006920415224913495,2,1,1,1
3529,13,baselines_work/cohorte/csharp/CODE_DIF_CS_012/CODE_DIF_CS_012.cs,57,baselines_work/cohorte/csharp/CODE_IDENT_CS_007_COPY/CODE_IDENT_CS_007.cs,0.006920415224913495,2,1,1,1
3534,13,baselines_work/cohorte/csharp/CODE_DIF_CS_012/CODE_DIF_CS_012.cs,64,baselines_work/cohorte/csharp/CODE_IDENT_CS_010/CODE_IDENT_CS_010.cs,0.006024096385542169,2,1,1,1
3535,13,baselines_work/cohorte/csharp/CODE_DIF_CS_012/CODE_DIF_CS_012.cs,59,baselines_work/cohorte/csharp/CODE_IDENT_CS_010_COPY/CODE_IDENT_CS_010.cs,0.006024096385542169,2,1,1,1
3548,10,baselines_work/cohorte/csharp/CODE_DIF_CS_013/CODE_DIF_CS_013.cs,17,baselines_work/cohorte/csharp/CODE_ESTRU_CS_001/CODE_ESTRU_CS_001.cs,0.004149377593360996,2,1,1,1
3567,10,baselines_work/cohorte/csharp/CODE_DIF_CS_013/CODE_DIF_CS_013.cs,34,baselines_work/cohorte/csharp/CODE_FUN_CS_005/CODE_FUN_CS_005.cs,0.004415011037527594,2,1,1,1
3568,10,baselines_work/cohorte/csharp/CODE_DIF_CS_013/CODE_DIF_CS_013.cs,40,baselines_work/cohorte/csharp/CODE_FUN_CS_006/CODE_FUN_CS_006.cs,0.004081632653061225,2,1,1,1
3578,10,baselines_work/cohorte/csharp/CODE_DIF_CS_013/CODE_DIF_CS_013.cs,47,baselines_work/cohorte/csharp/CODE_IDENT_CS_001/CODE_IDENT_CS_001.cs,0.00437636761487965,2,1,1,1
3579,10,baselines_work/cohorte/csharp/CODE_DIF_CS_013/CODE_DIF_CS_013.cs,45,baselines_work/cohorte/csharp/CODE_IDENT_CS_001_COPY/CODE_IDENT_CS_001.cs,0.00437636761487965,2,1,1,1
3618,11,baselines_work/cohorte/csharp/CODE_DIF_CS_014/CODE_DIF_CS_014.cs,24,baselines_work/cohorte/csharp/CODE_ESTRU_CS_010/CODE_ESTRU_CS_010.cs,0.0064516129032258064,2,1,1,1
3622,11,baselines_work/cohorte/csharp/CODE_DIF_CS_014/CODE_DIF_CS_014.cs,28,baselines_work/cohorte/csharp/CODE_ESTRU_CS_014/CODE_ESTRU_CS_014.cs,0.006993006993006993,2,1,1,1
3623,11,baselines_work/cohorte/csharp/CODE_DIF_CS_014/CODE_DIF_CS_014.cs,26,baselines_work/cohorte/csharp/CODE_ESTRU_CS_015/CODE_ESTRU_CS_015.cs,0.006493506493506494,2,1,1,1
3628,11,baselines_work/cohorte/csharp/CODE_DIF_CS_014/CODE_DIF_CS_014.cs,34,baselines_work/cohorte/csharp/CODE_FUN_CS_005/CODE_FUN_CS_005.cs,0.007017543859649123,2,1,1,1
3629,11,baselines_work/cohorte/csharp/CODE_DIF_CS_014/CODE_DIF_CS_014.cs,40,baselines_work/cohorte/csharp/CODE_FUN_CS_006/CODE_FUN_CS_006.cs,0.006211180124223602,2,1,1,1
3634,11,baselines_work/cohorte/csharp/CODE_DIF_CS_014/CODE_DIF_CS_014.cs,37,baselines_work/cohorte/csharp/CODE_FUN_CS_011/CODE_FUN_CS_011.cs,0.005865102639296188,2,1,1,1
3641,11,baselines_work/cohorte/csharp/CODE_DIF_CS_014/CODE_DIF_CS_014.cs,46,baselines_work/cohorte/csharp/CODE_IDENT_CS_002/CODE_IDENT_CS_002.cs,0.007874015748031496,2,1,1,1
3642,11,baselines_work/cohorte/csharp/CODE_DIF_CS_014/CODE_DIF_CS_014.cs,48,baselines_work/cohorte/csharp/CODE_IDENT_CS_002_COPY/CODE_IDENT_CS_002.cs,0.007874015748031496,2,1,1,1
3657,11,baselines_work/cohorte/csharp/CODE_DIF_CS_014/CODE_DIF_CS_014.cs,64,baselines_work/cohorte/csharp/CODE_IDENT_CS_010/CODE_IDENT_CS_010.cs,0.0064516129032258064,2,1,1,1
3658,11,baselines_work/cohorte/csharp/CODE_DIF_CS_014/CODE_DIF_CS_014.cs,59,baselines_work/cohorte/csharp/CODE_IDENT_CS_010_COPY/CODE_IDENT_CS_010.cs,0.0064516129032258064,2,1,1,1
3665,11,baselines_work/cohorte/csharp/CODE_DIF_CS_014/CODE_DIF_CS_014.cs,72,baselines_work/cohorte/csharp/CODE_IDENT_CS_014/CODE_IDENT_CS_014.cs,0.006993006993006993,2,1,1,1
3666,11,baselines_work/cohorte/csharp/CODE_DIF_CS_014/CODE_DIF_CS_014.cs,70,baselines_work/cohorte/csharp/CODE_IDENT_CS_014_COPY/CODE_IDENT_CS_014.cs,0.006993006993006993,2,1,1,1
3667,11,baselines_work/cohorte/csharp/CODE_DIF_CS_014/CODE_DIF_CS_014.cs,73,baselines_work/cohorte/csharp/CODE_IDENT_CS_015/CODE_IDENT_CS_015.cs,0.00641025641025641,2,1,1,1
3668,11,baselines_work/cohorte/csharp/CODE_DIF_CS_014/CODE_DIF_CS_014.cs,74,baselines_work/cohorte/csharp/CODE_IDENT_CS_015_COPY/CODE_IDENT_CS_015.cs,0.00641025641025641,2,1,1,1
3678,16,baselines_work/cohorte/csharp/CODE_DIF_CS_015/CODE_DIF_CS_015.cs,24,baselines_work/cohorte/csharp/CODE_ESTRU_CS_010/CODE_ESTRU_CS_010.cs,0.005390835579514825,2,1,1,1
3688,16,baselines_work/cohorte/csharp/CODE_DIF_CS_015/CODE_DIF_CS_015.cs,34,baselines_work/cohorte/csharp/CODE_FUN_CS_005/CODE_FUN_CS_005.cs,0.005780346820809248,2,1,1,1
3717,16,baselines_work/cohorte/csharp/CODE_DIF_CS_015/CODE_DIF_CS_015.cs,64,baselines_work/cohorte/csharp/CODE_IDENT_CS_010/CODE_IDENT_CS_010.cs,0.005390835579514825,2,1,1,1
3718,16,baselines_work/cohorte/csharp/CODE_DIF_CS_015/CODE_DIF_CS_015.cs,59,baselines_work/cohorte/csharp/CODE_IDENT_CS_010_COPY/CODE_IDENT_CS_010.cs,0.005390835579514825,2,1,1,1
3749,17,baselines_work/cohorte/csharp/CODE_ESTRU_CS_001/CODE_ESTRU_CS_001.cs,35,baselines_work/cohorte/csharp/CODE_FUN_CS_007/CODE_FUN_CS_007.cs,0.0125,2,1,1,1
3790,15,baselines_work/cohorte/csharp/CODE_ESTRU_CS_002/CODE_ESTRU_CS_002.cs,19,baselines_work/cohorte/csharp/CODE_ESTRU_CS_005/CODE_ESTRU_CS_005.cs,0.02666666666666667,2,1,1,1
3793,15,baselines_work/cohorte/csharp/CODE_ESTRU_CS_002/CODE_ESTRU_CS_002.cs,22,baselines_work/cohorte/csharp/CODE_ESTRU_CS_008/CODE_ESTRU_CS_008.cs,0.015267175572519083,2,1,1,1
3830,15,baselines_work/cohorte/csharp/CODE_ESTRU_CS_002/CODE_ESTRU_CS_002.cs,58,baselines_work/cohorte/csharp/CODE_IDENT_CS_008/CODE_IDENT_CS_008.cs,0.014925373134328358,2,1,1,1
3831,15,baselines_work/cohorte/csharp/CODE_ESTRU_CS_002/CODE_ESTRU_CS_002.cs,65,baselines_work/cohorte/csharp/CODE_IDENT_CS_008_COPY/CODE_IDENT_CS_008.cs,0.014925373134328358,2,1,1,1
3847,20,baselines_work/cohorte/csharp/CODE_ESTRU_CS_003/CODE_ESTRU_CS_003.cs,19,baselines_work/cohorte/csharp/CODE_ESTRU_CS_005/CODE_ESTRU_CS_005.cs,0.02247191011235955,2,1,1,1
3850,20,baselines_work/cohorte/csharp/CODE_ESTRU_CS_003/CODE_ESTRU_CS_003.cs,22,baselines_work/cohorte/csharp/CODE_ESTRU_CS_008/CODE_ESTRU_CS_008.cs,0.013793103448275862,2,1,1,1
3852,20,baselines_work/cohorte/csharp/CODE_ESTRU_CS_003/CODE_ESTRU_CS_003.cs,24,baselines_work/cohorte/csharp/CODE_ESTRU_CS_010/CODE_ESTRU_CS_010.cs,0.015384615384615385,2,1,1,1
3867,20,baselines_work/cohorte/csharp/CODE_ESTRU_CS_003/CODE_ESTRU_CS_003.cs,38,baselines_work/cohorte/csharp/CODE_FUN_CS_010/CODE_FUN_CS_010.cs,0.015037593984962405,2,1,1,1
3887,20,baselines_work/cohorte/csharp/CODE_ESTRU_CS_003/CODE_ESTRU_CS_003.cs,58,baselines_work/cohorte/csharp/CODE_IDENT_CS_008/CODE_IDENT_CS_008.cs,0.013513513513513514,2,1,1,1
3888,20,baselines_work/cohorte/csharp/CODE_ESTRU_CS_003/CODE_ESTRU_CS_003.cs,65,baselines_work/cohorte/csharp/CODE_IDENT_CS_008_COPY/CODE_IDENT_CS_008.cs,0.013513513513513514,2,1,1,1
3891,20,baselines_work/cohorte/csharp/CODE_ESTRU_CS_003/CODE_ESTRU_CS_003.cs,64,baselines_work/cohorte/csharp/CODE_IDENT_CS_010/CODE_IDENT_CS_010.cs,0.015384615384615385,2,1,1,1
3892,20,baselines_work/cohorte/csharp/CODE_ESTRU_CS_003/CODE_ESTRU_CS_003.cs,59,baselines_work/cohorte/csharp/CODE_IDENT_CS_010_COPY/CODE_IDENT_CS_010.cs,0.015384615384615385,2,1,1,1
3924,14,baselines_work/cohorte/csharp/CODE_ESTRU_CS_004/CODE_ESTRU_CS_004.cs,37,baselines_work/cohorte/csharp/CODE_FUN_CS_011/CODE_FUN_CS_011.cs,0.005917159763313609,2,1,1,1
3929,14,baselines_work/cohorte/csharp/CODE_ESTRU_CS_004/CODE_ESTRU_CS_004.cs,47,baselines_work/cohorte/csharp/CODE_IDENT_CS_001/CODE_IDENT_CS_001.cs,0.006993006993006993,2,1,1,1
3930,14,baselines_work/cohorte/csharp/CODE_ESTRU_CS_004/CODE_ESTRU_CS_004.cs,45,baselines_work/cohorte/csharp/CODE_IDENT_CS_001_COPY/CODE_IDENT_CS_001.cs,0.006993006993006993,2,1,1,1
3939,14,baselines_work/cohorte/csharp/CODE_ESTRU_CS_004/CODE_ESTRU_CS_004.cs,60,baselines_work/cohorte/csharp/CODE_IDENT_CS_006/CODE_IDENT_CS_006.cs,0.007220216606498195,2,1,1,1
3940,14,baselines_work/cohorte/csharp/CODE_ESTRU_CS_004/CODE_ESTRU_CS_004.cs,55,baselines_work/cohorte/csharp/CODE_IDENT_CS_006_COPY/CODE_IDENT_CS_006.cs,0.007220216606498195,2,1,1,1
3963,19,baselines_work/cohorte/csharp/CODE_ESTRU_CS_005/CODE_ESTRU_CS_005.cs,24,baselines_work/cohorte/csharp/CODE_ESTRU_CS_010/CODE_ESTRU_CS_010.cs,0.018018018018018018,2,1,1,1
3978,19,baselines_work/cohorte/csharp/CODE_ESTRU_CS_005/CODE_ESTRU_CS_005.cs,38,baselines_work/cohorte/csharp/CODE_FUN_CS_010/CODE_FUN_CS_010.cs,0.017543859649122806,2,1,1,1
4002,19,baselines_work/cohorte/csharp/CODE_ESTRU_CS_005/CODE_ESTRU_CS_005.cs,64,baselines_work/cohorte/csharp/CODE_IDENT_CS_010/CODE_IDENT_CS_010.cs,0.018018018018018018,2,1,1,1
4003,19,baselines_work/cohorte/csharp/CODE_ESTRU_CS_005/CODE_ESTRU_CS_005.cs,59,baselines_work/cohorte/csharp/CODE_IDENT_CS_010_COPY/CODE_IDENT_CS_010.cs,0.018018018018018018,2,1,1,1
4014,21,baselines_work/cohorte/csharp/CODE_ESTRU_CS_006/CODE_ESTRU_CS_006.cs,18,baselines_work/cohorte/csharp/CODE_ESTRU_CS_007/CODE_ESTRU_CS_007.cs,0.029850746268656716,2,1,1,1
4016,21,baselines_work/cohorte/csharp/CODE_ESTRU_CS_006/CODE_ESTRU_CS_006.cs,23,baselines_work/cohorte/csharp/CODE_ESTRU_CS_009/CODE_ESTRU_CS_009.cs,0.020833333333333332,2,1,1,1
4017,21,baselines_work/cohorte/csharp/CODE_ESTRU_CS_006/CODE_ESTRU_CS_006.cs,24,baselines_work/cohorte/csharp/CODE_ESTRU_CS_010/CODE_ESTRU_CS_010.cs,0.01818181818181818,2,1,1,1
4021,21,baselines_work/cohorte/csharp/CODE_ESTRU_CS_006/CODE_ESTRU_CS_006.cs,28,baselines_work/cohorte/csharp/CODE_ESTRU_CS_014/CODE_ESTRU_CS_014.cs,0.023255813953488372,2,1,1,1
4028,21,baselines_work/cohorte/csharp/CODE_ESTRU_CS_006/CODE_ESTRU_CS_006.cs,40,baselines_work/cohorte/csharp/CODE_FUN_CS_006/CODE_FUN_CS_006.cs,0.01639344262295082,2,1,1,1
4033,21,baselines_work/cohorte/csharp/CODE_ESTRU_CS_006/CODE_ESTRU_CS_006.cs,37,baselines_work/cohorte/csharp/CODE_FUN_CS_011/CODE_FUN_CS_011.cs,0.014184397163120567,2,1,1,1
4037,21,baselines_work/cohorte/csharp/CODE_ESTRU_CS_006/CODE_ESTRU_CS_006.cs,44,baselines_work/cohorte/csharp/CODE_FUN_CS_015/CODE_FUN_CS_015.cs,0.014925373134328358,2,1,1,1
4040,21,baselines_work/cohorte/csharp/CODE_ESTRU_CS_006/CODE_ESTRU_CS_006.cs,46,baselines_work/cohorte/csharp/CODE_IDENT_CS_002/CODE_IDENT_CS_002.cs,0.037037037037037035,2,1,1,1
4041,21,baselines_work/cohorte/csharp/CODE_ESTRU_CS_006/CODE_ESTRU_CS_006.cs,48,baselines_work/cohorte/csharp/CODE_IDENT_CS_002_COPY/CODE_IDENT_CS_002.cs,0.037037037037037035,2,1,1,1
4050,21,baselines_work/cohorte/csharp/CODE_ESTRU_CS_006/CODE_ESTRU_CS_006.cs,56,baselines_work/cohorte/csharp/CODE_IDENT_CS_007/CODE_IDENT_CS_007.cs,0.029850746268656716,2,1,1,1
4051,21,baselines_work/cohorte/csharp/CODE_ESTRU_CS_006/CODE_ESTRU_CS_006.cs,57,baselines_work/cohorte/csharp/CODE_IDENT_CS_007_COPY/CODE_IDENT_CS_007.cs,0.029850746268656716,2,1,1,1
4054,21,baselines_work/cohorte/csharp/CODE_ESTRU_CS_006/CODE_ESTRU_CS_006.cs,62,baselines_work/cohorte/csharp/CODE_IDENT_CS_009/CODE_IDENT_CS_009.cs,0.020833333333333332,2,1,1,1
4055,21,baselines_work/cohorte/csharp/CODE_ESTRU_CS_006/CODE_ESTRU_CS_006.cs,61,baselines_work/cohorte/csharp/CODE_IDENT_CS_009_COPY/CODE_IDENT_CS_009.cs,0.020833333333333332,2,1,1,1
4056,21,baselines_work/cohorte/csharp/CODE_ESTRU_CS_006/CODE_ESTRU_CS_006.cs,64,baselines_work/cohorte/csharp/CODE_IDENT_CS_010/CODE_IDENT_CS_010.cs,0.01818181818181818,2,1,1,1
4057,21,baselines_work/cohorte/csharp/CODE_ESTRU_CS_006/CODE_ESTRU_CS_006.cs,59,baselines_work/cohorte/csharp/CODE_IDENT_CS_010_COPY/CODE_IDENT_CS_010.cs,0.01818181818181818,2,1,1,1
4086,18,baselines_work/cohorte/csharp/CODE_ESTRU_CS_007/CODE_ESTRU_CS_007.cs,37,baselines_work/cohorte/csharp/CODE_FUN_CS_011/CODE_FUN_CS_011.cs,0.015151515151515152,2,1,1,1
4090,18,baselines_work/cohorte/csharp/CODE_ESTRU_CS_007/CODE_ESTRU_CS_007.cs,44,baselines_work/cohorte/csharp/CODE_FUN_CS_015/CODE_FUN_CS_015.cs,0.016,2,1,1,1
4124,22,baselines_work/cohorte/csharp/CODE_ESTRU_CS_008/CODE_ESTRU_CS_008.cs,27,baselines_work/cohorte/csharp/CODE_ESTRU_CS_012/CODE_ESTRU_CS_012.cs,0.013071895424836602,2,1,1,1
4149,22,baselines_work/cohorte/csharp/CODE_ESTRU_CS_008/CODE_ESTRU_CS_008.cs,52,baselines_work/cohorte/csharp/CODE_IDENT_CS_004/CODE_IDENT_CS_004.cs,0.00881057268722467,2,1,1,1
4150,22,baselines_work/cohorte/csharp/CODE_ESTRU_CS_008/CODE_ESTRU_CS_008.cs,50,baselines_work/cohorte/csharp/CODE_IDENT_CS_004_COPY/CODE_IDENT_CS_004.cs,0.00881057268722467,2,1,1,1
4165,22,baselines_work/cohorte/csharp/CODE_ESTRU_CS_008/CODE_ESTRU_CS_008.cs,63,baselines_work/cohorte/csharp/CODE_IDENT_CS_012/CODE_IDENT_CS_012.cs,0.013071895424836602,2,1,1,1
4166,22,baselines_work/cohorte/csharp/CODE_ESTRU_CS_008/CODE_ESTRU_CS_008.cs,67,baselines_work/cohorte/csharp/CODE_IDENT_CS_012_COPY/CODE_IDENT_CS_012.cs,0.013071895424836602,2,1,1,1
4178,23,baselines_work/cohorte/csharp/CODE_ESTRU_CS_009/CODE_ESTRU_CS_009.cs,26,baselines_work/cohorte/csharp/CODE_ESTRU_CS_015/CODE_ESTRU_CS_015.cs,0.02040816326530612,2,1,1,1
4188,23,baselines_work/cohorte/csharp/CODE_ESTRU_CS_009/CODE_ESTRU_CS_009.cs,38,baselines_work/cohorte/csharp/CODE_FUN_CS_010/CODE_FUN_CS_010.cs,0.019417475728155338,2,1,1,1
4189,23,baselines_work/cohorte/csharp/CODE_ESTRU_CS_009/CODE_ESTRU_CS_009.cs,37,baselines_work/cohorte/csharp/CODE_FUN_CS_011/CODE_FUN_CS_011.cs,0.015267175572519083,2,1,1,1
4191,23,baselines_work/cohorte/csharp/CODE_ESTRU_CS_009/CODE_ESTRU_CS_009.cs,42,baselines_work/cohorte/csharp/CODE_FUN_CS_013/CODE_FUN_CS_013.cs,0.016,2,1,1,1
4196,23,baselines_work/cohorte/csharp/CODE_ESTRU_CS_009/CODE_ESTRU_CS_009.cs,46,baselines_work/cohorte/csharp/CODE_IDENT_CS_002/CODE_IDENT_CS_002.cs,0.045454545454545456,2,1,1,1
4197,23,baselines_work/cohorte/csharp/CODE_ESTRU_CS_009/CODE_ESTRU_CS_009.cs,48,baselines_work/cohorte/csharp/CODE_IDENT_CS_002_COPY/CODE_IDENT_CS_002.cs,0.045454545454545456,2,1,1,1
4231,24,baselines_work/cohorte/csharp/CODE_ESTRU_CS_010/CODE_ESTRU_CS_010.cs,31,baselines_work/cohorte/csharp/CODE_FUN_CS_003/CODE_FUN_CS_003.cs,0.031746031746031744,2,1,1,1
4235,24,baselines_work/cohorte/csharp/CODE_ESTRU_CS_010/CODE_ESTRU_CS_010.cs,35,baselines_work/cohorte/csharp/CODE_FUN_CS_007/CODE_FUN_CS_007.cs,0.02040816326530612,2,1,1,1
4236,24,baselines_work/cohorte/csharp/CODE_ESTRU_CS_010/CODE_ESTRU_CS_010.cs,36,baselines_work/cohorte/csharp/CODE_FUN_CS_008/CODE_FUN_CS_008.cs,0.012121212121212121,2,1,1,1
4248,24,baselines_work/cohorte/csharp/CODE_ESTRU_CS_010/CODE_ESTRU_CS_010.cs,51,baselines_work/cohorte/csharp/CODE_IDENT_CS_003/CODE_IDENT_CS_003.cs,0.037037037037037035,2,1,1,1
4249,24,baselines_work/cohorte/csharp/CODE_ESTRU_CS_010/CODE_ESTRU_CS_010.cs,49,baselines_work/cohorte/csharp/CODE_IDENT_CS_003_COPY/CODE_IDENT_CS_003.cs,0.037037037037037035,2,1,1,1
4254,24,baselines_work/cohorte/csharp/CODE_ESTRU_CS_010/CODE_ESTRU_CS_010.cs,60,baselines_work/cohorte/csharp/CODE_IDENT_CS_006/CODE_IDENT_CS_006.cs,0.027777777777777776,2,1,1,1
4255,24,baselines_work/cohorte/csharp/CODE_ESTRU_CS_010/CODE_ESTRU_CS_010.cs,55,baselines_work/cohorte/csharp/CODE_IDENT_CS_006_COPY/CODE_IDENT_CS_006.cs,0.027777777777777776,2,1,1,1
4278,25,baselines_work/cohorte/csharp/CODE_ESTRU_CS_011/CODE_ESTRU_CS_011.cs,33,baselines_work/cohorte/csharp/CODE_FUN_CS_001/CODE_FUN_CS_001.cs,0.0136986301369863,2,1,1,1
4286,25,baselines_work/cohorte/csharp/CODE_ESTRU_CS_011/CODE_ESTRU_CS_011.cs,39,baselines_work/cohorte/csharp/CODE_FUN_CS_009/CODE_FUN_CS_009.cs,0.012987012987012988,2,1,1,1
4333,27,baselines_work/cohorte/csharp/CODE_ESTRU_CS_012/CODE_ESTRU_CS_012.cs,36,baselines_work/cohorte/csharp/CODE_FUN_CS_008/CODE_FUN_CS_008.cs,0.011560693641618497,2,1,1,1
4336,27,baselines_work/cohorte/csharp/CODE_ESTRU_CS_012/CODE_ESTRU_CS_012.cs,37,baselines_work/cohorte/csharp/CODE_FUN_CS_011/CODE_FUN_CS_011.cs,0.014184397163120567,2,1,1,1
4338,27,baselines_work/cohorte/csharp/CODE_ESTRU_CS_012/CODE_ESTRU_CS_012.cs,42,baselines_work/cohorte/csharp/CODE_FUN_CS_013/CODE_FUN_CS_013.cs,0.014814814814814815,2,1,1,1
4355,27,baselines_work/cohorte/csharp/CODE_ESTRU_CS_012/CODE_ESTRU_CS_012.cs,58,baselines_work/cohorte/csharp/CODE_IDENT_CS_008/CODE_IDENT_CS_008.cs,0.015625,2,1,1,1
4356,27,baselines_work/cohorte/csharp/CODE_ESTRU_CS_012/CODE_ESTRU_CS_012.cs,65,baselines_work/cohorte/csharp/CODE_IDENT_CS_008_COPY/CODE_IDENT_CS_008.cs,0.015625,2,1,1,1
4373,32,baselines_work/cohorte/csharp/CODE_ESTRU_CS_013/CODE_ESTRU_CS_013.cs,33,baselines_work/cohorte/csharp/CODE_FUN_CS_001/CODE_FUN_CS_001.cs,0.015503875968992248,2,1,1,1
4381,32,baselines_work/cohorte/csharp/CODE_ESTRU_CS_013/CODE_ESTRU_CS_013.cs,39,baselines_work/cohorte/csharp/CODE_FUN_CS_009/CODE_FUN_CS_009.cs,0.014598540145985401,2,1,1,1
4419,28,baselines_work/cohorte/csharp/CODE_ESTRU_CS_014/CODE_ESTRU_CS_014.cs,33,baselines_work/cohorte/csharp/CODE_FUN_CS_001/CODE_FUN_CS_001.cs,0.02531645569620253,2,1,1,1
4427,28,baselines_work/cohorte/csharp/CODE_ESTRU_CS_014/CODE_ESTRU_CS_014.cs,39,baselines_work/cohorte/csharp/CODE_FUN_CS_009/CODE_FUN_CS_009.cs,0.022988505747126436,2,1,1,1
4432,28,baselines_work/cohorte/csharp/CODE_ESTRU_CS_014/CODE_ESTRU_CS_014.cs,43,baselines_work/cohorte/csharp/CODE_FUN_CS_014/CODE_FUN_CS_014.cs,0.02040816326530612,2,1,1,1
4444,28,baselines_work/cohorte/csharp/CODE_ESTRU_CS_014/CODE_ESTRU_CS_014.cs,60,baselines_work/cohorte/csharp/CODE_IDENT_CS_006/CODE_IDENT_CS_006.cs,0.03333333333333333,2,1,1,1
4445,28,baselines_work/cohorte/csharp/CODE_ESTRU_CS_014/CODE_ESTRU_CS_014.cs,55,baselines_work/cohorte/csharp/CODE_IDENT_CS_006_COPY/CODE_IDENT_CS_006.cs,0.03333333333333333,2,1,1,1
4464,26,baselines_work/cohorte/csharp/CODE_ESTRU_CS_015/CODE_ESTRU_CS_015.cs,33,baselines_work/cohorte/csharp/CODE_FUN_CS_001/CODE_FUN_CS_001.cs,0.018018018018018018,2,1,1,1
4477,26,baselines_work/cohorte/csharp/CODE_ESTRU_CS_015/CODE_ESTRU_CS_015.cs,43,baselines_work/cohorte/csharp/CODE_FUN_CS_014/CODE_FUN_CS_014.cs,0.015384615384615385,2,1,1,1
4495,26,baselines_work/cohorte/csharp/CODE_ESTRU_CS_015/CODE_ESTRU_CS_015.cs,62,baselines_work/cohorte/csharp/CODE_IDENT_CS_009/CODE_IDENT_CS_009.cs,0.018518518518518517,2,1,1,1
4496,26,baselines_work/cohorte/csharp/CODE_ESTRU_CS_015/CODE_ESTRU_CS_015.cs,61,baselines_work/cohorte/csharp/CODE_IDENT_CS_009_COPY/CODE_IDENT_CS_009.cs,0.018518518518518517,2,1,1,1
4515,33,baselines_work/cohorte/csharp/CODE_FUN_CS_001/CODE_FUN_CS_001.cs,36,baselines_work/cohorte/csharp/CODE_FUN_CS_008/CODE_FUN_CS_008.cs,0.009174311926605505,2,1,1,1
4517,33,baselines_work/cohorte/csharp/CODE_FUN_CS_001/CODE_FUN_CS_001.cs,38,baselines_work/cohorte/csharp/CODE_FUN_CS_010/CODE_FUN_CS_010.cs,0.012658227848101266,2,1,1,1
4523,33,baselines_work/cohorte/csharp/CODE_FUN_CS_001/CODE_FUN_CS_001.cs,47,baselines_work/cohorte/csharp/CODE_IDENT_CS_001/CODE_IDENT_CS_001.cs,0.014925373134328358,2,1,1,1
4524,33,baselines_work/cohorte/csharp/CODE_FUN_CS_001/CODE_FUN_CS_001.cs,45,baselines_work/cohorte/csharp/CODE_IDENT_CS_001_COPY/CODE_IDENT_CS_001.cs,0.014925373134328358,2,1,1,1
4543,33,baselines_work/cohorte/csharp/CODE_FUN_CS_001/CODE_FUN_CS_001.cs,66,baselines_work/cohorte/csharp/CODE_IDENT_CS_011/CODE_IDENT_CS_011.cs,0.012738853503184714,2,1,1,1
4544,33,baselines_work/cohorte/csharp/CODE_FUN_CS_001/CODE_FUN_CS_001.cs,68,baselines_work/cohorte/csharp/CODE_IDENT_CS_011_COPY/CODE_IDENT_CS_011.cs,0.012738853503184714,2,1,1,1
4549,33,baselines_work/cohorte/csharp/CODE_FUN_CS_001/CODE_FUN_CS_001.cs,72,baselines_work/cohorte/csharp/CODE_IDENT_CS_014/CODE_IDENT_CS_014.cs,0.015267175572519083,2,1,1,1
4550,33,baselines_work/cohorte/csharp/CODE_FUN_CS_001/CODE_FUN_CS_001.cs,70,baselines_work/cohorte/csharp/CODE_IDENT_CS_014_COPY/CODE_IDENT_CS_014.cs,0.015267175572519083,2,1,1,1
4551,33,baselines_work/cohorte/csharp/CODE_FUN_CS_001/CODE_FUN_CS_001.cs,73,baselines_work/cohorte/csharp/CODE_IDENT_CS_015/CODE_IDENT_CS_015.cs,0.012738853503184714,2,1,1,1
4552,33,baselines_work/cohorte/csharp/CODE_FUN_CS_001/CODE_FUN_CS_001.cs,74,baselines_work/cohorte/csharp/CODE_IDENT_CS_015_COPY/CODE_IDENT_CS_015.cs,0.012738853503184714,2,1,1,1
4564,29,baselines_work/cohorte/csharp/CODE_FUN_CS_002/CODE_FUN_CS_002.cs,43,baselines_work/cohorte/csharp/CODE_FUN_CS_014/CODE_FUN_CS_014.cs,0.015384615384615385,2,1,1,1
4565,29,baselines_work/cohorte/csharp/CODE_FUN_CS_002/CODE_FUN_CS_002.cs,44,baselines_work/cohorte/csharp/CODE_FUN_CS_015/CODE_FUN_CS_015.cs,0.0136986301369863,2,1,1,1
4594,29,baselines_work/cohorte/csharp/CODE_FUN_CS_002/CODE_FUN_CS_002.cs,73,baselines_work/cohorte/csharp/CODE_IDENT_CS_015/CODE_IDENT_CS_015.cs,0.016129032258064516,2,1,1,1
4595,29,baselines_work/cohorte/csharp/CODE_FUN_CS_002/CODE_FUN_CS_002.cs,74,baselines_work/cohorte/csharp/CODE_IDENT_CS_015_COPY/CODE_IDENT_CS_015.cs,0.016129032258064516,2,1,1,1
4606,31,baselines_work/cohorte/csharp/CODE_FUN_CS_003/CODE_FUN_CS_003.cs,43,baselines_work/cohorte/csharp/CODE_FUN_CS_014/CODE_FUN_CS_014.cs,0.013986013986013986,2,1,1,1
4607,31,baselines_work/cohorte/csharp/CODE_FUN_CS_003/CODE_FUN_CS_003.cs,44,baselines_work/cohorte/csharp/CODE_FUN_CS_015/CODE_FUN_CS_015.cs,0.012578616352201259,2,1,1,1
4626,31,baselines_work/cohorte/csharp/CODE_FUN_CS_003/CODE_FUN_CS_003.cs,64,baselines_work/cohorte/csharp/CODE_IDENT_CS_010/CODE_IDENT_CS_010.cs,0.014814814814814815,2,1,1,1
4627,31,baselines_work/cohorte/csharp/CODE_FUN_CS_003/CODE_FUN_CS_003.cs,59,baselines_work/cohorte/csharp/CODE_IDENT_CS_010_COPY/CODE_IDENT_CS_010.cs,0.014814814814814815,2,1,1,1
4638,30,baselines_work/cohorte/csharp/CODE_FUN_CS_004/CODE_FUN_CS_004.cs,34,baselines_work/cohorte/csharp/CODE_FUN_CS_005/CODE_FUN_CS_005.cs,0.008928571428571428,2,1,1,1
4639,30,baselines_work/cohorte/csharp/CODE_FUN_CS_004/CODE_FUN_CS_004.cs,40,baselines_work/cohorte/csharp/CODE_FUN_CS_006/CODE_FUN_CS_006.cs,0.007662835249042145,2,1,1,1
4642,30,baselines_work/cohorte/csharp/CODE_FUN_CS_004/CODE_FUN_CS_004.cs,39,baselines_work/cohorte/csharp/CODE_FUN_CS_009/CODE_FUN_CS_009.cs,0.008130081300813009,2,1,1,1
4643,30,baselines_work/cohorte/csharp/CODE_FUN_CS_004/CODE_FUN_CS_004.cs,38,baselines_work/cohorte/csharp/CODE_FUN_CS_010/CODE_FUN_CS_010.cs,0.007936507936507936,2,1,1,1
4644,30,baselines_work/cohorte/csharp/CODE_FUN_CS_004/CODE_FUN_CS_004.cs,37,baselines_work/cohorte/csharp/CODE_FUN_CS_011/CODE_FUN_CS_011.cs,0.007142857142857143,2,1,1,1
4645,30,baselines_work/cohorte/csharp/CODE_FUN_CS_004/CODE_FUN_CS_004.cs,41,baselines_work/cohorte/csharp/CODE_FUN_CS_012/CODE_FUN_CS_012.cs,0.00749063670411985,2,1,1,1
4648,30,baselines_work/cohorte/csharp/CODE_FUN_CS_004/CODE_FUN_CS_004.cs,44,baselines_work/cohorte/csharp/CODE_FUN_CS_015/CODE_FUN_CS_015.cs,0.007326007326007326,2,1,1,1
4681,34,baselines_work/cohorte/csharp/CODE_FUN_CS_005/CODE_FUN_CS_005.cs,36,baselines_work/cohorte/csharp/CODE_FUN_CS_008/CODE_FUN_CS_008.cs,0.010526315789473684,2,1,1,1
4682,34,baselines_work/cohorte/csharp/CODE_FUN_CS_005/CODE_FUN_CS_005.cs,39,baselines_work/cohorte/csharp/CODE_FUN_CS_009/CODE_FUN_CS_009.cs,0.016129032258064516,2,1,1,1
4685,34,baselines_work/cohorte/csharp/CODE_FUN_CS_005/CODE_FUN_CS_005.cs,41,baselines_work/cohorte/csharp/CODE_FUN_CS_012/CODE_FUN_CS_012.cs,0.013793103448275862,2,1,1,1
4720,40,baselines_work/cohorte/csharp/CODE_FUN_CS_006/CODE_FUN_CS_006.cs,36,baselines_work/cohorte/csharp/CODE_FUN_CS_008/CODE_FUN_CS_008.cs,0.008888888888888889,2,1,1,1
4726,40,baselines_work/cohorte/csharp/CODE_FUN_CS_006/CODE_FUN_CS_006.cs,43,baselines_work/cohorte/csharp/CODE_FUN_CS_014/CODE_FUN_CS_014.cs,0.011764705882352941,2,1,1,1
4738,40,baselines_work/cohorte/csharp/CODE_FUN_CS_006/CODE_FUN_CS_006.cs,60,baselines_work/cohorte/csharp/CODE_IDENT_CS_006/CODE_IDENT_CS_006.cs,0.015151515151515152,2,1,1,1
4739,40,baselines_work/cohorte/csharp/CODE_FUN_CS_006/CODE_FUN_CS_006.cs,55,baselines_work/cohorte/csharp/CODE_IDENT_CS_006_COPY/CODE_IDENT_CS_006.cs,0.015151515151515152,2,1,1,1
4758,35,baselines_work/cohorte/csharp/CODE_FUN_CS_007/CODE_FUN_CS_007.cs,36,baselines_work/cohorte/csharp/CODE_FUN_CS_008/CODE_FUN_CS_008.cs,0.00966183574879227,2,1,1,1
4759,35,baselines_work/cohorte/csharp/CODE_FUN_CS_007/CODE_FUN_CS_007.cs,39,baselines_work/cohorte/csharp/CODE_FUN_CS_009/CODE_FUN_CS_009.cs,0.014184397163120567,2,1,1,1
4772,35,baselines_work/cohorte/csharp/CODE_FUN_CS_007/CODE_FUN_CS_007.cs,52,baselines_work/cohorte/csharp/CODE_IDENT_CS_004/CODE_IDENT_CS_004.cs,0.009345794392523364,2,1,1,1
4773,35,baselines_work/cohorte/csharp/CODE_FUN_CS_007/CODE_FUN_CS_007.cs,50,baselines_work/cohorte/csharp/CODE_IDENT_CS_004_COPY/CODE_IDENT_CS_004.cs,0.009345794392523364,2,1,1,1
4784,35,baselines_work/cohorte/csharp/CODE_FUN_CS_007/CODE_FUN_CS_007.cs,64,baselines_work/cohorte/csharp/CODE_IDENT_CS_010/CODE_IDENT_CS_010.cs,0.013888888888888888,2,1,1,1
4785,35,baselines_work/cohorte/csharp/CODE_FUN_CS_007/CODE_FUN_CS_007.cs,59,baselines_work/cohorte/csharp/CODE_IDENT_CS_010_COPY/CODE_IDENT_CS_010.cs,0.013888888888888888,2,1,1,1
4797,36,baselines_work/cohorte/csharp/CODE_FUN_CS_008/CODE_FUN_CS_008.cs,38,baselines_work/cohorte/csharp/CODE_FUN_CS_010/CODE_FUN_CS_010.cs,0.009615384615384616,2,1,1,1
4805,36,baselines_work/cohorte/csharp/CODE_FUN_CS_008/CODE_FUN_CS_008.cs,46,baselines_work/cohorte/csharp/CODE_IDENT_CS_002/CODE_IDENT_CS_002.cs,0.013422818791946308,2,1,1,1
4806,36,baselines_work/cohorte/csharp/CODE_FUN_CS_008/CODE_FUN_CS_008.cs,48,baselines_work/cohorte/csharp/CODE_IDENT_CS_002_COPY/CODE_IDENT_CS_002.cs,0.013422818791946308,2,1,1,1
4821,36,baselines_work/cohorte/csharp/CODE_FUN_CS_008/CODE_FUN_CS_008.cs,64,baselines_work/cohorte/csharp/CODE_IDENT_CS_010/CODE_IDENT_CS_010.cs,0.00975609756097561,2,1,1,1
4822,36,baselines_work/cohorte/csharp/CODE_FUN_CS_008/CODE_FUN_CS_008.cs,59,baselines_work/cohorte/csharp/CODE_IDENT_CS_010_COPY/CODE_IDENT_CS_010.cs,0.00975609756097561,2,1,1,1
4825,36,baselines_work/cohorte/csharp/CODE_FUN_CS_008/CODE_FUN_CS_008.cs,63,baselines_work/cohorte/csharp/CODE_IDENT_CS_012/CODE_IDENT_CS_012.cs,0.009950248756218905,2,1,1,1
4826,36,baselines_work/cohorte/csharp/CODE_FUN_CS_008/CODE_FUN_CS_008.cs,67,baselines_work/cohorte/csharp/CODE_IDENT_CS_012_COPY/CODE_IDENT_CS_012.cs,0.009950248756218905,2,1,1,1
4845,39,baselines_work/cohorte/csharp/CODE_FUN_CS_009/CODE_FUN_CS_009.cs,52,baselines_work/cohorte/csharp/CODE_IDENT_CS_004/CODE_IDENT_CS_004.cs,0.0091324200913242,2,1,1,1
4846,39,baselines_work/cohorte/csharp/CODE_FUN_CS_009/CODE_FUN_CS_009.cs,50,baselines_work/cohorte/csharp/CODE_IDENT_CS_004_COPY/CODE_IDENT_CS_004.cs,0.0091324200913242,2,1,1,1
4859,39,baselines_work/cohorte/csharp/CODE_FUN_CS_009/CODE_FUN_CS_009.cs,66,baselines_work/cohorte/csharp/CODE_IDENT_CS_011/CODE_IDENT_CS_011.cs,0.013245033112582781,2,1,1,1
4860,39,baselines_work/cohorte/csharp/CODE_FUN_CS_009/CODE_FUN_CS_009.cs,68,baselines_work/cohorte/csharp/CODE_IDENT_CS_011_COPY/CODE_IDENT_CS_011.cs,0.013245033112582781,2,1,1,1
4890,38,baselines_work/cohorte/csharp/CODE_FUN_CS_010/CODE_FUN_CS_010.cs,62,baselines_work/cohorte/csharp/CODE_IDENT_CS_009/CODE_IDENT_CS_009.cs,0.018018018018018018,2,1,1,1
4891,38,baselines_work/cohorte/csharp/CODE_FUN_CS_010/CODE_FUN_CS_010.cs,61,baselines_work/cohorte/csharp/CODE_IDENT_CS_009_COPY/CODE_IDENT_CS_009.cs,0.018018018018018018,2,1,1,1
4920,37,baselines_work/cohorte/csharp/CODE_FUN_CS_011/CODE_FUN_CS_011.cs,56,baselines_work/cohorte/csharp/CODE_IDENT_CS_007/CODE_IDENT_CS_007.cs,0.013888888888888888,2,1,1,1
4921,37,baselines_work/cohorte/csharp/CODE_FUN_CS_011/CODE_FUN_CS_011.cs,57,baselines_work/cohorte/csharp/CODE_IDENT_CS_007_COPY/CODE_IDENT_CS_007.cs,0.013888888888888888,2,1,1,1
4924,37,baselines_work/cohorte/csharp/CODE_FUN_CS_011/CODE_FUN_CS_011.cs,62,baselines_work/cohorte/csharp/CODE_IDENT_CS_009/CODE_IDENT_CS_009.cs,0.011560693641618497,2,1,1,1
4925,37,baselines_work/cohorte/csharp/CODE_FUN_CS_011/CODE_FUN_CS_011.cs,61,baselines_work/cohorte/csharp/CODE_IDENT_CS_009_COPY/CODE_IDENT_CS_009.cs,0.011560693641618497,2,1,1,1
4930,37,baselines_work/cohorte/csharp/CODE_FUN_CS_011/CODE_FUN_CS_011.cs,63,baselines_work/cohorte/csharp/CODE_IDENT_CS_012/CODE_IDENT_CS_012.cs,0.01092896174863388,2,1,1,1
4931,37,baselines_work/cohorte/csharp/CODE_FUN_CS_011/CODE_FUN_CS_011.cs,67,baselines_work/cohorte/csharp/CODE_IDENT_CS_012_COPY/CODE_IDENT_CS_012.cs,0.01092896174863388,2,1,1,1
4947,41,baselines_work/cohorte/csharp/CODE_FUN_CS_012/CODE_FUN_CS_012.cs,52,baselines_work/cohorte/csharp/CODE_IDENT_CS_004/CODE_IDENT_CS_004.cs,0.008695652173913044,2,1,1,1
4948,41,baselines_work/cohorte/csharp/CODE_FUN_CS_012/CODE_FUN_CS_012.cs,50,baselines_work/cohorte/csharp/CODE_IDENT_CS_004_COPY/CODE_IDENT_CS_004.cs,0.008695652173913044,2,1,1,1
4989,42,baselines_work/cohorte/csharp/CODE_FUN_CS_013/CODE_FUN_CS_013.cs,62,baselines_work/cohorte/csharp/CODE_IDENT_CS_009/CODE_IDENT_CS_009.cs,0.011976047904191617,2,1,1,1
4990,42,baselines_work/cohorte/csharp/CODE_FUN_CS_013/CODE_FUN_CS_013.cs,61,baselines_work/cohorte/csharp/CODE_IDENT_CS_009_COPY/CODE_IDENT_CS_009.cs,0.011976047904191617,2,1,1,1
4995,42,baselines_work/cohorte/csharp/CODE_FUN_CS_013/CODE_FUN_CS_013.cs,63,baselines_work/cohorte/csharp/CODE_IDENT_CS_012/CODE_IDENT_CS_012.cs,0.011299435028248588,2,1,1,1
4996,42,baselines_work/cohorte/csharp/CODE_FUN_CS_013/CODE_FUN_CS_013.cs,67,baselines_work/cohorte/csharp/CODE_IDENT_CS_012_COPY/CODE_IDENT_CS_012.cs,0.011299435028248588,2,1,1,1
5010,43,baselines_work/cohorte/csharp/CODE_FUN_CS_014/CODE_FUN_CS_014.cs,52,baselines_work/cohorte/csharp/CODE_IDENT_CS_004/CODE_IDENT_CS_004.cs,0.008928571428571428,2,1,1,1
5011,43,baselines_work/cohorte/csharp/CODE_FUN_CS_014/CODE_FUN_CS_014.cs,50,baselines_work/cohorte/csharp/CODE_IDENT_CS_004_COPY/CODE_IDENT_CS_004.cs,0.008928571428571428,2,1,1,1
5032,43,baselines_work/cohorte/csharp/CODE_FUN_CS_014/CODE_FUN_CS_014.cs,73,baselines_work/cohorte/csharp/CODE_IDENT_CS_015/CODE_IDENT_CS_015.cs,0.01282051282051282,2,1,1,1
5033,43,baselines_work/cohorte/csharp/CODE_FUN_CS_014/CODE_FUN_CS_014.cs,74,baselines_work/cohorte/csharp/CODE_IDENT_CS_015_COPY/CODE_IDENT_CS_015.cs,0.01282051282051282,2,1,1,1
5046,44,baselines_work/cohorte/csharp/CODE_FUN_CS_015/CODE_FUN_CS_015.cs,56,baselines_work/cohorte/csharp/CODE_IDENT_CS_007/CODE_IDENT_CS_007.cs,0.015748031496062992,2,1,1,1
5047,44,baselines_work/cohorte/csharp/CODE_FUN_CS_015/CODE_FUN_CS_015.cs,57,baselines_work/cohorte/csharp/CODE_IDENT_CS_007_COPY/CODE_IDENT_CS_007.cs,0.015748031496062992,2,1,1,1
5060,44,baselines_work/cohorte/csharp/CODE_FUN_CS_015/CODE_FUN_CS_015.cs,72,baselines_work/cohorte/csharp/CODE_IDENT_CS_014/CODE_IDENT_CS_014.cs,0.0136986301369863,2,1,1,1
5061,44,baselines_work/cohorte/csharp/CODE_FUN_CS_015/CODE_FUN_CS_015.cs,70,baselines_work/cohorte/csharp/CODE_IDENT_CS_014_COPY/CODE_IDENT_CS_014.cs,0.0136986301369863,2,1,1,1
5134,46,baselines_work/cohorte/csharp/CODE_IDENT_CS_002/CODE_IDENT_CS_002.cs,62,baselines_work/cohorte/csharp/CODE_IDENT_CS_009/CODE_IDENT_CS_009.cs,0.02127659574468085,2,1,1,1
5135,46,baselines_work/cohorte/csharp/CODE_IDENT_CS_002/CODE_IDENT_CS_002.cs,61,baselines_work/cohorte/csharp/CODE_IDENT_CS_009_COPY/CODE_IDENT_CS_009.cs,0.02127659574468085,2,1,1,1
5160,48,baselines_work/cohorte/csharp/CODE_IDENT_CS_002_COPY/CODE_IDENT_CS_002.cs,62,baselines_work/cohorte/csharp/CODE_IDENT_CS_009/CODE_IDENT_CS_009.cs,0.02127659574468085,2,1,1,1
5161,48,baselines_work/cohorte/csharp/CODE_IDENT_CS_002_COPY/CODE_IDENT_CS_002.cs,61,baselines_work/cohorte/csharp/CODE_IDENT_CS_009_COPY/CODE_IDENT_CS_009.cs,0.02127659574468085,2,1,1,1
5187,51,baselines_work/cohorte/csharp/CODE_IDENT_CS_003/CODE_IDENT_CS_003.cs,64,baselines_work/cohorte/csharp/CODE_IDENT_CS_010/CODE_IDENT_CS_010.cs,0.018518518518518517,2,1,1,1
5188,51,baselines_work/cohorte/csharp/CODE_IDENT_CS_003/CODE_IDENT_CS_003.cs,59,baselines_work/cohorte/csharp/CODE_IDENT_CS_010_COPY/CODE_IDENT_CS_010.cs,0.018518518518518517,2,1,1,1
5211,49,baselines_work/cohorte/csharp/CODE_IDENT_CS_003_COPY/CODE_IDENT_CS_003.cs,64,baselines_work/cohorte/csharp/CODE_IDENT_CS_010/CODE_IDENT_CS_010.cs,0.018518518518518517,2,1,1,1
5212,49,baselines_work/cohorte/csharp/CODE_IDENT_CS_003_COPY/CODE_IDENT_CS_003.cs,59,baselines_work/cohorte/csharp/CODE_IDENT_CS_010_COPY/CODE_IDENT_CS_010.cs,0.018518518518518517,2,1,1,1
5230,52,baselines_work/cohorte/csharp/CODE_IDENT_CS_004/CODE_IDENT_CS_004.cs,58,baselines_work/cohorte/csharp/CODE_IDENT_CS_008/CODE_IDENT_CS_008.cs,0.008547008547008548,2,1,1,1
5231,52,baselines_work/cohorte/csharp/CODE_IDENT_CS_004/CODE_IDENT_CS_004.cs,65,baselines_work/cohorte/csharp/CODE_IDENT_CS_008_COPY/CODE_IDENT_CS_008.cs,0.008547008547008548,2,1,1,1
5252,50,baselines_work/cohorte/csharp/CODE_IDENT_CS_004_COPY/CODE_IDENT_CS_004.cs,58,baselines_work/cohorte/csharp/CODE_IDENT_CS_008/CODE_IDENT_CS_008.cs,0.008547008547008548,2,1,1,1
5253,50,baselines_work/cohorte/csharp/CODE_IDENT_CS_004_COPY/CODE_IDENT_CS_004.cs,65,baselines_work/cohorte/csharp/CODE_IDENT_CS_008_COPY/CODE_IDENT_CS_008.cs,0.008547008547008548,2,1,1,1
5316,60,baselines_work/cohorte/csharp/CODE_IDENT_CS_006/CODE_IDENT_CS_006.cs,64,baselines_work/cohorte/csharp/CODE_IDENT_CS_010/CODE_IDENT_CS_010.cs,0.017543859649122806,2,1,1,1
5317,60,baselines_work/cohorte/csharp/CODE_IDENT_CS_006/CODE_IDENT_CS_006.cs,59,baselines_work/cohorte/csharp/CODE_IDENT_CS_010_COPY/CODE_IDENT_CS_010.cs,0.017543859649122806,2,1,1,1
5334,55,baselines_work/cohorte/csharp/CODE_IDENT_CS_006_COPY/CODE_IDENT_CS_006.cs,64,baselines_work/cohorte/csharp/CODE_IDENT_CS_010/CODE_IDENT_CS_010.cs,0.017543859649122806,2,1,1,1
5335,55,baselines_work/cohorte/csharp/CODE_IDENT_CS_006_COPY/CODE_IDENT_CS_006.cs,59,baselines_work/cohorte/csharp/CODE_IDENT_CS_010_COPY/CODE_IDENT_CS_010.cs,0.017543859649122806,2,1,1,1
5386,58,baselines_work/cohorte/csharp/CODE_IDENT_CS_008/CODE_IDENT_CS_008.cs,63,baselines_work/cohorte/csharp/CODE_IDENT_CS_012/CODE_IDENT_CS_012.cs,0.012987012987012988,2,1,1,1
5387,58,baselines_work/cohorte/csharp/CODE_IDENT_CS_008/CODE_IDENT_CS_008.cs,67,baselines_work/cohorte/csharp/CODE_IDENT_CS_012_COPY/CODE_IDENT_CS_012.cs,0.012987012987012988,2,1,1,1
5400,65,baselines_work/cohorte/csharp/CODE_IDENT_CS_008_COPY/CODE_IDENT_CS_008.cs,63,baselines_work/cohorte/csharp/CODE_IDENT_CS_012/CODE_IDENT_CS_012.cs,0.012987012987012988,2,1,1,1
5401,65,baselines_work/cohorte/csharp/CODE_IDENT_CS_008_COPY/CODE_IDENT_CS_008.cs,67,baselines_work/cohorte/csharp/CODE_IDENT_CS_012_COPY/CODE_IDENT_CS_012.cs,0.012987012987012988,2,1,1,1
2724,2,baselines_work/cohorte/csharp/CODE_DIF_CS_001/CODE_DIF_CS_001.cs,1,baselines_work/cohorte/csharp/CODE_DIF_CS_002/CODE_DIF_CS_002.cs,0,0,0,0,0
2728,2,baselines_work/cohorte/csharp/CODE_DIF_CS_001/CODE_DIF_CS_001.cs,6,baselines_work/cohorte/csharp/CODE_DIF_CS_006/CODE_DIF_CS_006.cs,0,0,0,0,0
2738,2,baselines_work/cohorte/csharp/CODE_DIF_CS_001/CODE_DIF_CS_001.cs,17,baselines_work/cohorte/csharp/CODE_ESTRU_CS_001/CODE_ESTRU_CS_001.cs,0,0,0,0,0
2739,2,baselines_work/cohorte/csharp/CODE_DIF_CS_001/CODE_DIF_CS_001.cs,15,baselines_work/cohorte/csharp/CODE_ESTRU_CS_002/CODE_ESTRU_CS_002.cs,0,0,0,0,0
2740,2,baselines_work/cohorte/csharp/CODE_DIF_CS_001/CODE_DIF_CS_001.cs,20,baselines_work/cohorte/csharp/CODE_ESTRU_CS_003/CODE_ESTRU_CS_003.cs,0,0,0,0,0
2742,2,baselines_work/cohorte/csharp/CODE_DIF_CS_001/CODE_DIF_CS_001.cs,19,baselines_work/cohorte/csharp/CODE_ESTRU_CS_005/CODE_ESTRU_CS_005.cs,0,0,0,0,0
2743,2,baselines_work/cohorte/csharp/CODE_DIF_CS_001/CODE_DIF_CS_001.cs,21,baselines_work/cohorte/csharp/CODE_ESTRU_CS_006/CODE_ESTRU_CS_006.cs,0,0,0,0,0
2744,2,baselines_work/cohorte/csharp/CODE_DIF_CS_001/CODE_DIF_CS_001.cs,18,baselines_work/cohorte/csharp/CODE_ESTRU_CS_007/CODE_ESTRU_CS_007.cs,0,0,0,0,0
2745,2,baselines_work/cohorte/csharp/CODE_DIF_CS_001/CODE_DIF_CS_001.cs,22,baselines_work/cohorte/csharp/CODE_ESTRU_CS_008/CODE_ESTRU_CS_008.cs,0,0,0,0,0
2746,2,baselines_work/cohorte/csharp/CODE_DIF_CS_001/CODE_DIF_CS_001.cs,23,baselines_work/cohorte/csharp/CODE_ESTRU_CS_009/CODE_ESTRU_CS_009.cs,0,0,0,0,0
2747,2,baselines_work/cohorte/csharp/CODE_DIF_CS_001/CODE_DIF_CS_001.cs,24,baselines_work/cohorte/csharp/CODE_ESTRU_CS_010/CODE_ESTRU_CS_010.cs,0,0,0,0,0
2748,2,baselines_work/cohorte/csharp/CODE_DIF_CS_001/CODE_DIF_CS_001.cs,25,baselines_work/cohorte/csharp/CODE_ESTRU_CS_011/CODE_ESTRU_CS_011.cs,0,0,0,0,0
2749,2,baselines_work/cohorte/csharp/CODE_DIF_CS_001/CODE_DIF_CS_001.cs,27,baselines_work/cohorte/csharp/CODE_ESTRU_CS_012/CODE_ESTRU_CS_012.cs,0,0,0,0,0
2750,2,baselines_work/cohorte/csharp/CODE_DIF_CS_001/CODE_DIF_CS_001.cs,32,baselines_work/cohorte/csharp/CODE_ESTRU_CS_013/CODE_ESTRU_CS_013.cs,0,0,0,0,0
2751,2,baselines_work/cohorte/csharp/CODE_DIF_CS_001/CODE_DIF_CS_001.cs,28,baselines_work/cohorte/csharp/CODE_ESTRU_CS_014/CODE_ESTRU_CS_014.cs,0,0,0,0,0
2752,2,baselines_work/cohorte/csharp/CODE_DIF_CS_001/CODE_DIF_CS_001.cs,26,baselines_work/cohorte/csharp/CODE_ESTRU_CS_015/CODE_ESTRU_CS_015.cs,0,0,0,0,0
2754,2,baselines_work/cohorte/csharp/CODE_DIF_CS_001/CODE_DIF_CS_001.cs,29,baselines_work/cohorte/csharp/CODE_FUN_CS_002/CODE_FUN_CS_002.cs,0,0,0,0,0
2755,2,baselines_work/cohorte/csharp/CODE_DIF_CS_001/CODE_DIF_CS_001.cs,31,baselines_work/cohorte/csharp/CODE_FUN_CS_003/CODE_FUN_CS_003.cs,0,0,0,0,0
2759,2,baselines_work/cohorte/csharp/CODE_DIF_CS_001/CODE_DIF_CS_001.cs,35,baselines_work/cohorte/csharp/CODE_FUN_CS_007/CODE_FUN_CS_007.cs,0,0,0,0,0
2768,2,baselines_work/cohorte/csharp/CODE_DIF_CS_001/CODE_DIF_CS_001.cs,47,baselines_work/cohorte/csharp/CODE_IDENT_CS_001/CODE_IDENT_CS_001.cs,0,0,0,0,0
2769,2,baselines_work/cohorte/csharp/CODE_DIF_CS_001/CODE_DIF_CS_001.cs,45,baselines_work/cohorte/csharp/CODE_IDENT_CS_001_COPY/CODE_IDENT_CS_001.cs,0,0,0,0,0
2770,2,baselines_work/cohorte/csharp/CODE_DIF_CS_001/CODE_DIF_CS_001.cs,46,baselines_work/cohorte/csharp/CODE_IDENT_CS_002/CODE_IDENT_CS_002.cs,0,0,0,0,0
2771,2,baselines_work/cohorte/csharp/CODE_DIF_CS_001/CODE_DIF_CS_001.cs,48,baselines_work/cohorte/csharp/CODE_IDENT_CS_002_COPY/CODE_IDENT_CS_002.cs,0,0,0,0,0
2772,2,baselines_work/cohorte/csharp/CODE_DIF_CS_001/CODE_DIF_CS_001.cs,51,baselines_work/cohorte/csharp/CODE_IDENT_CS_003/CODE_IDENT_CS_003.cs,0,0,0,0,0
2773,2,baselines_work/cohorte/csharp/CODE_DIF_CS_001/CODE_DIF_CS_001.cs,49,baselines_work/cohorte/csharp/CODE_IDENT_CS_003_COPY/CODE_IDENT_CS_003.cs,0,0,0,0,0
2776,2,baselines_work/cohorte/csharp/CODE_DIF_CS_001/CODE_DIF_CS_001.cs,53,baselines_work/cohorte/csharp/CODE_IDENT_CS_005/CODE_IDENT_CS_005.cs,0,0,0,0,0
2777,2,baselines_work/cohorte/csharp/CODE_DIF_CS_001/CODE_DIF_CS_001.cs,54,baselines_work/cohorte/csharp/CODE_IDENT_CS_005_COPY/CODE_IDENT_CS_005.cs,0,0,0,0,0
2780,2,baselines_work/cohorte/csharp/CODE_DIF_CS_001/CODE_DIF_CS_001.cs,56,baselines_work/cohorte/csharp/CODE_IDENT_CS_007/CODE_IDENT_CS_007.cs,0,0,0,0,0
2781,2,baselines_work/cohorte/csharp/CODE_DIF_CS_001/CODE_DIF_CS_001.cs,57,baselines_work/cohorte/csharp/CODE_IDENT_CS_007_COPY/CODE_IDENT_CS_007.cs,0,0,0,0,0
2782,2,baselines_work/cohorte/csharp/CODE_DIF_CS_001/CODE_DIF_CS_001.cs,58,baselines_work/cohorte/csharp/CODE_IDENT_CS_008/CODE_IDENT_CS_008.cs,0,0,0,0,0
2783,2,baselines_work/cohorte/csharp/CODE_DIF_CS_001/CODE_DIF_CS_001.cs,65,baselines_work/cohorte/csharp/CODE_IDENT_CS_008_COPY/CODE_IDENT_CS_008.cs,0,0,0,0,0
2784,2,baselines_work/cohorte/csharp/CODE_DIF_CS_001/CODE_DIF_CS_001.cs,62,baselines_work/cohorte/csharp/CODE_IDENT_CS_009/CODE_IDENT_CS_009.cs,0,0,0,0,0
2785,2,baselines_work/cohorte/csharp/CODE_DIF_CS_001/CODE_DIF_CS_001.cs,61,baselines_work/cohorte/csharp/CODE_IDENT_CS_009_COPY/CODE_IDENT_CS_009.cs,0,0,0,0,0
2786,2,baselines_work/cohorte/csharp/CODE_DIF_CS_001/CODE_DIF_CS_001.cs,64,baselines_work/cohorte/csharp/CODE_IDENT_CS_010/CODE_IDENT_CS_010.cs,0,0,0,0,0
2787,2,baselines_work/cohorte/csharp/CODE_DIF_CS_001/CODE_DIF_CS_001.cs,59,baselines_work/cohorte/csharp/CODE_IDENT_CS_010_COPY/CODE_IDENT_CS_010.cs,0,0,0,0,0
2788,2,baselines_work/cohorte/csharp/CODE_DIF_CS_001/CODE_DIF_CS_001.cs,66,baselines_work/cohorte/csharp/CODE_IDENT_CS_011/CODE_IDENT_CS_011.cs,0,0,0,0,0
2789,2,baselines_work/cohorte/csharp/CODE_DIF_CS_001/CODE_DIF_CS_001.cs,68,baselines_work/cohorte/csharp/CODE_IDENT_CS_011_COPY/CODE_IDENT_CS_011.cs,0,0,0,0,0
2790,2,baselines_work/cohorte/csharp/CODE_DIF_CS_001/CODE_DIF_CS_001.cs,63,baselines_work/cohorte/csharp/CODE_IDENT_CS_012/CODE_IDENT_CS_012.cs,0,0,0,0,0
2791,2,baselines_work/cohorte/csharp/CODE_DIF_CS_001/CODE_DIF_CS_001.cs,67,baselines_work/cohorte/csharp/CODE_IDENT_CS_012_COPY/CODE_IDENT_CS_012.cs,0,0,0,0,0
2794,2,baselines_work/cohorte/csharp/CODE_DIF_CS_001/CODE_DIF_CS_001.cs,72,baselines_work/cohorte/csharp/CODE_IDENT_CS_014/CODE_IDENT_CS_014.cs,0,0,0,0,0
2795,2,baselines_work/cohorte/csharp/CODE_DIF_CS_001/CODE_DIF_CS_001.cs,70,baselines_work/cohorte/csharp/CODE_IDENT_CS_014_COPY/CODE_IDENT_CS_014.cs,0,0,0,0,0
2796,2,baselines_work/cohorte/csharp/CODE_DIF_CS_001/CODE_DIF_CS_001.cs,73,baselines_work/cohorte/csharp/CODE_IDENT_CS_015/CODE_IDENT_CS_015.cs,0,0,0,0,0
2797,2,baselines_work/cohorte/csharp/CODE_DIF_CS_001/CODE_DIF_CS_001.cs,74,baselines_work/cohorte/csharp/CODE_IDENT_CS_015_COPY/CODE_IDENT_CS_015.cs,0,0,0,0,0
2811,1,baselines_work/cohorte/csharp/CODE_DIF_CS_002/CODE_DIF_CS_002.cs,17,baselines_work/cohorte/csharp/CODE_ESTRU_CS_001/CODE_ESTRU_CS_001.cs,0,0,0,0,0
2812,1,baselines_work/cohorte/csharp/CODE_DIF_CS_002/CODE_DIF_CS_002.cs,15,baselines_work/cohorte/csharp/CODE_ESTRU_CS_002/CODE_ESTRU_CS_002.cs,0,0,0,0,0
2813,1,baselines_work/cohorte/csharp/CODE_DIF_CS_002/CODE_DIF_CS_002.cs,20,baselines_work/cohorte/csharp/CODE_ESTRU_CS_003/CODE_ESTRU_CS_003.cs,0,0,0,0,0
2815,1,baselines_work/cohorte/csharp/CODE_DIF_CS_002/CODE_DIF_CS_002.cs,19,baselines_work/cohorte/csharp/CODE_ESTRU_CS_005/CODE_ESTRU_CS_005.cs,0,0,0,0,0
2816,1,baselines_work/cohorte/csharp/CODE_DIF_CS_002/CODE_DIF_CS_002.cs,21,baselines_work/cohorte/csharp/CODE_ESTRU_CS_006/CODE_ESTRU_CS_006.cs,0,0,0,0,0
2817,1,baselines_work/cohorte/csharp/CODE_DIF_CS_002/CODE_DIF_CS_002.cs,18,baselines_work/cohorte/csharp/CODE_ESTRU_CS_007/CODE_ESTRU_CS_007.cs,0,0,0,0,0
2818,1,baselines_work/cohorte/csharp/CODE_DIF_CS_002/CODE_DIF_CS_002.cs,22,baselines_work/cohorte/csharp/CODE_ESTRU_CS_008/CODE_ESTRU_CS_008.cs,0,0,0,0,0
2821,1,baselines_work/cohorte/csharp/CODE_DIF_CS_002/CODE_DIF_CS_002.cs,25,baselines_work/cohorte/csharp/CODE_ESTRU_CS_011/CODE_ESTRU_CS_011.cs,0,0,0,0,0
2823,1,baselines_work/cohorte/csharp/CODE_DIF_CS_002/CODE_DIF_CS_002.cs,32,baselines_work/cohorte/csharp/CODE_ESTRU_CS_013/CODE_ESTRU_CS_013.cs,0,0,0,0,0
2824,1,baselines_work/cohorte/csharp/CODE_DIF_CS_002/CODE_DIF_CS_002.cs,28,baselines_work/cohorte/csharp/CODE_ESTRU_CS_014/CODE_ESTRU_CS_014.cs,0,0,0,0,0
2826,1,baselines_work/cohorte/csharp/CODE_DIF_CS_002/CODE_DIF_CS_002.cs,33,baselines_work/cohorte/csharp/CODE_FUN_CS_001/CODE_FUN_CS_001.cs,0,0,0,0,0
2827,1,baselines_work/cohorte/csharp/CODE_DIF_CS_002/CODE_DIF_CS_002.cs,29,baselines_work/cohorte/csharp/CODE_FUN_CS_002/CODE_FUN_CS_002.cs,0,0,0,0,0
2828,1,baselines_work/cohorte/csharp/CODE_DIF_CS_002/CODE_DIF_CS_002.cs,31,baselines_work/cohorte/csharp/CODE_FUN_CS_003/CODE_FUN_CS_003.cs,0,0,0,0,0
2841,1,baselines_work/cohorte/csharp/CODE_DIF_CS_002/CODE_DIF_CS_002.cs,47,baselines_work/cohorte/csharp/CODE_IDENT_CS_001/CODE_IDENT_CS_001.cs,0,0,0,0,0
2842,1,baselines_work/cohorte/csharp/CODE_DIF_CS_002/CODE_DIF_CS_002.cs,45,baselines_work/cohorte/csharp/CODE_IDENT_CS_001_COPY/CODE_IDENT_CS_001.cs,0,0,0,0,0
2843,1,baselines_work/cohorte/csharp/CODE_DIF_CS_002/CODE_DIF_CS_002.cs,46,baselines_work/cohorte/csharp/CODE_IDENT_CS_002/CODE_IDENT_CS_002.cs,0,0,0,0,0
2844,1,baselines_work/cohorte/csharp/CODE_DIF_CS_002/CODE_DIF_CS_002.cs,48,baselines_work/cohorte/csharp/CODE_IDENT_CS_002_COPY/CODE_IDENT_CS_002.cs,0,0,0,0,0
2845,1,baselines_work/cohorte/csharp/CODE_DIF_CS_002/CODE_DIF_CS_002.cs,51,baselines_work/cohorte/csharp/CODE_IDENT_CS_003/CODE_IDENT_CS_003.cs,0,0,0,0,0
2846,1,baselines_work/cohorte/csharp/CODE_DIF_CS_002/CODE_DIF_CS_002.cs,49,baselines_work/cohorte/csharp/CODE_IDENT_CS_003_COPY/CODE_IDENT_CS_003.cs,0,0,0,0,0
2849,1,baselines_work/cohorte/csharp/CODE_DIF_CS_002/CODE_DIF_CS_002.cs,53,baselines_work/cohorte/csharp/CODE_IDENT_CS_005/CODE_IDENT_CS_005.cs,0,0,0,0,0
2850,1,baselines_work/cohorte/csharp/CODE_DIF_CS_002/CODE_DIF_CS_002.cs,54,baselines_work/cohorte/csharp/CODE_IDENT_CS_005_COPY/CODE_IDENT_CS_005.cs,0,0,0,0,0
2851,1,baselines_work/cohorte/csharp/CODE_DIF_CS_002/CODE_DIF_CS_002.cs,60,baselines_work/cohorte/csharp/CODE_IDENT_CS_006/CODE_IDENT_CS_006.cs,0,0,0,0,0
2852,1,baselines_work/cohorte/csharp/CODE_DIF_CS_002/CODE_DIF_CS_002.cs,55,baselines_work/cohorte/csharp/CODE_IDENT_CS_006_COPY/CODE_IDENT_CS_006.cs,0,0,0,0,0
2853,1,baselines_work/cohorte/csharp/CODE_DIF_CS_002/CODE_DIF_CS_002.cs,56,baselines_work/cohorte/csharp/CODE_IDENT_CS_007/CODE_IDENT_CS_007.cs,0,0,0,0,0
2854,1,baselines_work/cohorte/csharp/CODE_DIF_CS_002/CODE_DIF_CS_002.cs,57,baselines_work/cohorte/csharp/CODE_IDENT_CS_007_COPY/CODE_IDENT_CS_007.cs,0,0,0,0,0
2855,1,baselines_work/cohorte/csharp/CODE_DIF_CS_002/CODE_DIF_CS_002.cs,58,baselines_work/cohorte/csharp/CODE_IDENT_CS_008/CODE_IDENT_CS_008.cs,0,0,0,0,0
2856,1,baselines_work/cohorte/csharp/CODE_DIF_CS_002/CODE_DIF_CS_002.cs,65,baselines_work/cohorte/csharp/CODE_IDENT_CS_008_COPY/CODE_IDENT_CS_008.cs,0,0,0,0,0
2861,1,baselines_work/cohorte/csharp/CODE_DIF_CS_002/CODE_DIF_CS_002.cs,66,baselines_work/cohorte/csharp/CODE_IDENT_CS_011/CODE_IDENT_CS_011.cs,0,0,0,0,0
2862,1,baselines_work/cohorte/csharp/CODE_DIF_CS_002/CODE_DIF_CS_002.cs,68,baselines_work/cohorte/csharp/CODE_IDENT_CS_011_COPY/CODE_IDENT_CS_011.cs,0,0,0,0,0
2865,1,baselines_work/cohorte/csharp/CODE_DIF_CS_002/CODE_DIF_CS_002.cs,69,baselines_work/cohorte/csharp/CODE_IDENT_CS_013/CODE_IDENT_CS_013.cs,0,0,0,0,0
2866,1,baselines_work/cohorte/csharp/CODE_DIF_CS_002/CODE_DIF_CS_002.cs,71,baselines_work/cohorte/csharp/CODE_IDENT_CS_013_COPY/CODE_IDENT_CS_013.cs,0,0,0,0,0
2867,1,baselines_work/cohorte/csharp/CODE_DIF_CS_002/CODE_DIF_CS_002.cs,72,baselines_work/cohorte/csharp/CODE_IDENT_CS_014/CODE_IDENT_CS_014.cs,0,0,0,0,0
2868,1,baselines_work/cohorte/csharp/CODE_DIF_CS_002/CODE_DIF_CS_002.cs,70,baselines_work/cohorte/csharp/CODE_IDENT_CS_014_COPY/CODE_IDENT_CS_014.cs,0,0,0,0,0
2884,4,baselines_work/cohorte/csharp/CODE_DIF_CS_003/CODE_DIF_CS_003.cs,15,baselines_work/cohorte/csharp/CODE_ESTRU_CS_002/CODE_ESTRU_CS_002.cs,0,0,0,0,0
2885,4,baselines_work/cohorte/csharp/CODE_DIF_CS_003/CODE_DIF_CS_003.cs,20,baselines_work/cohorte/csharp/CODE_ESTRU_CS_003/CODE_ESTRU_CS_003.cs,0,0,0,0,0
2887,4,baselines_work/cohorte/csharp/CODE_DIF_CS_003/CODE_DIF_CS_003.cs,19,baselines_work/cohorte/csharp/CODE_ESTRU_CS_005/CODE_ESTRU_CS_005.cs,0,0,0,0,0
2888,4,baselines_work/cohorte/csharp/CODE_DIF_CS_003/CODE_DIF_CS_003.cs,21,baselines_work/cohorte/csharp/CODE_ESTRU_CS_006/CODE_ESTRU_CS_006.cs,0,0,0,0,0
2889,4,baselines_work/cohorte/csharp/CODE_DIF_CS_003/CODE_DIF_CS_003.cs,18,baselines_work/cohorte/csharp/CODE_ESTRU_CS_007/CODE_ESTRU_CS_007.cs,0,0,0,0,0
2890,4,baselines_work/cohorte/csharp/CODE_DIF_CS_003/CODE_DIF_CS_003.cs,22,baselines_work/cohorte/csharp/CODE_ESTRU_CS_008/CODE_ESTRU_CS_008.cs,0,0,0,0,0
2892,4,baselines_work/cohorte/csharp/CODE_DIF_CS_003/CODE_DIF_CS_003.cs,24,baselines_work/cohorte/csharp/CODE_ESTRU_CS_010/CODE_ESTRU_CS_010.cs,0,0,0,0,0
2893,4,baselines_work/cohorte/csharp/CODE_DIF_CS_003/CODE_DIF_CS_003.cs,25,baselines_work/cohorte/csharp/CODE_ESTRU_CS_011/CODE_ESTRU_CS_011.cs,0,0,0,0,0
2895,4,baselines_work/cohorte/csharp/CODE_DIF_CS_003/CODE_DIF_CS_003.cs,32,baselines_work/cohorte/csharp/CODE_ESTRU_CS_013/CODE_ESTRU_CS_013.cs,0,0,0,0,0
2896,4,baselines_work/cohorte/csharp/CODE_DIF_CS_003/CODE_DIF_CS_003.cs,28,baselines_work/cohorte/csharp/CODE_ESTRU_CS_014/CODE_ESTRU_CS_014.cs,0,0,0,0,0
2897,4,baselines_work/cohorte/csharp/CODE_DIF_CS_003/CODE_DIF_CS_003.cs,26,baselines_work/cohorte/csharp/CODE_ESTRU_CS_015/CODE_ESTRU_CS_015.cs,0,0,0,0,0
2898,4,baselines_work/cohorte/csharp/CODE_DIF_CS_003/CODE_DIF_CS_003.cs,33,baselines_work/cohorte/csharp/CODE_FUN_CS_001/CODE_FUN_CS_001.cs,0,0,0,0,0
2899,4,baselines_work/cohorte/csharp/CODE_DIF_CS_003/CODE_DIF_CS_003.cs,29,baselines_work/cohorte/csharp/CODE_FUN_CS_002/CODE_FUN_CS_002.cs,0,0,0,0,0
2900,4,baselines_work/cohorte/csharp/CODE_DIF_CS_003/CODE_DIF_CS_003.cs,31,baselines_work/cohorte/csharp/CODE_FUN_CS_003/CODE_FUN_CS_003.cs,0,0,0,0,0
2902,4,baselines_work/cohorte/csharp/CODE_DIF_CS_003/CODE_DIF_CS_003.cs,34,baselines_work/cohorte/csharp/CODE_FUN_CS_005/CODE_FUN_CS_005.cs,0,0,0,0,0
2904,4,baselines_work/cohorte/csharp/CODE_DIF_CS_003/CODE_DIF_CS_003.cs,35,baselines_work/cohorte/csharp/CODE_FUN_CS_007/CODE_FUN_CS_007.cs,0,0,0,0,0
2912,4,baselines_work/cohorte/csharp/CODE_DIF_CS_003/CODE_DIF_CS_003.cs,44,baselines_work/cohorte/csharp/CODE_FUN_CS_015/CODE_FUN_CS_015.cs,0,0,0,0,0
2913,4,baselines_work/cohorte/csharp/CODE_DIF_CS_003/CODE_DIF_CS_003.cs,47,baselines_work/cohorte/csharp/CODE_IDENT_CS_001/CODE_IDENT_CS_001.cs,0,0,0,0,0
2914,4,baselines_work/cohorte/csharp/CODE_DIF_CS_003/CODE_DIF_CS_003.cs,45,baselines_work/cohorte/csharp/CODE_IDENT_CS_001_COPY/CODE_IDENT_CS_001.cs,0,0,0,0,0
2917,4,baselines_work/cohorte/csharp/CODE_DIF_CS_003/CODE_DIF_CS_003.cs,51,baselines_work/cohorte/csharp/CODE_IDENT_CS_003/CODE_IDENT_CS_003.cs,0,0,0,0,0
2918,4,baselines_work/cohorte/csharp/CODE_DIF_CS_003/CODE_DIF_CS_003.cs,49,baselines_work/cohorte/csharp/CODE_IDENT_CS_003_COPY/CODE_IDENT_CS_003.cs,0,0,0,0,0
2921,4,baselines_work/cohorte/csharp/CODE_DIF_CS_003/CODE_DIF_CS_003.cs,53,baselines_work/cohorte/csharp/CODE_IDENT_CS_005/CODE_IDENT_CS_005.cs,0,0,0,0,0
2922,4,baselines_work/cohorte/csharp/CODE_DIF_CS_003/CODE_DIF_CS_003.cs,54,baselines_work/cohorte/csharp/CODE_IDENT_CS_005_COPY/CODE_IDENT_CS_005.cs,0,0,0,0,0
2923,4,baselines_work/cohorte/csharp/CODE_DIF_CS_003/CODE_DIF_CS_003.cs,60,baselines_work/cohorte/csharp/CODE_IDENT_CS_006/CODE_IDENT_CS_006.cs,0,0,0,0,0
2924,4,baselines_work/cohorte/csharp/CODE_DIF_CS_003/CODE_DIF_CS_003.cs,55,baselines_work/cohorte/csharp/CODE_IDENT_CS_006_COPY/CODE_IDENT_CS_006.cs,0,0,0,0,0
2925,4,baselines_work/cohorte/csharp/CODE_DIF_CS_003/CODE_DIF_CS_003.cs,56,baselines_work/cohorte/csharp/CODE_IDENT_CS_007/CODE_IDENT_CS_007.cs,0,0,0,0,0
2926,4,baselines_work/cohorte/csharp/CODE_DIF_CS_003/CODE_DIF_CS_003.cs,57,baselines_work/cohorte/csharp/CODE_IDENT_CS_007_COPY/CODE_IDENT_CS_007.cs,0,0,0,0,0
2927,4,baselines_work/cohorte/csharp/CODE_DIF_CS_003/CODE_DIF_CS_003.cs,58,baselines_work/cohorte/csharp/CODE_IDENT_CS_008/CODE_IDENT_CS_008.cs,0,0,0,0,0
2928,4,baselines_work/cohorte/csharp/CODE_DIF_CS_003/CODE_DIF_CS_003.cs,65,baselines_work/cohorte/csharp/CODE_IDENT_CS_008_COPY/CODE_IDENT_CS_008.cs,0,0,0,0,0
2931,4,baselines_work/cohorte/csharp/CODE_DIF_CS_003/CODE_DIF_CS_003.cs,64,baselines_work/cohorte/csharp/CODE_IDENT_CS_010/CODE_IDENT_CS_010.cs,0,0,0,0,0
2932,4,baselines_work/cohorte/csharp/CODE_DIF_CS_003/CODE_DIF_CS_003.cs,59,baselines_work/cohorte/csharp/CODE_IDENT_CS_010_COPY/CODE_IDENT_CS_010.cs,0,0,0,0,0
2933,4,baselines_work/cohorte/csharp/CODE_DIF_CS_003/CODE_DIF_CS_003.cs,66,baselines_work/cohorte/csharp/CODE_IDENT_CS_011/CODE_IDENT_CS_011.cs,0,0,0,0,0
2934,4,baselines_work/cohorte/csharp/CODE_DIF_CS_003/CODE_DIF_CS_003.cs,68,baselines_work/cohorte/csharp/CODE_IDENT_CS_011_COPY/CODE_IDENT_CS_011.cs,0,0,0,0,0
2937,4,baselines_work/cohorte/csharp/CODE_DIF_CS_003/CODE_DIF_CS_003.cs,69,baselines_work/cohorte/csharp/CODE_IDENT_CS_013/CODE_IDENT_CS_013.cs,0,0,0,0,0
2938,4,baselines_work/cohorte/csharp/CODE_DIF_CS_003/CODE_DIF_CS_003.cs,71,baselines_work/cohorte/csharp/CODE_IDENT_CS_013_COPY/CODE_IDENT_CS_013.cs,0,0,0,0,0
2939,4,baselines_work/cohorte/csharp/CODE_DIF_CS_003/CODE_DIF_CS_003.cs,72,baselines_work/cohorte/csharp/CODE_IDENT_CS_014/CODE_IDENT_CS_014.cs,0,0,0,0,0
2940,4,baselines_work/cohorte/csharp/CODE_DIF_CS_003/CODE_DIF_CS_003.cs,70,baselines_work/cohorte/csharp/CODE_IDENT_CS_014_COPY/CODE_IDENT_CS_014.cs,0,0,0,0,0
2941,4,baselines_work/cohorte/csharp/CODE_DIF_CS_003/CODE_DIF_CS_003.cs,73,baselines_work/cohorte/csharp/CODE_IDENT_CS_015/CODE_IDENT_CS_015.cs,0,0,0,0,0
2942,4,baselines_work/cohorte/csharp/CODE_DIF_CS_003/CODE_DIF_CS_003.cs,74,baselines_work/cohorte/csharp/CODE_IDENT_CS_015_COPY/CODE_IDENT_CS_015.cs,0,0,0,0,0
2954,0,baselines_work/cohorte/csharp/CODE_DIF_CS_004/CODE_DIF_CS_004.cs,17,baselines_work/cohorte/csharp/CODE_ESTRU_CS_001/CODE_ESTRU_CS_001.cs,0,0,0,0,0
2955,0,baselines_work/cohorte/csharp/CODE_DIF_CS_004/CODE_DIF_CS_004.cs,15,baselines_work/cohorte/csharp/CODE_ESTRU_CS_002/CODE_ESTRU_CS_002.cs,0,0,0,0,0
2956,0,baselines_work/cohorte/csharp/CODE_DIF_CS_004/CODE_DIF_CS_004.cs,20,baselines_work/cohorte/csharp/CODE_ESTRU_CS_003/CODE_ESTRU_CS_003.cs,0,0,0,0,0
2958,0,baselines_work/cohorte/csharp/CODE_DIF_CS_004/CODE_DIF_CS_004.cs,19,baselines_work/cohorte/csharp/CODE_ESTRU_CS_005/CODE_ESTRU_CS_005.cs,0,0,0,0,0
2959,0,baselines_work/cohorte/csharp/CODE_DIF_CS_004/CODE_DIF_CS_004.cs,21,baselines_work/cohorte/csharp/CODE_ESTRU_CS_006/CODE_ESTRU_CS_006.cs,0,0,0,0,0
2960,0,baselines_work/cohorte/csharp/CODE_DIF_CS_004/CODE_DIF_CS_004.cs,18,baselines_work/cohorte/csharp/CODE_ESTRU_CS_007/CODE_ESTRU_CS_007.cs,0,0,0,0,0
2962,0,baselines_work/cohorte/csharp/CODE_DIF_CS_004/CODE_DIF_CS_004.cs,23,baselines_work/cohorte/csharp/CODE_ESTRU_CS_009/CODE_ESTRU_CS_009.cs,0,0,0,0,0
2963,0,baselines_work/cohorte/csharp/CODE_DIF_CS_004/CODE_DIF_CS_004.cs,24,baselines_work/cohorte/csharp/CODE_ESTRU_CS_010/CODE_ESTRU_CS_010.cs,0,0,0,0,0
2964,0,baselines_work/cohorte/csharp/CODE_DIF_CS_004/CODE_DIF_CS_004.cs,25,baselines_work/cohorte/csharp/CODE_ESTRU_CS_011/CODE_ESTRU_CS_011.cs,0,0,0,0,0
2965,0,baselines_work/cohorte/csharp/CODE_DIF_CS_004/CODE_DIF_CS_004.cs,27,baselines_work/cohorte/csharp/CODE_ESTRU_CS_012/CODE_ESTRU_CS_012.cs,0,0,0,0,0
2966,0,baselines_work/cohorte/csharp/CODE_DIF_CS_004/CODE_DIF_CS_004.cs,32,baselines_work/cohorte/csharp/CODE_ESTRU_CS_013/CODE_ESTRU_CS_013.cs,0,0,0,0,0
2967,0,baselines_work/cohorte/csharp/CODE_DIF_CS_004/CODE_DIF_CS_004.cs,28,baselines_work/cohorte/csharp/CODE_ESTRU_CS_014/CODE_ESTRU_CS_014.cs,0,0,0,0,0
2968,0,baselines_work/cohorte/csharp/CODE_DIF_CS_004/CODE_DIF_CS_004.cs,26,baselines_work/cohorte/csharp/CODE_ESTRU_CS_015/CODE_ESTRU_CS_015.cs,0,0,0,0,0
2970,0,baselines_work/cohorte/csharp/CODE_DIF_CS_004/CODE_DIF_CS_004.cs,29,baselines_work/cohorte/csharp/CODE_FUN_CS_002/CODE_FUN_CS_002.cs,0,0,0,0,0
2971,0,baselines_work/cohorte/csharp/CODE_DIF_CS_004/CODE_DIF_CS_004.cs,31,baselines_work/cohorte/csharp/CODE_FUN_CS_003/CODE_FUN_CS_003.cs,0,0,0,0,0
2977,0,baselines_work/cohorte/csharp/CODE_DIF_CS_004/CODE_DIF_CS_004.cs,39,baselines_work/cohorte/csharp/CODE_FUN_CS_009/CODE_FUN_CS_009.cs,0,0,0,0,0
2984,0,baselines_work/cohorte/csharp/CODE_DIF_CS_004/CODE_DIF_CS_004.cs,47,baselines_work/cohorte/csharp/CODE_IDENT_CS_001/CODE_IDENT_CS_001.cs,0,0,0,0,0
2985,0,baselines_work/cohorte/csharp/CODE_DIF_CS_004/CODE_DIF_CS_004.cs,45,baselines_work/cohorte/csharp/CODE_IDENT_CS_001_COPY/CODE_IDENT_CS_001.cs,0,0,0,0,0
2986,0,baselines_work/cohorte/csharp/CODE_DIF_CS_004/CODE_DIF_CS_004.cs,46,baselines_work/cohorte/csharp/CODE_IDENT_CS_002/CODE_IDENT_CS_002.cs,0,0,0,0,0
2987,0,baselines_work/cohorte/csharp/CODE_DIF_CS_004/CODE_DIF_CS_004.cs,48,baselines_work/cohorte/csharp/CODE_IDENT_CS_002_COPY/CODE_IDENT_CS_002.cs,0,0,0,0,0
2988,0,baselines_work/cohorte/csharp/CODE_DIF_CS_004/CODE_DIF_CS_004.cs,51,baselines_work/cohorte/csharp/CODE_IDENT_CS_003/CODE_IDENT_CS_003.cs,0,0,0,0,0
2989,0,baselines_work/cohorte/csharp/CODE_DIF_CS_004/CODE_DIF_CS_004.cs,49,baselines_work/cohorte/csharp/CODE_IDENT_CS_003_COPY/CODE_IDENT_CS_003.cs,0,0,0,0,0
2992,0,baselines_work/cohorte/csharp/CODE_DIF_CS_004/CODE_DIF_CS_004.cs,53,baselines_work/cohorte/csharp/CODE_IDENT_CS_005/CODE_IDENT_CS_005.cs,0,0,0,0,0
2993,0,baselines_work/cohorte/csharp/CODE_DIF_CS_004/CODE_DIF_CS_004.cs,54,baselines_work/cohorte/csharp/CODE_IDENT_CS_005_COPY/CODE_IDENT_CS_005.cs,0,0,0,0,0
2994,0,baselines_work/cohorte/csharp/CODE_DIF_CS_004/CODE_DIF_CS_004.cs,60,baselines_work/cohorte/csharp/CODE_IDENT_CS_006/CODE_IDENT_CS_006.cs,0,0,0,0,0
2995,0,baselines_work/cohorte/csharp/CODE_DIF_CS_004/CODE_DIF_CS_004.cs,55,baselines_work/cohorte/csharp/CODE_IDENT_CS_006_COPY/CODE_IDENT_CS_006.cs,0,0,0,0,0
2996,0,baselines_work/cohorte/csharp/CODE_DIF_CS_004/CODE_DIF_CS_004.cs,56,baselines_work/cohorte/csharp/CODE_IDENT_CS_007/CODE_IDENT_CS_007.cs,0,0,0,0,0
2997,0,baselines_work/cohorte/csharp/CODE_DIF_CS_004/CODE_DIF_CS_004.cs,57,baselines_work/cohorte/csharp/CODE_IDENT_CS_007_COPY/CODE_IDENT_CS_007.cs,0,0,0,0,0
3000,0,baselines_work/cohorte/csharp/CODE_DIF_CS_004/CODE_DIF_CS_004.cs,62,baselines_work/cohorte/csharp/CODE_IDENT_CS_009/CODE_IDENT_CS_009.cs,0,0,0,0,0
3001,0,baselines_work/cohorte/csharp/CODE_DIF_CS_004/CODE_DIF_CS_004.cs,61,baselines_work/cohorte/csharp/CODE_IDENT_CS_009_COPY/CODE_IDENT_CS_009.cs,0,0,0,0,0
3002,0,baselines_work/cohorte/csharp/CODE_DIF_CS_004/CODE_DIF_CS_004.cs,64,baselines_work/cohorte/csharp/CODE_IDENT_CS_010/CODE_IDENT_CS_010.cs,0,0,0,0,0
3003,0,baselines_work/cohorte/csharp/CODE_DIF_CS_004/CODE_DIF_CS_004.cs,59,baselines_work/cohorte/csharp/CODE_IDENT_CS_010_COPY/CODE_IDENT_CS_010.cs,0,0,0,0,0
3004,0,baselines_work/cohorte/csharp/CODE_DIF_CS_004/CODE_DIF_CS_004.cs,66,baselines_work/cohorte/csharp/CODE_IDENT_CS_011/CODE_IDENT_CS_011.cs,0,0,0,0,0
3005,0,baselines_work/cohorte/csharp/CODE_DIF_CS_004/CODE_DIF_CS_004.cs,68,baselines_work/cohorte/csharp/CODE_IDENT_CS_011_COPY/CODE_IDENT_CS_011.cs,0,0,0,0,0
3006,0,baselines_work/cohorte/csharp/CODE_DIF_CS_004/CODE_DIF_CS_004.cs,63,baselines_work/cohorte/csharp/CODE_IDENT_CS_012/CODE_IDENT_CS_012.cs,0,0,0,0,0
3007,0,baselines_work/cohorte/csharp/CODE_DIF_CS_004/CODE_DIF_CS_004.cs,67,baselines_work/cohorte/csharp/CODE_IDENT_CS_012_COPY/CODE_IDENT_CS_012.cs,0,0,0,0,0
3008,0,baselines_work/cohorte/csharp/CODE_DIF_CS_004/CODE_DIF_CS_004.cs,69,baselines_work/cohorte/csharp/CODE_IDENT_CS_013/CODE_IDENT_CS_013.cs,0,0,0,0,0
3009,0,baselines_work/cohorte/csharp/CODE_DIF_CS_004/CODE_DIF_CS_004.cs,71,baselines_work/cohorte/csharp/CODE_IDENT_CS_013_COPY/CODE_IDENT_CS_013.cs,0,0,0,0,0
3010,0,baselines_work/cohorte/csharp/CODE_DIF_CS_004/CODE_DIF_CS_004.cs,72,baselines_work/cohorte/csharp/CODE_IDENT_CS_014/CODE_IDENT_CS_014.cs,0,0,0,0,0
3011,0,baselines_work/cohorte/csharp/CODE_DIF_CS_004/CODE_DIF_CS_004.cs,70,baselines_work/cohorte/csharp/CODE_IDENT_CS_014_COPY/CODE_IDENT_CS_014.cs,0,0,0,0,0
3012,0,baselines_work/cohorte/csharp/CODE_DIF_CS_004/CODE_DIF_CS_004.cs,73,baselines_work/cohorte/csharp/CODE_IDENT_CS_015/CODE_IDENT_CS_015.cs,0,0,0,0,0
3013,0,baselines_work/cohorte/csharp/CODE_DIF_CS_004/CODE_DIF_CS_004.cs,74,baselines_work/cohorte/csharp/CODE_IDENT_CS_015_COPY/CODE_IDENT_CS_015.cs,0,0,0,0,0
3025,3,baselines_work/cohorte/csharp/CODE_DIF_CS_005/CODE_DIF_CS_005.cs,15,baselines_work/cohorte/csharp/CODE_ESTRU_CS_002/CODE_ESTRU_CS_002.cs,0,0,0,0,0
3026,3,baselines_work/cohorte/csharp/CODE_DIF_CS_005/CODE_DIF_CS_005.cs,20,baselines_work/cohorte/csharp/CODE_ESTRU_CS_003/CODE_ESTRU_CS_003.cs,0,0,0,0,0
3028,3,baselines_work/cohorte/csharp/CODE_DIF_CS_005/CODE_DIF_CS_005.cs,19,baselines_work/cohorte/csharp/CODE_ESTRU_CS_005/CODE_ESTRU_CS_005.cs,0,0,0,0,0
3029,3,baselines_work/cohorte/csharp/CODE_DIF_CS_005/CODE_DIF_CS_005.cs,21,baselines_work/cohorte/csharp/CODE_ESTRU_CS_006/CODE_ESTRU_CS_006.cs,0,0,0,0,0
3030,3,baselines_work/cohorte/csharp/CODE_DIF_CS_005/CODE_DIF_CS_005.cs,18,baselines_work/cohorte/csharp/CODE_ESTRU_CS_007/CODE_ESTRU_CS_007.cs,0,0,0,0,0
3031,3,baselines_work/cohorte/csharp/CODE_DIF_CS_005/CODE_DIF_CS_005.cs,22,baselines_work/cohorte/csharp/CODE_ESTRU_CS_008/CODE_ESTRU_CS_008.cs,0,0,0,0,0
3033,3,baselines_work/cohorte/csharp/CODE_DIF_CS_005/CODE_DIF_CS_005.cs,24,baselines_work/cohorte/csharp/CODE_ESTRU_CS_010/CODE_ESTRU_CS_010.cs,0,0,0,0,0
3034,3,baselines_work/cohorte/csharp/CODE_DIF_CS_005/CODE_DIF_CS_005.cs,25,baselines_work/cohorte/csharp/CODE_ESTRU_CS_011/CODE_ESTRU_CS_011.cs,0,0,0,0,0
3036,3,baselines_work/cohorte/csharp/CODE_DIF_CS_005/CODE_DIF_CS_005.cs,32,baselines_work/cohorte/csharp/CODE_ESTRU_CS_013/CODE_ESTRU_CS_013.cs,0,0,0,0,0
3037,3,baselines_work/cohorte/csharp/CODE_DIF_CS_005/CODE_DIF_CS_005.cs,28,baselines_work/cohorte/csharp/CODE_ESTRU_CS_014/CODE_ESTRU_CS_014.cs,0,0,0,0,0
3038,3,baselines_work/cohorte/csharp/CODE_DIF_CS_005/CODE_DIF_CS_005.cs,26,baselines_work/cohorte/csharp/CODE_ESTRU_CS_015/CODE_ESTRU_CS_015.cs,0,0,0,0,0
3040,3,baselines_work/cohorte/csharp/CODE_DIF_CS_005/CODE_DIF_CS_005.cs,29,baselines_work/cohorte/csharp/CODE_FUN_CS_002/CODE_FUN_CS_002.cs,0,0,0,0,0
3041,3,baselines_work/cohorte/csharp/CODE_DIF_CS_005/CODE_DIF_CS_005.cs,31,baselines_work/cohorte/csharp/CODE_FUN_CS_003/CODE_FUN_CS_003.cs,0,0,0,0,0
3043,3,baselines_work/cohorte/csharp/CODE_DIF_CS_005/CODE_DIF_CS_005.cs,34,baselines_work/cohorte/csharp/CODE_FUN_CS_005/CODE_FUN_CS_005.cs,0,0,0,0,0
3045,3,baselines_work/cohorte/csharp/CODE_DIF_CS_005/CODE_DIF_CS_005.cs,35,baselines_work/cohorte/csharp/CODE_FUN_CS_007/CODE_FUN_CS_007.cs,0,0,0,0,0
3048,3,baselines_work/cohorte/csharp/CODE_DIF_CS_005/CODE_DIF_CS_005.cs,38,baselines_work/cohorte/csharp/CODE_FUN_CS_010/CODE_FUN_CS_010.cs,0,0,0,0,0
3053,3,baselines_work/cohorte/csharp/CODE_DIF_CS_005/CODE_DIF_CS_005.cs,44,baselines_work/cohorte/csharp/CODE_FUN_CS_015/CODE_FUN_CS_015.cs,0,0,0,0,0
3054,3,baselines_work/cohorte/csharp/CODE_DIF_CS_005/CODE_DIF_CS_005.cs,47,baselines_work/cohorte/csharp/CODE_IDENT_CS_001/CODE_IDENT_CS_001.cs,0,0,0,0,0
3055,3,baselines_work/cohorte/csharp/CODE_DIF_CS_005/CODE_DIF_CS_005.cs,45,baselines_work/cohorte/csharp/CODE_IDENT_CS_001_COPY/CODE_IDENT_CS_001.cs,0,0,0,0,0
3056,3,baselines_work/cohorte/csharp/CODE_DIF_CS_005/CODE_DIF_CS_005.cs,46,baselines_work/cohorte/csharp/CODE_IDENT_CS_002/CODE_IDENT_CS_002.cs,0,0,0,0,0
3057,3,baselines_work/cohorte/csharp/CODE_DIF_CS_005/CODE_DIF_CS_005.cs,48,baselines_work/cohorte/csharp/CODE_IDENT_CS_002_COPY/CODE_IDENT_CS_002.cs,0,0,0,0,0
3058,3,baselines_work/cohorte/csharp/CODE_DIF_CS_005/CODE_DIF_CS_005.cs,51,baselines_work/cohorte/csharp/CODE_IDENT_CS_003/CODE_IDENT_CS_003.cs,0,0,0,0,0
3059,3,baselines_work/cohorte/csharp/CODE_DIF_CS_005/CODE_DIF_CS_005.cs,49,baselines_work/cohorte/csharp/CODE_IDENT_CS_003_COPY/CODE_IDENT_CS_003.cs,0,0,0,0,0
3062,3,baselines_work/cohorte/csharp/CODE_DIF_CS_005/CODE_DIF_CS_005.cs,53,baselines_work/cohorte/csharp/CODE_IDENT_CS_005/CODE_IDENT_CS_005.cs,0,0,0,0,0
3063,3,baselines_work/cohorte/csharp/CODE_DIF_CS_005/CODE_DIF_CS_005.cs,54,baselines_work/cohorte/csharp/CODE_IDENT_CS_005_COPY/CODE_IDENT_CS_005.cs,0,0,0,0,0
3064,3,baselines_work/cohorte/csharp/CODE_DIF_CS_005/CODE_DIF_CS_005.cs,60,baselines_work/cohorte/csharp/CODE_IDENT_CS_006/CODE_IDENT_CS_006.cs,0,0,0,0,0
3065,3,baselines_work/cohorte/csharp/CODE_DIF_CS_005/CODE_DIF_CS_005.cs,55,baselines_work/cohorte/csharp/CODE_IDENT_CS_006_COPY/CODE_IDENT_CS_006.cs,0,0,0,0,0
3066,3,baselines_work/cohorte/csharp/CODE_DIF_CS_005/CODE_DIF_CS_005.cs,56,baselines_work/cohorte/csharp/CODE_IDENT_CS_007/CODE_IDENT_CS_007.cs,0,0,0,0,0
3067,3,baselines_work/cohorte/csharp/CODE_DIF_CS_005/CODE_DIF_CS_005.cs,57,baselines_work/cohorte/csharp/CODE_IDENT_CS_007_COPY/CODE_IDENT_CS_007.cs,0,0,0,0,0
3068,3,baselines_work/cohorte/csharp/CODE_DIF_CS_005/CODE_DIF_CS_005.cs,58,baselines_work/cohorte/csharp/CODE_IDENT_CS_008/CODE_IDENT_CS_008.cs,0,0,0,0,0
3069,3,baselines_work/cohorte/csharp/CODE_DIF_CS_005/CODE_DIF_CS_005.cs,65,baselines_work/cohorte/csharp/CODE_IDENT_CS_008_COPY/CODE_IDENT_CS_008.cs,0,0,0,0,0
3072,3,baselines_work/cohorte/csharp/CODE_DIF_CS_005/CODE_DIF_CS_005.cs,64,baselines_work/cohorte/csharp/CODE_IDENT_CS_010/CODE_IDENT_CS_010.cs,0,0,0,0,0
3073,3,baselines_work/cohorte/csharp/CODE_DIF_CS_005/CODE_DIF_CS_005.cs,59,baselines_work/cohorte/csharp/CODE_IDENT_CS_010_COPY/CODE_IDENT_CS_010.cs,0,0,0,0,0
3074,3,baselines_work/cohorte/csharp/CODE_DIF_CS_005/CODE_DIF_CS_005.cs,66,baselines_work/cohorte/csharp/CODE_IDENT_CS_011/CODE_IDENT_CS_011.cs,0,0,0,0,0
3075,3,baselines_work/cohorte/csharp/CODE_DIF_CS_005/CODE_DIF_CS_005.cs,68,baselines_work/cohorte/csharp/CODE_IDENT_CS_011_COPY/CODE_IDENT_CS_011.cs,0,0,0,0,0
3078,3,baselines_work/cohorte/csharp/CODE_DIF_CS_005/CODE_DIF_CS_005.cs,69,baselines_work/cohorte/csharp/CODE_IDENT_CS_013/CODE_IDENT_CS_013.cs,0,0,0,0,0
3079,3,baselines_work/cohorte/csharp/CODE_DIF_CS_005/CODE_DIF_CS_005.cs,71,baselines_work/cohorte/csharp/CODE_IDENT_CS_013_COPY/CODE_IDENT_CS_013.cs,0,0,0,0,0
3080,3,baselines_work/cohorte/csharp/CODE_DIF_CS_005/CODE_DIF_CS_005.cs,72,baselines_work/cohorte/csharp/CODE_IDENT_CS_014/CODE_IDENT_CS_014.cs,0,0,0,0,0
3081,3,baselines_work/cohorte/csharp/CODE_DIF_CS_005/CODE_DIF_CS_005.cs,70,baselines_work/cohorte/csharp/CODE_IDENT_CS_014_COPY/CODE_IDENT_CS_014.cs,0,0,0,0,0
3082,3,baselines_work/cohorte/csharp/CODE_DIF_CS_005/CODE_DIF_CS_005.cs,73,baselines_work/cohorte/csharp/CODE_IDENT_CS_015/CODE_IDENT_CS_015.cs,0,0,0,0,0
3083,3,baselines_work/cohorte/csharp/CODE_DIF_CS_005/CODE_DIF_CS_005.cs,74,baselines_work/cohorte/csharp/CODE_IDENT_CS_015_COPY/CODE_IDENT_CS_015.cs,0,0,0,0,0
3094,6,baselines_work/cohorte/csharp/CODE_DIF_CS_006/CODE_DIF_CS_006.cs,15,baselines_work/cohorte/csharp/CODE_ESTRU_CS_002/CODE_ESTRU_CS_002.cs,0,0,0,0,0
3095,6,baselines_work/cohorte/csharp/CODE_DIF_CS_006/CODE_DIF_CS_006.cs,20,baselines_work/cohorte/csharp/CODE_ESTRU_CS_003/CODE_ESTRU_CS_003.cs,0,0,0,0,0
3097,6,baselines_work/cohorte/csharp/CODE_DIF_CS_006/CODE_DIF_CS_006.cs,19,baselines_work/cohorte/csharp/CODE_ESTRU_CS_005/CODE_ESTRU_CS_005.cs,0,0,0,0,0
3098,6,baselines_work/cohorte/csharp/CODE_DIF_CS_006/CODE_DIF_CS_006.cs,21,baselines_work/cohorte/csharp/CODE_ESTRU_CS_006/CODE_ESTRU_CS_006.cs,0,0,0,0,0
3099,6,baselines_work/cohorte/csharp/CODE_DIF_CS_006/CODE_DIF_CS_006.cs,18,baselines_work/cohorte/csharp/CODE_ESTRU_CS_007/CODE_ESTRU_CS_007.cs,0,0,0,0,0
3100,6,baselines_work/cohorte/csharp/CODE_DIF_CS_006/CODE_DIF_CS_006.cs,22,baselines_work/cohorte/csharp/CODE_ESTRU_CS_008/CODE_ESTRU_CS_008.cs,0,0,0,0,0
3101,6,baselines_work/cohorte/csharp/CODE_DIF_CS_006/CODE_DIF_CS_006.cs,23,baselines_work/cohorte/csharp/CODE_ESTRU_CS_009/CODE_ESTRU_CS_009.cs,0,0,0,0,0
3102,6,baselines_work/cohorte/csharp/CODE_DIF_CS_006/CODE_DIF_CS_006.cs,24,baselines_work/cohorte/csharp/CODE_ESTRU_CS_010/CODE_ESTRU_CS_010.cs,0,0,0,0,0
3103,6,baselines_work/cohorte/csharp/CODE_DIF_CS_006/CODE_DIF_CS_006.cs,25,baselines_work/cohorte/csharp/CODE_ESTRU_CS_011/CODE_ESTRU_CS_011.cs,0,0,0,0,0
3105,6,baselines_work/cohorte/csharp/CODE_DIF_CS_006/CODE_DIF_CS_006.cs,32,baselines_work/cohorte/csharp/CODE_ESTRU_CS_013/CODE_ESTRU_CS_013.cs,0,0,0,0,0
3106,6,baselines_work/cohorte/csharp/CODE_DIF_CS_006/CODE_DIF_CS_006.cs,28,baselines_work/cohorte/csharp/CODE_ESTRU_CS_014/CODE_ESTRU_CS_014.cs,0,0,0,0,0
3107,6,baselines_work/cohorte/csharp/CODE_DIF_CS_006/CODE_DIF_CS_006.cs,26,baselines_work/cohorte/csharp/CODE_ESTRU_CS_015/CODE_ESTRU_CS_015.cs,0,0,0,0,0
3109,6,baselines_work/cohorte/csharp/CODE_DIF_CS_006/CODE_DIF_CS_006.cs,29,baselines_work/cohorte/csharp/CODE_FUN_CS_002/CODE_FUN_CS_002.cs,0,0,0,0,0
3110,6,baselines_work/cohorte/csharp/CODE_DIF_CS_006/CODE_DIF_CS_006.cs,31,baselines_work/cohorte/csharp/CODE_FUN_CS_003/CODE_FUN_CS_003.cs,0,0,0,0,0
3121,6,baselines_work/cohorte/csharp/CODE_DIF_CS_006/CODE_DIF_CS_006.cs,43,baselines_work/cohorte/csharp/CODE_FUN_CS_014/CODE_FUN_CS_014.cs,0,0,0,0,0
3122,6,baselines_work/cohorte/csharp/CODE_DIF_CS_006/CODE_DIF_CS_006.cs,44,baselines_work/cohorte/csharp/CODE_FUN_CS_015/CODE_FUN_CS_015.cs,0,0,0,0,0
3125,6,baselines_work/cohorte/csharp/CODE_DIF_CS_006/CODE_DIF_CS_006.cs,46,baselines_work/cohorte/csharp/CODE_IDENT_CS_002/CODE_IDENT_CS_002.cs,0,0,0,0,0
3126,6,baselines_work/cohorte/csharp/CODE_DIF_CS_006/CODE_DIF_CS_006.cs,48,baselines_work/cohorte/csharp/CODE_IDENT_CS_002_COPY/CODE_IDENT_CS_002.cs,0,0,0,0,0
3131,6,baselines_work/cohorte/csharp/CODE_DIF_CS_006/CODE_DIF_CS_006.cs,53,baselines_work/cohorte/csharp/CODE_IDENT_CS_005/CODE_IDENT_CS_005.cs,0,0,0,0,0
3132,6,baselines_work/cohorte/csharp/CODE_DIF_CS_006/CODE_DIF_CS_006.cs,54,baselines_work/cohorte/csharp/CODE_IDENT_CS_005_COPY/CODE_IDENT_CS_005.cs,0,0,0,0,0
3133,6,baselines_work/cohorte/csharp/CODE_DIF_CS_006/CODE_DIF_CS_006.cs,60,baselines_work/cohorte/csharp/CODE_IDENT_CS_006/CODE_IDENT_CS_006.cs,0,0,0,0,0
3134,6,baselines_work/cohorte/csharp/CODE_DIF_CS_006/CODE_DIF_CS_006.cs,55,baselines_work/cohorte/csharp/CODE_IDENT_CS_006_COPY/CODE_IDENT_CS_006.cs,0,0,0,0,0
3135,6,baselines_work/cohorte/csharp/CODE_DIF_CS_006/CODE_DIF_CS_006.cs,56,baselines_work/cohorte/csharp/CODE_IDENT_CS_007/CODE_IDENT_CS_007.cs,0,0,0,0,0
3136,6,baselines_work/cohorte/csharp/CODE_DIF_CS_006/CODE_DIF_CS_006.cs,57,baselines_work/cohorte/csharp/CODE_IDENT_CS_007_COPY/CODE_IDENT_CS_007.cs,0,0,0,0,0
3137,6,baselines_work/cohorte/csharp/CODE_DIF_CS_006/CODE_DIF_CS_006.cs,58,baselines_work/cohorte/csharp/CODE_IDENT_CS_008/CODE_IDENT_CS_008.cs,0,0,0,0,0
3138,6,baselines_work/cohorte/csharp/CODE_DIF_CS_006/CODE_DIF_CS_006.cs,65,baselines_work/cohorte/csharp/CODE_IDENT_CS_008_COPY/CODE_IDENT_CS_008.cs,0,0,0,0,0
3139,6,baselines_work/cohorte/csharp/CODE_DIF_CS_006/CODE_DIF_CS_006.cs,62,baselines_work/cohorte/csharp/CODE_IDENT_CS_009/CODE_IDENT_CS_009.cs,0,0,0,0,0
3140,6,baselines_work/cohorte/csharp/CODE_DIF_CS_006/CODE_DIF_CS_006.cs,61,baselines_work/cohorte/csharp/CODE_IDENT_CS_009_COPY/CODE_IDENT_CS_009.cs,0,0,0,0,0
3141,6,baselines_work/cohorte/csharp/CODE_DIF_CS_006/CODE_DIF_CS_006.cs,64,baselines_work/cohorte/csharp/CODE_IDENT_CS_010/CODE_IDENT_CS_010.cs,0,0,0,0,0
3142,6,baselines_work/cohorte/csharp/CODE_DIF_CS_006/CODE_DIF_CS_006.cs,59,baselines_work/cohorte/csharp/CODE_IDENT_CS_010_COPY/CODE_IDENT_CS_010.cs,0,0,0,0,0
3143,6,baselines_work/cohorte/csharp/CODE_DIF_CS_006/CODE_DIF_CS_006.cs,66,baselines_work/cohorte/csharp/CODE_IDENT_CS_011/CODE_IDENT_CS_011.cs,0,0,0,0,0
3144,6,baselines_work/cohorte/csharp/CODE_DIF_CS_006/CODE_DIF_CS_006.cs,68,baselines_work/cohorte/csharp/CODE_IDENT_CS_011_COPY/CODE_IDENT_CS_011.cs,0,0,0,0,0
3147,6,baselines_work/cohorte/csharp/CODE_DIF_CS_006/CODE_DIF_CS_006.cs,69,baselines_work/cohorte/csharp/CODE_IDENT_CS_013/CODE_IDENT_CS_013.cs,0,0,0,0,0
3148,6,baselines_work/cohorte/csharp/CODE_DIF_CS_006/CODE_DIF_CS_006.cs,71,baselines_work/cohorte/csharp/CODE_IDENT_CS_013_COPY/CODE_IDENT_CS_013.cs,0,0,0,0,0
3149,6,baselines_work/cohorte/csharp/CODE_DIF_CS_006/CODE_DIF_CS_006.cs,72,baselines_work/cohorte/csharp/CODE_IDENT_CS_014/CODE_IDENT_CS_014.cs,0,0,0,0,0
3150,6,baselines_work/cohorte/csharp/CODE_DIF_CS_006/CODE_DIF_CS_006.cs,70,baselines_work/cohorte/csharp/CODE_IDENT_CS_014_COPY/CODE_IDENT_CS_014.cs,0,0,0,0,0
3151,6,baselines_work/cohorte/csharp/CODE_DIF_CS_006/CODE_DIF_CS_006.cs,73,baselines_work/cohorte/csharp/CODE_IDENT_CS_015/CODE_IDENT_CS_015.cs,0,0,0,0,0
3152,6,baselines_work/cohorte/csharp/CODE_DIF_CS_006/CODE_DIF_CS_006.cs,74,baselines_work/cohorte/csharp/CODE_IDENT_CS_015_COPY/CODE_IDENT_CS_015.cs,0,0,0,0,0
3165,9,baselines_work/cohorte/csharp/CODE_DIF_CS_007/CODE_DIF_CS_007.cs,19,baselines_work/cohorte/csharp/CODE_ESTRU_CS_005/CODE_ESTRU_CS_005.cs,0,0,0,0,0
3168,9,baselines_work/cohorte/csharp/CODE_DIF_CS_007/CODE_DIF_CS_007.cs,22,baselines_work/cohorte/csharp/CODE_ESTRU_CS_008/CODE_ESTRU_CS_008.cs,0,0,0,0,0
3169,9,baselines_work/cohorte/csharp/CODE_DIF_CS_007/CODE_DIF_CS_007.cs,23,baselines_work/cohorte/csharp/CODE_ESTRU_CS_009/CODE_ESTRU_CS_009.cs,0,0,0,0,0
3170,9,baselines_work/cohorte/csharp/CODE_DIF_CS_007/CODE_DIF_CS_007.cs,24,baselines_work/cohorte/csharp/CODE_ESTRU_CS_010/CODE_ESTRU_CS_010.cs,0,0,0,0,0
3171,9,baselines_work/cohorte/csharp/CODE_DIF_CS_007/CODE_DIF_CS_007.cs,25,baselines_work/cohorte/csharp/CODE_ESTRU_CS_011/CODE_ESTRU_CS_011.cs,0,0,0,0,0
3172,9,baselines_work/cohorte/csharp/CODE_DIF_CS_007/CODE_DIF_CS_007.cs,27,baselines_work/cohorte/csharp/CODE_ESTRU_CS_012/CODE_ESTRU_CS_012.cs,0,0,0,0,0
3173,9,baselines_work/cohorte/csharp/CODE_DIF_CS_007/CODE_DIF_CS_007.cs,32,baselines_work/cohorte/csharp/CODE_ESTRU_CS_013/CODE_ESTRU_CS_013.cs,0,0,0,0,0
3174,9,baselines_work/cohorte/csharp/CODE_DIF_CS_007/CODE_DIF_CS_007.cs,28,baselines_work/cohorte/csharp/CODE_ESTRU_CS_014/CODE_ESTRU_CS_014.cs,0,0,0,0,0
3175,9,baselines_work/cohorte/csharp/CODE_DIF_CS_007/CODE_DIF_CS_007.cs,26,baselines_work/cohorte/csharp/CODE_ESTRU_CS_015/CODE_ESTRU_CS_015.cs,0,0,0,0,0
3177,9,baselines_work/cohorte/csharp/CODE_DIF_CS_007/CODE_DIF_CS_007.cs,29,baselines_work/cohorte/csharp/CODE_FUN_CS_002/CODE_FUN_CS_002.cs,0,0,0,0,0
3178,9,baselines_work/cohorte/csharp/CODE_DIF_CS_007/CODE_DIF_CS_007.cs,31,baselines_work/cohorte/csharp/CODE_FUN_CS_003/CODE_FUN_CS_003.cs,0,0,0,0,0
3180,9,baselines_work/cohorte/csharp/CODE_DIF_CS_007/CODE_DIF_CS_007.cs,34,baselines_work/cohorte/csharp/CODE_FUN_CS_005/CODE_FUN_CS_005.cs,0,0,0,0,0
3182,9,baselines_work/cohorte/csharp/CODE_DIF_CS_007/CODE_DIF_CS_007.cs,35,baselines_work/cohorte/csharp/CODE_FUN_CS_007/CODE_FUN_CS_007.cs,0,0,0,0,0
3195,9,baselines_work/cohorte/csharp/CODE_DIF_CS_007/CODE_DIF_CS_007.cs,51,baselines_work/cohorte/csharp/CODE_IDENT_CS_003/CODE_IDENT_CS_003.cs,0,0,0,0,0
3196,9,baselines_work/cohorte/csharp/CODE_DIF_CS_007/CODE_DIF_CS_007.cs,49,baselines_work/cohorte/csharp/CODE_IDENT_CS_003_COPY/CODE_IDENT_CS_003.cs,0,0,0,0,0
3199,9,baselines_work/cohorte/csharp/CODE_DIF_CS_007/CODE_DIF_CS_007.cs,53,baselines_work/cohorte/csharp/CODE_IDENT_CS_005/CODE_IDENT_CS_005.cs,0,0,0,0,0
3200,9,baselines_work/cohorte/csharp/CODE_DIF_CS_007/CODE_DIF_CS_007.cs,54,baselines_work/cohorte/csharp/CODE_IDENT_CS_005_COPY/CODE_IDENT_CS_005.cs,0,0,0,0,0
3201,9,baselines_work/cohorte/csharp/CODE_DIF_CS_007/CODE_DIF_CS_007.cs,60,baselines_work/cohorte/csharp/CODE_IDENT_CS_006/CODE_IDENT_CS_006.cs,0,0,0,0,0
3202,9,baselines_work/cohorte/csharp/CODE_DIF_CS_007/CODE_DIF_CS_007.cs,55,baselines_work/cohorte/csharp/CODE_IDENT_CS_006_COPY/CODE_IDENT_CS_006.cs,0,0,0,0,0
3205,9,baselines_work/cohorte/csharp/CODE_DIF_CS_007/CODE_DIF_CS_007.cs,58,baselines_work/cohorte/csharp/CODE_IDENT_CS_008/CODE_IDENT_CS_008.cs,0,0,0,0,0
3206,9,baselines_work/cohorte/csharp/CODE_DIF_CS_007/CODE_DIF_CS_007.cs,65,baselines_work/cohorte/csharp/CODE_IDENT_CS_008_COPY/CODE_IDENT_CS_008.cs,0,0,0,0,0
3207,9,baselines_work/cohorte/csharp/CODE_DIF_CS_007/CODE_DIF_CS_007.cs,62,baselines_work/cohorte/csharp/CODE_IDENT_CS_009/CODE_IDENT_CS_009.cs,0,0,0,0,0
3208,9,baselines_work/cohorte/csharp/CODE_DIF_CS_007/CODE_DIF_CS_007.cs,61,baselines_work/cohorte/csharp/CODE_IDENT_CS_009_COPY/CODE_IDENT_CS_009.cs,0,0,0,0,0
3209,9,baselines_work/cohorte/csharp/CODE_DIF_CS_007/CODE_DIF_CS_007.cs,64,baselines_work/cohorte/csharp/CODE_IDENT_CS_010/CODE_IDENT_CS_010.cs,0,0,0,0,0
3210,9,baselines_work/cohorte/csharp/CODE_DIF_CS_007/CODE_DIF_CS_007.cs,59,baselines_work/cohorte/csharp/CODE_IDENT_CS_010_COPY/CODE_IDENT_CS_010.cs,0,0,0,0,0
3211,9,baselines_work/cohorte/csharp/CODE_DIF_CS_007/CODE_DIF_CS_007.cs,66,baselines_work/cohorte/csharp/CODE_IDENT_CS_011/CODE_IDENT_CS_011.cs,0,0,0,0,0
3212,9,baselines_work/cohorte/csharp/CODE_DIF_CS_007/CODE_DIF_CS_007.cs,68,baselines_work/cohorte/csharp/CODE_IDENT_CS_011_COPY/CODE_IDENT_CS_011.cs,0,0,0,0,0
3213,9,baselines_work/cohorte/csharp/CODE_DIF_CS_007/CODE_DIF_CS_007.cs,63,baselines_work/cohorte/csharp/CODE_IDENT_CS_012/CODE_IDENT_CS_012.cs,0,0,0,0,0
3214,9,baselines_work/cohorte/csharp/CODE_DIF_CS_007/CODE_DIF_CS_007.cs,67,baselines_work/cohorte/csharp/CODE_IDENT_CS_012_COPY/CODE_IDENT_CS_012.cs,0,0,0,0,0
3215,9,baselines_work/cohorte/csharp/CODE_DIF_CS_007/CODE_DIF_CS_007.cs,69,baselines_work/cohorte/csharp/CODE_IDENT_CS_013/CODE_IDENT_CS_013.cs,0,0,0,0,0
3216,9,baselines_work/cohorte/csharp/CODE_DIF_CS_007/CODE_DIF_CS_007.cs,71,baselines_work/cohorte/csharp/CODE_IDENT_CS_013_COPY/CODE_IDENT_CS_013.cs,0,0,0,0,0
3217,9,baselines_work/cohorte/csharp/CODE_DIF_CS_007/CODE_DIF_CS_007.cs,72,baselines_work/cohorte/csharp/CODE_IDENT_CS_014/CODE_IDENT_CS_014.cs,0,0,0,0,0
3218,9,baselines_work/cohorte/csharp/CODE_DIF_CS_007/CODE_DIF_CS_007.cs,70,baselines_work/cohorte/csharp/CODE_IDENT_CS_014_COPY/CODE_IDENT_CS_014.cs,0,0,0,0,0
3219,9,baselines_work/cohorte/csharp/CODE_DIF_CS_007/CODE_DIF_CS_007.cs,73,baselines_work/cohorte/csharp/CODE_IDENT_CS_015/CODE_IDENT_CS_015.cs,0,0,0,0,0
3220,9,baselines_work/cohorte/csharp/CODE_DIF_CS_007/CODE_DIF_CS_007.cs,74,baselines_work/cohorte/csharp/CODE_IDENT_CS_015_COPY/CODE_IDENT_CS_015.cs,0,0,0,0,0
3232,5,baselines_work/cohorte/csharp/CODE_DIF_CS_008/CODE_DIF_CS_008.cs,19,baselines_work/cohorte/csharp/CODE_ESTRU_CS_005/CODE_ESTRU_CS_005.cs,0,0,0,0,0
3233,5,baselines_work/cohorte/csharp/CODE_DIF_CS_008/CODE_DIF_CS_008.cs,21,baselines_work/cohorte/csharp/CODE_ESTRU_CS_006/CODE_ESTRU_CS_006.cs,0,0,0,0,0
3234,5,baselines_work/cohorte/csharp/CODE_DIF_CS_008/CODE_DIF_CS_008.cs,18,baselines_work/cohorte/csharp/CODE_ESTRU_CS_007/CODE_ESTRU_CS_007.cs,0,0,0,0,0
3236,5,baselines_work/cohorte/csharp/CODE_DIF_CS_008/CODE_DIF_CS_008.cs,23,baselines_work/cohorte/csharp/CODE_ESTRU_CS_009/CODE_ESTRU_CS_009.cs,0,0,0,0,0
3237,5,baselines_work/cohorte/csharp/CODE_DIF_CS_008/CODE_DIF_CS_008.cs,24,baselines_work/cohorte/csharp/CODE_ESTRU_CS_010/CODE_ESTRU_CS_010.cs,0,0,0,0,0
3238,5,baselines_work/cohorte/csharp/CODE_DIF_CS_008/CODE_DIF_CS_008.cs,25,baselines_work/cohorte/csharp/CODE_ESTRU_CS_011/CODE_ESTRU_CS_011.cs,0,0,0,0,0
3239,5,baselines_work/cohorte/csharp/CODE_DIF_CS_008/CODE_DIF_CS_008.cs,27,baselines_work/cohorte/csharp/CODE_ESTRU_CS_012/CODE_ESTRU_CS_012.cs,0,0,0,0,0
3240,5,baselines_work/cohorte/csharp/CODE_DIF_CS_008/CODE_DIF_CS_008.cs,32,baselines_work/cohorte/csharp/CODE_ESTRU_CS_013/CODE_ESTRU_CS_013.cs,0,0,0,0,0
3241,5,baselines_work/cohorte/csharp/CODE_DIF_CS_008/CODE_DIF_CS_008.cs,28,baselines_work/cohorte/csharp/CODE_ESTRU_CS_014/CODE_ESTRU_CS_014.cs,0,0,0,0,0
3242,5,baselines_work/cohorte/csharp/CODE_DIF_CS_008/CODE_DIF_CS_008.cs,26,baselines_work/cohorte/csharp/CODE_ESTRU_CS_015/CODE_ESTRU_CS_015.cs,0,0,0,0,0
3244,5,baselines_work/cohorte/csharp/CODE_DIF_CS_008/CODE_DIF_CS_008.cs,29,baselines_work/cohorte/csharp/CODE_FUN_CS_002/CODE_FUN_CS_002.cs,0,0,0,0,0
3245,5,baselines_work/cohorte/csharp/CODE_DIF_CS_008/CODE_DIF_CS_008.cs,31,baselines_work/cohorte/csharp/CODE_FUN_CS_003/CODE_FUN_CS_003.cs,0,0,0,0,0
3252,5,baselines_work/cohorte/csharp/CODE_DIF_CS_008/CODE_DIF_CS_008.cs,38,baselines_work/cohorte/csharp/CODE_FUN_CS_010/CODE_FUN_CS_010.cs,0,0,0,0,0
3257,5,baselines_work/cohorte/csharp/CODE_DIF_CS_008/CODE_DIF_CS_008.cs,44,baselines_work/cohorte/csharp/CODE_FUN_CS_015/CODE_FUN_CS_015.cs,0,0,0,0,0
3260,5,baselines_work/cohorte/csharp/CODE_DIF_CS_008/CODE_DIF_CS_008.cs,46,baselines_work/cohorte/csharp/CODE_IDENT_CS_002/CODE_IDENT_CS_002.cs,0,0,0,0,0
3261,5,baselines_work/cohorte/csharp/CODE_DIF_CS_008/CODE_DIF_CS_008.cs,48,baselines_work/cohorte/csharp/CODE_IDENT_CS_002_COPY/CODE_IDENT_CS_002.cs,0,0,0,0,0
3262,5,baselines_work/cohorte/csharp/CODE_DIF_CS_008/CODE_DIF_CS_008.cs,51,baselines_work/cohorte/csharp/CODE_IDENT_CS_003/CODE_IDENT_CS_003.cs,0,0,0,0,0
3263,5,baselines_work/cohorte/csharp/CODE_DIF_CS_008/CODE_DIF_CS_008.cs,49,baselines_work/cohorte/csharp/CODE_IDENT_CS_003_COPY/CODE_IDENT_CS_003.cs,0,0,0,0,0
3266,5,baselines_work/cohorte/csharp/CODE_DIF_CS_008/CODE_DIF_CS_008.cs,53,baselines_work/cohorte/csharp/CODE_IDENT_CS_005/CODE_IDENT_CS_005.cs,0,0,0,0,0
3267,5,baselines_work/cohorte/csharp/CODE_DIF_CS_008/CODE_DIF_CS_008.cs,54,baselines_work/cohorte/csharp/CODE_IDENT_CS_005_COPY/CODE_IDENT_CS_005.cs,0,0,0,0,0
3268,5,baselines_work/cohorte/csharp/CODE_DIF_CS_008/CODE_DIF_CS_008.cs,60,baselines_work/cohorte/csharp/CODE_IDENT_CS_006/CODE_IDENT_CS_006.cs,0,0,0,0,0
3269,5,baselines_work/cohorte/csharp/CODE_DIF_CS_008/CODE_DIF_CS_008.cs,55,baselines_work/cohorte/csharp/CODE_IDENT_CS_006_COPY/CODE_IDENT_CS_006.cs,0,0,0,0,0
3270,5,baselines_work/cohorte/csharp/CODE_DIF_CS_008/CODE_DIF_CS_008.cs,56,baselines_work/cohorte/csharp/CODE_IDENT_CS_007/CODE_IDENT_CS_007.cs,0,0,0,0,0
3271,5,baselines_work/cohorte/csharp/CODE_DIF_CS_008/CODE_DIF_CS_008.cs,57,baselines_work/cohorte/csharp/CODE_IDENT_CS_007_COPY/CODE_IDENT_CS_007.cs,0,0,0,0,0
3274,5,baselines_work/cohorte/csharp/CODE_DIF_CS_008/CODE_DIF_CS_008.cs,62,baselines_work/cohorte/csharp/CODE_IDENT_CS_009/CODE_IDENT_CS_009.cs,0,0,0,0,0
3275,5,baselines_work/cohorte/csharp/CODE_DIF_CS_008/CODE_DIF_CS_008.cs,61,baselines_work/cohorte/csharp/CODE_IDENT_CS_009_COPY/CODE_IDENT_CS_009.cs,0,0,0,0,0
3276,5,baselines_work/cohorte/csharp/CODE_DIF_CS_008/CODE_DIF_CS_008.cs,64,baselines_work/cohorte/csharp/CODE_IDENT_CS_010/CODE_IDENT_CS_010.cs,0,0,0,0,0
3277,5,baselines_work/cohorte/csharp/CODE_DIF_CS_008/CODE_DIF_CS_008.cs,59,baselines_work/cohorte/csharp/CODE_IDENT_CS_010_COPY/CODE_IDENT_CS_010.cs,0,0,0,0,0
3278,5,baselines_work/cohorte/csharp/CODE_DIF_CS_008/CODE_DIF_CS_008.cs,66,baselines_work/cohorte/csharp/CODE_IDENT_CS_011/CODE_IDENT_CS_011.cs,0,0,0,0,0
3279,5,baselines_work/cohorte/csharp/CODE_DIF_CS_008/CODE_DIF_CS_008.cs,68,baselines_work/cohorte/csharp/CODE_IDENT_CS_011_COPY/CODE_IDENT_CS_011.cs,0,0,0,0,0
3280,5,baselines_work/cohorte/csharp/CODE_DIF_CS_008/CODE_DIF_CS_008.cs,63,baselines_work/cohorte/csharp/CODE_IDENT_CS_012/CODE_IDENT_CS_012.cs,0,0,0,0,0
3281,5,baselines_work/cohorte/csharp/CODE_DIF_CS_008/CODE_DIF_CS_008.cs,67,baselines_work/cohorte/csharp/CODE_IDENT_CS_012_COPY/CODE_IDENT_CS_012.cs,0,0,0,0,0
3284,5,baselines_work/cohorte/csharp/CODE_DIF_CS_008/CODE_DIF_CS_008.cs,72,baselines_work/cohorte/csharp/CODE_IDENT_CS_014/CODE_IDENT_CS_014.cs,0,0,0,0,0
3285,5,baselines_work/cohorte/csharp/CODE_DIF_CS_008/CODE_DIF_CS_008.cs,70,baselines_work/cohorte/csharp/CODE_IDENT_CS_014_COPY/CODE_IDENT_CS_014.cs,0,0,0,0,0
3286,5,baselines_work/cohorte/csharp/CODE_DIF_CS_008/CODE_DIF_CS_008.cs,73,baselines_work/cohorte/csharp/CODE_IDENT_CS_015/CODE_IDENT_CS_015.cs,0,0,0,0,0
3287,5,baselines_work/cohorte/csharp/CODE_DIF_CS_008/CODE_DIF_CS_008.cs,74,baselines_work/cohorte/csharp/CODE_IDENT_CS_015_COPY/CODE_IDENT_CS_015.cs,0,0,0,0,0
3298,8,baselines_work/cohorte/csharp/CODE_DIF_CS_009/CODE_DIF_CS_009.cs,19,baselines_work/cohorte/csharp/CODE_ESTRU_CS_005/CODE_ESTRU_CS_005.cs,0,0,0,0,0
3299,8,baselines_work/cohorte/csharp/CODE_DIF_CS_009/CODE_DIF_CS_009.cs,21,baselines_work/cohorte/csharp/CODE_ESTRU_CS_006/CODE_ESTRU_CS_006.cs,0,0,0,0,0
3300,8,baselines_work/cohorte/csharp/CODE_DIF_CS_009/CODE_DIF_CS_009.cs,18,baselines_work/cohorte/csharp/CODE_ESTRU_CS_007/CODE_ESTRU_CS_007.cs,0,0,0,0,0
3301,8,baselines_work/cohorte/csharp/CODE_DIF_CS_009/CODE_DIF_CS_009.cs,22,baselines_work/cohorte/csharp/CODE_ESTRU_CS_008/CODE_ESTRU_CS_008.cs,0,0,0,0,0
3302,8,baselines_work/cohorte/csharp/CODE_DIF_CS_009/CODE_DIF_CS_009.cs,23,baselines_work/cohorte/csharp/CODE_ESTRU_CS_009/CODE_ESTRU_CS_009.cs,0,0,0,0,0
3303,8,baselines_work/cohorte/csharp/CODE_DIF_CS_009/CODE_DIF_CS_009.cs,24,baselines_work/cohorte/csharp/CODE_ESTRU_CS_010/CODE_ESTRU_CS_010.cs,0,0,0,0,0
3304,8,baselines_work/cohorte/csharp/CODE_DIF_CS_009/CODE_DIF_CS_009.cs,25,baselines_work/cohorte/csharp/CODE_ESTRU_CS_011/CODE_ESTRU_CS_011.cs,0,0,0,0,0
3305,8,baselines_work/cohorte/csharp/CODE_DIF_CS_009/CODE_DIF_CS_009.cs,27,baselines_work/cohorte/csharp/CODE_ESTRU_CS_012/CODE_ESTRU_CS_012.cs,0,0,0,0,0
3306,8,baselines_work/cohorte/csharp/CODE_DIF_CS_009/CODE_DIF_CS_009.cs,32,baselines_work/cohorte/csharp/CODE_ESTRU_CS_013/CODE_ESTRU_CS_013.cs,0,0,0,0,0
3307,8,baselines_work/cohorte/csharp/CODE_DIF_CS_009/CODE_DIF_CS_009.cs,28,baselines_work/cohorte/csharp/CODE_ESTRU_CS_014/CODE_ESTRU_CS_014.cs,0,0,0,0,0
3308,8,baselines_work/cohorte/csharp/CODE_DIF_CS_009/CODE_DIF_CS_009.cs,26,baselines_work/cohorte/csharp/CODE_ESTRU_CS_015/CODE_ESTRU_CS_015.cs,0,0,0,0,0
3310,8,baselines_work/cohorte/csharp/CODE_DIF_CS_009/CODE_DIF_CS_009.cs,29,baselines_work/cohorte/csharp/CODE_FUN_CS_002/CODE_FUN_CS_002.cs,0,0,0,0,0
3311,8,baselines_work/cohorte/csharp/CODE_DIF_CS_009/CODE_DIF_CS_009.cs,31,baselines_work/cohorte/csharp/CODE_FUN_CS_003/CODE_FUN_CS_003.cs,0,0,0,0,0
3313,8,baselines_work/cohorte/csharp/CODE_DIF_CS_009/CODE_DIF_CS_009.cs,34,baselines_work/cohorte/csharp/CODE_FUN_CS_005/CODE_FUN_CS_005.cs,0,0,0,0,0
3314,8,baselines_work/cohorte/csharp/CODE_DIF_CS_009/CODE_DIF_CS_009.cs,40,baselines_work/cohorte/csharp/CODE_FUN_CS_006/CODE_FUN_CS_006.cs,0,0,0,0,0
3318,8,baselines_work/cohorte/csharp/CODE_DIF_CS_009/CODE_DIF_CS_009.cs,38,baselines_work/cohorte/csharp/CODE_FUN_CS_010/CODE_FUN_CS_010.cs,0,0,0,0,0
3326,8,baselines_work/cohorte/csharp/CODE_DIF_CS_009/CODE_DIF_CS_009.cs,46,baselines_work/cohorte/csharp/CODE_IDENT_CS_002/CODE_IDENT_CS_002.cs,0,0,0,0,0
3327,8,baselines_work/cohorte/csharp/CODE_DIF_CS_009/CODE_DIF_CS_009.cs,48,baselines_work/cohorte/csharp/CODE_IDENT_CS_002_COPY/CODE_IDENT_CS_002.cs,0,0,0,0,0
3328,8,baselines_work/cohorte/csharp/CODE_DIF_CS_009/CODE_DIF_CS_009.cs,51,baselines_work/cohorte/csharp/CODE_IDENT_CS_003/CODE_IDENT_CS_003.cs,0,0,0,0,0
3329,8,baselines_work/cohorte/csharp/CODE_DIF_CS_009/CODE_DIF_CS_009.cs,49,baselines_work/cohorte/csharp/CODE_IDENT_CS_003_COPY/CODE_IDENT_CS_003.cs,0,0,0,0,0
3332,8,baselines_work/cohorte/csharp/CODE_DIF_CS_009/CODE_DIF_CS_009.cs,53,baselines_work/cohorte/csharp/CODE_IDENT_CS_005/CODE_IDENT_CS_005.cs,0,0,0,0,0
3333,8,baselines_work/cohorte/csharp/CODE_DIF_CS_009/CODE_DIF_CS_009.cs,54,baselines_work/cohorte/csharp/CODE_IDENT_CS_005_COPY/CODE_IDENT_CS_005.cs,0,0,0,0,0
3334,8,baselines_work/cohorte/csharp/CODE_DIF_CS_009/CODE_DIF_CS_009.cs,60,baselines_work/cohorte/csharp/CODE_IDENT_CS_006/CODE_IDENT_CS_006.cs,0,0,0,0,0
3335,8,baselines_work/cohorte/csharp/CODE_DIF_CS_009/CODE_DIF_CS_009.cs,55,baselines_work/cohorte/csharp/CODE_IDENT_CS_006_COPY/CODE_IDENT_CS_006.cs,0,0,0,0,0
3336,8,baselines_work/cohorte/csharp/CODE_DIF_CS_009/CODE_DIF_CS_009.cs,56,baselines_work/cohorte/csharp/CODE_IDENT_CS_007/CODE_IDENT_CS_007.cs,0,0,0,0,0
3337,8,baselines_work/cohorte/csharp/CODE_DIF_CS_009/CODE_DIF_CS_009.cs,57,baselines_work/cohorte/csharp/CODE_IDENT_CS_007_COPY/CODE_IDENT_CS_007.cs,0,0,0,0,0
3338,8,baselines_work/cohorte/csharp/CODE_DIF_CS_009/CODE_DIF_CS_009.cs,58,baselines_work/cohorte/csharp/CODE_IDENT_CS_008/CODE_IDENT_CS_008.cs,0,0,0,0,0
3339,8,baselines_work/cohorte/csharp/CODE_DIF_CS_009/CODE_DIF_CS_009.cs,65,baselines_work/cohorte/csharp/CODE_IDENT_CS_008_COPY/CODE_IDENT_CS_008.cs,0,0,0,0,0
3340,8,baselines_work/cohorte/csharp/CODE_DIF_CS_009/CODE_DIF_CS_009.cs,62,baselines_work/cohorte/csharp/CODE_IDENT_CS_009/CODE_IDENT_CS_009.cs,0,0,0,0,0
3341,8,baselines_work/cohorte/csharp/CODE_DIF_CS_009/CODE_DIF_CS_009.cs,61,baselines_work/cohorte/csharp/CODE_IDENT_CS_009_COPY/CODE_IDENT_CS_009.cs,0,0,0,0,0
3342,8,baselines_work/cohorte/csharp/CODE_DIF_CS_009/CODE_DIF_CS_009.cs,64,baselines_work/cohorte/csharp/CODE_IDENT_CS_010/CODE_IDENT_CS_010.cs,0,0,0,0,0
3343,8,baselines_work/cohorte/csharp/CODE_DIF_CS_009/CODE_DIF_CS_009.cs,59,baselines_work/cohorte/csharp/CODE_IDENT_CS_010_COPY/CODE_IDENT_CS_010.cs,0,0,0,0,0
3344,8,baselines_work/cohorte/csharp/CODE_DIF_CS_009/CODE_DIF_CS_009.cs,66,baselines_work/cohorte/csharp/CODE_IDENT_CS_011/CODE_IDENT_CS_011.cs,0,0,0,0,0
3345,8,baselines_work/cohorte/csharp/CODE_DIF_CS_009/CODE_DIF_CS_009.cs,68,baselines_work/cohorte/csharp/CODE_IDENT_CS_011_COPY/CODE_IDENT_CS_011.cs,0,0,0,0,0
3346,8,baselines_work/cohorte/csharp/CODE_DIF_CS_009/CODE_DIF_CS_009.cs,63,baselines_work/cohorte/csharp/CODE_IDENT_CS_012/CODE_IDENT_CS_012.cs,0,0,0,0,0
3347,8,baselines_work/cohorte/csharp/CODE_DIF_CS_009/CODE_DIF_CS_009.cs,67,baselines_work/cohorte/csharp/CODE_IDENT_CS_012_COPY/CODE_IDENT_CS_012.cs,0,0,0,0,0
3348,8,baselines_work/cohorte/csharp/CODE_DIF_CS_009/CODE_DIF_CS_009.cs,69,baselines_work/cohorte/csharp/CODE_IDENT_CS_013/CODE_IDENT_CS_013.cs,0,0,0,0,0
3349,8,baselines_work/cohorte/csharp/CODE_DIF_CS_009/CODE_DIF_CS_009.cs,71,baselines_work/cohorte/csharp/CODE_IDENT_CS_013_COPY/CODE_IDENT_CS_013.cs,0,0,0,0,0
3350,8,baselines_work/cohorte/csharp/CODE_DIF_CS_009/CODE_DIF_CS_009.cs,72,baselines_work/cohorte/csharp/CODE_IDENT_CS_014/CODE_IDENT_CS_014.cs,0,0,0,0,0
3351,8,baselines_work/cohorte/csharp/CODE_DIF_CS_009/CODE_DIF_CS_009.cs,70,baselines_work/cohorte/csharp/CODE_IDENT_CS_014_COPY/CODE_IDENT_CS_014.cs,0,0,0,0,0
3352,8,baselines_work/cohorte/csharp/CODE_DIF_CS_009/CODE_DIF_CS_009.cs,73,baselines_work/cohorte/csharp/CODE_IDENT_CS_015/CODE_IDENT_CS_015.cs,0,0,0,0,0
3353,8,baselines_work/cohorte/csharp/CODE_DIF_CS_009/CODE_DIF_CS_009.cs,74,baselines_work/cohorte/csharp/CODE_IDENT_CS_015_COPY/CODE_IDENT_CS_015.cs,0,0,0,0,0
3363,12,baselines_work/cohorte/csharp/CODE_DIF_CS_010/CODE_DIF_CS_010.cs,19,baselines_work/cohorte/csharp/CODE_ESTRU_CS_005/CODE_ESTRU_CS_005.cs,0,0,0,0,0
3365,12,baselines_work/cohorte/csharp/CODE_DIF_CS_010/CODE_DIF_CS_010.cs,18,baselines_work/cohorte/csharp/CODE_ESTRU_CS_007/CODE_ESTRU_CS_007.cs,0,0,0,0,0
3366,12,baselines_work/cohorte/csharp/CODE_DIF_CS_010/CODE_DIF_CS_010.cs,22,baselines_work/cohorte/csharp/CODE_ESTRU_CS_008/CODE_ESTRU_CS_008.cs,0,0,0,0,0
3367,12,baselines_work/cohorte/csharp/CODE_DIF_CS_010/CODE_DIF_CS_010.cs,23,baselines_work/cohorte/csharp/CODE_ESTRU_CS_009/CODE_ESTRU_CS_009.cs,0,0,0,0,0
3368,12,baselines_work/cohorte/csharp/CODE_DIF_CS_010/CODE_DIF_CS_010.cs,24,baselines_work/cohorte/csharp/CODE_ESTRU_CS_010/CODE_ESTRU_CS_010.cs,0,0,0,0,0
3369,12,baselines_work/cohorte/csharp/CODE_DIF_CS_010/CODE_DIF_CS_010.cs,25,baselines_work/cohorte/csharp/CODE_ESTRU_CS_011/CODE_ESTRU_CS_011.cs,0,0,0,0,0
3370,12,baselines_work/cohorte/csharp/CODE_DIF_CS_010/CODE_DIF_CS_010.cs,27,baselines_work/cohorte/csharp/CODE_ESTRU_CS_012/CODE_ESTRU_CS_012.cs,0,0,0,0,0
3371,12,baselines_work/cohorte/csharp/CODE_DIF_CS_010/CODE_DIF_CS_010.cs,32,baselines_work/cohorte/csharp/CODE_ESTRU_CS_013/CODE_ESTRU_CS_013.cs,0,0,0,0,0
3372,12,baselines_work/cohorte/csharp/CODE_DIF_CS_010/CODE_DIF_CS_010.cs,28,baselines_work/cohorte/csharp/CODE_ESTRU_CS_014/CODE_ESTRU_CS_014.cs,0,0,0,0,0
3373,12,baselines_work/cohorte/csharp/CODE_DIF_CS_010/CODE_DIF_CS_010.cs,26,baselines_work/cohorte/csharp/CODE_ESTRU_CS_015/CODE_ESTRU_CS_015.cs,0,0,0,0,0
3375,12,baselines_work/cohorte/csharp/CODE_DIF_CS_010/CODE_DIF_CS_010.cs,29,baselines_work/cohorte/csharp/CODE_FUN_CS_002/CODE_FUN_CS_002.cs,0,0,0,0,0
3376,12,baselines_work/cohorte/csharp/CODE_DIF_CS_010/CODE_DIF_CS_010.cs,31,baselines_work/cohorte/csharp/CODE_FUN_CS_003/CODE_FUN_CS_003.cs,0,0,0,0,0
3383,12,baselines_work/cohorte/csharp/CODE_DIF_CS_010/CODE_DIF_CS_010.cs,38,baselines_work/cohorte/csharp/CODE_FUN_CS_010/CODE_FUN_CS_010.cs,0,0,0,0,0
3391,12,baselines_work/cohorte/csharp/CODE_DIF_CS_010/CODE_DIF_CS_010.cs,46,baselines_work/cohorte/csharp/CODE_IDENT_CS_002/CODE_IDENT_CS_002.cs,0,0,0,0,0
3392,12,baselines_work/cohorte/csharp/CODE_DIF_CS_010/CODE_DIF_CS_010.cs,48,baselines_work/cohorte/csharp/CODE_IDENT_CS_002_COPY/CODE_IDENT_CS_002.cs,0,0,0,0,0
3393,12,baselines_work/cohorte/csharp/CODE_DIF_CS_010/CODE_DIF_CS_010.cs,51,baselines_work/cohorte/csharp/CODE_IDENT_CS_003/CODE_IDENT_CS_003.cs,0,0,0,0,0
3394,12,baselines_work/cohorte/csharp/CODE_DIF_CS_010/CODE_DIF_CS_010.cs,49,baselines_work/cohorte/csharp/CODE_IDENT_CS_003_COPY/CODE_IDENT_CS_003.cs,0,0,0,0,0
3397,12,baselines_work/cohorte/csharp/CODE_DIF_CS_010/CODE_DIF_CS_010.cs,53,baselines_work/cohorte/csharp/CODE_IDENT_CS_005/CODE_IDENT_CS_005.cs,0,0,0,0,0
3398,12,baselines_work/cohorte/csharp/CODE_DIF_CS_010/CODE_DIF_CS_010.cs,54,baselines_work/cohorte/csharp/CODE_IDENT_CS_005_COPY/CODE_IDENT_CS_005.cs,0,0,0,0,0
3399,12,baselines_work/cohorte/csharp/CODE_DIF_CS_010/CODE_DIF_CS_010.cs,60,baselines_work/cohorte/csharp/CODE_IDENT_CS_006/CODE_IDENT_CS_006.cs,0,0,0,0,0
3400,12,baselines_work/cohorte/csharp/CODE_DIF_CS_010/CODE_DIF_CS_010.cs,55,baselines_work/cohorte/csharp/CODE_IDENT_CS_006_COPY/CODE_IDENT_CS_006.cs,0,0,0,0,0
3401,12,baselines_work/cohorte/csharp/CODE_DIF_CS_010/CODE_DIF_CS_010.cs,56,baselines_work/cohorte/csharp/CODE_IDENT_CS_007/CODE_IDENT_CS_007.cs,0,0,0,0,0
3402,12,baselines_work/cohorte/csharp/CODE_DIF_CS_010/CODE_DIF_CS_010.cs,57,baselines_work/cohorte/csharp/CODE_IDENT_CS_007_COPY/CODE_IDENT_CS_007.cs,0,0,0,0,0
3403,12,baselines_work/cohorte/csharp/CODE_DIF_CS_010/CODE_DIF_CS_010.cs,58,baselines_work/cohorte/csharp/CODE_IDENT_CS_008/CODE_IDENT_CS_008.cs,0,0,0,0,0
3404,12,baselines_work/cohorte/csharp/CODE_DIF_CS_010/CODE_DIF_CS_010.cs,65,baselines_work/cohorte/csharp/CODE_IDENT_CS_008_COPY/CODE_IDENT_CS_008.cs,0,0,0,0,0
3405,12,baselines_work/cohorte/csharp/CODE_DIF_CS_010/CODE_DIF_CS_010.cs,62,baselines_work/cohorte/csharp/CODE_IDENT_CS_009/CODE_IDENT_CS_009.cs,0,0,0,0,0
3406,12,baselines_work/cohorte/csharp/CODE_DIF_CS_010/CODE_DIF_CS_010.cs,61,baselines_work/cohorte/csharp/CODE_IDENT_CS_009_COPY/CODE_IDENT_CS_009.cs,0,0,0,0,0
3407,12,baselines_work/cohorte/csharp/CODE_DIF_CS_010/CODE_DIF_CS_010.cs,64,baselines_work/cohorte/csharp/CODE_IDENT_CS_010/CODE_IDENT_CS_010.cs,0,0,0,0,0
3408,12,baselines_work/cohorte/csharp/CODE_DIF_CS_010/CODE_DIF_CS_010.cs,59,baselines_work/cohorte/csharp/CODE_IDENT_CS_010_COPY/CODE_IDENT_CS_010.cs,0,0,0,0,0
3409,12,baselines_work/cohorte/csharp/CODE_DIF_CS_010/CODE_DIF_CS_010.cs,66,baselines_work/cohorte/csharp/CODE_IDENT_CS_011/CODE_IDENT_CS_011.cs,0,0,0,0,0
3410,12,baselines_work/cohorte/csharp/CODE_DIF_CS_010/CODE_DIF_CS_010.cs,68,baselines_work/cohorte/csharp/CODE_IDENT_CS_011_COPY/CODE_IDENT_CS_011.cs,0,0,0,0,0
3411,12,baselines_work/cohorte/csharp/CODE_DIF_CS_010/CODE_DIF_CS_010.cs,63,baselines_work/cohorte/csharp/CODE_IDENT_CS_012/CODE_IDENT_CS_012.cs,0,0,0,0,0
3412,12,baselines_work/cohorte/csharp/CODE_DIF_CS_010/CODE_DIF_CS_010.cs,67,baselines_work/cohorte/csharp/CODE_IDENT_CS_012_COPY/CODE_IDENT_CS_012.cs,0,0,0,0,0
3413,12,baselines_work/cohorte/csharp/CODE_DIF_CS_010/CODE_DIF_CS_010.cs,69,baselines_work/cohorte/csharp/CODE_IDENT_CS_013/CODE_IDENT_CS_013.cs,0,0,0,0,0
3414,12,baselines_work/cohorte/csharp/CODE_DIF_CS_010/CODE_DIF_CS_010.cs,71,baselines_work/cohorte/csharp/CODE_IDENT_CS_013_COPY/CODE_IDENT_CS_013.cs,0,0,0,0,0
3415,12,baselines_work/cohorte/csharp/CODE_DIF_CS_010/CODE_DIF_CS_010.cs,72,baselines_work/cohorte/csharp/CODE_IDENT_CS_014/CODE_IDENT_CS_014.cs,0,0,0,0,0
3416,12,baselines_work/cohorte/csharp/CODE_DIF_CS_010/CODE_DIF_CS_010.cs,70,baselines_work/cohorte/csharp/CODE_IDENT_CS_014_COPY/CODE_IDENT_CS_014.cs,0,0,0,0,0
3417,12,baselines_work/cohorte/csharp/CODE_DIF_CS_010/CODE_DIF_CS_010.cs,73,baselines_work/cohorte/csharp/CODE_IDENT_CS_015/CODE_IDENT_CS_015.cs,0,0,0,0,0
3418,12,baselines_work/cohorte/csharp/CODE_DIF_CS_010/CODE_DIF_CS_010.cs,74,baselines_work/cohorte/csharp/CODE_IDENT_CS_015_COPY/CODE_IDENT_CS_015.cs,0,0,0,0,0
3427,7,baselines_work/cohorte/csharp/CODE_DIF_CS_011/CODE_DIF_CS_011.cs,19,baselines_work/cohorte/csharp/CODE_ESTRU_CS_005/CODE_ESTRU_CS_005.cs,0,0,0,0,0
3428,7,baselines_work/cohorte/csharp/CODE_DIF_CS_011/CODE_DIF_CS_011.cs,21,baselines_work/cohorte/csharp/CODE_ESTRU_CS_006/CODE_ESTRU_CS_006.cs,0,0,0,0,0
3429,7,baselines_work/cohorte/csharp/CODE_DIF_CS_011/CODE_DIF_CS_011.cs,18,baselines_work/cohorte/csharp/CODE_ESTRU_CS_007/CODE_ESTRU_CS_007.cs,0,0,0,0,0
3431,7,baselines_work/cohorte/csharp/CODE_DIF_CS_011/CODE_DIF_CS_011.cs,23,baselines_work/cohorte/csharp/CODE_ESTRU_CS_009/CODE_ESTRU_CS_009.cs,0,0,0,0,0
3432,7,baselines_work/cohorte/csharp/CODE_DIF_CS_011/CODE_DIF_CS_011.cs,24,baselines_work/cohorte/csharp/CODE_ESTRU_CS_010/CODE_ESTRU_CS_010.cs,0,0,0,0,0
3433,7,baselines_work/cohorte/csharp/CODE_DIF_CS_011/CODE_DIF_CS_011.cs,25,baselines_work/cohorte/csharp/CODE_ESTRU_CS_011/CODE_ESTRU_CS_011.cs,0,0,0,0,0
3434,7,baselines_work/cohorte/csharp/CODE_DIF_CS_011/CODE_DIF_CS_011.cs,27,baselines_work/cohorte/csharp/CODE_ESTRU_CS_012/CODE_ESTRU_CS_012.cs,0,0,0,0,0
3435,7,baselines_work/cohorte/csharp/CODE_DIF_CS_011/CODE_DIF_CS_011.cs,32,baselines_work/cohorte/csharp/CODE_ESTRU_CS_013/CODE_ESTRU_CS_013.cs,0,0,0,0,0
3436,7,baselines_work/cohorte/csharp/CODE_DIF_CS_011/CODE_DIF_CS_011.cs,28,baselines_work/cohorte/csharp/CODE_ESTRU_CS_014/CODE_ESTRU_CS_014.cs,0,0,0,0,0
3437,7,baselines_work/cohorte/csharp/CODE_DIF_CS_011/CODE_DIF_CS_011.cs,26,baselines_work/cohorte/csharp/CODE_ESTRU_CS_015/CODE_ESTRU_CS_015.cs,0,0,0,0,0
3439,7,baselines_work/cohorte/csharp/CODE_DIF_CS_011/CODE_DIF_CS_011.cs,29,baselines_work/cohorte/csharp/CODE_FUN_CS_002/CODE_FUN_CS_002.cs,0,0,0,0,0
3440,7,baselines_work/cohorte/csharp/CODE_DIF_CS_011/CODE_DIF_CS_011.cs,31,baselines_work/cohorte/csharp/CODE_FUN_CS_003/CODE_FUN_CS_003.cs,0,0,0,0,0
3442,7,baselines_work/cohorte/csharp/CODE_DIF_CS_011/CODE_DIF_CS_011.cs,34,baselines_work/cohorte/csharp/CODE_FUN_CS_005/CODE_FUN_CS_005.cs,0,0,0,0,0
3443,7,baselines_work/cohorte/csharp/CODE_DIF_CS_011/CODE_DIF_CS_011.cs,40,baselines_work/cohorte/csharp/CODE_FUN_CS_006/CODE_FUN_CS_006.cs,0,0,0,0,0
3447,7,baselines_work/cohorte/csharp/CODE_DIF_CS_011/CODE_DIF_CS_011.cs,38,baselines_work/cohorte/csharp/CODE_FUN_CS_010/CODE_FUN_CS_010.cs,0,0,0,0,0
3455,7,baselines_work/cohorte/csharp/CODE_DIF_CS_011/CODE_DIF_CS_011.cs,46,baselines_work/cohorte/csharp/CODE_IDENT_CS_002/CODE_IDENT_CS_002.cs,0,0,0,0,0
3456,7,baselines_work/cohorte/csharp/CODE_DIF_CS_011/CODE_DIF_CS_011.cs,48,baselines_work/cohorte/csharp/CODE_IDENT_CS_002_COPY/CODE_IDENT_CS_002.cs,0,0,0,0,0
3457,7,baselines_work/cohorte/csharp/CODE_DIF_CS_011/CODE_DIF_CS_011.cs,51,baselines_work/cohorte/csharp/CODE_IDENT_CS_003/CODE_IDENT_CS_003.cs,0,0,0,0,0
3458,7,baselines_work/cohorte/csharp/CODE_DIF_CS_011/CODE_DIF_CS_011.cs,49,baselines_work/cohorte/csharp/CODE_IDENT_CS_003_COPY/CODE_IDENT_CS_003.cs,0,0,0,0,0
3461,7,baselines_work/cohorte/csharp/CODE_DIF_CS_011/CODE_DIF_CS_011.cs,53,baselines_work/cohorte/csharp/CODE_IDENT_CS_005/CODE_IDENT_CS_005.cs,0,0,0,0,0
3462,7,baselines_work/cohorte/csharp/CODE_DIF_CS_011/CODE_DIF_CS_011.cs,54,baselines_work/cohorte/csharp/CODE_IDENT_CS_005_COPY/CODE_IDENT_CS_005.cs,0,0,0,0,0
3463,7,baselines_work/cohorte/csharp/CODE_DIF_CS_011/CODE_DIF_CS_011.cs,60,baselines_work/cohorte/csharp/CODE_IDENT_CS_006/CODE_IDENT_CS_006.cs,0,0,0,0,0
3464,7,baselines_work/cohorte/csharp/CODE_DIF_CS_011/CODE_DIF_CS_011.cs,55,baselines_work/cohorte/csharp/CODE_IDENT_CS_006_COPY/CODE_IDENT_CS_006.cs,0,0,0,0,0
3465,7,baselines_work/cohorte/csharp/CODE_DIF_CS_011/CODE_DIF_CS_011.cs,56,baselines_work/cohorte/csharp/CODE_IDENT_CS_007/CODE_IDENT_CS_007.cs,0,0,0,0,0
3466,7,baselines_work/cohorte/csharp/CODE_DIF_CS_011/CODE_DIF_CS_011.cs,57,baselines_work/cohorte/csharp/CODE_IDENT_CS_007_COPY/CODE_IDENT_CS_007.cs,0,0,0,0,0
3469,7,baselines_work/cohorte/csharp/CODE_DIF_CS_011/CODE_DIF_CS_011.cs,62,baselines_work/cohorte/csharp/CODE_IDENT_CS_009/CODE_IDENT_CS_009.cs,0,0,0,0,0
3470,7,baselines_work/cohorte/csharp/CODE_DIF_CS_011/CODE_DIF_CS_011.cs,61,baselines_work/cohorte/csharp/CODE_IDENT_CS_009_COPY/CODE_IDENT_CS_009.cs,0,0,0,0,0
3471,7,baselines_work/cohorte/csharp/CODE_DIF_CS_011/CODE_DIF_CS_011.cs,64,baselines_work/cohorte/csharp/CODE_IDENT_CS_010/CODE_IDENT_CS_010.cs,0,0,0,0,0
3472,7,baselines_work/cohorte/csharp/CODE_DIF_CS_011/CODE_DIF_CS_011.cs,59,baselines_work/cohorte/csharp/CODE_IDENT_CS_010_COPY/CODE_IDENT_CS_010.cs,0,0,0,0,0
3473,7,baselines_work/cohorte/csharp/CODE_DIF_CS_011/CODE_DIF_CS_011.cs,66,baselines_work/cohorte/csharp/CODE_IDENT_CS_011/CODE_IDENT_CS_011.cs,0,0,0,0,0
3474,7,baselines_work/cohorte/csharp/CODE_DIF_CS_011/CODE_DIF_CS_011.cs,68,baselines_work/cohorte/csharp/CODE_IDENT_CS_011_COPY/CODE_IDENT_CS_011.cs,0,0,0,0,0
3475,7,baselines_work/cohorte/csharp/CODE_DIF_CS_011/CODE_DIF_CS_011.cs,63,baselines_work/cohorte/csharp/CODE_IDENT_CS_012/CODE_IDENT_CS_012.cs,0,0,0,0,0
3476,7,baselines_work/cohorte/csharp/CODE_DIF_CS_011/CODE_DIF_CS_011.cs,67,baselines_work/cohorte/csharp/CODE_IDENT_CS_012_COPY/CODE_IDENT_CS_012.cs,0,0,0,0,0
3477,7,baselines_work/cohorte/csharp/CODE_DIF_CS_011/CODE_DIF_CS_011.cs,69,baselines_work/cohorte/csharp/CODE_IDENT_CS_013/CODE_IDENT_CS_013.cs,0,0,0,0,0
3478,7,baselines_work/cohorte/csharp/CODE_DIF_CS_011/CODE_DIF_CS_011.cs,71,baselines_work/cohorte/csharp/CODE_IDENT_CS_013_COPY/CODE_IDENT_CS_013.cs,0,0,0,0,0
3479,7,baselines_work/cohorte/csharp/CODE_DIF_CS_011/CODE_DIF_CS_011.cs,72,baselines_work/cohorte/csharp/CODE_IDENT_CS_014/CODE_IDENT_CS_014.cs,0,0,0,0,0
3480,7,baselines_work/cohorte/csharp/CODE_DIF_CS_011/CODE_DIF_CS_011.cs,70,baselines_work/cohorte/csharp/CODE_IDENT_CS_014_COPY/CODE_IDENT_CS_014.cs,0,0,0,0,0
3481,7,baselines_work/cohorte/csharp/CODE_DIF_CS_011/CODE_DIF_CS_011.cs,73,baselines_work/cohorte/csharp/CODE_IDENT_CS_015/CODE_IDENT_CS_015.cs,0,0,0,0,0
3482,7,baselines_work/cohorte/csharp/CODE_DIF_CS_011/CODE_DIF_CS_011.cs,74,baselines_work/cohorte/csharp/CODE_IDENT_CS_015_COPY/CODE_IDENT_CS_015.cs,0,0,0,0,0
3490,13,baselines_work/cohorte/csharp/CODE_DIF_CS_012/CODE_DIF_CS_012.cs,19,baselines_work/cohorte/csharp/CODE_ESTRU_CS_005/CODE_ESTRU_CS_005.cs,0,0,0,0,0
3496,13,baselines_work/cohorte/csharp/CODE_DIF_CS_012/CODE_DIF_CS_012.cs,25,baselines_work/cohorte/csharp/CODE_ESTRU_CS_011/CODE_ESTRU_CS_011.cs,0,0,0,0,0
3497,13,baselines_work/cohorte/csharp/CODE_DIF_CS_012/CODE_DIF_CS_012.cs,27,baselines_work/cohorte/csharp/CODE_ESTRU_CS_012/CODE_ESTRU_CS_012.cs,0,0,0,0,0
3498,13,baselines_work/cohorte/csharp/CODE_DIF_CS_012/CODE_DIF_CS_012.cs,32,baselines_work/cohorte/csharp/CODE_ESTRU_CS_013/CODE_ESTRU_CS_013.cs,0,0,0,0,0
3500,13,baselines_work/cohorte/csharp/CODE_DIF_CS_012/CODE_DIF_CS_012.cs,26,baselines_work/cohorte/csharp/CODE_ESTRU_CS_015/CODE_ESTRU_CS_015.cs,0,0,0,0,0
3502,13,baselines_work/cohorte/csharp/CODE_DIF_CS_012/CODE_DIF_CS_012.cs,29,baselines_work/cohorte/csharp/CODE_FUN_CS_002/CODE_FUN_CS_002.cs,0,0,0,0,0
3503,13,baselines_work/cohorte/csharp/CODE_DIF_CS_012/CODE_DIF_CS_012.cs,31,baselines_work/cohorte/csharp/CODE_FUN_CS_003/CODE_FUN_CS_003.cs,0,0,0,0,0
3510,13,baselines_work/cohorte/csharp/CODE_DIF_CS_012/CODE_DIF_CS_012.cs,38,baselines_work/cohorte/csharp/CODE_FUN_CS_010/CODE_FUN_CS_010.cs,0,0,0,0,0
3518,13,baselines_work/cohorte/csharp/CODE_DIF_CS_012/CODE_DIF_CS_012.cs,46,baselines_work/cohorte/csharp/CODE_IDENT_CS_002/CODE_IDENT_CS_002.cs,0,0,0,0,0
3519,13,baselines_work/cohorte/csharp/CODE_DIF_CS_012/CODE_DIF_CS_012.cs,48,baselines_work/cohorte/csharp/CODE_IDENT_CS_002_COPY/CODE_IDENT_CS_002.cs,0,0,0,0,0
3520,13,baselines_work/cohorte/csharp/CODE_DIF_CS_012/CODE_DIF_CS_012.cs,51,baselines_work/cohorte/csharp/CODE_IDENT_CS_003/CODE_IDENT_CS_003.cs,0,0,0,0,0
3521,13,baselines_work/cohorte/csharp/CODE_DIF_CS_012/CODE_DIF_CS_012.cs,49,baselines_work/cohorte/csharp/CODE_IDENT_CS_003_COPY/CODE_IDENT_CS_003.cs,0,0,0,0,0
3524,13,baselines_work/cohorte/csharp/CODE_DIF_CS_012/CODE_DIF_CS_012.cs,53,baselines_work/cohorte/csharp/CODE_IDENT_CS_005/CODE_IDENT_CS_005.cs,0,0,0,0,0
3525,13,baselines_work/cohorte/csharp/CODE_DIF_CS_012/CODE_DIF_CS_012.cs,54,baselines_work/cohorte/csharp/CODE_IDENT_CS_005_COPY/CODE_IDENT_CS_005.cs,0,0,0,0,0
3536,13,baselines_work/cohorte/csharp/CODE_DIF_CS_012/CODE_DIF_CS_012.cs,66,baselines_work/cohorte/csharp/CODE_IDENT_CS_011/CODE_IDENT_CS_011.cs,0,0,0,0,0
3537,13,baselines_work/cohorte/csharp/CODE_DIF_CS_012/CODE_DIF_CS_012.cs,68,baselines_work/cohorte/csharp/CODE_IDENT_CS_011_COPY/CODE_IDENT_CS_011.cs,0,0,0,0,0
3538,13,baselines_work/cohorte/csharp/CODE_DIF_CS_012/CODE_DIF_CS_012.cs,63,baselines_work/cohorte/csharp/CODE_IDENT_CS_012/CODE_IDENT_CS_012.cs,0,0,0,0,0
3539,13,baselines_work/cohorte/csharp/CODE_DIF_CS_012/CODE_DIF_CS_012.cs,67,baselines_work/cohorte/csharp/CODE_IDENT_CS_012_COPY/CODE_IDENT_CS_012.cs,0,0,0,0,0
3544,13,baselines_work/cohorte/csharp/CODE_DIF_CS_012/CODE_DIF_CS_012.cs,73,baselines_work/cohorte/csharp/CODE_IDENT_CS_015/CODE_IDENT_CS_015.cs,0,0,0,0,0
3545,13,baselines_work/cohorte/csharp/CODE_DIF_CS_012/CODE_DIF_CS_012.cs,74,baselines_work/cohorte/csharp/CODE_IDENT_CS_015_COPY/CODE_IDENT_CS_015.cs,0,0,0,0,0
3552,10,baselines_work/cohorte/csharp/CODE_DIF_CS_013/CODE_DIF_CS_013.cs,19,baselines_work/cohorte/csharp/CODE_ESTRU_CS_005/CODE_ESTRU_CS_005.cs,0,0,0,0,0
3554,10,baselines_work/cohorte/csharp/CODE_DIF_CS_013/CODE_DIF_CS_013.cs,18,baselines_work/cohorte/csharp/CODE_ESTRU_CS_007/CODE_ESTRU_CS_007.cs,0,0,0,0,0
3556,10,baselines_work/cohorte/csharp/CODE_DIF_CS_013/CODE_DIF_CS_013.cs,23,baselines_work/cohorte/csharp/CODE_ESTRU_CS_009/CODE_ESTRU_CS_009.cs,0,0,0,0,0
3557,10,baselines_work/cohorte/csharp/CODE_DIF_CS_013/CODE_DIF_CS_013.cs,24,baselines_work/cohorte/csharp/CODE_ESTRU_CS_010/CODE_ESTRU_CS_010.cs,0,0,0,0,0
3559,10,baselines_work/cohorte/csharp/CODE_DIF_CS_013/CODE_DIF_CS_013.cs,27,baselines_work/cohorte/csharp/CODE_ESTRU_CS_012/CODE_ESTRU_CS_012.cs,0,0,0,0,0
3561,10,baselines_work/cohorte/csharp/CODE_DIF_CS_013/CODE_DIF_CS_013.cs,28,baselines_work/cohorte/csharp/CODE_ESTRU_CS_014/CODE_ESTRU_CS_014.cs,0,0,0,0,0
3562,10,baselines_work/cohorte/csharp/CODE_DIF_CS_013/CODE_DIF_CS_013.cs,26,baselines_work/cohorte/csharp/CODE_ESTRU_CS_015/CODE_ESTRU_CS_015.cs,0,0,0,0,0
3564,10,baselines_work/cohorte/csharp/CODE_DIF_CS_013/CODE_DIF_CS_013.cs,29,baselines_work/cohorte/csharp/CODE_FUN_CS_002/CODE_FUN_CS_002.cs,0,0,0,0,0
3565,10,baselines_work/cohorte/csharp/CODE_DIF_CS_013/CODE_DIF_CS_013.cs,31,baselines_work/cohorte/csharp/CODE_FUN_CS_003/CODE_FUN_CS_003.cs,0,0,0,0,0
3572,10,baselines_work/cohorte/csharp/CODE_DIF_CS_013/CODE_DIF_CS_013.cs,38,baselines_work/cohorte/csharp/CODE_FUN_CS_010/CODE_FUN_CS_010.cs,0,0,0,0,0
3577,10,baselines_work/cohorte/csharp/CODE_DIF_CS_013/CODE_DIF_CS_013.cs,44,baselines_work/cohorte/csharp/CODE_FUN_CS_015/CODE_FUN_CS_015.cs,0,0,0,0,0
3580,10,baselines_work/cohorte/csharp/CODE_DIF_CS_013/CODE_DIF_CS_013.cs,46,baselines_work/cohorte/csharp/CODE_IDENT_CS_002/CODE_IDENT_CS_002.cs,0,0,0,0,0
3581,10,baselines_work/cohorte/csharp/CODE_DIF_CS_013/CODE_DIF_CS_013.cs,48,baselines_work/cohorte/csharp/CODE_IDENT_CS_002_COPY/CODE_IDENT_CS_002.cs,0,0,0,0,0
3582,10,baselines_work/cohorte/csharp/CODE_DIF_CS_013/CODE_DIF_CS_013.cs,51,baselines_work/cohorte/csharp/CODE_IDENT_CS_003/CODE_IDENT_CS_003.cs,0,0,0,0,0
3583,10,baselines_work/cohorte/csharp/CODE_DIF_CS_013/CODE_DIF_CS_013.cs,49,baselines_work/cohorte/csharp/CODE_IDENT_CS_003_COPY/CODE_IDENT_CS_003.cs,0,0,0,0,0
3586,10,baselines_work/cohorte/csharp/CODE_DIF_CS_013/CODE_DIF_CS_013.cs,53,baselines_work/cohorte/csharp/CODE_IDENT_CS_005/CODE_IDENT_CS_005.cs,0,0,0,0,0
3587,10,baselines_work/cohorte/csharp/CODE_DIF_CS_013/CODE_DIF_CS_013.cs,54,baselines_work/cohorte/csharp/CODE_IDENT_CS_005_COPY/CODE_IDENT_CS_005.cs,0,0,0,0,0
3588,10,baselines_work/cohorte/csharp/CODE_DIF_CS_013/CODE_DIF_CS_013.cs,60,baselines_work/cohorte/csharp/CODE_IDENT_CS_006/CODE_IDENT_CS_006.cs,0,0,0,0,0
3589,10,baselines_work/cohorte/csharp/CODE_DIF_CS_013/CODE_DIF_CS_013.cs,55,baselines_work/cohorte/csharp/CODE_IDENT_CS_006_COPY/CODE_IDENT_CS_006.cs,0,0,0,0,0
3590,10,baselines_work/cohorte/csharp/CODE_DIF_CS_013/CODE_DIF_CS_013.cs,56,baselines_work/cohorte/csharp/CODE_IDENT_CS_007/CODE_IDENT_CS_007.cs,0,0,0,0,0
3591,10,baselines_work/cohorte/csharp/CODE_DIF_CS_013/CODE_DIF_CS_013.cs,57,baselines_work/cohorte/csharp/CODE_IDENT_CS_007_COPY/CODE_IDENT_CS_007.cs,0,0,0,0,0
3594,10,baselines_work/cohorte/csharp/CODE_DIF_CS_013/CODE_DIF_CS_013.cs,62,baselines_work/cohorte/csharp/CODE_IDENT_CS_009/CODE_IDENT_CS_009.cs,0,0,0,0,0
3595,10,baselines_work/cohorte/csharp/CODE_DIF_CS_013/CODE_DIF_CS_013.cs,61,baselines_work/cohorte/csharp/CODE_IDENT_CS_009_COPY/CODE_IDENT_CS_009.cs,0,0,0,0,0
3596,10,baselines_work/cohorte/csharp/CODE_DIF_CS_013/CODE_DIF_CS_013.cs,64,baselines_work/cohorte/csharp/CODE_IDENT_CS_010/CODE_IDENT_CS_010.cs,0,0,0,0,0
3597,10,baselines_work/cohorte/csharp/CODE_DIF_CS_013/CODE_DIF_CS_013.cs,59,baselines_work/cohorte/csharp/CODE_IDENT_CS_010_COPY/CODE_IDENT_CS_010.cs,0,0,0,0,0
3600,10,baselines_work/cohorte/csharp/CODE_DIF_CS_013/CODE_DIF_CS_013.cs,63,baselines_work/cohorte/csharp/CODE_IDENT_CS_012/CODE_IDENT_CS_012.cs,0,0,0,0,0
3601,10,baselines_work/cohorte/csharp/CODE_DIF_CS_013/CODE_DIF_CS_013.cs,67,baselines_work/cohorte/csharp/CODE_IDENT_CS_012_COPY/CODE_IDENT_CS_012.cs,0,0,0,0,0
3602,10,baselines_work/cohorte/csharp/CODE_DIF_CS_013/CODE_DIF_CS_013.cs,69,baselines_work/cohorte/csharp/CODE_IDENT_CS_013/CODE_IDENT_CS_013.cs,0,0,0,0,0
3603,10,baselines_work/cohorte/csharp/CODE_DIF_CS_013/CODE_DIF_CS_013.cs,71,baselines_work/cohorte/csharp/CODE_IDENT_CS_013_COPY/CODE_IDENT_CS_013.cs,0,0,0,0,0
3604,10,baselines_work/cohorte/csharp/CODE_DIF_CS_013/CODE_DIF_CS_013.cs,72,baselines_work/cohorte/csharp/CODE_IDENT_CS_014/CODE_IDENT_CS_014.cs,0,0,0,0,0
3605,10,baselines_work/cohorte/csharp/CODE_DIF_CS_013/CODE_DIF_CS_013.cs,70,baselines_work/cohorte/csharp/CODE_IDENT_CS_014_COPY/CODE_IDENT_CS_014.cs,0,0,0,0,0
3606,10,baselines_work/cohorte/csharp/CODE_DIF_CS_013/CODE_DIF_CS_013.cs,73,baselines_work/cohorte/csharp/CODE_IDENT_CS_015/CODE_IDENT_CS_015.cs,0,0,0,0,0
3607,10,baselines_work/cohorte/csharp/CODE_DIF_CS_013/CODE_DIF_CS_013.cs,74,baselines_work/cohorte/csharp/CODE_IDENT_CS_015_COPY/CODE_IDENT_CS_015.cs,0,0,0,0,0
3610,11,baselines_work/cohorte/csharp/CODE_DIF_CS_014/CODE_DIF_CS_014.cs,15,baselines_work/cohorte/csharp/CODE_ESTRU_CS_002/CODE_ESTRU_CS_002.cs,0,0,0,0,0
3611,11,baselines_work/cohorte/csharp/CODE_DIF_CS_014/CODE_DIF_CS_014.cs,20,baselines_work/cohorte/csharp/CODE_ESTRU_CS_003/CODE_ESTRU_CS_003.cs,0,0,0,0,0
3613,11,baselines_work/cohorte/csharp/CODE_DIF_CS_014/CODE_DIF_CS_014.cs,19,baselines_work/cohorte/csharp/CODE_ESTRU_CS_005/CODE_ESTRU_CS_005.cs,0,0,0,0,0
3614,11,baselines_work/cohorte/csharp/CODE_DIF_CS_014/CODE_DIF_CS_014.cs,21,baselines_work/cohorte/csharp/CODE_ESTRU_CS_006/CODE_ESTRU_CS_006.cs,0,0,0,0,0
3615,11,baselines_work/cohorte/csharp/CODE_DIF_CS_014/CODE_DIF_CS_014.cs,18,baselines_work/cohorte/csharp/CODE_ESTRU_CS_007/CODE_ESTRU_CS_007.cs,0,0,0,0,0
3616,11,baselines_work/cohorte/csharp/CODE_DIF_CS_014/CODE_DIF_CS_014.cs,22,baselines_work/cohorte/csharp/CODE_ESTRU_CS_008/CODE_ESTRU_CS_008.cs,0,0,0,0,0
3617,11,baselines_work/cohorte/csharp/CODE_DIF_CS_014/CODE_DIF_CS_014.cs,23,baselines_work/cohorte/csharp/CODE_ESTRU_CS_009/CODE_ESTRU_CS_009.cs,0,0,0,0,0
3619,11,baselines_work/cohorte/csharp/CODE_DIF_CS_014/CODE_DIF_CS_014.cs,25,baselines_work/cohorte/csharp/CODE_ESTRU_CS_011/CODE_ESTRU_CS_011.cs,0,0,0,0,0
3620,11,baselines_work/cohorte/csharp/CODE_DIF_CS_014/CODE_DIF_CS_014.cs,27,baselines_work/cohorte/csharp/CODE_ESTRU_CS_012/CODE_ESTRU_CS_012.cs,0,0,0,0,0
3621,11,baselines_work/cohorte/csharp/CODE_DIF_CS_014/CODE_DIF_CS_014.cs,32,baselines_work/cohorte/csharp/CODE_ESTRU_CS_013/CODE_ESTRU_CS_013.cs,0,0,0,0,0
3625,11,baselines_work/cohorte/csharp/CODE_DIF_CS_014/CODE_DIF_CS_014.cs,29,baselines_work/cohorte/csharp/CODE_FUN_CS_002/CODE_FUN_CS_002.cs,0,0,0,0,0
3626,11,baselines_work/cohorte/csharp/CODE_DIF_CS_014/CODE_DIF_CS_014.cs,31,baselines_work/cohorte/csharp/CODE_FUN_CS_003/CODE_FUN_CS_003.cs,0,0,0,0,0
3630,11,baselines_work/cohorte/csharp/CODE_DIF_CS_014/CODE_DIF_CS_014.cs,35,baselines_work/cohorte/csharp/CODE_FUN_CS_007/CODE_FUN_CS_007.cs,0,0,0,0,0
3643,11,baselines_work/cohorte/csharp/CODE_DIF_CS_014/CODE_DIF_CS_014.cs,51,baselines_work/cohorte/csharp/CODE_IDENT_CS_003/CODE_IDENT_CS_003.cs,0,0,0,0,0
3644,11,baselines_work/cohorte/csharp/CODE_DIF_CS_014/CODE_DIF_CS_014.cs,49,baselines_work/cohorte/csharp/CODE_IDENT_CS_003_COPY/CODE_IDENT_CS_003.cs,0,0,0,0,0
3647,11,baselines_work/cohorte/csharp/CODE_DIF_CS_014/CODE_DIF_CS_014.cs,53,baselines_work/cohorte/csharp/CODE_IDENT_CS_005/CODE_IDENT_CS_005.cs,0,0,0,0,0
3648,11,baselines_work/cohorte/csharp/CODE_DIF_CS_014/CODE_DIF_CS_014.cs,54,baselines_work/cohorte/csharp/CODE_IDENT_CS_005_COPY/CODE_IDENT_CS_005.cs,0,0,0,0,0
3649,11,baselines_work/cohorte/csharp/CODE_DIF_CS_014/CODE_DIF_CS_014.cs,60,baselines_work/cohorte/csharp/CODE_IDENT_CS_006/CODE_IDENT_CS_006.cs,0,0,0,0,0
3650,11,baselines_work/cohorte/csharp/CODE_DIF_CS_014/CODE_DIF_CS_014.cs,55,baselines_work/cohorte/csharp/CODE_IDENT_CS_006_COPY/CODE_IDENT_CS_006.cs,0,0,0,0,0
3651,11,baselines_work/cohorte/csharp/CODE_DIF_CS_014/CODE_DIF_CS_014.cs,56,baselines_work/cohorte/csharp/CODE_IDENT_CS_007/CODE_IDENT_CS_007.cs,0,0,0,0,0
3652,11,baselines_work/cohorte/csharp/CODE_DIF_CS_014/CODE_DIF_CS_014.cs,57,baselines_work/cohorte/csharp/CODE_IDENT_CS_007_COPY/CODE_IDENT_CS_007.cs,0,0,0,0,0
3653,11,baselines_work/cohorte/csharp/CODE_DIF_CS_014/CODE_DIF_CS_014.cs,58,baselines_work/cohorte/csharp/CODE_IDENT_CS_008/CODE_IDENT_CS_008.cs,0,0,0,0,0
3654,11,baselines_work/cohorte/csharp/CODE_DIF_CS_014/CODE_DIF_CS_014.cs,65,baselines_work/cohorte/csharp/CODE_IDENT_CS_008_COPY/CODE_IDENT_CS_008.cs,0,0,0,0,0
3655,11,baselines_work/cohorte/csharp/CODE_DIF_CS_014/CODE_DIF_CS_014.cs,62,baselines_work/cohorte/csharp/CODE_IDENT_CS_009/CODE_IDENT_CS_009.cs,0,0,0,0,0
3656,11,baselines_work/cohorte/csharp/CODE_DIF_CS_014/CODE_DIF_CS_014.cs,61,baselines_work/cohorte/csharp/CODE_IDENT_CS_009_COPY/CODE_IDENT_CS_009.cs,0,0,0,0,0
3659,11,baselines_work/cohorte/csharp/CODE_DIF_CS_014/CODE_DIF_CS_014.cs,66,baselines_work/cohorte/csharp/CODE_IDENT_CS_011/CODE_IDENT_CS_011.cs,0,0,0,0,0
3660,11,baselines_work/cohorte/csharp/CODE_DIF_CS_014/CODE_DIF_CS_014.cs,68,baselines_work/cohorte/csharp/CODE_IDENT_CS_011_COPY/CODE_IDENT_CS_011.cs,0,0,0,0,0
3661,11,baselines_work/cohorte/csharp/CODE_DIF_CS_014/CODE_DIF_CS_014.cs,63,baselines_work/cohorte/csharp/CODE_IDENT_CS_012/CODE_IDENT_CS_012.cs,0,0,0,0,0
3662,11,baselines_work/cohorte/csharp/CODE_DIF_CS_014/CODE_DIF_CS_014.cs,67,baselines_work/cohorte/csharp/CODE_IDENT_CS_012_COPY/CODE_IDENT_CS_012.cs,0,0,0,0,0
3663,11,baselines_work/cohorte/csharp/CODE_DIF_CS_014/CODE_DIF_CS_014.cs,69,baselines_work/cohorte/csharp/CODE_IDENT_CS_013/CODE_IDENT_CS_013.cs,0,0,0,0,0
3664,11,baselines_work/cohorte/csharp/CODE_DIF_CS_014/CODE_DIF_CS_014.cs,71,baselines_work/cohorte/csharp/CODE_IDENT_CS_013_COPY/CODE_IDENT_CS_013.cs,0,0,0,0,0
3673,16,baselines_work/cohorte/csharp/CODE_DIF_CS_015/CODE_DIF_CS_015.cs,19,baselines_work/cohorte/csharp/CODE_ESTRU_CS_005/CODE_ESTRU_CS_005.cs,0,0,0,0,0
3674,16,baselines_work/cohorte/csharp/CODE_DIF_CS_015/CODE_DIF_CS_015.cs,21,baselines_work/cohorte/csharp/CODE_ESTRU_CS_006/CODE_ESTRU_CS_006.cs,0,0,0,0,0
3675,16,baselines_work/cohorte/csharp/CODE_DIF_CS_015/CODE_DIF_CS_015.cs,18,baselines_work/cohorte/csharp/CODE_ESTRU_CS_007/CODE_ESTRU_CS_007.cs,0,0,0,0,0
3679,16,baselines_work/cohorte/csharp/CODE_DIF_CS_015/CODE_DIF_CS_015.cs,25,baselines_work/cohorte/csharp/CODE_ESTRU_CS_011/CODE_ESTRU_CS_011.cs,0,0,0,0,0
3681,16,baselines_work/cohorte/csharp/CODE_DIF_CS_015/CODE_DIF_CS_015.cs,32,baselines_work/cohorte/csharp/CODE_ESTRU_CS_013/CODE_ESTRU_CS_013.cs,0,0,0,0,0
3682,16,baselines_work/cohorte/csharp/CODE_DIF_CS_015/CODE_DIF_CS_015.cs,28,baselines_work/cohorte/csharp/CODE_ESTRU_CS_014/CODE_ESTRU_CS_014.cs,0,0,0,0,0
3683,16,baselines_work/cohorte/csharp/CODE_DIF_CS_015/CODE_DIF_CS_015.cs,26,baselines_work/cohorte/csharp/CODE_ESTRU_CS_015/CODE_ESTRU_CS_015.cs,0,0,0,0,0
3684,16,baselines_work/cohorte/csharp/CODE_DIF_CS_015/CODE_DIF_CS_015.cs,33,baselines_work/cohorte/csharp/CODE_FUN_CS_001/CODE_FUN_CS_001.cs,0,0,0,0,0
3701,16,baselines_work/cohorte/csharp/CODE_DIF_CS_015/CODE_DIF_CS_015.cs,46,baselines_work/cohorte/csharp/CODE_IDENT_CS_002/CODE_IDENT_CS_002.cs,0,0,0,0,0
3702,16,baselines_work/cohorte/csharp/CODE_DIF_CS_015/CODE_DIF_CS_015.cs,48,baselines_work/cohorte/csharp/CODE_IDENT_CS_002_COPY/CODE_IDENT_CS_002.cs,0,0,0,0,0
3707,16,baselines_work/cohorte/csharp/CODE_DIF_CS_015/CODE_DIF_CS_015.cs,53,baselines_work/cohorte/csharp/CODE_IDENT_CS_005/CODE_IDENT_CS_005.cs,0,0,0,0,0
3708,16,baselines_work/cohorte/csharp/CODE_DIF_CS_015/CODE_DIF_CS_015.cs,54,baselines_work/cohorte/csharp/CODE_IDENT_CS_005_COPY/CODE_IDENT_CS_005.cs,0,0,0,0,0
3709,16,baselines_work/cohorte/csharp/CODE_DIF_CS_015/CODE_DIF_CS_015.cs,60,baselines_work/cohorte/csharp/CODE_IDENT_CS_006/CODE_IDENT_CS_006.cs,0,0,0,0,0
3710,16,baselines_work/cohorte/csharp/CODE_DIF_CS_015/CODE_DIF_CS_015.cs,55,baselines_work/cohorte/csharp/CODE_IDENT_CS_006_COPY/CODE_IDENT_CS_006.cs,0,0,0,0,0
3711,16,baselines_work/cohorte/csharp/CODE_DIF_CS_015/CODE_DIF_CS_015.cs,56,baselines_work/cohorte/csharp/CODE_IDENT_CS_007/CODE_IDENT_CS_007.cs,0,0,0,0,0
3712,16,baselines_work/cohorte/csharp/CODE_DIF_CS_015/CODE_DIF_CS_015.cs,57,baselines_work/cohorte/csharp/CODE_IDENT_CS_007_COPY/CODE_IDENT_CS_007.cs,0,0,0,0,0
3719,16,baselines_work/cohorte/csharp/CODE_DIF_CS_015/CODE_DIF_CS_015.cs,66,baselines_work/cohorte/csharp/CODE_IDENT_CS_011/CODE_IDENT_CS_011.cs,0,0,0,0,0
3720,16,baselines_work/cohorte/csharp/CODE_DIF_CS_015/CODE_DIF_CS_015.cs,68,baselines_work/cohorte/csharp/CODE_IDENT_CS_011_COPY/CODE_IDENT_CS_011.cs,0,0,0,0,0
3723,16,baselines_work/cohorte/csharp/CODE_DIF_CS_015/CODE_DIF_CS_015.cs,69,baselines_work/cohorte/csharp/CODE_IDENT_CS_013/CODE_IDENT_CS_013.cs,0,0,0,0,0
3724,16,baselines_work/cohorte/csharp/CODE_DIF_CS_015/CODE_DIF_CS_015.cs,71,baselines_work/cohorte/csharp/CODE_IDENT_CS_013_COPY/CODE_IDENT_CS_013.cs,0,0,0,0,0
3725,16,baselines_work/cohorte/csharp/CODE_DIF_CS_015/CODE_DIF_CS_015.cs,72,baselines_work/cohorte/csharp/CODE_IDENT_CS_014/CODE_IDENT_CS_014.cs,0,0,0,0,0
3726,16,baselines_work/cohorte/csharp/CODE_DIF_CS_015/CODE_DIF_CS_015.cs,70,baselines_work/cohorte/csharp/CODE_IDENT_CS_014_COPY/CODE_IDENT_CS_014.cs,0,0,0,0,0
3727,16,baselines_work/cohorte/csharp/CODE_DIF_CS_015/CODE_DIF_CS_015.cs,73,baselines_work/cohorte/csharp/CODE_IDENT_CS_015/CODE_IDENT_CS_015.cs,0,0,0,0,0
3728,16,baselines_work/cohorte/csharp/CODE_DIF_CS_015/CODE_DIF_CS_015.cs,74,baselines_work/cohorte/csharp/CODE_IDENT_CS_015_COPY/CODE_IDENT_CS_015.cs,0,0,0,0,0
3729,17,baselines_work/cohorte/csharp/CODE_ESTRU_CS_001/CODE_ESTRU_CS_001.cs,15,baselines_work/cohorte/csharp/CODE_ESTRU_CS_002/CODE_ESTRU_CS_002.cs,0,0,0,0,0
3730,17,baselines_work/cohorte/csharp/CODE_ESTRU_CS_001/CODE_ESTRU_CS_001.cs,20,baselines_work/cohorte/csharp/CODE_ESTRU_CS_003/CODE_ESTRU_CS_003.cs,0,0,0,0,0
3732,17,baselines_work/cohorte/csharp/CODE_ESTRU_CS_001/CODE_ESTRU_CS_001.cs,19,baselines_work/cohorte/csharp/CODE_ESTRU_CS_005/CODE_ESTRU_CS_005.cs,0,0,0,0,0
3733,17,baselines_work/cohorte/csharp/CODE_ESTRU_CS_001/CODE_ESTRU_CS_001.cs,21,baselines_work/cohorte/csharp/CODE_ESTRU_CS_006/CODE_ESTRU_CS_006.cs,0,0,0,0,0
3734,17,baselines_work/cohorte/csharp/CODE_ESTRU_CS_001/CODE_ESTRU_CS_001.cs,18,baselines_work/cohorte/csharp/CODE_ESTRU_CS_007/CODE_ESTRU_CS_007.cs,0,0,0,0,0
3735,17,baselines_work/cohorte/csharp/CODE_ESTRU_CS_001/CODE_ESTRU_CS_001.cs,22,baselines_work/cohorte/csharp/CODE_ESTRU_CS_008/CODE_ESTRU_CS_008.cs,0,0,0,0,0
3736,17,baselines_work/cohorte/csharp/CODE_ESTRU_CS_001/CODE_ESTRU_CS_001.cs,23,baselines_work/cohorte/csharp/CODE_ESTRU_CS_009/CODE_ESTRU_CS_009.cs,0,0,0,0,0
3737,17,baselines_work/cohorte/csharp/CODE_ESTRU_CS_001/CODE_ESTRU_CS_001.cs,24,baselines_work/cohorte/csharp/CODE_ESTRU_CS_010/CODE_ESTRU_CS_010.cs,0,0,0,0,0
3738,17,baselines_work/cohorte/csharp/CODE_ESTRU_CS_001/CODE_ESTRU_CS_001.cs,25,baselines_work/cohorte/csharp/CODE_ESTRU_CS_011/CODE_ESTRU_CS_011.cs,0,0,0,0,0
3739,17,baselines_work/cohorte/csharp/CODE_ESTRU_CS_001/CODE_ESTRU_CS_001.cs,27,baselines_work/cohorte/csharp/CODE_ESTRU_CS_012/CODE_ESTRU_CS_012.cs,0,0,0,0,0
3740,17,baselines_work/cohorte/csharp/CODE_ESTRU_CS_001/CODE_ESTRU_CS_001.cs,32,baselines_work/cohorte/csharp/CODE_ESTRU_CS_013/CODE_ESTRU_CS_013.cs,0,0,0,0,0
3741,17,baselines_work/cohorte/csharp/CODE_ESTRU_CS_001/CODE_ESTRU_CS_001.cs,28,baselines_work/cohorte/csharp/CODE_ESTRU_CS_014/CODE_ESTRU_CS_014.cs,0,0,0,0,0
3742,17,baselines_work/cohorte/csharp/CODE_ESTRU_CS_001/CODE_ESTRU_CS_001.cs,26,baselines_work/cohorte/csharp/CODE_ESTRU_CS_015/CODE_ESTRU_CS_015.cs,0,0,0,0,0
3747,17,baselines_work/cohorte/csharp/CODE_ESTRU_CS_001/CODE_ESTRU_CS_001.cs,34,baselines_work/cohorte/csharp/CODE_FUN_CS_005/CODE_FUN_CS_005.cs,0,0,0,0,0
3748,17,baselines_work/cohorte/csharp/CODE_ESTRU_CS_001/CODE_ESTRU_CS_001.cs,40,baselines_work/cohorte/csharp/CODE_FUN_CS_006/CODE_FUN_CS_006.cs,0,0,0,0,0
3750,17,baselines_work/cohorte/csharp/CODE_ESTRU_CS_001/CODE_ESTRU_CS_001.cs,36,baselines_work/cohorte/csharp/CODE_FUN_CS_008/CODE_FUN_CS_008.cs,0,0,0,0,0
3751,17,baselines_work/cohorte/csharp/CODE_ESTRU_CS_001/CODE_ESTRU_CS_001.cs,39,baselines_work/cohorte/csharp/CODE_FUN_CS_009/CODE_FUN_CS_009.cs,0,0,0,0,0
3752,17,baselines_work/cohorte/csharp/CODE_ESTRU_CS_001/CODE_ESTRU_CS_001.cs,38,baselines_work/cohorte/csharp/CODE_FUN_CS_010/CODE_FUN_CS_010.cs,0,0,0,0,0
3753,17,baselines_work/cohorte/csharp/CODE_ESTRU_CS_001/CODE_ESTRU_CS_001.cs,37,baselines_work/cohorte/csharp/CODE_FUN_CS_011/CODE_FUN_CS_011.cs,0,0,0,0,0
3754,17,baselines_work/cohorte/csharp/CODE_ESTRU_CS_001/CODE_ESTRU_CS_001.cs,41,baselines_work/cohorte/csharp/CODE_FUN_CS_012/CODE_FUN_CS_012.cs,0,0,0,0,0
3755,17,baselines_work/cohorte/csharp/CODE_ESTRU_CS_001/CODE_ESTRU_CS_001.cs,42,baselines_work/cohorte/csharp/CODE_FUN_CS_013/CODE_FUN_CS_013.cs,0,0,0,0,0
3756,17,baselines_work/cohorte/csharp/CODE_ESTRU_CS_001/CODE_ESTRU_CS_001.cs,43,baselines_work/cohorte/csharp/CODE_FUN_CS_014/CODE_FUN_CS_014.cs,0,0,0,0,0
3757,17,baselines_work/cohorte/csharp/CODE_ESTRU_CS_001/CODE_ESTRU_CS_001.cs,44,baselines_work/cohorte/csharp/CODE_FUN_CS_015/CODE_FUN_CS_015.cs,0,0,0,0,0
3760,17,baselines_work/cohorte/csharp/CODE_ESTRU_CS_001/CODE_ESTRU_CS_001.cs,46,baselines_work/cohorte/csharp/CODE_IDENT_CS_002/CODE_IDENT_CS_002.cs,0,0,0,0,0
3761,17,baselines_work/cohorte/csharp/CODE_ESTRU_CS_001/CODE_ESTRU_CS_001.cs,48,baselines_work/cohorte/csharp/CODE_IDENT_CS_002_COPY/CODE_IDENT_CS_002.cs,0,0,0,0,0
3762,17,baselines_work/cohorte/csharp/CODE_ESTRU_CS_001/CODE_ESTRU_CS_001.cs,51,baselines_work/cohorte/csharp/CODE_IDENT_CS_003/CODE_IDENT_CS_003.cs,0,0,0,0,0
3763,17,baselines_work/cohorte/csharp/CODE_ESTRU_CS_001/CODE_ESTRU_CS_001.cs,49,baselines_work/cohorte/csharp/CODE_IDENT_CS_003_COPY/CODE_IDENT_CS_003.cs,0,0,0,0,0
3766,17,baselines_work/cohorte/csharp/CODE_ESTRU_CS_001/CODE_ESTRU_CS_001.cs,53,baselines_work/cohorte/csharp/CODE_IDENT_CS_005/CODE_IDENT_CS_005.cs,0,0,0,0,0
3767,17,baselines_work/cohorte/csharp/CODE_ESTRU_CS_001/CODE_ESTRU_CS_001.cs,54,baselines_work/cohorte/csharp/CODE_IDENT_CS_005_COPY/CODE_IDENT_CS_005.cs,0,0,0,0,0
3768,17,baselines_work/cohorte/csharp/CODE_ESTRU_CS_001/CODE_ESTRU_CS_001.cs,60,baselines_work/cohorte/csharp/CODE_IDENT_CS_006/CODE_IDENT_CS_006.cs,0,0,0,0,0
3769,17,baselines_work/cohorte/csharp/CODE_ESTRU_CS_001/CODE_ESTRU_CS_001.cs,55,baselines_work/cohorte/csharp/CODE_IDENT_CS_006_COPY/CODE_IDENT_CS_006.cs,0,0,0,0,0
3770,17,baselines_work/cohorte/csharp/CODE_ESTRU_CS_001/CODE_ESTRU_CS_001.cs,56,baselines_work/cohorte/csharp/CODE_IDENT_CS_007/CODE_IDENT_CS_007.cs,0,0,0,0,0
3771,17,baselines_work/cohorte/csharp/CODE_ESTRU_CS_001/CODE_ESTRU_CS_001.cs,57,baselines_work/cohorte/csharp/CODE_IDENT_CS_007_COPY/CODE_IDENT_CS_007.cs,0,0,0,0,0
3772,17,baselines_work/cohorte/csharp/CODE_ESTRU_CS_001/CODE_ESTRU_CS_001.cs,58,baselines_work/cohorte/csharp/CODE_IDENT_CS_008/CODE_IDENT_CS_008.cs,0,0,0,0,0
3773,17,baselines_work/cohorte/csharp/CODE_ESTRU_CS_001/CODE_ESTRU_CS_001.cs,65,baselines_work/cohorte/csharp/CODE_IDENT_CS_008_COPY/CODE_IDENT_CS_008.cs,0,0,0,0,0
3774,17,baselines_work/cohorte/csharp/CODE_ESTRU_CS_001/CODE_ESTRU_CS_001.cs,62,baselines_work/cohorte/csharp/CODE_IDENT_CS_009/CODE_IDENT_CS_009.cs,0,0,0,0,0
3775,17,baselines_work/cohorte/csharp/CODE_ESTRU_CS_001/CODE_ESTRU_CS_001.cs,61,baselines_work/cohorte/csharp/CODE_IDENT_CS_009_COPY/CODE_IDENT_CS_009.cs,0,0,0,0,0
3776,17,baselines_work/cohorte/csharp/CODE_ESTRU_CS_001/CODE_ESTRU_CS_001.cs,64,baselines_work/cohorte/csharp/CODE_IDENT_CS_010/CODE_IDENT_CS_010.cs,0,0,0,0,0
3777,17,baselines_work/cohorte/csharp/CODE_ESTRU_CS_001/CODE_ESTRU_CS_001.cs,59,baselines_work/cohorte/csharp/CODE_IDENT_CS_010_COPY/CODE_IDENT_CS_010.cs,0,0,0,0,0
3778,17,baselines_work/cohorte/csharp/CODE_ESTRU_CS_001/CODE_ESTRU_CS_001.cs,66,baselines_work/cohorte/csharp/CODE_IDENT_CS_011/CODE_IDENT_CS_011.cs,0,0,0,0,0
3779,17,baselines_work/cohorte/csharp/CODE_ESTRU_CS_001/CODE_ESTRU_CS_001.cs,68,baselines_work/cohorte/csharp/CODE_IDENT_CS_011_COPY/CODE_IDENT_CS_011.cs,0,0,0,0,0
3780,17,baselines_work/cohorte/csharp/CODE_ESTRU_CS_001/CODE_ESTRU_CS_001.cs,63,baselines_work/cohorte/csharp/CODE_IDENT_CS_012/CODE_IDENT_CS_012.cs,0,0,0,0,0
3781,17,baselines_work/cohorte/csharp/CODE_ESTRU_CS_001/CODE_ESTRU_CS_001.cs,67,baselines_work/cohorte/csharp/CODE_IDENT_CS_012_COPY/CODE_IDENT_CS_012.cs,0,0,0,0,0
3782,17,baselines_work/cohorte/csharp/CODE_ESTRU_CS_001/CODE_ESTRU_CS_001.cs,69,baselines_work/cohorte/csharp/CODE_IDENT_CS_013/CODE_IDENT_CS_013.cs,0,0,0,0,0
3783,17,baselines_work/cohorte/csharp/CODE_ESTRU_CS_001/CODE_ESTRU_CS_001.cs,71,baselines_work/cohorte/csharp/CODE_IDENT_CS_013_COPY/CODE_IDENT_CS_013.cs,0,0,0,0,0
3784,17,baselines_work/cohorte/csharp/CODE_ESTRU_CS_001/CODE_ESTRU_CS_001.cs,72,baselines_work/cohorte/csharp/CODE_IDENT_CS_014/CODE_IDENT_CS_014.cs,0,0,0,0,0
3785,17,baselines_work/cohorte/csharp/CODE_ESTRU_CS_001/CODE_ESTRU_CS_001.cs,70,baselines_work/cohorte/csharp/CODE_IDENT_CS_014_COPY/CODE_IDENT_CS_014.cs,0,0,0,0,0
3786,17,baselines_work/cohorte/csharp/CODE_ESTRU_CS_001/CODE_ESTRU_CS_001.cs,73,baselines_work/cohorte/csharp/CODE_IDENT_CS_015/CODE_IDENT_CS_015.cs,0,0,0,0,0
3787,17,baselines_work/cohorte/csharp/CODE_ESTRU_CS_001/CODE_ESTRU_CS_001.cs,74,baselines_work/cohorte/csharp/CODE_IDENT_CS_015_COPY/CODE_IDENT_CS_015.cs,0,0,0,0,0
3789,15,baselines_work/cohorte/csharp/CODE_ESTRU_CS_002/CODE_ESTRU_CS_002.cs,14,baselines_work/cohorte/csharp/CODE_ESTRU_CS_004/CODE_ESTRU_CS_004.cs,0,0,0,0,0
3791,15,baselines_work/cohorte/csharp/CODE_ESTRU_CS_002/CODE_ESTRU_CS_002.cs,21,baselines_work/cohorte/csharp/CODE_ESTRU_CS_006/CODE_ESTRU_CS_006.cs,0,0,0,0,0
3792,15,baselines_work/cohorte/csharp/CODE_ESTRU_CS_002/CODE_ESTRU_CS_002.cs,18,baselines_work/cohorte/csharp/CODE_ESTRU_CS_007/CODE_ESTRU_CS_007.cs,0,0,0,0,0
3794,15,baselines_work/cohorte/csharp/CODE_ESTRU_CS_002/CODE_ESTRU_CS_002.cs,23,baselines_work/cohorte/csharp/CODE_ESTRU_CS_009/CODE_ESTRU_CS_009.cs,0,0,0,0,0
3795,15,baselines_work/cohorte/csharp/CODE_ESTRU_CS_002/CODE_ESTRU_CS_002.cs,24,baselines_work/cohorte/csharp/CODE_ESTRU_CS_010/CODE_ESTRU_CS_010.cs,0,0,0,0,0
3797,15,baselines_work/cohorte/csharp/CODE_ESTRU_CS_002/CODE_ESTRU_CS_002.cs,27,baselines_work/cohorte/csharp/CODE_ESTRU_CS_012/CODE_ESTRU_CS_012.cs,0,0,0,0,0
3799,15,baselines_work/cohorte/csharp/CODE_ESTRU_CS_002/CODE_ESTRU_CS_002.cs,28,baselines_work/cohorte/csharp/CODE_ESTRU_CS_014/CODE_ESTRU_CS_014.cs,0,0,0,0,0
3800,15,baselines_work/cohorte/csharp/CODE_ESTRU_CS_002/CODE_ESTRU_CS_002.cs,26,baselines_work/cohorte/csharp/CODE_ESTRU_CS_015/CODE_ESTRU_CS_015.cs,0,0,0,0,0
3801,15,baselines_work/cohorte/csharp/CODE_ESTRU_CS_002/CODE_ESTRU_CS_002.cs,33,baselines_work/cohorte/csharp/CODE_FUN_CS_001/CODE_FUN_CS_001.cs,0,0,0,0,0
3802,15,baselines_work/cohorte/csharp/CODE_ESTRU_CS_002/CODE_ESTRU_CS_002.cs,29,baselines_work/cohorte/csharp/CODE_FUN_CS_002/CODE_FUN_CS_002.cs,0,0,0,0,0
3803,15,baselines_work/cohorte/csharp/CODE_ESTRU_CS_002/CODE_ESTRU_CS_002.cs,31,baselines_work/cohorte/csharp/CODE_FUN_CS_003/CODE_FUN_CS_003.cs,0,0,0,0,0
3804,15,baselines_work/cohorte/csharp/CODE_ESTRU_CS_002/CODE_ESTRU_CS_002.cs,30,baselines_work/cohorte/csharp/CODE_FUN_CS_004/CODE_FUN_CS_004.cs,0,0,0,0,0
3805,15,baselines_work/cohorte/csharp/CODE_ESTRU_CS_002/CODE_ESTRU_CS_002.cs,34,baselines_work/cohorte/csharp/CODE_FUN_CS_005/CODE_FUN_CS_005.cs,0,0,0,0,0
3806,15,baselines_work/cohorte/csharp/CODE_ESTRU_CS_002/CODE_ESTRU_CS_002.cs,40,baselines_work/cohorte/csharp/CODE_FUN_CS_006/CODE_FUN_CS_006.cs,0,0,0,0,0
3807,15,baselines_work/cohorte/csharp/CODE_ESTRU_CS_002/CODE_ESTRU_CS_002.cs,35,baselines_work/cohorte/csharp/CODE_FUN_CS_007/CODE_FUN_CS_007.cs,0,0,0,0,0
3808,15,baselines_work/cohorte/csharp/CODE_ESTRU_CS_002/CODE_ESTRU_CS_002.cs,36,baselines_work/cohorte/csharp/CODE_FUN_CS_008/CODE_FUN_CS_008.cs,0,0,0,0,0
3809,15,baselines_work/cohorte/csharp/CODE_ESTRU_CS_002/CODE_ESTRU_CS_002.cs,39,baselines_work/cohorte/csharp/CODE_FUN_CS_009/CODE_FUN_CS_009.cs,0,0,0,0,0
3810,15,baselines_work/cohorte/csharp/CODE_ESTRU_CS_002/CODE_ESTRU_CS_002.cs,38,baselines_work/cohorte/csharp/CODE_FUN_CS_010/CODE_FUN_CS_010.cs,0,0,0,0,0
3812,15,baselines_work/cohorte/csharp/CODE_ESTRU_CS_002/CODE_ESTRU_CS_002.cs,41,baselines_work/cohorte/csharp/CODE_FUN_CS_012/CODE_FUN_CS_012.cs,0,0,0,0,0
3816,15,baselines_work/cohorte/csharp/CODE_ESTRU_CS_002/CODE_ESTRU_CS_002.cs,47,baselines_work/cohorte/csharp/CODE_IDENT_CS_001/CODE_IDENT_CS_001.cs,0,0,0,0,0
3817,15,baselines_work/cohorte/csharp/CODE_ESTRU_CS_002/CODE_ESTRU_CS_002.cs,45,baselines_work/cohorte/csharp/CODE_IDENT_CS_001_COPY/CODE_IDENT_CS_001.cs,0,0,0,0,0
3822,15,baselines_work/cohorte/csharp/CODE_ESTRU_CS_002/CODE_ESTRU_CS_002.cs,52,baselines_work/cohorte/csharp/CODE_IDENT_CS_004/CODE_IDENT_CS_004.cs,0,0,0,0,0
3823,15,baselines_work/cohorte/csharp/CODE_ESTRU_CS_002/CODE_ESTRU_CS_002.cs,50,baselines_work/cohorte/csharp/CODE_IDENT_CS_004_COPY/CODE_IDENT_CS_004.cs,0,0,0,0,0
3824,15,baselines_work/cohorte/csharp/CODE_ESTRU_CS_002/CODE_ESTRU_CS_002.cs,53,baselines_work/cohorte/csharp/CODE_IDENT_CS_005/CODE_IDENT_CS_005.cs,0,0,0,0,0
3825,15,baselines_work/cohorte/csharp/CODE_ESTRU_CS_002/CODE_ESTRU_CS_002.cs,54,baselines_work/cohorte/csharp/CODE_IDENT_CS_005_COPY/CODE_IDENT_CS_005.cs,0,0,0,0,0
3826,15,baselines_work/cohorte/csharp/CODE_ESTRU_CS_002/CODE_ESTRU_CS_002.cs,60,baselines_work/cohorte/csharp/CODE_IDENT_CS_006/CODE_IDENT_CS_006.cs,0,0,0,0,0
3827,15,baselines_work/cohorte/csharp/CODE_ESTRU_CS_002/CODE_ESTRU_CS_002.cs,55,baselines_work/cohorte/csharp/CODE_IDENT_CS_006_COPY/CODE_IDENT_CS_006.cs,0,0,0,0,0
3828,15,baselines_work/cohorte/csharp/CODE_ESTRU_CS_002/CODE_ESTRU_CS_002.cs,56,baselines_work/cohorte/csharp/CODE_IDENT_CS_007/CODE_IDENT_CS_007.cs,0,0,0,0,0
3829,15,baselines_work/cohorte/csharp/CODE_ESTRU_CS_002/CODE_ESTRU_CS_002.cs,57,baselines_work/cohorte/csharp/CODE_IDENT_CS_007_COPY/CODE_IDENT_CS_007.cs,0,0,0,0,0
3832,15,baselines_work/cohorte/csharp/CODE_ESTRU_CS_002/CODE_ESTRU_CS_002.cs,62,baselines_work/cohorte/csharp/CODE_IDENT_CS_009/CODE_IDENT_CS_009.cs,0,0,0,0,0
3833,15,baselines_work/cohorte/csharp/CODE_ESTRU_CS_002/CODE_ESTRU_CS_002.cs,61,baselines_work/cohorte/csharp/CODE_IDENT_CS_009_COPY/CODE_IDENT_CS_009.cs,0,0,0,0,0
3834,15,baselines_work/cohorte/csharp/CODE_ESTRU_CS_002/CODE_ESTRU_CS_002.cs,64,baselines_work/cohorte/csharp/CODE_IDENT_CS_010/CODE_IDENT_CS_010.cs,0,0,0,0,0
3835,15,baselines_work/cohorte/csharp/CODE_ESTRU_CS_002/CODE_ESTRU_CS_002.cs,59,baselines_work/cohorte/csharp/CODE_IDENT_CS_010_COPY/CODE_IDENT_CS_010.cs,0,0,0,0,0
3838,15,baselines_work/cohorte/csharp/CODE_ESTRU_CS_002/CODE_ESTRU_CS_002.cs,63,baselines_work/cohorte/csharp/CODE_IDENT_CS_012/CODE_IDENT_CS_012.cs,0,0,0,0,0
3839,15,baselines_work/cohorte/csharp/CODE_ESTRU_CS_002/CODE_ESTRU_CS_002.cs,67,baselines_work/cohorte/csharp/CODE_IDENT_CS_012_COPY/CODE_IDENT_CS_012.cs,0,0,0,0,0
3842,15,baselines_work/cohorte/csharp/CODE_ESTRU_CS_002/CODE_ESTRU_CS_002.cs,72,baselines_work/cohorte/csharp/CODE_IDENT_CS_014/CODE_IDENT_CS_014.cs,0,0,0,0,0
3843,15,baselines_work/cohorte/csharp/CODE_ESTRU_CS_002/CODE_ESTRU_CS_002.cs,70,baselines_work/cohorte/csharp/CODE_IDENT_CS_014_COPY/CODE_IDENT_CS_014.cs,0,0,0,0,0
3844,15,baselines_work/cohorte/csharp/CODE_ESTRU_CS_002/CODE_ESTRU_CS_002.cs,73,baselines_work/cohorte/csharp/CODE_IDENT_CS_015/CODE_IDENT_CS_015.cs,0,0,0,0,0
3845,15,baselines_work/cohorte/csharp/CODE_ESTRU_CS_002/CODE_ESTRU_CS_002.cs,74,baselines_work/cohorte/csharp/CODE_IDENT_CS_015_COPY/CODE_IDENT_CS_015.cs,0,0,0,0,0
3846,20,baselines_work/cohorte/csharp/CODE_ESTRU_CS_003/CODE_ESTRU_CS_003.cs,14,baselines_work/cohorte/csharp/CODE_ESTRU_CS_004/CODE_ESTRU_CS_004.cs,0,0,0,0,0
3848,20,baselines_work/cohorte/csharp/CODE_ESTRU_CS_003/CODE_ESTRU_CS_003.cs,21,baselines_work/cohorte/csharp/CODE_ESTRU_CS_006/CODE_ESTRU_CS_006.cs,0,0,0,0,0
3849,20,baselines_work/cohorte/csharp/CODE_ESTRU_CS_003/CODE_ESTRU_CS_003.cs,18,baselines_work/cohorte/csharp/CODE_ESTRU_CS_007/CODE_ESTRU_CS_007.cs,0,0,0,0,0
3851,20,baselines_work/cohorte/csharp/CODE_ESTRU_CS_003/CODE_ESTRU_CS_003.cs,23,baselines_work/cohorte/csharp/CODE_ESTRU_CS_009/CODE_ESTRU_CS_009.cs,0,0,0,0,0
3854,20,baselines_work/cohorte/csharp/CODE_ESTRU_CS_003/CODE_ESTRU_CS_003.cs,27,baselines_work/cohorte/csharp/CODE_ESTRU_CS_012/CODE_ESTRU_CS_012.cs,0,0,0,0,0
3856,20,baselines_work/cohorte/csharp/CODE_ESTRU_CS_003/CODE_ESTRU_CS_003.cs,28,baselines_work/cohorte/csharp/CODE_ESTRU_CS_014/CODE_ESTRU_CS_014.cs,0,0,0,0,0
3858,20,baselines_work/cohorte/csharp/CODE_ESTRU_CS_003/CODE_ESTRU_CS_003.cs,33,baselines_work/cohorte/csharp/CODE_FUN_CS_001/CODE_FUN_CS_001.cs,0,0,0,0,0
3859,20,baselines_work/cohorte/csharp/CODE_ESTRU_CS_003/CODE_ESTRU_CS_003.cs,29,baselines_work/cohorte/csharp/CODE_FUN_CS_002/CODE_FUN_CS_002.cs,0,0,0,0,0
3860,20,baselines_work/cohorte/csharp/CODE_ESTRU_CS_003/CODE_ESTRU_CS_003.cs,31,baselines_work/cohorte/csharp/CODE_FUN_CS_003/CODE_FUN_CS_003.cs,0,0,0,0,0
3861,20,baselines_work/cohorte/csharp/CODE_ESTRU_CS_003/CODE_ESTRU_CS_003.cs,30,baselines_work/cohorte/csharp/CODE_FUN_CS_004/CODE_FUN_CS_004.cs,0,0,0,0,0
3862,20,baselines_work/cohorte/csharp/CODE_ESTRU_CS_003/CODE_ESTRU_CS_003.cs,34,baselines_work/cohorte/csharp/CODE_FUN_CS_005/CODE_FUN_CS_005.cs,0,0,0,0,0
3863,20,baselines_work/cohorte/csharp/CODE_ESTRU_CS_003/CODE_ESTRU_CS_003.cs,40,baselines_work/cohorte/csharp/CODE_FUN_CS_006/CODE_FUN_CS_006.cs,0,0,0,0,0
3864,20,baselines_work/cohorte/csharp/CODE_ESTRU_CS_003/CODE_ESTRU_CS_003.cs,35,baselines_work/cohorte/csharp/CODE_FUN_CS_007/CODE_FUN_CS_007.cs,0,0,0,0,0
3865,20,baselines_work/cohorte/csharp/CODE_ESTRU_CS_003/CODE_ESTRU_CS_003.cs,36,baselines_work/cohorte/csharp/CODE_FUN_CS_008/CODE_FUN_CS_008.cs,0,0,0,0,0
3866,20,baselines_work/cohorte/csharp/CODE_ESTRU_CS_003/CODE_ESTRU_CS_003.cs,39,baselines_work/cohorte/csharp/CODE_FUN_CS_009/CODE_FUN_CS_009.cs,0,0,0,0,0
3869,20,baselines_work/cohorte/csharp/CODE_ESTRU_CS_003/CODE_ESTRU_CS_003.cs,41,baselines_work/cohorte/csharp/CODE_FUN_CS_012/CODE_FUN_CS_012.cs,0,0,0,0,0
3873,20,baselines_work/cohorte/csharp/CODE_ESTRU_CS_003/CODE_ESTRU_CS_003.cs,47,baselines_work/cohorte/csharp/CODE_IDENT_CS_001/CODE_IDENT_CS_001.cs,0,0,0,0,0
3874,20,baselines_work/cohorte/csharp/CODE_ESTRU_CS_003/CODE_ESTRU_CS_003.cs,45,baselines_work/cohorte/csharp/CODE_IDENT_CS_001_COPY/CODE_IDENT_CS_001.cs,0,0,0,0,0
3879,20,baselines_work/cohorte/csharp/CODE_ESTRU_CS_003/CODE_ESTRU_CS_003.cs,52,baselines_work/cohorte/csharp/CODE_IDENT_CS_004/CODE_IDENT_CS_004.cs,0,0,0,0,0
3880,20,baselines_work/cohorte/csharp/CODE_ESTRU_CS_003/CODE_ESTRU_CS_003.cs,50,baselines_work/cohorte/csharp/CODE_IDENT_CS_004_COPY/CODE_IDENT_CS_004.cs,0,0,0,0,0
3881,20,baselines_work/cohorte/csharp/CODE_ESTRU_CS_003/CODE_ESTRU_CS_003.cs,53,baselines_work/cohorte/csharp/CODE_IDENT_CS_005/CODE_IDENT_CS_005.cs,0,0,0,0,0
3882,20,baselines_work/cohorte/csharp/CODE_ESTRU_CS_003/CODE_ESTRU_CS_003.cs,54,baselines_work/cohorte/csharp/CODE_IDENT_CS_005_COPY/CODE_IDENT_CS_005.cs,0,0,0,0,0
3883,20,baselines_work/cohorte/csharp/CODE_ESTRU_CS_003/CODE_ESTRU_CS_003.cs,60,baselines_work/cohorte/csharp/CODE_IDENT_CS_006/CODE_IDENT_CS_006.cs,0,0,0,0,0
3884,20,baselines_work/cohorte/csharp/CODE_ESTRU_CS_003/CODE_ESTRU_CS_003.cs,55,baselines_work/cohorte/csharp/CODE_IDENT_CS_006_COPY/CODE_IDENT_CS_006.cs,0,0,0,0,0
3885,20,baselines_work/cohorte/csharp/CODE_ESTRU_CS_003/CODE_ESTRU_CS_003.cs,56,baselines_work/cohorte/csharp/CODE_IDENT_CS_007/CODE_IDENT_CS_007.cs,0,0,0,0,0
3886,20,baselines_work/cohorte/csharp/CODE_ESTRU_CS_003/CODE_ESTRU_CS_003.cs,57,baselines_work/cohorte/csharp/CODE_IDENT_CS_007_COPY/CODE_IDENT_CS_007.cs,0,0,0,0,0
3889,20,baselines_work/cohorte/csharp/CODE_ESTRU_CS_003/CODE_ESTRU_CS_003.cs,62,baselines_work/cohorte/csharp/CODE_IDENT_CS_009/CODE_IDENT_CS_009.cs,0,0,0,0,0
3890,20,baselines_work/cohorte/csharp/CODE_ESTRU_CS_003/CODE_ESTRU_CS_003.cs,61,baselines_work/cohorte/csharp/CODE_IDENT_CS_009_COPY/CODE_IDENT_CS_009.cs,0,0,0,0,0
3895,20,baselines_work/cohorte/csharp/CODE_ESTRU_CS_003/CODE_ESTRU_CS_003.cs,63,baselines_work/cohorte/csharp/CODE_IDENT_CS_012/CODE_IDENT_CS_012.cs,0,0,0,0,0
3896,20,baselines_work/cohorte/csharp/CODE_ESTRU_CS_003/CODE_ESTRU_CS_003.cs,67,baselines_work/cohorte/csharp/CODE_IDENT_CS_012_COPY/CODE_IDENT_CS_012.cs,0,0,0,0,0
3899,20,baselines_work/cohorte/csharp/CODE_ESTRU_CS_003/CODE_ESTRU_CS_003.cs,72,baselines_work/cohorte/csharp/CODE_IDENT_CS_014/CODE_IDENT_CS_014.cs,0,0,0,0,0
3900,20,baselines_work/cohorte/csharp/CODE_ESTRU_CS_003/CODE_ESTRU_CS_003.cs,70,baselines_work/cohorte/csharp/CODE_IDENT_CS_014_COPY/CODE_IDENT_CS_014.cs,0,0,0,0,0
3901,20,baselines_work/cohorte/csharp/CODE_ESTRU_CS_003/CODE_ESTRU_CS_003.cs,73,baselines_work/cohorte/csharp/CODE_IDENT_CS_015/CODE_IDENT_CS_015.cs,0,0,0,0,0
3902,20,baselines_work/cohorte/csharp/CODE_ESTRU_CS_003/CODE_ESTRU_CS_003.cs,74,baselines_work/cohorte/csharp/CODE_IDENT_CS_015_COPY/CODE_IDENT_CS_015.cs,0,0,0,0,0
3903,14,baselines_work/cohorte/csharp/CODE_ESTRU_CS_004/CODE_ESTRU_CS_004.cs,19,baselines_work/cohorte/csharp/CODE_ESTRU_CS_005/CODE_ESTRU_CS_005.cs,0,0,0,0,0
3905,14,baselines_work/cohorte/csharp/CODE_ESTRU_CS_004/CODE_ESTRU_CS_004.cs,18,baselines_work/cohorte/csharp/CODE_ESTRU_CS_007/CODE_ESTRU_CS_007.cs,0,0,0,0,0
3906,14,baselines_work/cohorte/csharp/CODE_ESTRU_CS_004/CODE_ESTRU_CS_004.cs,22,baselines_work/cohorte/csharp/CODE_ESTRU_CS_008/CODE_ESTRU_CS_008.cs,0,0,0,0,0
3907,14,baselines_work/cohorte/csharp/CODE_ESTRU_CS_004/CODE_ESTRU_CS_004.cs,23,baselines_work/cohorte/csharp/CODE_ESTRU_CS_009/CODE_ESTRU_CS_009.cs,0,0,0,0,0
3908,14,baselines_work/cohorte/csharp/CODE_ESTRU_CS_004/CODE_ESTRU_CS_004.cs,24,baselines_work/cohorte/csharp/CODE_ESTRU_CS_010/CODE_ESTRU_CS_010.cs,0,0,0,0,0
3909,14,baselines_work/cohorte/csharp/CODE_ESTRU_CS_004/CODE_ESTRU_CS_004.cs,25,baselines_work/cohorte/csharp/CODE_ESTRU_CS_011/CODE_ESTRU_CS_011.cs,0,0,0,0,0
3910,14,baselines_work/cohorte/csharp/CODE_ESTRU_CS_004/CODE_ESTRU_CS_004.cs,27,baselines_work/cohorte/csharp/CODE_ESTRU_CS_012/CODE_ESTRU_CS_012.cs,0,0,0,0,0
3911,14,baselines_work/cohorte/csharp/CODE_ESTRU_CS_004/CODE_ESTRU_CS_004.cs,32,baselines_work/cohorte/csharp/CODE_ESTRU_CS_013/CODE_ESTRU_CS_013.cs,0,0,0,0,0
3912,14,baselines_work/cohorte/csharp/CODE_ESTRU_CS_004/CODE_ESTRU_CS_004.cs,28,baselines_work/cohorte/csharp/CODE_ESTRU_CS_014/CODE_ESTRU_CS_014.cs,0,0,0,0,0
3913,14,baselines_work/cohorte/csharp/CODE_ESTRU_CS_004/CODE_ESTRU_CS_004.cs,26,baselines_work/cohorte/csharp/CODE_ESTRU_CS_015/CODE_ESTRU_CS_015.cs,0,0,0,0,0
3915,14,baselines_work/cohorte/csharp/CODE_ESTRU_CS_004/CODE_ESTRU_CS_004.cs,29,baselines_work/cohorte/csharp/CODE_FUN_CS_002/CODE_FUN_CS_002.cs,0,0,0,0,0
3916,14,baselines_work/cohorte/csharp/CODE_ESTRU_CS_004/CODE_ESTRU_CS_004.cs,31,baselines_work/cohorte/csharp/CODE_FUN_CS_003/CODE_FUN_CS_003.cs,0,0,0,0,0
3922,14,baselines_work/cohorte/csharp/CODE_ESTRU_CS_004/CODE_ESTRU_CS_004.cs,39,baselines_work/cohorte/csharp/CODE_FUN_CS_009/CODE_FUN_CS_009.cs,0,0,0,0,0
3925,14,baselines_work/cohorte/csharp/CODE_ESTRU_CS_004/CODE_ESTRU_CS_004.cs,41,baselines_work/cohorte/csharp/CODE_FUN_CS_012/CODE_FUN_CS_012.cs,0,0,0,0,0
3931,14,baselines_work/cohorte/csharp/CODE_ESTRU_CS_004/CODE_ESTRU_CS_004.cs,46,baselines_work/cohorte/csharp/CODE_IDENT_CS_002/CODE_IDENT_CS_002.cs,0,0,0,0,0
3932,14,baselines_work/cohorte/csharp/CODE_ESTRU_CS_004/CODE_ESTRU_CS_004.cs,48,baselines_work/cohorte/csharp/CODE_IDENT_CS_002_COPY/CODE_IDENT_CS_002.cs,0,0,0,0,0
3933,14,baselines_work/cohorte/csharp/CODE_ESTRU_CS_004/CODE_ESTRU_CS_004.cs,51,baselines_work/cohorte/csharp/CODE_IDENT_CS_003/CODE_IDENT_CS_003.cs,0,0,0,0,0
3934,14,baselines_work/cohorte/csharp/CODE_ESTRU_CS_004/CODE_ESTRU_CS_004.cs,49,baselines_work/cohorte/csharp/CODE_IDENT_CS_003_COPY/CODE_IDENT_CS_003.cs,0,0,0,0,0
3937,14,baselines_work/cohorte/csharp/CODE_ESTRU_CS_004/CODE_ESTRU_CS_004.cs,53,baselines_work/cohorte/csharp/CODE_IDENT_CS_005/CODE_IDENT_CS_005.cs,0,0,0,0,0
3938,14,baselines_work/cohorte/csharp/CODE_ESTRU_CS_004/CODE_ESTRU_CS_004.cs,54,baselines_work/cohorte/csharp/CODE_IDENT_CS_005_COPY/CODE_IDENT_CS_005.cs,0,0,0,0,0
3941,14,baselines_work/cohorte/csharp/CODE_ESTRU_CS_004/CODE_ESTRU_CS_004.cs,56,baselines_work/cohorte/csharp/CODE_IDENT_CS_007/CODE_IDENT_CS_007.cs,0,0,0,0,0
3942,14,baselines_work/cohorte/csharp/CODE_ESTRU_CS_004/CODE_ESTRU_CS_004.cs,57,baselines_work/cohorte/csharp/CODE_IDENT_CS_007_COPY/CODE_IDENT_CS_007.cs,0,0,0,0,0
3943,14,baselines_work/cohorte/csharp/CODE_ESTRU_CS_004/CODE_ESTRU_CS_004.cs,58,baselines_work/cohorte/csharp/CODE_IDENT_CS_008/CODE_IDENT_CS_008.cs,0,0,0,0,0
3944,14,baselines_work/cohorte/csharp/CODE_ESTRU_CS_004/CODE_ESTRU_CS_004.cs,65,baselines_work/cohorte/csharp/CODE_IDENT_CS_008_COPY/CODE_IDENT_CS_008.cs,0,0,0,0,0
3945,14,baselines_work/cohorte/csharp/CODE_ESTRU_CS_004/CODE_ESTRU_CS_004.cs,62,baselines_work/cohorte/csharp/CODE_IDENT_CS_009/CODE_IDENT_CS_009.cs,0,0,0,0,0
3946,14,baselines_work/cohorte/csharp/CODE_ESTRU_CS_004/CODE_ESTRU_CS_004.cs,61,baselines_work/cohorte/csharp/CODE_IDENT_CS_009_COPY/CODE_IDENT_CS_009.cs,0,0,0,0,0
3947,14,baselines_work/cohorte/csharp/CODE_ESTRU_CS_004/CODE_ESTRU_CS_004.cs,64,baselines_work/cohorte/csharp/CODE_IDENT_CS_010/CODE_IDENT_CS_010.cs,0,0,0,0,0
3948,14,baselines_work/cohorte/csharp/CODE_ESTRU_CS_004/CODE_ESTRU_CS_004.cs,59,baselines_work/cohorte/csharp/CODE_IDENT_CS_010_COPY/CODE_IDENT_CS_010.cs,0,0,0,0,0
3949,14,baselines_work/cohorte/csharp/CODE_ESTRU_CS_004/CODE_ESTRU_CS_004.cs,66,baselines_work/cohorte/csharp/CODE_IDENT_CS_011/CODE_IDENT_CS_011.cs,0,0,0,0,0
3950,14,baselines_work/cohorte/csharp/CODE_ESTRU_CS_004/CODE_ESTRU_CS_004.cs,68,baselines_work/cohorte/csharp/CODE_IDENT_CS_011_COPY/CODE_IDENT_CS_011.cs,0,0,0,0,0
3951,14,baselines_work/cohorte/csharp/CODE_ESTRU_CS_004/CODE_ESTRU_CS_004.cs,63,baselines_work/cohorte/csharp/CODE_IDENT_CS_012/CODE_IDENT_CS_012.cs,0,0,0,0,0
3952,14,baselines_work/cohorte/csharp/CODE_ESTRU_CS_004/CODE_ESTRU_CS_004.cs,67,baselines_work/cohorte/csharp/CODE_IDENT_CS_012_COPY/CODE_IDENT_CS_012.cs,0,0,0,0,0
3955,14,baselines_work/cohorte/csharp/CODE_ESTRU_CS_004/CODE_ESTRU_CS_004.cs,72,baselines_work/cohorte/csharp/CODE_IDENT_CS_014/CODE_IDENT_CS_014.cs,0,0,0,0,0
3956,14,baselines_work/cohorte/csharp/CODE_ESTRU_CS_004/CODE_ESTRU_CS_004.cs,70,baselines_work/cohorte/csharp/CODE_IDENT_CS_014_COPY/CODE_IDENT_CS_014.cs,0,0,0,0,0
3957,14,baselines_work/cohorte/csharp/CODE_ESTRU_CS_004/CODE_ESTRU_CS_004.cs,73,baselines_work/cohorte/csharp/CODE_IDENT_CS_015/CODE_IDENT_CS_015.cs,0,0,0,0,0
3958,14,baselines_work/cohorte/csharp/CODE_ESTRU_CS_004/CODE_ESTRU_CS_004.cs,74,baselines_work/cohorte/csharp/CODE_IDENT_CS_015_COPY/CODE_IDENT_CS_015.cs,0,0,0,0,0
3959,19,baselines_work/cohorte/csharp/CODE_ESTRU_CS_005/CODE_ESTRU_CS_005.cs,21,baselines_work/cohorte/csharp/CODE_ESTRU_CS_006/CODE_ESTRU_CS_006.cs,0,0,0,0,0
3961,19,baselines_work/cohorte/csharp/CODE_ESTRU_CS_005/CODE_ESTRU_CS_005.cs,22,baselines_work/cohorte/csharp/CODE_ESTRU_CS_008/CODE_ESTRU_CS_008.cs,0,0,0,0,0
3962,19,baselines_work/cohorte/csharp/CODE_ESTRU_CS_005/CODE_ESTRU_CS_005.cs,23,baselines_work/cohorte/csharp/CODE_ESTRU_CS_009/CODE_ESTRU_CS_009.cs,0,0,0,0,0
3964,19,baselines_work/cohorte/csharp/CODE_ESTRU_CS_005/CODE_ESTRU_CS_005.cs,25,baselines_work/cohorte/csharp/CODE_ESTRU_CS_011/CODE_ESTRU_CS_011.cs,0,0,0,0,0
3965,19,baselines_work/cohorte/csharp/CODE_ESTRU_CS_005/CODE_ESTRU_CS_005.cs,27,baselines_work/cohorte/csharp/CODE_ESTRU_CS_012/CODE_ESTRU_CS_012.cs,0,0,0,0,0
3966,19,baselines_work/cohorte/csharp/CODE_ESTRU_CS_005/CODE_ESTRU_CS_005.cs,32,baselines_work/cohorte/csharp/CODE_ESTRU_CS_013/CODE_ESTRU_CS_013.cs,0,0,0,0,0
3967,19,baselines_work/cohorte/csharp/CODE_ESTRU_CS_005/CODE_ESTRU_CS_005.cs,28,baselines_work/cohorte/csharp/CODE_ESTRU_CS_014/CODE_ESTRU_CS_014.cs,0,0,0,0,0
3969,19,baselines_work/cohorte/csharp/CODE_ESTRU_CS_005/CODE_ESTRU_CS_005.cs,33,baselines_work/cohorte/csharp/CODE_FUN_CS_001/CODE_FUN_CS_001.cs,0,0,0,0,0
3970,19,baselines_work/cohorte/csharp/CODE_ESTRU_CS_005/CODE_ESTRU_CS_005.cs,29,baselines_work/cohorte/csharp/CODE_FUN_CS_002/CODE_FUN_CS_002.cs,0,0,0,0,0
3971,19,baselines_work/cohorte/csharp/CODE_ESTRU_CS_005/CODE_ESTRU_CS_005.cs,31,baselines_work/cohorte/csharp/CODE_FUN_CS_003/CODE_FUN_CS_003.cs,0,0,0,0,0
3972,19,baselines_work/cohorte/csharp/CODE_ESTRU_CS_005/CODE_ESTRU_CS_005.cs,30,baselines_work/cohorte/csharp/CODE_FUN_CS_004/CODE_FUN_CS_004.cs,0,0,0,0,0
3973,19,baselines_work/cohorte/csharp/CODE_ESTRU_CS_005/CODE_ESTRU_CS_005.cs,34,baselines_work/cohorte/csharp/CODE_FUN_CS_005/CODE_FUN_CS_005.cs,0,0,0,0,0
3974,19,baselines_work/cohorte/csharp/CODE_ESTRU_CS_005/CODE_ESTRU_CS_005.cs,40,baselines_work/cohorte/csharp/CODE_FUN_CS_006/CODE_FUN_CS_006.cs,0,0,0,0,0
3975,19,baselines_work/cohorte/csharp/CODE_ESTRU_CS_005/CODE_ESTRU_CS_005.cs,35,baselines_work/cohorte/csharp/CODE_FUN_CS_007/CODE_FUN_CS_007.cs,0,0,0,0,0
3976,19,baselines_work/cohorte/csharp/CODE_ESTRU_CS_005/CODE_ESTRU_CS_005.cs,36,baselines_work/cohorte/csharp/CODE_FUN_CS_008/CODE_FUN_CS_008.cs,0,0,0,0,0
3977,19,baselines_work/cohorte/csharp/CODE_ESTRU_CS_005/CODE_ESTRU_CS_005.cs,39,baselines_work/cohorte/csharp/CODE_FUN_CS_009/CODE_FUN_CS_009.cs,0,0,0,0,0
3979,19,baselines_work/cohorte/csharp/CODE_ESTRU_CS_005/CODE_ESTRU_CS_005.cs,37,baselines_work/cohorte/csharp/CODE_FUN_CS_011/CODE_FUN_CS_011.cs,0,0,0,0,0
3980,19,baselines_work/cohorte/csharp/CODE_ESTRU_CS_005/CODE_ESTRU_CS_005.cs,41,baselines_work/cohorte/csharp/CODE_FUN_CS_012/CODE_FUN_CS_012.cs,0,0,0,0,0
3982,19,baselines_work/cohorte/csharp/CODE_ESTRU_CS_005/CODE_ESTRU_CS_005.cs,43,baselines_work/cohorte/csharp/CODE_FUN_CS_014/CODE_FUN_CS_014.cs,0,0,0,0,0
3983,19,baselines_work/cohorte/csharp/CODE_ESTRU_CS_005/CODE_ESTRU_CS_005.cs,44,baselines_work/cohorte/csharp/CODE_FUN_CS_015/CODE_FUN_CS_015.cs,0,0,0,0,0
3984,19,baselines_work/cohorte/csharp/CODE_ESTRU_CS_005/CODE_ESTRU_CS_005.cs,47,baselines_work/cohorte/csharp/CODE_IDENT_CS_001/CODE_IDENT_CS_001.cs,0,0,0,0,0
3985,19,baselines_work/cohorte/csharp/CODE_ESTRU_CS_005/CODE_ESTRU_CS_005.cs,45,baselines_work/cohorte/csharp/CODE_IDENT_CS_001_COPY/CODE_IDENT_CS_001.cs,0,0,0,0,0
3986,19,baselines_work/cohorte/csharp/CODE_ESTRU_CS_005/CODE_ESTRU_CS_005.cs,46,baselines_work/cohorte/csharp/CODE_IDENT_CS_002/CODE_IDENT_CS_002.cs,0,0,0,0,0
3987,19,baselines_work/cohorte/csharp/CODE_ESTRU_CS_005/CODE_ESTRU_CS_005.cs,48,baselines_work/cohorte/csharp/CODE_IDENT_CS_002_COPY/CODE_IDENT_CS_002.cs,0,0,0,0,0
3988,19,baselines_work/cohorte/csharp/CODE_ESTRU_CS_005/CODE_ESTRU_CS_005.cs,51,baselines_work/cohorte/csharp/CODE_IDENT_CS_003/CODE_IDENT_CS_003.cs,0,0,0,0,0
3989,19,baselines_work/cohorte/csharp/CODE_ESTRU_CS_005/CODE_ESTRU_CS_005.cs,49,baselines_work/cohorte/csharp/CODE_IDENT_CS_003_COPY/CODE_IDENT_CS_003.cs,0,0,0,0,0
3990,19,baselines_work/cohorte/csharp/CODE_ESTRU_CS_005/CODE_ESTRU_CS_005.cs,52,baselines_work/cohorte/csharp/CODE_IDENT_CS_004/CODE_IDENT_CS_004.cs,0,0,0,0,0
3991,19,baselines_work/cohorte/csharp/CODE_ESTRU_CS_005/CODE_ESTRU_CS_005.cs,50,baselines_work/cohorte/csharp/CODE_IDENT_CS_004_COPY/CODE_IDENT_CS_004.cs,0,0,0,0,0
3994,19,baselines_work/cohorte/csharp/CODE_ESTRU_CS_005/CODE_ESTRU_CS_005.cs,60,baselines_work/cohorte/csharp/CODE_IDENT_CS_006/CODE_IDENT_CS_006.cs,0,0,0,0,0
3995,19,baselines_work/cohorte/csharp/CODE_ESTRU_CS_005/CODE_ESTRU_CS_005.cs,55,baselines_work/cohorte/csharp/CODE_IDENT_CS_006_COPY/CODE_IDENT_CS_006.cs,0,0,0,0,0
3998,19,baselines_work/cohorte/csharp/CODE_ESTRU_CS_005/CODE_ESTRU_CS_005.cs,58,baselines_work/cohorte/csharp/CODE_IDENT_CS_008/CODE_IDENT_CS_008.cs,0,0,0,0,0
3999,19,baselines_work/cohorte/csharp/CODE_ESTRU_CS_005/CODE_ESTRU_CS_005.cs,65,baselines_work/cohorte/csharp/CODE_IDENT_CS_008_COPY/CODE_IDENT_CS_008.cs,0,0,0,0,0
4000,19,baselines_work/cohorte/csharp/CODE_ESTRU_CS_005/CODE_ESTRU_CS_005.cs,62,baselines_work/cohorte/csharp/CODE_IDENT_CS_009/CODE_IDENT_CS_009.cs,0,0,0,0,0
4001,19,baselines_work/cohorte/csharp/CODE_ESTRU_CS_005/CODE_ESTRU_CS_005.cs,61,baselines_work/cohorte/csharp/CODE_IDENT_CS_009_COPY/CODE_IDENT_CS_009.cs,0,0,0,0,0
4004,19,baselines_work/cohorte/csharp/CODE_ESTRU_CS_005/CODE_ESTRU_CS_005.cs,66,baselines_work/cohorte/csharp/CODE_IDENT_CS_011/CODE_IDENT_CS_011.cs,0,0,0,0,0
4005,19,baselines_work/cohorte/csharp/CODE_ESTRU_CS_005/CODE_ESTRU_CS_005.cs,68,baselines_work/cohorte/csharp/CODE_IDENT_CS_011_COPY/CODE_IDENT_CS_011.cs,0,0,0,0,0
4006,19,baselines_work/cohorte/csharp/CODE_ESTRU_CS_005/CODE_ESTRU_CS_005.cs,63,baselines_work/cohorte/csharp/CODE_IDENT_CS_012/CODE_IDENT_CS_012.cs,0,0,0,0,0
4007,19,baselines_work/cohorte/csharp/CODE_ESTRU_CS_005/CODE_ESTRU_CS_005.cs,67,baselines_work/cohorte/csharp/CODE_IDENT_CS_012_COPY/CODE_IDENT_CS_012.cs,0,0,0,0,0
4008,19,baselines_work/cohorte/csharp/CODE_ESTRU_CS_005/CODE_ESTRU_CS_005.cs,69,baselines_work/cohorte/csharp/CODE_IDENT_CS_013/CODE_IDENT_CS_013.cs,0,0,0,0,0
4009,19,baselines_work/cohorte/csharp/CODE_ESTRU_CS_005/CODE_ESTRU_CS_005.cs,71,baselines_work/cohorte/csharp/CODE_IDENT_CS_013_COPY/CODE_IDENT_CS_013.cs,0,0,0,0,0
4010,19,baselines_work/cohorte/csharp/CODE_ESTRU_CS_005/CODE_ESTRU_CS_005.cs,72,baselines_work/cohorte/csharp/CODE_IDENT_CS_014/CODE_IDENT_CS_014.cs,0,0,0,0,0
4011,19,baselines_work/cohorte/csharp/CODE_ESTRU_CS_005/CODE_ESTRU_CS_005.cs,70,baselines_work/cohorte/csharp/CODE_IDENT_CS_014_COPY/CODE_IDENT_CS_014.cs,0,0,0,0,0
4012,19,baselines_work/cohorte/csharp/CODE_ESTRU_CS_005/CODE_ESTRU_CS_005.cs,73,baselines_work/cohorte/csharp/CODE_IDENT_CS_015/CODE_IDENT_CS_015.cs,0,0,0,0,0
4013,19,baselines_work/cohorte/csharp/CODE_ESTRU_CS_005/CODE_ESTRU_CS_005.cs,74,baselines_work/cohorte/csharp/CODE_IDENT_CS_015_COPY/CODE_IDENT_CS_015.cs,0,0,0,0,0
4015,21,baselines_work/cohorte/csharp/CODE_ESTRU_CS_006/CODE_ESTRU_CS_006.cs,22,baselines_work/cohorte/csharp/CODE_ESTRU_CS_008/CODE_ESTRU_CS_008.cs,0,0,0,0,0
4018,21,baselines_work/cohorte/csharp/CODE_ESTRU_CS_006/CODE_ESTRU_CS_006.cs,25,baselines_work/cohorte/csharp/CODE_ESTRU_CS_011/CODE_ESTRU_CS_011.cs,0,0,0,0,0
4019,21,baselines_work/cohorte/csharp/CODE_ESTRU_CS_006/CODE_ESTRU_CS_006.cs,27,baselines_work/cohorte/csharp/CODE_ESTRU_CS_012/CODE_ESTRU_CS_012.cs,0,0,0,0,0
4020,21,baselines_work/cohorte/csharp/CODE_ESTRU_CS_006/CODE_ESTRU_CS_006.cs,32,baselines_work/cohorte/csharp/CODE_ESTRU_CS_013/CODE_ESTRU_CS_013.cs,0,0,0,0,0
4022,21,baselines_work/cohorte/csharp/CODE_ESTRU_CS_006/CODE_ESTRU_CS_006.cs,26,baselines_work/cohorte/csharp/CODE_ESTRU_CS_015/CODE_ESTRU_CS_015.cs,0,0,0,0,0
4023,21,baselines_work/cohorte/csharp/CODE_ESTRU_CS_006/CODE_ESTRU_CS_006.cs,33,baselines_work/cohorte/csharp/CODE_FUN_CS_001/CODE_FUN_CS_001.cs,0,0,0,0,0
4024,21,baselines_work/cohorte/csharp/CODE_ESTRU_CS_006/CODE_ESTRU_CS_006.cs,29,baselines_work/cohorte/csharp/CODE_FUN_CS_002/CODE_FUN_CS_002.cs,0,0,0,0,0
4025,21,baselines_work/cohorte/csharp/CODE_ESTRU_CS_006/CODE_ESTRU_CS_006.cs,31,baselines_work/cohorte/csharp/CODE_FUN_CS_003/CODE_FUN_CS_003.cs,0,0,0,0,0
4026,21,baselines_work/cohorte/csharp/CODE_ESTRU_CS_006/CODE_ESTRU_CS_006.cs,30,baselines_work/cohorte/csharp/CODE_FUN_CS_004/CODE_FUN_CS_004.cs,0,0,0,0,0
4027,21,baselines_work/cohorte/csharp/CODE_ESTRU_CS_006/CODE_ESTRU_CS_006.cs,34,baselines_work/cohorte/csharp/CODE_FUN_CS_005/CODE_FUN_CS_005.cs,0,0,0,0,0
4029,21,baselines_work/cohorte/csharp/CODE_ESTRU_CS_006/CODE_ESTRU_CS_006.cs,35,baselines_work/cohorte/csharp/CODE_FUN_CS_007/CODE_FUN_CS_007.cs,0,0,0,0,0
4030,21,baselines_work/cohorte/csharp/CODE_ESTRU_CS_006/CODE_ESTRU_CS_006.cs,36,baselines_work/cohorte/csharp/CODE_FUN_CS_008/CODE_FUN_CS_008.cs,0,0,0,0,0
4031,21,baselines_work/cohorte/csharp/CODE_ESTRU_CS_006/CODE_ESTRU_CS_006.cs,39,baselines_work/cohorte/csharp/CODE_FUN_CS_009/CODE_FUN_CS_009.cs,0,0,0,0,0
4032,21,baselines_work/cohorte/csharp/CODE_ESTRU_CS_006/CODE_ESTRU_CS_006.cs,38,baselines_work/cohorte/csharp/CODE_FUN_CS_010/CODE_FUN_CS_010.cs,0,0,0,0,0
4034,21,baselines_work/cohorte/csharp/CODE_ESTRU_CS_006/CODE_ESTRU_CS_006.cs,41,baselines_work/cohorte/csharp/CODE_FUN_CS_012/CODE_FUN_CS_012.cs,0,0,0,0,0
4036,21,baselines_work/cohorte/csharp/CODE_ESTRU_CS_006/CODE_ESTRU_CS_006.cs,43,baselines_work/cohorte/csharp/CODE_FUN_CS_014/CODE_FUN_CS_014.cs,0,0,0,0,0
4038,21,baselines_work/cohorte/csharp/CODE_ESTRU_CS_006/CODE_ESTRU_CS_006.cs,47,baselines_work/cohorte/csharp/CODE_IDENT_CS_001/CODE_IDENT_CS_001.cs,0,0,0,0,0
4039,21,baselines_work/cohorte/csharp/CODE_ESTRU_CS_006/CODE_ESTRU_CS_006.cs,45,baselines_work/cohorte/csharp/CODE_IDENT_CS_001_COPY/CODE_IDENT_CS_001.cs,0,0,0,0,0
4042,21,baselines_work/cohorte/csharp/CODE_ESTRU_CS_006/CODE_ESTRU_CS_006.cs,51,baselines_work/cohorte/csharp/CODE_IDENT_CS_003/CODE_IDENT_CS_003.cs,0,0,0,0,0
4043,21,baselines_work/cohorte/csharp/CODE_ESTRU_CS_006/CODE_ESTRU_CS_006.cs,49,baselines_work/cohorte/csharp/CODE_IDENT_CS_003_COPY/CODE_IDENT_CS_003.cs,0,0,0,0,0
4044,21,baselines_work/cohorte/csharp/CODE_ESTRU_CS_006/CODE_ESTRU_CS_006.cs,52,baselines_work/cohorte/csharp/CODE_IDENT_CS_004/CODE_IDENT_CS_004.cs,0,0,0,0,0
4045,21,baselines_work/cohorte/csharp/CODE_ESTRU_CS_006/CODE_ESTRU_CS_006.cs,50,baselines_work/cohorte/csharp/CODE_IDENT_CS_004_COPY/CODE_IDENT_CS_004.cs,0,0,0,0,0
4046,21,baselines_work/cohorte/csharp/CODE_ESTRU_CS_006/CODE_ESTRU_CS_006.cs,53,baselines_work/cohorte/csharp/CODE_IDENT_CS_005/CODE_IDENT_CS_005.cs,0,0,0,0,0
4047,21,baselines_work/cohorte/csharp/CODE_ESTRU_CS_006/CODE_ESTRU_CS_006.cs,54,baselines_work/cohorte/csharp/CODE_IDENT_CS_005_COPY/CODE_IDENT_CS_005.cs,0,0,0,0,0
4052,21,baselines_work/cohorte/csharp/CODE_ESTRU_CS_006/CODE_ESTRU_CS_006.cs,58,baselines_work/cohorte/csharp/CODE_IDENT_CS_008/CODE_IDENT_CS_008.cs,0,0,0,0,0
4053,21,baselines_work/cohorte/csharp/CODE_ESTRU_CS_006/CODE_ESTRU_CS_006.cs,65,baselines_work/cohorte/csharp/CODE_IDENT_CS_008_COPY/CODE_IDENT_CS_008.cs,0,0,0,0,0
4058,21,baselines_work/cohorte/csharp/CODE_ESTRU_CS_006/CODE_ESTRU_CS_006.cs,66,baselines_work/cohorte/csharp/CODE_IDENT_CS_011/CODE_IDENT_CS_011.cs,0,0,0,0,0
4059,21,baselines_work/cohorte/csharp/CODE_ESTRU_CS_006/CODE_ESTRU_CS_006.cs,68,baselines_work/cohorte/csharp/CODE_IDENT_CS_011_COPY/CODE_IDENT_CS_011.cs,0,0,0,0,0
4060,21,baselines_work/cohorte/csharp/CODE_ESTRU_CS_006/CODE_ESTRU_CS_006.cs,63,baselines_work/cohorte/csharp/CODE_IDENT_CS_012/CODE_IDENT_CS_012.cs,0,0,0,0,0
4061,21,baselines_work/cohorte/csharp/CODE_ESTRU_CS_006/CODE_ESTRU_CS_006.cs,67,baselines_work/cohorte/csharp/CODE_IDENT_CS_012_COPY/CODE_IDENT_CS_012.cs,0,0,0,0,0
4062,21,baselines_work/cohorte/csharp/CODE_ESTRU_CS_006/CODE_ESTRU_CS_006.cs,69,baselines_work/cohorte/csharp/CODE_IDENT_CS_013/CODE_IDENT_CS_013.cs,0,0,0,0,0
4063,21,baselines_work/cohorte/csharp/CODE_ESTRU_CS_006/CODE_ESTRU_CS_006.cs,71,baselines_work/cohorte/csharp/CODE_IDENT_CS_013_COPY/CODE_IDENT_CS_013.cs,0,0,0,0,0
4064,21,baselines_work/cohorte/csharp/CODE_ESTRU_CS_006/CODE_ESTRU_CS_006.cs,72,baselines_work/cohorte/csharp/CODE_IDENT_CS_014/CODE_IDENT_CS_014.cs,0,0,0,0,0
4065,21,baselines_work/cohorte/csharp/CODE_ESTRU_CS_006/CODE_ESTRU_CS_006.cs,70,baselines_work/cohorte/csharp/CODE_IDENT_CS_014_COPY/CODE_IDENT_CS_014.cs,0,0,0,0,0
4066,21,baselines_work/cohorte/csharp/CODE_ESTRU_CS_006/CODE_ESTRU_CS_006.cs,73,baselines_work/cohorte/csharp/CODE_IDENT_CS_015/CODE_IDENT_CS_015.cs,0,0,0,0,0
4067,21,baselines_work/cohorte/csharp/CODE_ESTRU_CS_006/CODE_ESTRU_CS_006.cs,74,baselines_work/cohorte/csharp/CODE_IDENT_CS_015_COPY/CODE_IDENT_CS_015.cs,0,0,0,0,0
4068,18,baselines_work/cohorte/csharp/CODE_ESTRU_CS_007/CODE_ESTRU_CS_007.cs,22,baselines_work/cohorte/csharp/CODE_ESTRU_CS_008/CODE_ESTRU_CS_008.cs,0,0,0,0,0
4069,18,baselines_work/cohorte/csharp/CODE_ESTRU_CS_007/CODE_ESTRU_CS_007.cs,23,baselines_work/cohorte/csharp/CODE_ESTRU_CS_009/CODE_ESTRU_CS_009.cs,0,0,0,0,0
4070,18,baselines_work/cohorte/csharp/CODE_ESTRU_CS_007/CODE_ESTRU_CS_007.cs,24,baselines_work/cohorte/csharp/CODE_ESTRU_CS_010/CODE_ESTRU_CS_010.cs,0,0,0,0,0
4071,18,baselines_work/cohorte/csharp/CODE_ESTRU_CS_007/CODE_ESTRU_CS_007.cs,25,baselines_work/cohorte/csharp/CODE_ESTRU_CS_011/CODE_ESTRU_CS_011.cs,0,0,0,0,0
4072,18,baselines_work/cohorte/csharp/CODE_ESTRU_CS_007/CODE_ESTRU_CS_007.cs,27,baselines_work/cohorte/csharp/CODE_ESTRU_CS_012/CODE_ESTRU_CS_012.cs,0,0,0,0,0
4073,18,baselines_work/cohorte/csharp/CODE_ESTRU_CS_007/CODE_ESTRU_CS_007.cs,32,baselines_work/cohorte/csharp/CODE_ESTRU_CS_013/CODE_ESTRU_CS_013.cs,0,0,0,0,0
4074,18,baselines_work/cohorte/csharp/CODE_ESTRU_CS_007/CODE_ESTRU_CS_007.cs,28,baselines_work/cohorte/csharp/CODE_ESTRU_CS_014/CODE_ESTRU_CS_014.cs,0,0,0,0,0
4075,18,baselines_work/cohorte/csharp/CODE_ESTRU_CS_007/CODE_ESTRU_CS_007.cs,26,baselines_work/cohorte/csharp/CODE_ESTRU_CS_015/CODE_ESTRU_CS_015.cs,0,0,0,0,0
4076,18,baselines_work/cohorte/csharp/CODE_ESTRU_CS_007/CODE_ESTRU_CS_007.cs,33,baselines_work/cohorte/csharp/CODE_FUN_CS_001/CODE_FUN_CS_001.cs,0,0,0,0,0
4077,18,baselines_work/cohorte/csharp/CODE_ESTRU_CS_007/CODE_ESTRU_CS_007.cs,29,baselines_work/cohorte/csharp/CODE_FUN_CS_002/CODE_FUN_CS_002.cs,0,0,0,0,0
4078,18,baselines_work/cohorte/csharp/CODE_ESTRU_CS_007/CODE_ESTRU_CS_007.cs,31,baselines_work/cohorte/csharp/CODE_FUN_CS_003/CODE_FUN_CS_003.cs,0,0,0,0,0
4079,18,baselines_work/cohorte/csharp/CODE_ESTRU_CS_007/CODE_ESTRU_CS_007.cs,30,baselines_work/cohorte/csharp/CODE_FUN_CS_004/CODE_FUN_CS_004.cs,0,0,0,0,0
4080,18,baselines_work/cohorte/csharp/CODE_ESTRU_CS_007/CODE_ESTRU_CS_007.cs,34,baselines_work/cohorte/csharp/CODE_FUN_CS_005/CODE_FUN_CS_005.cs,0,0,0,0,0
4081,18,baselines_work/cohorte/csharp/CODE_ESTRU_CS_007/CODE_ESTRU_CS_007.cs,40,baselines_work/cohorte/csharp/CODE_FUN_CS_006/CODE_FUN_CS_006.cs,0,0,0,0,0
4082,18,baselines_work/cohorte/csharp/CODE_ESTRU_CS_007/CODE_ESTRU_CS_007.cs,35,baselines_work/cohorte/csharp/CODE_FUN_CS_007/CODE_FUN_CS_007.cs,0,0,0,0,0
4083,18,baselines_work/cohorte/csharp/CODE_ESTRU_CS_007/CODE_ESTRU_CS_007.cs,36,baselines_work/cohorte/csharp/CODE_FUN_CS_008/CODE_FUN_CS_008.cs,0,0,0,0,0
4084,18,baselines_work/cohorte/csharp/CODE_ESTRU_CS_007/CODE_ESTRU_CS_007.cs,39,baselines_work/cohorte/csharp/CODE_FUN_CS_009/CODE_FUN_CS_009.cs,0,0,0,0,0
4085,18,baselines_work/cohorte/csharp/CODE_ESTRU_CS_007/CODE_ESTRU_CS_007.cs,38,baselines_work/cohorte/csharp/CODE_FUN_CS_010/CODE_FUN_CS_010.cs,0,0,0,0,0
4087,18,baselines_work/cohorte/csharp/CODE_ESTRU_CS_007/CODE_ESTRU_CS_007.cs,41,baselines_work/cohorte/csharp/CODE_FUN_CS_012/CODE_FUN_CS_012.cs,0,0,0,0,0
4089,18,baselines_work/cohorte/csharp/CODE_ESTRU_CS_007/CODE_ESTRU_CS_007.cs,43,baselines_work/cohorte/csharp/CODE_FUN_CS_014/CODE_FUN_CS_014.cs,0,0,0,0,0
4091,18,baselines_work/cohorte/csharp/CODE_ESTRU_CS_007/CODE_ESTRU_CS_007.cs,47,baselines_work/cohorte/csharp/CODE_IDENT_CS_001/CODE_IDENT_CS_001.cs,0,0,0,0,0
4092,18,baselines_work/cohorte/csharp/CODE_ESTRU_CS_007/CODE_ESTRU_CS_007.cs,45,baselines_work/cohorte/csharp/CODE_IDENT_CS_001_COPY/CODE_IDENT_CS_001.cs,0,0,0,0,0
4093,18,baselines_work/cohorte/csharp/CODE_ESTRU_CS_007/CODE_ESTRU_CS_007.cs,46,baselines_work/cohorte/csharp/CODE_IDENT_CS_002/CODE_IDENT_CS_002.cs,0,0,0,0,0
4094,18,baselines_work/cohorte/csharp/CODE_ESTRU_CS_007/CODE_ESTRU_CS_007.cs,48,baselines_work/cohorte/csharp/CODE_IDENT_CS_002_COPY/CODE_IDENT_CS_002.cs,0,0,0,0,0
4095,18,baselines_work/cohorte/csharp/CODE_ESTRU_CS_007/CODE_ESTRU_CS_007.cs,51,baselines_work/cohorte/csharp/CODE_IDENT_CS_003/CODE_IDENT_CS_003.cs,0,0,0,0,0
4096,18,baselines_work/cohorte/csharp/CODE_ESTRU_CS_007/CODE_ESTRU_CS_007.cs,49,baselines_work/cohorte/csharp/CODE_IDENT_CS_003_COPY/CODE_IDENT_CS_003.cs,0,0,0,0,0
4097,18,baselines_work/cohorte/csharp/CODE_ESTRU_CS_007/CODE_ESTRU_CS_007.cs,52,baselines_work/cohorte/csharp/CODE_IDENT_CS_004/CODE_IDENT_CS_004.cs,0,0,0,0,0
4098,18,baselines_work/cohorte/csharp/CODE_ESTRU_CS_007/CODE_ESTRU_CS_007.cs,50,baselines_work/cohorte/csharp/CODE_IDENT_CS_004_COPY/CODE_IDENT_CS_004.cs,0,0,0,0,0
4101,18,baselines_work/cohorte/csharp/CODE_ESTRU_CS_007/CODE_ESTRU_CS_007.cs,60,baselines_work/cohorte/csharp/CODE_IDENT_CS_006/CODE_IDENT_CS_006.cs,0,0,0,0,0
4102,18,baselines_work/cohorte/csharp/CODE_ESTRU_CS_007/CODE_ESTRU_CS_007.cs,55,baselines_work/cohorte/csharp/CODE_IDENT_CS_006_COPY/CODE_IDENT_CS_006.cs,0,0,0,0,0
4105,18,baselines_work/cohorte/csharp/CODE_ESTRU_CS_007/CODE_ESTRU_CS_007.cs,58,baselines_work/cohorte/csharp/CODE_IDENT_CS_008/CODE_IDENT_CS_008.cs,0,0,0,0,0
4106,18,baselines_work/cohorte/csharp/CODE_ESTRU_CS_007/CODE_ESTRU_CS_007.cs,65,baselines_work/cohorte/csharp/CODE_IDENT_CS_008_COPY/CODE_IDENT_CS_008.cs,0,0,0,0,0
4107,18,baselines_work/cohorte/csharp/CODE_ESTRU_CS_007/CODE_ESTRU_CS_007.cs,62,baselines_work/cohorte/csharp/CODE_IDENT_CS_009/CODE_IDENT_CS_009.cs,0,0,0,0,0
4108,18,baselines_work/cohorte/csharp/CODE_ESTRU_CS_007/CODE_ESTRU_CS_007.cs,61,baselines_work/cohorte/csharp/CODE_IDENT_CS_009_COPY/CODE_IDENT_CS_009.cs,0,0,0,0,0
4109,18,baselines_work/cohorte/csharp/CODE_ESTRU_CS_007/CODE_ESTRU_CS_007.cs,64,baselines_work/cohorte/csharp/CODE_IDENT_CS_010/CODE_IDENT_CS_010.cs,0,0,0,0,0
4110,18,baselines_work/cohorte/csharp/CODE_ESTRU_CS_007/CODE_ESTRU_CS_007.cs,59,baselines_work/cohorte/csharp/CODE_IDENT_CS_010_COPY/CODE_IDENT_CS_010.cs,0,0,0,0,0
4111,18,baselines_work/cohorte/csharp/CODE_ESTRU_CS_007/CODE_ESTRU_CS_007.cs,66,baselines_work/cohorte/csharp/CODE_IDENT_CS_011/CODE_IDENT_CS_011.cs,0,0,0,0,0
4112,18,baselines_work/cohorte/csharp/CODE_ESTRU_CS_007/CODE_ESTRU_CS_007.cs,68,baselines_work/cohorte/csharp/CODE_IDENT_CS_011_COPY/CODE_IDENT_CS_011.cs,0,0,0,0,0
4113,18,baselines_work/cohorte/csharp/CODE_ESTRU_CS_007/CODE_ESTRU_CS_007.cs,63,baselines_work/cohorte/csharp/CODE_IDENT_CS_012/CODE_IDENT_CS_012.cs,0,0,0,0,0
4114,18,baselines_work/cohorte/csharp/CODE_ESTRU_CS_007/CODE_ESTRU_CS_007.cs,67,baselines_work/cohorte/csharp/CODE_IDENT_CS_012_COPY/CODE_IDENT_CS_012.cs,0,0,0,0,0
4115,18,baselines_work/cohorte/csharp/CODE_ESTRU_CS_007/CODE_ESTRU_CS_007.cs,69,baselines_work/cohorte/csharp/CODE_IDENT_CS_013/CODE_IDENT_CS_013.cs,0,0,0,0,0
4116,18,baselines_work/cohorte/csharp/CODE_ESTRU_CS_007/CODE_ESTRU_CS_007.cs,71,baselines_work/cohorte/csharp/CODE_IDENT_CS_013_COPY/CODE_IDENT_CS_013.cs,0,0,0,0,0
4117,18,baselines_work/cohorte/csharp/CODE_ESTRU_CS_007/CODE_ESTRU_CS_007.cs,72,baselines_work/cohorte/csharp/CODE_IDENT_CS_014/CODE_IDENT_CS_014.cs,0,0,0,0,0
4118,18,baselines_work/cohorte/csharp/CODE_ESTRU_CS_007/CODE_ESTRU_CS_007.cs,70,baselines_work/cohorte/csharp/CODE_IDENT_CS_014_COPY/CODE_IDENT_CS_014.cs,0,0,0,0,0
4119,18,baselines_work/cohorte/csharp/CODE_ESTRU_CS_007/CODE_ESTRU_CS_007.cs,73,baselines_work/cohorte/csharp/CODE_IDENT_CS_015/CODE_IDENT_CS_015.cs,0,0,0,0,0
4120,18,baselines_work/cohorte/csharp/CODE_ESTRU_CS_007/CODE_ESTRU_CS_007.cs,74,baselines_work/cohorte/csharp/CODE_IDENT_CS_015_COPY/CODE_IDENT_CS_015.cs,0,0,0,0,0
4121,22,baselines_work/cohorte/csharp/CODE_ESTRU_CS_008/CODE_ESTRU_CS_008.cs,23,baselines_work/cohorte/csharp/CODE_ESTRU_CS_009/CODE_ESTRU_CS_009.cs,0,0,0,0,0
4122,22,baselines_work/cohorte/csharp/CODE_ESTRU_CS_008/CODE_ESTRU_CS_008.cs,24,baselines_work/cohorte/csharp/CODE_ESTRU_CS_010/CODE_ESTRU_CS_010.cs,0,0,0,0,0
4123,22,baselines_work/cohorte/csharp/CODE_ESTRU_CS_008/CODE_ESTRU_CS_008.cs,25,baselines_work/cohorte/csharp/CODE_ESTRU_CS_011/CODE_ESTRU_CS_011.cs,0,0,0,0,0
4125,22,baselines_work/cohorte/csharp/CODE_ESTRU_CS_008/CODE_ESTRU_CS_008.cs,32,baselines_work/cohorte/csharp/CODE_ESTRU_CS_013/CODE_ESTRU_CS_013.cs,0,0,0,0,0
4126,22,baselines_work/cohorte/csharp/CODE_ESTRU_CS_008/CODE_ESTRU_CS_008.cs,28,baselines_work/cohorte/csharp/CODE_ESTRU_CS_014/CODE_ESTRU_CS_014.cs,0,0,0,0,0
4127,22,baselines_work/cohorte/csharp/CODE_ESTRU_CS_008/CODE_ESTRU_CS_008.cs,26,baselines_work/cohorte/csharp/CODE_ESTRU_CS_015/CODE_ESTRU_CS_015.cs,0,0,0,0,0
4128,22,baselines_work/cohorte/csharp/CODE_ESTRU_CS_008/CODE_ESTRU_CS_008.cs,33,baselines_work/cohorte/csharp/CODE_FUN_CS_001/CODE_FUN_CS_001.cs,0,0,0,0,0
4129,22,baselines_work/cohorte/csharp/CODE_ESTRU_CS_008/CODE_ESTRU_CS_008.cs,29,baselines_work/cohorte/csharp/CODE_FUN_CS_002/CODE_FUN_CS_002.cs,0,0,0,0,0
4130,22,baselines_work/cohorte/csharp/CODE_ESTRU_CS_008/CODE_ESTRU_CS_008.cs,31,baselines_work/cohorte/csharp/CODE_FUN_CS_003/CODE_FUN_CS_003.cs,0,0,0,0,0
4131,22,baselines_work/cohorte/csharp/CODE_ESTRU_CS_008/CODE_ESTRU_CS_008.cs,30,baselines_work/cohorte/csharp/CODE_FUN_CS_004/CODE_FUN_CS_004.cs,0,0,0,0,0
4132,22,baselines_work/cohorte/csharp/CODE_ESTRU_CS_008/CODE_ESTRU_CS_008.cs,34,baselines_work/cohorte/csharp/CODE_FUN_CS_005/CODE_FUN_CS_005.cs,0,0,0,0,0
4133,22,baselines_work/cohorte/csharp/CODE_ESTRU_CS_008/CODE_ESTRU_CS_008.cs,40,baselines_work/cohorte/csharp/CODE_FUN_CS_006/CODE_FUN_CS_006.cs,0,0,0,0,0
4134,22,baselines_work/cohorte/csharp/CODE_ESTRU_CS_008/CODE_ESTRU_CS_008.cs,35,baselines_work/cohorte/csharp/CODE_FUN_CS_007/CODE_FUN_CS_007.cs,0,0,0,0,0
4136,22,baselines_work/cohorte/csharp/CODE_ESTRU_CS_008/CODE_ESTRU_CS_008.cs,39,baselines_work/cohorte/csharp/CODE_FUN_CS_009/CODE_FUN_CS_009.cs,0,0,0,0,0
4137,22,baselines_work/cohorte/csharp/CODE_ESTRU_CS_008/CODE_ESTRU_CS_008.cs,38,baselines_work/cohorte/csharp/CODE_FUN_CS_010/CODE_FUN_CS_010.cs,0,0,0,0,0
4138,22,baselines_work/cohorte/csharp/CODE_ESTRU_CS_008/CODE_ESTRU_CS_008.cs,37,baselines_work/cohorte/csharp/CODE_FUN_CS_011/CODE_FUN_CS_011.cs,0,0,0,0,0
4139,22,baselines_work/cohorte/csharp/CODE_ESTRU_CS_008/CODE_ESTRU_CS_008.cs,41,baselines_work/cohorte/csharp/CODE_FUN_CS_012/CODE_FUN_CS_012.cs,0,0,0,0,0
4140,22,baselines_work/cohorte/csharp/CODE_ESTRU_CS_008/CODE_ESTRU_CS_008.cs,42,baselines_work/cohorte/csharp/CODE_FUN_CS_013/CODE_FUN_CS_013.cs,0,0,0,0,0
4141,22,baselines_work/cohorte/csharp/CODE_ESTRU_CS_008/CODE_ESTRU_CS_008.cs,43,baselines_work/cohorte/csharp/CODE_FUN_CS_014/CODE_FUN_CS_014.cs,0,0,0,0,0
4142,22,baselines_work/cohorte/csharp/CODE_ESTRU_CS_008/CODE_ESTRU_CS_008.cs,44,baselines_work/cohorte/csharp/CODE_FUN_CS_015/CODE_FUN_CS_015.cs,0,0,0,0,0
4143,22,baselines_work/cohorte/csharp/CODE_ESTRU_CS_008/CODE_ESTRU_CS_008.cs,47,baselines_work/cohorte/csharp/CODE_IDENT_CS_001/CODE_IDENT_CS_001.cs,0,0,0,0,0
4144,22,baselines_work/cohorte/csharp/CODE_ESTRU_CS_008/CODE_ESTRU_CS_008.cs,45,baselines_work/cohorte/csharp/CODE_IDENT_CS_001_COPY/CODE_IDENT_CS_001.cs,0,0,0,0,0
4145,22,baselines_work/cohorte/csharp/CODE_ESTRU_CS_008/CODE_ESTRU_CS_008.cs,46,baselines_work/cohorte/csharp/CODE_IDENT_CS_002/CODE_IDENT_CS_002.cs,0,0,0,0,0
4146,22,baselines_work/cohorte/csharp/CODE_ESTRU_CS_008/CODE_ESTRU_CS_008.cs,48,baselines_work/cohorte/csharp/CODE_IDENT_CS_002_COPY/CODE_IDENT_CS_002.cs,0,0,0,0,0
4147,22,baselines_work/cohorte/csharp/CODE_ESTRU_CS_008/CODE_ESTRU_CS_008.cs,51,baselines_work/cohorte/csharp/CODE_IDENT_CS_003/CODE_IDENT_CS_003.cs,0,0,0,0,0
4148,22,baselines_work/cohorte/csharp/CODE_ESTRU_CS_008/CODE_ESTRU_CS_008.cs,49,baselines_work/cohorte/csharp/CODE_IDENT_CS_003_COPY/CODE_IDENT_CS_003.cs,0,0,0,0,0
4151,22,baselines_work/cohorte/csharp/CODE_ESTRU_CS_008/CODE_ESTRU_CS_008.cs,53,baselines_work/cohorte/csharp/CODE_IDENT_CS_005/CODE_IDENT_CS_005.cs,0,0,0,0,0
4152,22,baselines_work/cohorte/csharp/CODE_ESTRU_CS_008/CODE_ESTRU_CS_008.cs,54,baselines_work/cohorte/csharp/CODE_IDENT_CS_005_COPY/CODE_IDENT_CS_005.cs,0,0,0,0,0
4153,22,baselines_work/cohorte/csharp/CODE_ESTRU_CS_008/CODE_ESTRU_CS_008.cs,60,baselines_work/cohorte/csharp/CODE_IDENT_CS_006/CODE_IDENT_CS_006.cs,0,0,0,0,0
4154,22,baselines_work/cohorte/csharp/CODE_ESTRU_CS_008/CODE_ESTRU_CS_008.cs,55,baselines_work/cohorte/csharp/CODE_IDENT_CS_006_COPY/CODE_IDENT_CS_006.cs,0,0,0,0,0
4155,22,baselines_work/cohorte/csharp/CODE_ESTRU_CS_008/CODE_ESTRU_CS_008.cs,56,baselines_work/cohorte/csharp/CODE_IDENT_CS_007/CODE_IDENT_CS_007.cs,0,0,0,0,0
4156,22,baselines_work/cohorte/csharp/CODE_ESTRU_CS_008/CODE_ESTRU_CS_008.cs,57,baselines_work/cohorte/csharp/CODE_IDENT_CS_007_COPY/CODE_IDENT_CS_007.cs,0,0,0,0,0
4159,22,baselines_work/cohorte/csharp/CODE_ESTRU_CS_008/CODE_ESTRU_CS_008.cs,62,baselines_work/cohorte/csharp/CODE_IDENT_CS_009/CODE_IDENT_CS_009.cs,0,0,0,0,0
4160,22,baselines_work/cohorte/csharp/CODE_ESTRU_CS_008/CODE_ESTRU_CS_008.cs,61,baselines_work/cohorte/csharp/CODE_IDENT_CS_009_COPY/CODE_IDENT_CS_009.cs,0,0,0,0,0
4161,22,baselines_work/cohorte/csharp/CODE_ESTRU_CS_008/CODE_ESTRU_CS_008.cs,64,baselines_work/cohorte/csharp/CODE_IDENT_CS_010/CODE_IDENT_CS_010.cs,0,0,0,0,0
4162,22,baselines_work/cohorte/csharp/CODE_ESTRU_CS_008/CODE_ESTRU_CS_008.cs,59,baselines_work/cohorte/csharp/CODE_IDENT_CS_010_COPY/CODE_IDENT_CS_010.cs,0,0,0,0,0
4163,22,baselines_work/cohorte/csharp/CODE_ESTRU_CS_008/CODE_ESTRU_CS_008.cs,66,baselines_work/cohorte/csharp/CODE_IDENT_CS_011/CODE_IDENT_CS_011.cs,0,0,0,0,0
4164,22,baselines_work/cohorte/csharp/CODE_ESTRU_CS_008/CODE_ESTRU_CS_008.cs,68,baselines_work/cohorte/csharp/CODE_IDENT_CS_011_COPY/CODE_IDENT_CS_011.cs,0,0,0,0,0
4167,22,baselines_work/cohorte/csharp/CODE_ESTRU_CS_008/CODE_ESTRU_CS_008.cs,69,baselines_work/cohorte/csharp/CODE_IDENT_CS_013/CODE_IDENT_CS_013.cs,0,0,0,0,0
4168,22,baselines_work/cohorte/csharp/CODE_ESTRU_CS_008/CODE_ESTRU_CS_008.cs,71,baselines_work/cohorte/csharp/CODE_IDENT_CS_013_COPY/CODE_IDENT_CS_013.cs,0,0,0,0,0
4169,22,baselines_work/cohorte/csharp/CODE_ESTRU_CS_008/CODE_ESTRU_CS_008.cs,72,baselines_work/cohorte/csharp/CODE_IDENT_CS_014/CODE_IDENT_CS_014.cs,0,0,0,0,0
4170,22,baselines_work/cohorte/csharp/CODE_ESTRU_CS_008/CODE_ESTRU_CS_008.cs,70,baselines_work/cohorte/csharp/CODE_IDENT_CS_014_COPY/CODE_IDENT_CS_014.cs,0,0,0,0,0
4171,22,baselines_work/cohorte/csharp/CODE_ESTRU_CS_008/CODE_ESTRU_CS_008.cs,73,baselines_work/cohorte/csharp/CODE_IDENT_CS_015/CODE_IDENT_CS_015.cs,0,0,0,0,0
4172,22,baselines_work/cohorte/csharp/CODE_ESTRU_CS_008/CODE_ESTRU_CS_008.cs,74,baselines_work/cohorte/csharp/CODE_IDENT_CS_015_COPY/CODE_IDENT_CS_015.cs,0,0,0,0,0
4174,23,baselines_work/cohorte/csharp/CODE_ESTRU_CS_009/CODE_ESTRU_CS_009.cs,25,baselines_work/cohorte/csharp/CODE_ESTRU_CS_011/CODE_ESTRU_CS_011.cs,0,0,0,0,0
4176,23,baselines_work/cohorte/csharp/CODE_ESTRU_CS_009/CODE_ESTRU_CS_009.cs,32,baselines_work/cohorte/csharp/CODE_ESTRU_CS_013/CODE_ESTRU_CS_013.cs,0,0,0,0,0
4177,23,baselines_work/cohorte/csharp/CODE_ESTRU_CS_009/CODE_ESTRU_CS_009.cs,28,baselines_work/cohorte/csharp/CODE_ESTRU_CS_014/CODE_ESTRU_CS_014.cs,0,0,0,0,0
4179,23,baselines_work/cohorte/csharp/CODE_ESTRU_CS_009/CODE_ESTRU_CS_009.cs,33,baselines_work/cohorte/csharp/CODE_FUN_CS_001/CODE_FUN_CS_001.cs,0,0,0,0,0
4182,23,baselines_work/cohorte/csharp/CODE_ESTRU_CS_009/CODE_ESTRU_CS_009.cs,30,baselines_work/cohorte/csharp/CODE_FUN_CS_004/CODE_FUN_CS_004.cs,0,0,0,0,0
4183,23,baselines_work/cohorte/csharp/CODE_ESTRU_CS_009/CODE_ESTRU_CS_009.cs,34,baselines_work/cohorte/csharp/CODE_FUN_CS_005/CODE_FUN_CS_005.cs,0,0,0,0,0
4184,23,baselines_work/cohorte/csharp/CODE_ESTRU_CS_009/CODE_ESTRU_CS_009.cs,40,baselines_work/cohorte/csharp/CODE_FUN_CS_006/CODE_FUN_CS_006.cs,0,0,0,0,0
4185,23,baselines_work/cohorte/csharp/CODE_ESTRU_CS_009/CODE_ESTRU_CS_009.cs,35,baselines_work/cohorte/csharp/CODE_FUN_CS_007/CODE_FUN_CS_007.cs,0,0,0,0,0
4193,23,baselines_work/cohorte/csharp/CODE_ESTRU_CS_009/CODE_ESTRU_CS_009.cs,44,baselines_work/cohorte/csharp/CODE_FUN_CS_015/CODE_FUN_CS_015.cs,0,0,0,0,0
4194,23,baselines_work/cohorte/csharp/CODE_ESTRU_CS_009/CODE_ESTRU_CS_009.cs,47,baselines_work/cohorte/csharp/CODE_IDENT_CS_001/CODE_IDENT_CS_001.cs,0,0,0,0,0
4195,23,baselines_work/cohorte/csharp/CODE_ESTRU_CS_009/CODE_ESTRU_CS_009.cs,45,baselines_work/cohorte/csharp/CODE_IDENT_CS_001_COPY/CODE_IDENT_CS_001.cs,0,0,0,0,0
4198,23,baselines_work/cohorte/csharp/CODE_ESTRU_CS_009/CODE_ESTRU_CS_009.cs,51,baselines_work/cohorte/csharp/CODE_IDENT_CS_003/CODE_IDENT_CS_003.cs,0,0,0,0,0
4199,23,baselines_work/cohorte/csharp/CODE_ESTRU_CS_009/CODE_ESTRU_CS_009.cs,49,baselines_work/cohorte/csharp/CODE_IDENT_CS_003_COPY/CODE_IDENT_CS_003.cs,0,0,0,0,0
4200,23,baselines_work/cohorte/csharp/CODE_ESTRU_CS_009/CODE_ESTRU_CS_009.cs,52,baselines_work/cohorte/csharp/CODE_IDENT_CS_004/CODE_IDENT_CS_004.cs,0,0,0,0,0
4201,23,baselines_work/cohorte/csharp/CODE_ESTRU_CS_009/CODE_ESTRU_CS_009.cs,50,baselines_work/cohorte/csharp/CODE_IDENT_CS_004_COPY/CODE_IDENT_CS_004.cs,0,0,0,0,0
4202,23,baselines_work/cohorte/csharp/CODE_ESTRU_CS_009/CODE_ESTRU_CS_009.cs,53,baselines_work/cohorte/csharp/CODE_IDENT_CS_005/CODE_IDENT_CS_005.cs,0,0,0,0,0
4203,23,baselines_work/cohorte/csharp/CODE_ESTRU_CS_009/CODE_ESTRU_CS_009.cs,54,baselines_work/cohorte/csharp/CODE_IDENT_CS_005_COPY/CODE_IDENT_CS_005.cs,0,0,0,0,0
4204,23,baselines_work/cohorte/csharp/CODE_ESTRU_CS_009/CODE_ESTRU_CS_009.cs,60,baselines_work/cohorte/csharp/CODE_IDENT_CS_006/CODE_IDENT_CS_006.cs,0,0,0,0,0
4205,23,baselines_work/cohorte/csharp/CODE_ESTRU_CS_009/CODE_ESTRU_CS_009.cs,55,baselines_work/cohorte/csharp/CODE_IDENT_CS_006_COPY/CODE_IDENT_CS_006.cs,0,0,0,0,0
4206,23,baselines_work/cohorte/csharp/CODE_ESTRU_CS_009/CODE_ESTRU_CS_009.cs,56,baselines_work/cohorte/csharp/CODE_IDENT_CS_007/CODE_IDENT_CS_007.cs,0,0,0,0,0
4207,23,baselines_work/cohorte/csharp/CODE_ESTRU_CS_009/CODE_ESTRU_CS_009.cs,57,baselines_work/cohorte/csharp/CODE_IDENT_CS_007_COPY/CODE_IDENT_CS_007.cs,0,0,0,0,0
4208,23,baselines_work/cohorte/csharp/CODE_ESTRU_CS_009/CODE_ESTRU_CS_009.cs,58,baselines_work/cohorte/csharp/CODE_IDENT_CS_008/CODE_IDENT_CS_008.cs,0,0,0,0,0
4209,23,baselines_work/cohorte/csharp/CODE_ESTRU_CS_009/CODE_ESTRU_CS_009.cs,65,baselines_work/cohorte/csharp/CODE_IDENT_CS_008_COPY/CODE_IDENT_CS_008.cs,0,0,0,0,0
4214,23,baselines_work/cohorte/csharp/CODE_ESTRU_CS_009/CODE_ESTRU_CS_009.cs,66,baselines_work/cohorte/csharp/CODE_IDENT_CS_011/CODE_IDENT_CS_011.cs,0,0,0,0,0
4215,23,baselines_work/cohorte/csharp/CODE_ESTRU_CS_009/CODE_ESTRU_CS_009.cs,68,baselines_work/cohorte/csharp/CODE_IDENT_CS_011_COPY/CODE_IDENT_CS_011.cs,0,0,0,0,0
4218,23,baselines_work/cohorte/csharp/CODE_ESTRU_CS_009/CODE_ESTRU_CS_009.cs,69,baselines_work/cohorte/csharp/CODE_IDENT_CS_013/CODE_IDENT_CS_013.cs,0,0,0,0,0
4219,23,baselines_work/cohorte/csharp/CODE_ESTRU_CS_009/CODE_ESTRU_CS_009.cs,71,baselines_work/cohorte/csharp/CODE_IDENT_CS_013_COPY/CODE_IDENT_CS_013.cs,0,0,0,0,0
4222,23,baselines_work/cohorte/csharp/CODE_ESTRU_CS_009/CODE_ESTRU_CS_009.cs,73,baselines_work/cohorte/csharp/CODE_IDENT_CS_015/CODE_IDENT_CS_015.cs,0,0,0,0,0
4223,23,baselines_work/cohorte/csharp/CODE_ESTRU_CS_009/CODE_ESTRU_CS_009.cs,74,baselines_work/cohorte/csharp/CODE_IDENT_CS_015_COPY/CODE_IDENT_CS_015.cs,0,0,0,0,0
4224,24,baselines_work/cohorte/csharp/CODE_ESTRU_CS_010/CODE_ESTRU_CS_010.cs,25,baselines_work/cohorte/csharp/CODE_ESTRU_CS_011/CODE_ESTRU_CS_011.cs,0,0,0,0,0
4226,24,baselines_work/cohorte/csharp/CODE_ESTRU_CS_010/CODE_ESTRU_CS_010.cs,32,baselines_work/cohorte/csharp/CODE_ESTRU_CS_013/CODE_ESTRU_CS_013.cs,0,0,0,0,0
4229,24,baselines_work/cohorte/csharp/CODE_ESTRU_CS_010/CODE_ESTRU_CS_010.cs,33,baselines_work/cohorte/csharp/CODE_FUN_CS_001/CODE_FUN_CS_001.cs,0,0,0,0,0
4232,24,baselines_work/cohorte/csharp/CODE_ESTRU_CS_010/CODE_ESTRU_CS_010.cs,30,baselines_work/cohorte/csharp/CODE_FUN_CS_004/CODE_FUN_CS_004.cs,0,0,0,0,0
4233,24,baselines_work/cohorte/csharp/CODE_ESTRU_CS_010/CODE_ESTRU_CS_010.cs,34,baselines_work/cohorte/csharp/CODE_FUN_CS_005/CODE_FUN_CS_005.cs,0,0,0,0,0
4234,24,baselines_work/cohorte/csharp/CODE_ESTRU_CS_010/CODE_ESTRU_CS_010.cs,40,baselines_work/cohorte/csharp/CODE_FUN_CS_006/CODE_FUN_CS_006.cs,0,0,0,0,0
4237,24,baselines_work/cohorte/csharp/CODE_ESTRU_CS_010/CODE_ESTRU_CS_010.cs,39,baselines_work/cohorte/csharp/CODE_FUN_CS_009/CODE_FUN_CS_009.cs,0,0,0,0,0
4239,24,baselines_work/cohorte/csharp/CODE_ESTRU_CS_010/CODE_ESTRU_CS_010.cs,37,baselines_work/cohorte/csharp/CODE_FUN_CS_011/CODE_FUN_CS_011.cs,0,0,0,0,0
4240,24,baselines_work/cohorte/csharp/CODE_ESTRU_CS_010/CODE_ESTRU_CS_010.cs,41,baselines_work/cohorte/csharp/CODE_FUN_CS_012/CODE_FUN_CS_012.cs,0,0,0,0,0
4242,24,baselines_work/cohorte/csharp/CODE_ESTRU_CS_010/CODE_ESTRU_CS_010.cs,43,baselines_work/cohorte/csharp/CODE_FUN_CS_014/CODE_FUN_CS_014.cs,0,0,0,0,0
4243,24,baselines_work/cohorte/csharp/CODE_ESTRU_CS_010/CODE_ESTRU_CS_010.cs,44,baselines_work/cohorte/csharp/CODE_FUN_CS_015/CODE_FUN_CS_015.cs,0,0,0,0,0
4244,24,baselines_work/cohorte/csharp/CODE_ESTRU_CS_010/CODE_ESTRU_CS_010.cs,47,baselines_work/cohorte/csharp/CODE_IDENT_CS_001/CODE_IDENT_CS_001.cs,0,0,0,0,0
4245,24,baselines_work/cohorte/csharp/CODE_ESTRU_CS_010/CODE_ESTRU_CS_010.cs,45,baselines_work/cohorte/csharp/CODE_IDENT_CS_001_COPY/CODE_IDENT_CS_001.cs,0,0,0,0,0
4246,24,baselines_work/cohorte/csharp/CODE_ESTRU_CS_010/CODE_ESTRU_CS_010.cs,46,baselines_work/cohorte/csharp/CODE_IDENT_CS_002/CODE_IDENT_CS_002.cs,0,0,0,0,0
4247,24,baselines_work/cohorte/csharp/CODE_ESTRU_CS_010/CODE_ESTRU_CS_010.cs,48,baselines_work/cohorte/csharp/CODE_IDENT_CS_002_COPY/CODE_IDENT_CS_002.cs,0,0,0,0,0
4250,24,baselines_work/cohorte/csharp/CODE_ESTRU_CS_010/CODE_ESTRU_CS_010.cs,52,baselines_work/cohorte/csharp/CODE_IDENT_CS_004/CODE_IDENT_CS_004.cs,0,0,0,0,0
4251,24,baselines_work/cohorte/csharp/CODE_ESTRU_CS_010/CODE_ESTRU_CS_010.cs,50,baselines_work/cohorte/csharp/CODE_IDENT_CS_004_COPY/CODE_IDENT_CS_004.cs,0,0,0,0,0
4252,24,baselines_work/cohorte/csharp/CODE_ESTRU_CS_010/CODE_ESTRU_CS_010.cs,53,baselines_work/cohorte/csharp/CODE_IDENT_CS_005/CODE_IDENT_CS_005.cs,0,0,0,0,0
4253,24,baselines_work/cohorte/csharp/CODE_ESTRU_CS_010/CODE_ESTRU_CS_010.cs,54,baselines_work/cohorte/csharp/CODE_IDENT_CS_005_COPY/CODE_IDENT_CS_005.cs,0,0,0,0,0
4256,24,baselines_work/cohorte/csharp/CODE_ESTRU_CS_010/CODE_ESTRU_CS_010.cs,56,baselines_work/cohorte/csharp/CODE_IDENT_CS_007/CODE_IDENT_CS_007.cs,0,0,0,0,0
4257,24,baselines_work/cohorte/csharp/CODE_ESTRU_CS_010/CODE_ESTRU_CS_010.cs,57,baselines_work/cohorte/csharp/CODE_IDENT_CS_007_COPY/CODE_IDENT_CS_007.cs,0,0,0,0,0
4264,24,baselines_work/cohorte/csharp/CODE_ESTRU_CS_010/CODE_ESTRU_CS_010.cs,66,baselines_work/cohorte/csharp/CODE_IDENT_CS_011/CODE_IDENT_CS_011.cs,0,0,0,0,0
4265,24,baselines_work/cohorte/csharp/CODE_ESTRU_CS_010/CODE_ESTRU_CS_010.cs,68,baselines_work/cohorte/csharp/CODE_IDENT_CS_011_COPY/CODE_IDENT_CS_011.cs,0,0,0,0,0
4268,24,baselines_work/cohorte/csharp/CODE_ESTRU_CS_010/CODE_ESTRU_CS_010.cs,69,baselines_work/cohorte/csharp/CODE_IDENT_CS_013/CODE_IDENT_CS_013.cs,0,0,0,0,0
4269,24,baselines_work/cohorte/csharp/CODE_ESTRU_CS_010/CODE_ESTRU_CS_010.cs,71,baselines_work/cohorte/csharp/CODE_IDENT_CS_013_COPY/CODE_IDENT_CS_013.cs,0,0,0,0,0
4274,25,baselines_work/cohorte/csharp/CODE_ESTRU_CS_011/CODE_ESTRU_CS_011.cs,27,baselines_work/cohorte/csharp/CODE_ESTRU_CS_012/CODE_ESTRU_CS_012.cs,0,0,0,0,0
4276,25,baselines_work/cohorte/csharp/CODE_ESTRU_CS_011/CODE_ESTRU_CS_011.cs,28,baselines_work/cohorte/csharp/CODE_ESTRU_CS_014/CODE_ESTRU_CS_014.cs,0,0,0,0,0
4277,25,baselines_work/cohorte/csharp/CODE_ESTRU_CS_011/CODE_ESTRU_CS_011.cs,26,baselines_work/cohorte/csharp/CODE_ESTRU_CS_015/CODE_ESTRU_CS_015.cs,0,0,0,0,0
4279,25,baselines_work/cohorte/csharp/CODE_ESTRU_CS_011/CODE_ESTRU_CS_011.cs,29,baselines_work/cohorte/csharp/CODE_FUN_CS_002/CODE_FUN_CS_002.cs,0,0,0,0,0
4280,25,baselines_work/cohorte/csharp/CODE_ESTRU_CS_011/CODE_ESTRU_CS_011.cs,31,baselines_work/cohorte/csharp/CODE_FUN_CS_003/CODE_FUN_CS_003.cs,0,0,0,0,0
4281,25,baselines_work/cohorte/csharp/CODE_ESTRU_CS_011/CODE_ESTRU_CS_011.cs,30,baselines_work/cohorte/csharp/CODE_FUN_CS_004/CODE_FUN_CS_004.cs,0,0,0,0,0
4282,25,baselines_work/cohorte/csharp/CODE_ESTRU_CS_011/CODE_ESTRU_CS_011.cs,34,baselines_work/cohorte/csharp/CODE_FUN_CS_005/CODE_FUN_CS_005.cs,0,0,0,0,0
4283,25,baselines_work/cohorte/csharp/CODE_ESTRU_CS_011/CODE_ESTRU_CS_011.cs,40,baselines_work/cohorte/csharp/CODE_FUN_CS_006/CODE_FUN_CS_006.cs,0,0,0,0,0
4284,25,baselines_work/cohorte/csharp/CODE_ESTRU_CS_011/CODE_ESTRU_CS_011.cs,35,baselines_work/cohorte/csharp/CODE_FUN_CS_007/CODE_FUN_CS_007.cs,0,0,0,0,0
4287,25,baselines_work/cohorte/csharp/CODE_ESTRU_CS_011/CODE_ESTRU_CS_011.cs,38,baselines_work/cohorte/csharp/CODE_FUN_CS_010/CODE_FUN_CS_010.cs,0,0,0,0,0
4288,25,baselines_work/cohorte/csharp/CODE_ESTRU_CS_011/CODE_ESTRU_CS_011.cs,37,baselines_work/cohorte/csharp/CODE_FUN_CS_011/CODE_FUN_CS_011.cs,0,0,0,0,0
4289,25,baselines_work/cohorte/csharp/CODE_ESTRU_CS_011/CODE_ESTRU_CS_011.cs,41,baselines_work/cohorte/csharp/CODE_FUN_CS_012/CODE_FUN_CS_012.cs,0,0,0,0,0
4290,25,baselines_work/cohorte/csharp/CODE_ESTRU_CS_011/CODE_ESTRU_CS_011.cs,42,baselines_work/cohorte/csharp/CODE_FUN_CS_013/CODE_FUN_CS_013.cs,0,0,0,0,0
4291,25,baselines_work/cohorte/csharp/CODE_ESTRU_CS_011/CODE_ESTRU_CS_011.cs,43,baselines_work/cohorte/csharp/CODE_FUN_CS_014/CODE_FUN_CS_014.cs,0,0,0,0,0
4292,25,baselines_work/cohorte/csharp/CODE_ESTRU_CS_011/CODE_ESTRU_CS_011.cs,44,baselines_work/cohorte/csharp/CODE_FUN_CS_015/CODE_FUN_CS_015.cs,0,0,0,0,0
4293,25,baselines_work/cohorte/csharp/CODE_ESTRU_CS_011/CODE_ESTRU_CS_011.cs,47,baselines_work/cohorte/csharp/CODE_IDENT_CS_001/CODE_IDENT_CS_001.cs,0,0,0,0,0
4294,25,baselines_work/cohorte/csharp/CODE_ESTRU_CS_011/CODE_ESTRU_CS_011.cs,45,baselines_work/cohorte/csharp/CODE_IDENT_CS_001_COPY/CODE_IDENT_CS_001.cs,0,0,0,0,0
4295,25,baselines_work/cohorte/csharp/CODE_ESTRU_CS_011/CODE_ESTRU_CS_011.cs,46,baselines_work/cohorte/csharp/CODE_IDENT_CS_002/CODE_IDENT_CS_002.cs,0,0,0,0,0
4296,25,baselines_work/cohorte/csharp/CODE_ESTRU_CS_011/CODE_ESTRU_CS_011.cs,48,baselines_work/cohorte/csharp/CODE_IDENT_CS_002_COPY/CODE_IDENT_CS_002.cs,0,0,0,0,0
4299,25,baselines_work/cohorte/csharp/CODE_ESTRU_CS_011/CODE_ESTRU_CS_011.cs,52,baselines_work/cohorte/csharp/CODE_IDENT_CS_004/CODE_IDENT_CS_004.cs,0,0,0,0,0
4300,25,baselines_work/cohorte/csharp/CODE_ESTRU_CS_011/CODE_ESTRU_CS_011.cs,50,baselines_work/cohorte/csharp/CODE_IDENT_CS_004_COPY/CODE_IDENT_CS_004.cs,0,0,0,0,0
4301,25,baselines_work/cohorte/csharp/CODE_ESTRU_CS_011/CODE_ESTRU_CS_011.cs,53,baselines_work/cohorte/csharp/CODE_IDENT_CS_005/CODE_IDENT_CS_005.cs,0,0,0,0,0
4302,25,baselines_work/cohorte/csharp/CODE_ESTRU_CS_011/CODE_ESTRU_CS_011.cs,54,baselines_work/cohorte/csharp/CODE_IDENT_CS_005_COPY/CODE_IDENT_CS_005.cs,0,0,0,0,0
4303,25,baselines_work/cohorte/csharp/CODE_ESTRU_CS_011/CODE_ESTRU_CS_011.cs,60,baselines_work/cohorte/csharp/CODE_IDENT_CS_006/CODE_IDENT_CS_006.cs,0,0,0,0,0
4304,25,baselines_work/cohorte/csharp/CODE_ESTRU_CS_011/CODE_ESTRU_CS_011.cs,55,baselines_work/cohorte/csharp/CODE_IDENT_CS_006_COPY/CODE_IDENT_CS_006.cs,0,0,0,0,0
4305,25,baselines_work/cohorte/csharp/CODE_ESTRU_CS_011/CODE_ESTRU_CS_011.cs,56,baselines_work/cohorte/csharp/CODE_IDENT_CS_007/CODE_IDENT_CS_007.cs,0,0,0,0,0
4306,25,baselines_work/cohorte/csharp/CODE_ESTRU_CS_011/CODE_ESTRU_CS_011.cs,57,baselines_work/cohorte/csharp/CODE_IDENT_CS_007_COPY/CODE_IDENT_CS_007.cs,0,0,0,0,0
4307,25,baselines_work/cohorte/csharp/CODE_ESTRU_CS_011/CODE_ESTRU_CS_011.cs,58,baselines_work/cohorte/csharp/CODE_IDENT_CS_008/CODE_IDENT_CS_008.cs,0,0,0,0,0
4308,25,baselines_work/cohorte/csharp/CODE_ESTRU_CS_011/CODE_ESTRU_CS_011.cs,65,baselines_work/cohorte/csharp/CODE_IDENT_CS_008_COPY/CODE_IDENT_CS_008.cs,0,0,0,0,0
4309,25,baselines_work/cohorte/csharp/CODE_ESTRU_CS_011/CODE_ESTRU_CS_011.cs,62,baselines_work/cohorte/csharp/CODE_IDENT_CS_009/CODE_IDENT_CS_009.cs,0,0,0,0,0
4310,25,baselines_work/cohorte/csharp/CODE_ESTRU_CS_011/CODE_ESTRU_CS_011.cs,61,baselines_work/cohorte/csharp/CODE_IDENT_CS_009_COPY/CODE_IDENT_CS_009.cs,0,0,0,0,0
4311,25,baselines_work/cohorte/csharp/CODE_ESTRU_CS_011/CODE_ESTRU_CS_011.cs,64,baselines_work/cohorte/csharp/CODE_IDENT_CS_010/CODE_IDENT_CS_010.cs,0,0,0,0,0
4312,25,baselines_work/cohorte/csharp/CODE_ESTRU_CS_011/CODE_ESTRU_CS_011.cs,59,baselines_work/cohorte/csharp/CODE_IDENT_CS_010_COPY/CODE_IDENT_CS_010.cs,0,0,0,0,0
4315,25,baselines_work/cohorte/csharp/CODE_ESTRU_CS_011/CODE_ESTRU_CS_011.cs,63,baselines_work/cohorte/csharp/CODE_IDENT_CS_012/CODE_IDENT_CS_012.cs,0,0,0,0,0
4316,25,baselines_work/cohorte/csharp/CODE_ESTRU_CS_011/CODE_ESTRU_CS_011.cs,67,baselines_work/cohorte/csharp/CODE_IDENT_CS_012_COPY/CODE_IDENT_CS_012.cs,0,0,0,0,0
4319,25,baselines_work/cohorte/csharp/CODE_ESTRU_CS_011/CODE_ESTRU_CS_011.cs,72,baselines_work/cohorte/csharp/CODE_IDENT_CS_014/CODE_IDENT_CS_014.cs,0,0,0,0,0
4320,25,baselines_work/cohorte/csharp/CODE_ESTRU_CS_011/CODE_ESTRU_CS_011.cs,70,baselines_work/cohorte/csharp/CODE_IDENT_CS_014_COPY/CODE_IDENT_CS_014.cs,0,0,0,0,0
4321,25,baselines_work/cohorte/csharp/CODE_ESTRU_CS_011/CODE_ESTRU_CS_011.cs,73,baselines_work/cohorte/csharp/CODE_IDENT_CS_015/CODE_IDENT_CS_015.cs,0,0,0,0,0
4322,25,baselines_work/cohorte/csharp/CODE_ESTRU_CS_011/CODE_ESTRU_CS_011.cs,74,baselines_work/cohorte/csharp/CODE_IDENT_CS_015_COPY/CODE_IDENT_CS_015.cs,0,0,0,0,0
4323,27,baselines_work/cohorte/csharp/CODE_ESTRU_CS_012/CODE_ESTRU_CS_012.cs,32,baselines_work/cohorte/csharp/CODE_ESTRU_CS_013/CODE_ESTRU_CS_013.cs,0,0,0,0,0
4324,27,baselines_work/cohorte/csharp/CODE_ESTRU_CS_012/CODE_ESTRU_CS_012.cs,28,baselines_work/cohorte/csharp/CODE_ESTRU_CS_014/CODE_ESTRU_CS_014.cs,0,0,0,0,0
4325,27,baselines_work/cohorte/csharp/CODE_ESTRU_CS_012/CODE_ESTRU_CS_012.cs,26,baselines_work/cohorte/csharp/CODE_ESTRU_CS_015/CODE_ESTRU_CS_015.cs,0,0,0,0,0
4326,27,baselines_work/cohorte/csharp/CODE_ESTRU_CS_012/CODE_ESTRU_CS_012.cs,33,baselines_work/cohorte/csharp/CODE_FUN_CS_001/CODE_FUN_CS_001.cs,0,0,0,0,0
4329,27,baselines_work/cohorte/csharp/CODE_ESTRU_CS_012/CODE_ESTRU_CS_012.cs,30,baselines_work/cohorte/csharp/CODE_FUN_CS_004/CODE_FUN_CS_004.cs,0,0,0,0,0
4330,27,baselines_work/cohorte/csharp/CODE_ESTRU_CS_012/CODE_ESTRU_CS_012.cs,34,baselines_work/cohorte/csharp/CODE_FUN_CS_005/CODE_FUN_CS_005.cs,0,0,0,0,0
4331,27,baselines_work/cohorte/csharp/CODE_ESTRU_CS_012/CODE_ESTRU_CS_012.cs,40,baselines_work/cohorte/csharp/CODE_FUN_CS_006/CODE_FUN_CS_006.cs,0,0,0,0,0
4332,27,baselines_work/cohorte/csharp/CODE_ESTRU_CS_012/CODE_ESTRU_CS_012.cs,35,baselines_work/cohorte/csharp/CODE_FUN_CS_007/CODE_FUN_CS_007.cs,0,0,0,0,0
4335,27,baselines_work/cohorte/csharp/CODE_ESTRU_CS_012/CODE_ESTRU_CS_012.cs,38,baselines_work/cohorte/csharp/CODE_FUN_CS_010/CODE_FUN_CS_010.cs,0,0,0,0,0
4339,27,baselines_work/cohorte/csharp/CODE_ESTRU_CS_012/CODE_ESTRU_CS_012.cs,43,baselines_work/cohorte/csharp/CODE_FUN_CS_014/CODE_FUN_CS_014.cs,0,0,0,0,0
4340,27,baselines_work/cohorte/csharp/CODE_ESTRU_CS_012/CODE_ESTRU_CS_012.cs,44,baselines_work/cohorte/csharp/CODE_FUN_CS_015/CODE_FUN_CS_015.cs,0,0,0,0,0
4341,27,baselines_work/cohorte/csharp/CODE_ESTRU_CS_012/CODE_ESTRU_CS_012.cs,47,baselines_work/cohorte/csharp/CODE_IDENT_CS_001/CODE_IDENT_CS_001.cs,0,0,0,0,0
4342,27,baselines_work/cohorte/csharp/CODE_ESTRU_CS_012/CODE_ESTRU_CS_012.cs,45,baselines_work/cohorte/csharp/CODE_IDENT_CS_001_COPY/CODE_IDENT_CS_001.cs,0,0,0,0,0
4343,27,baselines_work/cohorte/csharp/CODE_ESTRU_CS_012/CODE_ESTRU_CS_012.cs,46,baselines_work/cohorte/csharp/CODE_IDENT_CS_002/CODE_IDENT_CS_002.cs,0,0,0,0,0
4344,27,baselines_work/cohorte/csharp/CODE_ESTRU_CS_012/CODE_ESTRU_CS_012.cs,48,baselines_work/cohorte/csharp/CODE_IDENT_CS_002_COPY/CODE_IDENT_CS_002.cs,0,0,0,0,0
4345,27,baselines_work/cohorte/csharp/CODE_ESTRU_CS_012/CODE_ESTRU_CS_012.cs,51,baselines_work/cohorte/csharp/CODE_IDENT_CS_003/CODE_IDENT_CS_003.cs,0,0,0,0,0
4346,27,baselines_work/cohorte/csharp/CODE_ESTRU_CS_012/CODE_ESTRU_CS_012.cs,49,baselines_work/cohorte/csharp/CODE_IDENT_CS_003_COPY/CODE_IDENT_CS_003.cs,0,0,0,0,0
4347,27,baselines_work/cohorte/csharp/CODE_ESTRU_CS_012/CODE_ESTRU_CS_012.cs,52,baselines_work/cohorte/csharp/CODE_IDENT_CS_004/CODE_IDENT_CS_004.cs,0,0,0,0,0
4348,27,baselines_work/cohorte/csharp/CODE_ESTRU_CS_012/CODE_ESTRU_CS_012.cs,50,baselines_work/cohorte/csharp/CODE_IDENT_CS_004_COPY/CODE_IDENT_CS_004.cs,0,0,0,0,0
4349,27,baselines_work/cohorte/csharp/CODE_ESTRU_CS_012/CODE_ESTRU_CS_012.cs,53,baselines_work/cohorte/csharp/CODE_IDENT_CS_005/CODE_IDENT_CS_005.cs,0,0,0,0,0
4350,27,baselines_work/cohorte/csharp/CODE_ESTRU_CS_012/CODE_ESTRU_CS_012.cs,54,baselines_work/cohorte/csharp/CODE_IDENT_CS_005_COPY/CODE_IDENT_CS_005.cs,0,0,0,0,0
4351,27,baselines_work/cohorte/csharp/CODE_ESTRU_CS_012/CODE_ESTRU_CS_012.cs,60,baselines_work/cohorte/csharp/CODE_IDENT_CS_006/CODE_IDENT_CS_006.cs,0,0,0,0,0
4352,27,baselines_work/cohorte/csharp/CODE_ESTRU_CS_012/CODE_ESTRU_CS_012.cs,55,baselines_work/cohorte/csharp/CODE_IDENT_CS_006_COPY/CODE_IDENT_CS_006.cs,0,0,0,0,0
4353,27,baselines_work/cohorte/csharp/CODE_ESTRU_CS_012/CODE_ESTRU_CS_012.cs,56,baselines_work/cohorte/csharp/CODE_IDENT_CS_007/CODE_IDENT_CS_007.cs,0,0,0,0,0
4354,27,baselines_work/cohorte/csharp/CODE_ESTRU_CS_012/CODE_ESTRU_CS_012.cs,57,baselines_work/cohorte/csharp/CODE_IDENT_CS_007_COPY/CODE_IDENT_CS_007.cs,0,0,0,0,0
4361,27,baselines_work/cohorte/csharp/CODE_ESTRU_CS_012/CODE_ESTRU_CS_012.cs,66,baselines_work/cohorte/csharp/CODE_IDENT_CS_011/CODE_IDENT_CS_011.cs,0,0,0,0,0
4362,27,baselines_work/cohorte/csharp/CODE_ESTRU_CS_012/CODE_ESTRU_CS_012.cs,68,baselines_work/cohorte/csharp/CODE_IDENT_CS_011_COPY/CODE_IDENT_CS_011.cs,0,0,0,0,0
4365,27,baselines_work/cohorte/csharp/CODE_ESTRU_CS_012/CODE_ESTRU_CS_012.cs,69,baselines_work/cohorte/csharp/CODE_IDENT_CS_013/CODE_IDENT_CS_013.cs,0,0,0,0,0
4366,27,baselines_work/cohorte/csharp/CODE_ESTRU_CS_012/CODE_ESTRU_CS_012.cs,71,baselines_work/cohorte/csharp/CODE_IDENT_CS_013_COPY/CODE_IDENT_CS_013.cs,0,0,0,0,0
4367,27,baselines_work/cohorte/csharp/CODE_ESTRU_CS_012/CODE_ESTRU_CS_012.cs,72,baselines_work/cohorte/csharp/CODE_IDENT_CS_014/CODE_IDENT_CS_014.cs,0,0,0,0,0
4368,27,baselines_work/cohorte/csharp/CODE_ESTRU_CS_012/CODE_ESTRU_CS_012.cs,70,baselines_work/cohorte/csharp/CODE_IDENT_CS_014_COPY/CODE_IDENT_CS_014.cs,0,0,0,0,0
4369,27,baselines_work/cohorte/csharp/CODE_ESTRU_CS_012/CODE_ESTRU_CS_012.cs,73,baselines_work/cohorte/csharp/CODE_IDENT_CS_015/CODE_IDENT_CS_015.cs,0,0,0,0,0
4370,27,baselines_work/cohorte/csharp/CODE_ESTRU_CS_012/CODE_ESTRU_CS_012.cs,74,baselines_work/cohorte/csharp/CODE_IDENT_CS_015_COPY/CODE_IDENT_CS_015.cs,0,0,0,0,0
4371,32,baselines_work/cohorte/csharp/CODE_ESTRU_CS_013/CODE_ESTRU_CS_013.cs,28,baselines_work/cohorte/csharp/CODE_ESTRU_CS_014/CODE_ESTRU_CS_014.cs,0,0,0,0,0
4372,32,baselines_work/cohorte/csharp/CODE_ESTRU_CS_013/CODE_ESTRU_CS_013.cs,26,baselines_work/cohorte/csharp/CODE_ESTRU_CS_015/CODE_ESTRU_CS_015.cs,0,0,0,0,0
4374,32,baselines_work/cohorte/csharp/CODE_ESTRU_CS_013/CODE_ESTRU_CS_013.cs,29,baselines_work/cohorte/csharp/CODE_FUN_CS_002/CODE_FUN_CS_002.cs,0,0,0,0,0
4375,32,baselines_work/cohorte/csharp/CODE_ESTRU_CS_013/CODE_ESTRU_CS_013.cs,31,baselines_work/cohorte/csharp/CODE_FUN_CS_003/CODE_FUN_CS_003.cs,0,0,0,0,0
4376,32,baselines_work/cohorte/csharp/CODE_ESTRU_CS_013/CODE_ESTRU_CS_013.cs,30,baselines_work/cohorte/csharp/CODE_FUN_CS_004/CODE_FUN_CS_004.cs,0,0,0,0,0
4377,32,baselines_work/cohorte/csharp/CODE_ESTRU_CS_013/CODE_ESTRU_CS_013.cs,34,baselines_work/cohorte/csharp/CODE_FUN_CS_005/CODE_FUN_CS_005.cs,0,0,0,0,0
4378,32,baselines_work/cohorte/csharp/CODE_ESTRU_CS_013/CODE_ESTRU_CS_013.cs,40,baselines_work/cohorte/csharp/CODE_FUN_CS_006/CODE_FUN_CS_006.cs,0,0,0,0,0
4379,32,baselines_work/cohorte/csharp/CODE_ESTRU_CS_013/CODE_ESTRU_CS_013.cs,35,baselines_work/cohorte/csharp/CODE_FUN_CS_007/CODE_FUN_CS_007.cs,0,0,0,0,0
4382,32,baselines_work/cohorte/csharp/CODE_ESTRU_CS_013/CODE_ESTRU_CS_013.cs,38,baselines_work/cohorte/csharp/CODE_FUN_CS_010/CODE_FUN_CS_010.cs,0,0,0,0,0
4383,32,baselines_work/cohorte/csharp/CODE_ESTRU_CS_013/CODE_ESTRU_CS_013.cs,37,baselines_work/cohorte/csharp/CODE_FUN_CS_011/CODE_FUN_CS_011.cs,0,0,0,0,0
4384,32,baselines_work/cohorte/csharp/CODE_ESTRU_CS_013/CODE_ESTRU_CS_013.cs,41,baselines_work/cohorte/csharp/CODE_FUN_CS_012/CODE_FUN_CS_012.cs,0,0,0,0,0
4385,32,baselines_work/cohorte/csharp/CODE_ESTRU_CS_013/CODE_ESTRU_CS_013.cs,42,baselines_work/cohorte/csharp/CODE_FUN_CS_013/CODE_FUN_CS_013.cs,0,0,0,0,0
4386,32,baselines_work/cohorte/csharp/CODE_ESTRU_CS_013/CODE_ESTRU_CS_013.cs,43,baselines_work/cohorte/csharp/CODE_FUN_CS_014/CODE_FUN_CS_014.cs,0,0,0,0,0
4387,32,baselines_work/cohorte/csharp/CODE_ESTRU_CS_013/CODE_ESTRU_CS_013.cs,44,baselines_work/cohorte/csharp/CODE_FUN_CS_015/CODE_FUN_CS_015.cs,0,0,0,0,0
4388,32,baselines_work/cohorte/csharp/CODE_ESTRU_CS_013/CODE_ESTRU_CS_013.cs,47,baselines_work/cohorte/csharp/CODE_IDENT_CS_001/CODE_IDENT_CS_001.cs,0,0,0,0,0
4389,32,baselines_work/cohorte/csharp/CODE_ESTRU_CS_013/CODE_ESTRU_CS_013.cs,45,baselines_work/cohorte/csharp/CODE_IDENT_CS_001_COPY/CODE_IDENT_CS_001.cs,0,0,0,0,0
4390,32,baselines_work/cohorte/csharp/CODE_ESTRU_CS_013/CODE_ESTRU_CS_013.cs,46,baselines_work/cohorte/csharp/CODE_IDENT_CS_002/CODE_IDENT_CS_002.cs,0,0,0,0,0
4391,32,baselines_work/cohorte/csharp/CODE_ESTRU_CS_013/CODE_ESTRU_CS_013.cs,48,baselines_work/cohorte/csharp/CODE_IDENT_CS_002_COPY/CODE_IDENT_CS_002.cs,0,0,0,0,0
4394,32,baselines_work/cohorte/csharp/CODE_ESTRU_CS_013/CODE_ESTRU_CS_013.cs,52,baselines_work/cohorte/csharp/CODE_IDENT_CS_004/CODE_IDENT_CS_004.cs,0,0,0,0,0
4395,32,baselines_work/cohorte/csharp/CODE_ESTRU_CS_013/CODE_ESTRU_CS_013.cs,50,baselines_work/cohorte/csharp/CODE_IDENT_CS_004_COPY/CODE_IDENT_CS_004.cs,0,0,0,0,0
4396,32,baselines_work/cohorte/csharp/CODE_ESTRU_CS_013/CODE_ESTRU_CS_013.cs,53,baselines_work/cohorte/csharp/CODE_IDENT_CS_005/CODE_IDENT_CS_005.cs,0,0,0,0,0
4397,32,baselines_work/cohorte/csharp/CODE_ESTRU_CS_013/CODE_ESTRU_CS_013.cs,54,baselines_work/cohorte/csharp/CODE_IDENT_CS_005_COPY/CODE_IDENT_CS_005.cs,0,0,0,0,0
4398,32,baselines_work/cohorte/csharp/CODE_ESTRU_CS_013/CODE_ESTRU_CS_013.cs,60,baselines_work/cohorte/csharp/CODE_IDENT_CS_006/CODE_IDENT_CS_006.cs,0,0,0,0,0
4399,32,baselines_work/cohorte/csharp/CODE_ESTRU_CS_013/CODE_ESTRU_CS_013.cs,55,baselines_work/cohorte/csharp/CODE_IDENT_CS_006_COPY/CODE_IDENT_CS_006.cs,0,0,0,0,0
4400,32,baselines_work/cohorte/csharp/CODE_ESTRU_CS_013/CODE_ESTRU_CS_013.cs,56,baselines_work/cohorte/csharp/CODE_IDENT_CS_007/CODE_IDENT_CS_007.cs,0,0,0,0,0
4401,32,baselines_work/cohorte/csharp/CODE_ESTRU_CS_013/CODE_ESTRU_CS_013.cs,57,baselines_work/cohorte/csharp/CODE_IDENT_CS_007_COPY/CODE_IDENT_CS_007.cs,0,0,0,0,0
4402,32,baselines_work/cohorte/csharp/CODE_ESTRU_CS_013/CODE_ESTRU_CS_013.cs,58,baselines_work/cohorte/csharp/CODE_IDENT_CS_008/CODE_IDENT_CS_008.cs,0,0,0,0,0
4403,32,baselines_work/cohorte/csharp/CODE_ESTRU_CS_013/CODE_ESTRU_CS_013.cs,65,baselines_work/cohorte/csharp/CODE_IDENT_CS_008_COPY/CODE_IDENT_CS_008.cs,0,0,0,0,0
4404,32,baselines_work/cohorte/csharp/CODE_ESTRU_CS_013/CODE_ESTRU_CS_013.cs,62,baselines_work/cohorte/csharp/CODE_IDENT_CS_009/CODE_IDENT_CS_009.cs,0,0,0,0,0
4405,32,baselines_work/cohorte/csharp/CODE_ESTRU_CS_013/CODE_ESTRU_CS_013.cs,61,baselines_work/cohorte/csharp/CODE_IDENT_CS_009_COPY/CODE_IDENT_CS_009.cs,0,0,0,0,0
4406,32,baselines_work/cohorte/csharp/CODE_ESTRU_CS_013/CODE_ESTRU_CS_013.cs,64,baselines_work/cohorte/csharp/CODE_IDENT_CS_010/CODE_IDENT_CS_010.cs,0,0,0,0,0
4407,32,baselines_work/cohorte/csharp/CODE_ESTRU_CS_013/CODE_ESTRU_CS_013.cs,59,baselines_work/cohorte/csharp/CODE_IDENT_CS_010_COPY/CODE_IDENT_CS_010.cs,0,0,0,0,0
4410,32,baselines_work/cohorte/csharp/CODE_ESTRU_CS_013/CODE_ESTRU_CS_013.cs,63,baselines_work/cohorte/csharp/CODE_IDENT_CS_012/CODE_IDENT_CS_012.cs,0,0,0,0,0
4411,32,baselines_work/cohorte/csharp/CODE_ESTRU_CS_013/CODE_ESTRU_CS_013.cs,67,baselines_work/cohorte/csharp/CODE_IDENT_CS_012_COPY/CODE_IDENT_CS_012.cs,0,0,0,0,0
4414,32,baselines_work/cohorte/csharp/CODE_ESTRU_CS_013/CODE_ESTRU_CS_013.cs,72,baselines_work/cohorte/csharp/CODE_IDENT_CS_014/CODE_IDENT_CS_014.cs,0,0,0,0,0
4415,32,baselines_work/cohorte/csharp/CODE_ESTRU_CS_013/CODE_ESTRU_CS_013.cs,70,baselines_work/cohorte/csharp/CODE_IDENT_CS_014_COPY/CODE_IDENT_CS_014.cs,0,0,0,0,0
4416,32,baselines_work/cohorte/csharp/CODE_ESTRU_CS_013/CODE_ESTRU_CS_013.cs,73,baselines_work/cohorte/csharp/CODE_IDENT_CS_015/CODE_IDENT_CS_015.cs,0,0,0,0,0
4417,32,baselines_work/cohorte/csharp/CODE_ESTRU_CS_013/CODE_ESTRU_CS_013.cs,74,baselines_work/cohorte/csharp/CODE_IDENT_CS_015_COPY/CODE_IDENT_CS_015.cs,0,0,0,0,0
4421,28,baselines_work/cohorte/csharp/CODE_ESTRU_CS_014/CODE_ESTRU_CS_014.cs,31,baselines_work/cohorte/csharp/CODE_FUN_CS_003/CODE_FUN_CS_003.cs,0,0,0,0,0
4422,28,baselines_work/cohorte/csharp/CODE_ESTRU_CS_014/CODE_ESTRU_CS_014.cs,30,baselines_work/cohorte/csharp/CODE_FUN_CS_004/CODE_FUN_CS_004.cs,0,0,0,0,0
4423,28,baselines_work/cohorte/csharp/CODE_ESTRU_CS_014/CODE_ESTRU_CS_014.cs,34,baselines_work/cohorte/csharp/CODE_FUN_CS_005/CODE_FUN_CS_005.cs,0,0,0,0,0
4424,28,baselines_work/cohorte/csharp/CODE_ESTRU_CS_014/CODE_ESTRU_CS_014.cs,40,baselines_work/cohorte/csharp/CODE_FUN_CS_006/CODE_FUN_CS_006.cs,0,0,0,0,0
4425,28,baselines_work/cohorte/csharp/CODE_ESTRU_CS_014/CODE_ESTRU_CS_014.cs,35,baselines_work/cohorte/csharp/CODE_FUN_CS_007/CODE_FUN_CS_007.cs,0,0,0,0,0
4426,28,baselines_work/cohorte/csharp/CODE_ESTRU_CS_014/CODE_ESTRU_CS_014.cs,36,baselines_work/cohorte/csharp/CODE_FUN_CS_008/CODE_FUN_CS_008.cs,0,0,0,0,0
4428,28,baselines_work/cohorte/csharp/CODE_ESTRU_CS_014/CODE_ESTRU_CS_014.cs,38,baselines_work/cohorte/csharp/CODE_FUN_CS_010/CODE_FUN_CS_010.cs,0,0,0,0,0
4434,28,baselines_work/cohorte/csharp/CODE_ESTRU_CS_014/CODE_ESTRU_CS_014.cs,47,baselines_work/cohorte/csharp/CODE_IDENT_CS_001/CODE_IDENT_CS_001.cs,0,0,0,0,0
4435,28,baselines_work/cohorte/csharp/CODE_ESTRU_CS_014/CODE_ESTRU_CS_014.cs,45,baselines_work/cohorte/csharp/CODE_IDENT_CS_001_COPY/CODE_IDENT_CS_001.cs,0,0,0,0,0
4436,28,baselines_work/cohorte/csharp/CODE_ESTRU_CS_014/CODE_ESTRU_CS_014.cs,46,baselines_work/cohorte/csharp/CODE_IDENT_CS_002/CODE_IDENT_CS_002.cs,0,0,0,0,0
4437,28,baselines_work/cohorte/csharp/CODE_ESTRU_CS_014/CODE_ESTRU_CS_014.cs,48,baselines_work/cohorte/csharp/CODE_IDENT_CS_002_COPY/CODE_IDENT_CS_002.cs,0,0,0,0,0
4438,28,baselines_work/cohorte/csharp/CODE_ESTRU_CS_014/CODE_ESTRU_CS_014.cs,51,baselines_work/cohorte/csharp/CODE_IDENT_CS_003/CODE_IDENT_CS_003.cs,0,0,0,0,0
4439,28,baselines_work/cohorte/csharp/CODE_ESTRU_CS_014/CODE_ESTRU_CS_014.cs,49,baselines_work/cohorte/csharp/CODE_IDENT_CS_003_COPY/CODE_IDENT_CS_003.cs,0,0,0,0,0
4440,28,baselines_work/cohorte/csharp/CODE_ESTRU_CS_014/CODE_ESTRU_CS_014.cs,52,baselines_work/cohorte/csharp/CODE_IDENT_CS_004/CODE_IDENT_CS_004.cs,0,0,0,0,0
4441,28,baselines_work/cohorte/csharp/CODE_ESTRU_CS_014/CODE_ESTRU_CS_014.cs,50,baselines_work/cohorte/csharp/CODE_IDENT_CS_004_COPY/CODE_IDENT_CS_004.cs,0,0,0,0,0
4442,28,baselines_work/cohorte/csharp/CODE_ESTRU_CS_014/CODE_ESTRU_CS_014.cs,53,baselines_work/cohorte/csharp/CODE_IDENT_CS_005/CODE_IDENT_CS_005.cs,0,0,0,0,0
4443,28,baselines_work/cohorte/csharp/CODE_ESTRU_CS_014/CODE_ESTRU_CS_014.cs,54,baselines_work/cohorte/csharp/CODE_IDENT_CS_005_COPY/CODE_IDENT_CS_005.cs,0,0,0,0,0
4446,28,baselines_work/cohorte/csharp/CODE_ESTRU_CS_014/CODE_ESTRU_CS_014.cs,56,baselines_work/cohorte/csharp/CODE_IDENT_CS_007/CODE_IDENT_CS_007.cs,0,0,0,0,0
4447,28,baselines_work/cohorte/csharp/CODE_ESTRU_CS_014/CODE_ESTRU_CS_014.cs,57,baselines_work/cohorte/csharp/CODE_IDENT_CS_007_COPY/CODE_IDENT_CS_007.cs,0,0,0,0,0
4448,28,baselines_work/cohorte/csharp/CODE_ESTRU_CS_014/CODE_ESTRU_CS_014.cs,58,baselines_work/cohorte/csharp/CODE_IDENT_CS_008/CODE_IDENT_CS_008.cs,0,0,0,0,0
4449,28,baselines_work/cohorte/csharp/CODE_ESTRU_CS_014/CODE_ESTRU_CS_014.cs,65,baselines_work/cohorte/csharp/CODE_IDENT_CS_008_COPY/CODE_IDENT_CS_008.cs,0,0,0,0,0
4450,28,baselines_work/cohorte/csharp/CODE_ESTRU_CS_014/CODE_ESTRU_CS_014.cs,62,baselines_work/cohorte/csharp/CODE_IDENT_CS_009/CODE_IDENT_CS_009.cs,0,0,0,0,0
4451,28,baselines_work/cohorte/csharp/CODE_ESTRU_CS_014/CODE_ESTRU_CS_014.cs,61,baselines_work/cohorte/csharp/CODE_IDENT_CS_009_COPY/CODE_IDENT_CS_009.cs,0,0,0,0,0
4454,28,baselines_work/cohorte/csharp/CODE_ESTRU_CS_014/CODE_ESTRU_CS_014.cs,66,baselines_work/cohorte/csharp/CODE_IDENT_CS_011/CODE_IDENT_CS_011.cs,0,0,0,0,0
4455,28,baselines_work/cohorte/csharp/CODE_ESTRU_CS_014/CODE_ESTRU_CS_014.cs,68,baselines_work/cohorte/csharp/CODE_IDENT_CS_011_COPY/CODE_IDENT_CS_011.cs,0,0,0,0,0
4456,28,baselines_work/cohorte/csharp/CODE_ESTRU_CS_014/CODE_ESTRU_CS_014.cs,63,baselines_work/cohorte/csharp/CODE_IDENT_CS_012/CODE_IDENT_CS_012.cs,0,0,0,0,0
4457,28,baselines_work/cohorte/csharp/CODE_ESTRU_CS_014/CODE_ESTRU_CS_014.cs,67,baselines_work/cohorte/csharp/CODE_IDENT_CS_012_COPY/CODE_IDENT_CS_012.cs,0,0,0,0,0
4458,28,baselines_work/cohorte/csharp/CODE_ESTRU_CS_014/CODE_ESTRU_CS_014.cs,69,baselines_work/cohorte/csharp/CODE_IDENT_CS_013/CODE_IDENT_CS_013.cs,0,0,0,0,0
4459,28,baselines_work/cohorte/csharp/CODE_ESTRU_CS_014/CODE_ESTRU_CS_014.cs,71,baselines_work/cohorte/csharp/CODE_IDENT_CS_013_COPY/CODE_IDENT_CS_013.cs,0,0,0,0,0
4466,26,baselines_work/cohorte/csharp/CODE_ESTRU_CS_015/CODE_ESTRU_CS_015.cs,31,baselines_work/cohorte/csharp/CODE_FUN_CS_003/CODE_FUN_CS_003.cs,0,0,0,0,0
4467,26,baselines_work/cohorte/csharp/CODE_ESTRU_CS_015/CODE_ESTRU_CS_015.cs,30,baselines_work/cohorte/csharp/CODE_FUN_CS_004/CODE_FUN_CS_004.cs,0,0,0,0,0
4468,26,baselines_work/cohorte/csharp/CODE_ESTRU_CS_015/CODE_ESTRU_CS_015.cs,34,baselines_work/cohorte/csharp/CODE_FUN_CS_005/CODE_FUN_CS_005.cs,0,0,0,0,0
4469,26,baselines_work/cohorte/csharp/CODE_ESTRU_CS_015/CODE_ESTRU_CS_015.cs,40,baselines_work/cohorte/csharp/CODE_FUN_CS_006/CODE_FUN_CS_006.cs,0,0,0,0,0
4470,26,baselines_work/cohorte/csharp/CODE_ESTRU_CS_015/CODE_ESTRU_CS_015.cs,35,baselines_work/cohorte/csharp/CODE_FUN_CS_007/CODE_FUN_CS_007.cs,0,0,0,0,0
4471,26,baselines_work/cohorte/csharp/CODE_ESTRU_CS_015/CODE_ESTRU_CS_015.cs,36,baselines_work/cohorte/csharp/CODE_FUN_CS_008/CODE_FUN_CS_008.cs,0,0,0,0,0
4472,26,baselines_work/cohorte/csharp/CODE_ESTRU_CS_015/CODE_ESTRU_CS_015.cs,39,baselines_work/cohorte/csharp/CODE_FUN_CS_009/CODE_FUN_CS_009.cs,0,0,0,0,0
4474,26,baselines_work/cohorte/csharp/CODE_ESTRU_CS_015/CODE_ESTRU_CS_015.cs,37,baselines_work/cohorte/csharp/CODE_FUN_CS_011/CODE_FUN_CS_011.cs,0,0,0,0,0
4475,26,baselines_work/cohorte/csharp/CODE_ESTRU_CS_015/CODE_ESTRU_CS_015.cs,41,baselines_work/cohorte/csharp/CODE_FUN_CS_012/CODE_FUN_CS_012.cs,0,0,0,0,0
4479,26,baselines_work/cohorte/csharp/CODE_ESTRU_CS_015/CODE_ESTRU_CS_015.cs,47,baselines_work/cohorte/csharp/CODE_IDENT_CS_001/CODE_IDENT_CS_001.cs,0,0,0,0,0
4480,26,baselines_work/cohorte/csharp/CODE_ESTRU_CS_015/CODE_ESTRU_CS_015.cs,45,baselines_work/cohorte/csharp/CODE_IDENT_CS_001_COPY/CODE_IDENT_CS_001.cs,0,0,0,0,0
4481,26,baselines_work/cohorte/csharp/CODE_ESTRU_CS_015/CODE_ESTRU_CS_015.cs,46,baselines_work/cohorte/csharp/CODE_IDENT_CS_002/CODE_IDENT_CS_002.cs,0,0,0,0,0
4482,26,baselines_work/cohorte/csharp/CODE_ESTRU_CS_015/CODE_ESTRU_CS_015.cs,48,baselines_work/cohorte/csharp/CODE_IDENT_CS_002_COPY/CODE_IDENT_CS_002.cs,0,0,0,0,0
4483,26,baselines_work/cohorte/csharp/CODE_ESTRU_CS_015/CODE_ESTRU_CS_015.cs,51,baselines_work/cohorte/csharp/CODE_IDENT_CS_003/CODE_IDENT_CS_003.cs,0,0,0,0,0
4484,26,baselines_work/cohorte/csharp/CODE_ESTRU_CS_015/CODE_ESTRU_CS_015.cs,49,baselines_work/cohorte/csharp/CODE_IDENT_CS_003_COPY/CODE_IDENT_CS_003.cs,0,0,0,0,0
4485,26,baselines_work/cohorte/csharp/CODE_ESTRU_CS_015/CODE_ESTRU_CS_015.cs,52,baselines_work/cohorte/csharp/CODE_IDENT_CS_004/CODE_IDENT_CS_004.cs,0,0,0,0,0
4486,26,baselines_work/cohorte/csharp/CODE_ESTRU_CS_015/CODE_ESTRU_CS_015.cs,50,baselines_work/cohorte/csharp/CODE_IDENT_CS_004_COPY/CODE_IDENT_CS_004.cs,0,0,0,0,0
4487,26,baselines_work/cohorte/csharp/CODE_ESTRU_CS_015/CODE_ESTRU_CS_015.cs,53,baselines_work/cohorte/csharp/CODE_IDENT_CS_005/CODE_IDENT_CS_005.cs,0,0,0,0,0
4488,26,baselines_work/cohorte/csharp/CODE_ESTRU_CS_015/CODE_ESTRU_CS_015.cs,54,baselines_work/cohorte/csharp/CODE_IDENT_CS_005_COPY/CODE_IDENT_CS_005.cs,0,0,0,0,0
4489,26,baselines_work/cohorte/csharp/CODE_ESTRU_CS_015/CODE_ESTRU_CS_015.cs,60,baselines_work/cohorte/csharp/CODE_IDENT_CS_006/CODE_IDENT_CS_006.cs,0,0,0,0,0
4490,26,baselines_work/cohorte/csharp/CODE_ESTRU_CS_015/CODE_ESTRU_CS_015.cs,55,baselines_work/cohorte/csharp/CODE_IDENT_CS_006_COPY/CODE_IDENT_CS_006.cs,0,0,0,0,0
4491,26,baselines_work/cohorte/csharp/CODE_ESTRU_CS_015/CODE_ESTRU_CS_015.cs,56,baselines_work/cohorte/csharp/CODE_IDENT_CS_007/CODE_IDENT_CS_007.cs,0,0,0,0,0
4492,26,baselines_work/cohorte/csharp/CODE_ESTRU_CS_015/CODE_ESTRU_CS_015.cs,57,baselines_work/cohorte/csharp/CODE_IDENT_CS_007_COPY/CODE_IDENT_CS_007.cs,0,0,0,0,0
4493,26,baselines_work/cohorte/csharp/CODE_ESTRU_CS_015/CODE_ESTRU_CS_015.cs,58,baselines_work/cohorte/csharp/CODE_IDENT_CS_008/CODE_IDENT_CS_008.cs,0,0,0,0,0
4494,26,baselines_work/cohorte/csharp/CODE_ESTRU_CS_015/CODE_ESTRU_CS_015.cs,65,baselines_work/cohorte/csharp/CODE_IDENT_CS_008_COPY/CODE_IDENT_CS_008.cs,0,0,0,0,0
4499,26,baselines_work/cohorte/csharp/CODE_ESTRU_CS_015/CODE_ESTRU_CS_015.cs,66,baselines_work/cohorte/csharp/CODE_IDENT_CS_011/CODE_IDENT_CS_011.cs,0,0,0,0,0
4500,26,baselines_work/cohorte/csharp/CODE_ESTRU_CS_015/CODE_ESTRU_CS_015.cs,68,baselines_work/cohorte/csharp/CODE_IDENT_CS_011_COPY/CODE_IDENT_CS_011.cs,0,0,0,0,0
4501,26,baselines_work/cohorte/csharp/CODE_ESTRU_CS_015/CODE_ESTRU_CS_015.cs,63,baselines_work/cohorte/csharp/CODE_IDENT_CS_012/CODE_IDENT_CS_012.cs,0,0,0,0,0
4502,26,baselines_work/cohorte/csharp/CODE_ESTRU_CS_015/CODE_ESTRU_CS_015.cs,67,baselines_work/cohorte/csharp/CODE_IDENT_CS_012_COPY/CODE_IDENT_CS_012.cs,0,0,0,0,0
4503,26,baselines_work/cohorte/csharp/CODE_ESTRU_CS_015/CODE_ESTRU_CS_015.cs,69,baselines_work/cohorte/csharp/CODE_IDENT_CS_013/CODE_IDENT_CS_013.cs,0,0,0,0,0
4504,26,baselines_work/cohorte/csharp/CODE_ESTRU_CS_015/CODE_ESTRU_CS_015.cs,71,baselines_work/cohorte/csharp/CODE_IDENT_CS_013_COPY/CODE_IDENT_CS_013.cs,0,0,0,0,0
4509,33,baselines_work/cohorte/csharp/CODE_FUN_CS_001/CODE_FUN_CS_001.cs,29,baselines_work/cohorte/csharp/CODE_FUN_CS_002/CODE_FUN_CS_002.cs,0,0,0,0,0
4510,33,baselines_work/cohorte/csharp/CODE_FUN_CS_001/CODE_FUN_CS_001.cs,31,baselines_work/cohorte/csharp/CODE_FUN_CS_003/CODE_FUN_CS_003.cs,0,0,0,0,0
4512,33,baselines_work/cohorte/csharp/CODE_FUN_CS_001/CODE_FUN_CS_001.cs,34,baselines_work/cohorte/csharp/CODE_FUN_CS_005/CODE_FUN_CS_005.cs,0,0,0,0,0
4513,33,baselines_work/cohorte/csharp/CODE_FUN_CS_001/CODE_FUN_CS_001.cs,40,baselines_work/cohorte/csharp/CODE_FUN_CS_006/CODE_FUN_CS_006.cs,0,0,0,0,0
4518,33,baselines_work/cohorte/csharp/CODE_FUN_CS_001/CODE_FUN_CS_001.cs,37,baselines_work/cohorte/csharp/CODE_FUN_CS_011/CODE_FUN_CS_011.cs,0,0,0,0,0
4520,33,baselines_work/cohorte/csharp/CODE_FUN_CS_001/CODE_FUN_CS_001.cs,42,baselines_work/cohorte/csharp/CODE_FUN_CS_013/CODE_FUN_CS_013.cs,0,0,0,0,0
4525,33,baselines_work/cohorte/csharp/CODE_FUN_CS_001/CODE_FUN_CS_001.cs,46,baselines_work/cohorte/csharp/CODE_IDENT_CS_002/CODE_IDENT_CS_002.cs,0,0,0,0,0
4526,33,baselines_work/cohorte/csharp/CODE_FUN_CS_001/CODE_FUN_CS_001.cs,48,baselines_work/cohorte/csharp/CODE_IDENT_CS_002_COPY/CODE_IDENT_CS_002.cs,0,0,0,0,0
4527,33,baselines_work/cohorte/csharp/CODE_FUN_CS_001/CODE_FUN_CS_001.cs,51,baselines_work/cohorte/csharp/CODE_IDENT_CS_003/CODE_IDENT_CS_003.cs,0,0,0,0,0
4528,33,baselines_work/cohorte/csharp/CODE_FUN_CS_001/CODE_FUN_CS_001.cs,49,baselines_work/cohorte/csharp/CODE_IDENT_CS_003_COPY/CODE_IDENT_CS_003.cs,0,0,0,0,0
4531,33,baselines_work/cohorte/csharp/CODE_FUN_CS_001/CODE_FUN_CS_001.cs,53,baselines_work/cohorte/csharp/CODE_IDENT_CS_005/CODE_IDENT_CS_005.cs,0,0,0,0,0
4532,33,baselines_work/cohorte/csharp/CODE_FUN_CS_001/CODE_FUN_CS_001.cs,54,baselines_work/cohorte/csharp/CODE_IDENT_CS_005_COPY/CODE_IDENT_CS_005.cs,0,0,0,0,0
4533,33,baselines_work/cohorte/csharp/CODE_FUN_CS_001/CODE_FUN_CS_001.cs,60,baselines_work/cohorte/csharp/CODE_IDENT_CS_006/CODE_IDENT_CS_006.cs,0,0,0,0,0
4534,33,baselines_work/cohorte/csharp/CODE_FUN_CS_001/CODE_FUN_CS_001.cs,55,baselines_work/cohorte/csharp/CODE_IDENT_CS_006_COPY/CODE_IDENT_CS_006.cs,0,0,0,0,0
4535,33,baselines_work/cohorte/csharp/CODE_FUN_CS_001/CODE_FUN_CS_001.cs,56,baselines_work/cohorte/csharp/CODE_IDENT_CS_007/CODE_IDENT_CS_007.cs,0,0,0,0,0
4536,33,baselines_work/cohorte/csharp/CODE_FUN_CS_001/CODE_FUN_CS_001.cs,57,baselines_work/cohorte/csharp/CODE_IDENT_CS_007_COPY/CODE_IDENT_CS_007.cs,0,0,0,0,0
4537,33,baselines_work/cohorte/csharp/CODE_FUN_CS_001/CODE_FUN_CS_001.cs,58,baselines_work/cohorte/csharp/CODE_IDENT_CS_008/CODE_IDENT_CS_008.cs,0,0,0,0,0
4538,33,baselines_work/cohorte/csharp/CODE_FUN_CS_001/CODE_FUN_CS_001.cs,65,baselines_work/cohorte/csharp/CODE_IDENT_CS_008_COPY/CODE_IDENT_CS_008.cs,0,0,0,0,0
4539,33,baselines_work/cohorte/csharp/CODE_FUN_CS_001/CODE_FUN_CS_001.cs,62,baselines_work/cohorte/csharp/CODE_IDENT_CS_009/CODE_IDENT_CS_009.cs,0,0,0,0,0
4540,33,baselines_work/cohorte/csharp/CODE_FUN_CS_001/CODE_FUN_CS_001.cs,61,baselines_work/cohorte/csharp/CODE_IDENT_CS_009_COPY/CODE_IDENT_CS_009.cs,0,0,0,0,0
4541,33,baselines_work/cohorte/csharp/CODE_FUN_CS_001/CODE_FUN_CS_001.cs,64,baselines_work/cohorte/csharp/CODE_IDENT_CS_010/CODE_IDENT_CS_010.cs,0,0,0,0,0
4542,33,baselines_work/cohorte/csharp/CODE_FUN_CS_001/CODE_FUN_CS_001.cs,59,baselines_work/cohorte/csharp/CODE_IDENT_CS_010_COPY/CODE_IDENT_CS_010.cs,0,0,0,0,0
4545,33,baselines_work/cohorte/csharp/CODE_FUN_CS_001/CODE_FUN_CS_001.cs,63,baselines_work/cohorte/csharp/CODE_IDENT_CS_012/CODE_IDENT_CS_012.cs,0,0,0,0,0
4546,33,baselines_work/cohorte/csharp/CODE_FUN_CS_001/CODE_FUN_CS_001.cs,67,baselines_work/cohorte/csharp/CODE_IDENT_CS_012_COPY/CODE_IDENT_CS_012.cs,0,0,0,0,0
4547,33,baselines_work/cohorte/csharp/CODE_FUN_CS_001/CODE_FUN_CS_001.cs,69,baselines_work/cohorte/csharp/CODE_IDENT_CS_013/CODE_IDENT_CS_013.cs,0,0,0,0,0
4548,33,baselines_work/cohorte/csharp/CODE_FUN_CS_001/CODE_FUN_CS_001.cs,71,baselines_work/cohorte/csharp/CODE_IDENT_CS_013_COPY/CODE_IDENT_CS_013.cs,0,0,0,0,0
4554,29,baselines_work/cohorte/csharp/CODE_FUN_CS_002/CODE_FUN_CS_002.cs,30,baselines_work/cohorte/csharp/CODE_FUN_CS_004/CODE_FUN_CS_004.cs,0,0,0,0,0
4555,29,baselines_work/cohorte/csharp/CODE_FUN_CS_002/CODE_FUN_CS_002.cs,34,baselines_work/cohorte/csharp/CODE_FUN_CS_005/CODE_FUN_CS_005.cs,0,0,0,0,0
4556,29,baselines_work/cohorte/csharp/CODE_FUN_CS_002/CODE_FUN_CS_002.cs,40,baselines_work/cohorte/csharp/CODE_FUN_CS_006/CODE_FUN_CS_006.cs,0,0,0,0,0
4557,29,baselines_work/cohorte/csharp/CODE_FUN_CS_002/CODE_FUN_CS_002.cs,35,baselines_work/cohorte/csharp/CODE_FUN_CS_007/CODE_FUN_CS_007.cs,0,0,0,0,0
4558,29,baselines_work/cohorte/csharp/CODE_FUN_CS_002/CODE_FUN_CS_002.cs,36,baselines_work/cohorte/csharp/CODE_FUN_CS_008/CODE_FUN_CS_008.cs,0,0,0,0,0
4568,29,baselines_work/cohorte/csharp/CODE_FUN_CS_002/CODE_FUN_CS_002.cs,46,baselines_work/cohorte/csharp/CODE_IDENT_CS_002/CODE_IDENT_CS_002.cs,0,0,0,0,0
4569,29,baselines_work/cohorte/csharp/CODE_FUN_CS_002/CODE_FUN_CS_002.cs,48,baselines_work/cohorte/csharp/CODE_IDENT_CS_002_COPY/CODE_IDENT_CS_002.cs,0,0,0,0,0
4570,29,baselines_work/cohorte/csharp/CODE_FUN_CS_002/CODE_FUN_CS_002.cs,51,baselines_work/cohorte/csharp/CODE_IDENT_CS_003/CODE_IDENT_CS_003.cs,0,0,0,0,0
4571,29,baselines_work/cohorte/csharp/CODE_FUN_CS_002/CODE_FUN_CS_002.cs,49,baselines_work/cohorte/csharp/CODE_IDENT_CS_003_COPY/CODE_IDENT_CS_003.cs,0,0,0,0,0
4572,29,baselines_work/cohorte/csharp/CODE_FUN_CS_002/CODE_FUN_CS_002.cs,52,baselines_work/cohorte/csharp/CODE_IDENT_CS_004/CODE_IDENT_CS_004.cs,0,0,0,0,0
4573,29,baselines_work/cohorte/csharp/CODE_FUN_CS_002/CODE_FUN_CS_002.cs,50,baselines_work/cohorte/csharp/CODE_IDENT_CS_004_COPY/CODE_IDENT_CS_004.cs,0,0,0,0,0
4574,29,baselines_work/cohorte/csharp/CODE_FUN_CS_002/CODE_FUN_CS_002.cs,53,baselines_work/cohorte/csharp/CODE_IDENT_CS_005/CODE_IDENT_CS_005.cs,0,0,0,0,0
4575,29,baselines_work/cohorte/csharp/CODE_FUN_CS_002/CODE_FUN_CS_002.cs,54,baselines_work/cohorte/csharp/CODE_IDENT_CS_005_COPY/CODE_IDENT_CS_005.cs,0,0,0,0,0
4576,29,baselines_work/cohorte/csharp/CODE_FUN_CS_002/CODE_FUN_CS_002.cs,60,baselines_work/cohorte/csharp/CODE_IDENT_CS_006/CODE_IDENT_CS_006.cs,0,0,0,0,0
4577,29,baselines_work/cohorte/csharp/CODE_FUN_CS_002/CODE_FUN_CS_002.cs,55,baselines_work/cohorte/csharp/CODE_IDENT_CS_006_COPY/CODE_IDENT_CS_006.cs,0,0,0,0,0
4578,29,baselines_work/cohorte/csharp/CODE_FUN_CS_002/CODE_FUN_CS_002.cs,56,baselines_work/cohorte/csharp/CODE_IDENT_CS_007/CODE_IDENT_CS_007.cs,0,0,0,0,0
4579,29,baselines_work/cohorte/csharp/CODE_FUN_CS_002/CODE_FUN_CS_002.cs,57,baselines_work/cohorte/csharp/CODE_IDENT_CS_007_COPY/CODE_IDENT_CS_007.cs,0,0,0,0,0
4580,29,baselines_work/cohorte/csharp/CODE_FUN_CS_002/CODE_FUN_CS_002.cs,58,baselines_work/cohorte/csharp/CODE_IDENT_CS_008/CODE_IDENT_CS_008.cs,0,0,0,0,0
4581,29,baselines_work/cohorte/csharp/CODE_FUN_CS_002/CODE_FUN_CS_002.cs,65,baselines_work/cohorte/csharp/CODE_IDENT_CS_008_COPY/CODE_IDENT_CS_008.cs,0,0,0,0,0
4586,29,baselines_work/cohorte/csharp/CODE_FUN_CS_002/CODE_FUN_CS_002.cs,66,baselines_work/cohorte/csharp/CODE_IDENT_CS_011/CODE_IDENT_CS_011.cs,0,0,0,0,0
4587,29,baselines_work/cohorte/csharp/CODE_FUN_CS_002/CODE_FUN_CS_002.cs,68,baselines_work/cohorte/csharp/CODE_IDENT_CS_011_COPY/CODE_IDENT_CS_011.cs,0,0,0,0,0
4590,29,baselines_work/cohorte/csharp/CODE_FUN_CS_002/CODE_FUN_CS_002.cs,69,baselines_work/cohorte/csharp/CODE_IDENT_CS_013/CODE_IDENT_CS_013.cs,0,0,0,0,0
4591,29,baselines_work/cohorte/csharp/CODE_FUN_CS_002/CODE_FUN_CS_002.cs,71,baselines_work/cohorte/csharp/CODE_IDENT_CS_013_COPY/CODE_IDENT_CS_013.cs,0,0,0,0,0
4596,31,baselines_work/cohorte/csharp/CODE_FUN_CS_003/CODE_FUN_CS_003.cs,30,baselines_work/cohorte/csharp/CODE_FUN_CS_004/CODE_FUN_CS_004.cs,0,0,0,0,0
4597,31,baselines_work/cohorte/csharp/CODE_FUN_CS_003/CODE_FUN_CS_003.cs,34,baselines_work/cohorte/csharp/CODE_FUN_CS_005/CODE_FUN_CS_005.cs,0,0,0,0,0
4598,31,baselines_work/cohorte/csharp/CODE_FUN_CS_003/CODE_FUN_CS_003.cs,40,baselines_work/cohorte/csharp/CODE_FUN_CS_006/CODE_FUN_CS_006.cs,0,0,0,0,0
4599,31,baselines_work/cohorte/csharp/CODE_FUN_CS_003/CODE_FUN_CS_003.cs,35,baselines_work/cohorte/csharp/CODE_FUN_CS_007/CODE_FUN_CS_007.cs,0,0,0,0,0
4600,31,baselines_work/cohorte/csharp/CODE_FUN_CS_003/CODE_FUN_CS_003.cs,36,baselines_work/cohorte/csharp/CODE_FUN_CS_008/CODE_FUN_CS_008.cs,0,0,0,0,0
4610,31,baselines_work/cohorte/csharp/CODE_FUN_CS_003/CODE_FUN_CS_003.cs,46,baselines_work/cohorte/csharp/CODE_IDENT_CS_002/CODE_IDENT_CS_002.cs,0,0,0,0,0
4611,31,baselines_work/cohorte/csharp/CODE_FUN_CS_003/CODE_FUN_CS_003.cs,48,baselines_work/cohorte/csharp/CODE_IDENT_CS_002_COPY/CODE_IDENT_CS_002.cs,0,0,0,0,0
4612,31,baselines_work/cohorte/csharp/CODE_FUN_CS_003/CODE_FUN_CS_003.cs,51,baselines_work/cohorte/csharp/CODE_IDENT_CS_003/CODE_IDENT_CS_003.cs,0,0,0,0,0
4613,31,baselines_work/cohorte/csharp/CODE_FUN_CS_003/CODE_FUN_CS_003.cs,49,baselines_work/cohorte/csharp/CODE_IDENT_CS_003_COPY/CODE_IDENT_CS_003.cs,0,0,0,0,0
4614,31,baselines_work/cohorte/csharp/CODE_FUN_CS_003/CODE_FUN_CS_003.cs,52,baselines_work/cohorte/csharp/CODE_IDENT_CS_004/CODE_IDENT_CS_004.cs,0,0,0,0,0
4615,31,baselines_work/cohorte/csharp/CODE_FUN_CS_003/CODE_FUN_CS_003.cs,50,baselines_work/cohorte/csharp/CODE_IDENT_CS_004_COPY/CODE_IDENT_CS_004.cs,0,0,0,0,0
4616,31,baselines_work/cohorte/csharp/CODE_FUN_CS_003/CODE_FUN_CS_003.cs,53,baselines_work/cohorte/csharp/CODE_IDENT_CS_005/CODE_IDENT_CS_005.cs,0,0,0,0,0
4617,31,baselines_work/cohorte/csharp/CODE_FUN_CS_003/CODE_FUN_CS_003.cs,54,baselines_work/cohorte/csharp/CODE_IDENT_CS_005_COPY/CODE_IDENT_CS_005.cs,0,0,0,0,0
4618,31,baselines_work/cohorte/csharp/CODE_FUN_CS_003/CODE_FUN_CS_003.cs,60,baselines_work/cohorte/csharp/CODE_IDENT_CS_006/CODE_IDENT_CS_006.cs,0,0,0,0,0
4619,31,baselines_work/cohorte/csharp/CODE_FUN_CS_003/CODE_FUN_CS_003.cs,55,baselines_work/cohorte/csharp/CODE_IDENT_CS_006_COPY/CODE_IDENT_CS_006.cs,0,0,0,0,0
4620,31,baselines_work/cohorte/csharp/CODE_FUN_CS_003/CODE_FUN_CS_003.cs,56,baselines_work/cohorte/csharp/CODE_IDENT_CS_007/CODE_IDENT_CS_007.cs,0,0,0,0,0
4621,31,baselines_work/cohorte/csharp/CODE_FUN_CS_003/CODE_FUN_CS_003.cs,57,baselines_work/cohorte/csharp/CODE_IDENT_CS_007_COPY/CODE_IDENT_CS_007.cs,0,0,0,0,0
4622,31,baselines_work/cohorte/csharp/CODE_FUN_CS_003/CODE_FUN_CS_003.cs,58,baselines_work/cohorte/csharp/CODE_IDENT_CS_008/CODE_IDENT_CS_008.cs,0,0,0,0,0
4623,31,baselines_work/cohorte/csharp/CODE_FUN_CS_003/CODE_FUN_CS_003.cs,65,baselines_work/cohorte/csharp/CODE_IDENT_CS_008_COPY/CODE_IDENT_CS_008.cs,0,0,0,0,0
4628,31,baselines_work/cohorte/csharp/CODE_FUN_CS_003/CODE_FUN_CS_003.cs,66,baselines_work/cohorte/csharp/CODE_IDENT_CS_011/CODE_IDENT_CS_011.cs,0,0,0,0,0
4629,31,baselines_work/cohorte/csharp/CODE_FUN_CS_003/CODE_FUN_CS_003.cs,68,baselines_work/cohorte/csharp/CODE_IDENT_CS_011_COPY/CODE_IDENT_CS_011.cs,0,0,0,0,0
4632,31,baselines_work/cohorte/csharp/CODE_FUN_CS_003/CODE_FUN_CS_003.cs,69,baselines_work/cohorte/csharp/CODE_IDENT_CS_013/CODE_IDENT_CS_013.cs,0,0,0,0,0
4633,31,baselines_work/cohorte/csharp/CODE_FUN_CS_003/CODE_FUN_CS_003.cs,71,baselines_work/cohorte/csharp/CODE_IDENT_CS_013_COPY/CODE_IDENT_CS_013.cs,0,0,0,0,0
4634,31,baselines_work/cohorte/csharp/CODE_FUN_CS_003/CODE_FUN_CS_003.cs,72,baselines_work/cohorte/csharp/CODE_IDENT_CS_014/CODE_IDENT_CS_014.cs,0,0,0,0,0
4635,31,baselines_work/cohorte/csharp/CODE_FUN_CS_003/CODE_FUN_CS_003.cs,70,baselines_work/cohorte/csharp/CODE_IDENT_CS_014_COPY/CODE_IDENT_CS_014.cs,0,0,0,0,0
4636,31,baselines_work/cohorte/csharp/CODE_FUN_CS_003/CODE_FUN_CS_003.cs,73,baselines_work/cohorte/csharp/CODE_IDENT_CS_015/CODE_IDENT_CS_015.cs,0,0,0,0,0
4637,31,baselines_work/cohorte/csharp/CODE_FUN_CS_003/CODE_FUN_CS_003.cs,74,baselines_work/cohorte/csharp/CODE_IDENT_CS_015_COPY/CODE_IDENT_CS_015.cs,0,0,0,0,0
4641,30,baselines_work/cohorte/csharp/CODE_FUN_CS_004/CODE_FUN_CS_004.cs,36,baselines_work/cohorte/csharp/CODE_FUN_CS_008/CODE_FUN_CS_008.cs,0,0,0,0,0
4646,30,baselines_work/cohorte/csharp/CODE_FUN_CS_004/CODE_FUN_CS_004.cs,42,baselines_work/cohorte/csharp/CODE_FUN_CS_013/CODE_FUN_CS_013.cs,0,0,0,0,0
4647,30,baselines_work/cohorte/csharp/CODE_FUN_CS_004/CODE_FUN_CS_004.cs,43,baselines_work/cohorte/csharp/CODE_FUN_CS_014/CODE_FUN_CS_014.cs,0,0,0,0,0
4651,30,baselines_work/cohorte/csharp/CODE_FUN_CS_004/CODE_FUN_CS_004.cs,46,baselines_work/cohorte/csharp/CODE_IDENT_CS_002/CODE_IDENT_CS_002.cs,0,0,0,0,0
4652,30,baselines_work/cohorte/csharp/CODE_FUN_CS_004/CODE_FUN_CS_004.cs,48,baselines_work/cohorte/csharp/CODE_IDENT_CS_002_COPY/CODE_IDENT_CS_002.cs,0,0,0,0,0
4653,30,baselines_work/cohorte/csharp/CODE_FUN_CS_004/CODE_FUN_CS_004.cs,51,baselines_work/cohorte/csharp/CODE_IDENT_CS_003/CODE_IDENT_CS_003.cs,0,0,0,0,0
4654,30,baselines_work/cohorte/csharp/CODE_FUN_CS_004/CODE_FUN_CS_004.cs,49,baselines_work/cohorte/csharp/CODE_IDENT_CS_003_COPY/CODE_IDENT_CS_003.cs,0,0,0,0,0
4657,30,baselines_work/cohorte/csharp/CODE_FUN_CS_004/CODE_FUN_CS_004.cs,53,baselines_work/cohorte/csharp/CODE_IDENT_CS_005/CODE_IDENT_CS_005.cs,0,0,0,0,0
4658,30,baselines_work/cohorte/csharp/CODE_FUN_CS_004/CODE_FUN_CS_004.cs,54,baselines_work/cohorte/csharp/CODE_IDENT_CS_005_COPY/CODE_IDENT_CS_005.cs,0,0,0,0,0
4659,30,baselines_work/cohorte/csharp/CODE_FUN_CS_004/CODE_FUN_CS_004.cs,60,baselines_work/cohorte/csharp/CODE_IDENT_CS_006/CODE_IDENT_CS_006.cs,0,0,0,0,0
4660,30,baselines_work/cohorte/csharp/CODE_FUN_CS_004/CODE_FUN_CS_004.cs,55,baselines_work/cohorte/csharp/CODE_IDENT_CS_006_COPY/CODE_IDENT_CS_006.cs,0,0,0,0,0
4661,30,baselines_work/cohorte/csharp/CODE_FUN_CS_004/CODE_FUN_CS_004.cs,56,baselines_work/cohorte/csharp/CODE_IDENT_CS_007/CODE_IDENT_CS_007.cs,0,0,0,0,0
4662,30,baselines_work/cohorte/csharp/CODE_FUN_CS_004/CODE_FUN_CS_004.cs,57,baselines_work/cohorte/csharp/CODE_IDENT_CS_007_COPY/CODE_IDENT_CS_007.cs,0,0,0,0,0
4663,30,baselines_work/cohorte/csharp/CODE_FUN_CS_004/CODE_FUN_CS_004.cs,58,baselines_work/cohorte/csharp/CODE_IDENT_CS_008/CODE_IDENT_CS_008.cs,0,0,0,0,0
4664,30,baselines_work/cohorte/csharp/CODE_FUN_CS_004/CODE_FUN_CS_004.cs,65,baselines_work/cohorte/csharp/CODE_IDENT_CS_008_COPY/CODE_IDENT_CS_008.cs,0,0,0,0,0
4665,30,baselines_work/cohorte/csharp/CODE_FUN_CS_004/CODE_FUN_CS_004.cs,62,baselines_work/cohorte/csharp/CODE_IDENT_CS_009/CODE_IDENT_CS_009.cs,0,0,0,0,0
4666,30,baselines_work/cohorte/csharp/CODE_FUN_CS_004/CODE_FUN_CS_004.cs,61,baselines_work/cohorte/csharp/CODE_IDENT_CS_009_COPY/CODE_IDENT_CS_009.cs,0,0,0,0,0
4667,30,baselines_work/cohorte/csharp/CODE_FUN_CS_004/CODE_FUN_CS_004.cs,64,baselines_work/cohorte/csharp/CODE_IDENT_CS_010/CODE_IDENT_CS_010.cs,0,0,0,0,0
4668,30,baselines_work/cohorte/csharp/CODE_FUN_CS_004/CODE_FUN_CS_004.cs,59,baselines_work/cohorte/csharp/CODE_IDENT_CS_010_COPY/CODE_IDENT_CS_010.cs,0,0,0,0,0
4669,30,baselines_work/cohorte/csharp/CODE_FUN_CS_004/CODE_FUN_CS_004.cs,66,baselines_work/cohorte/csharp/CODE_IDENT_CS_011/CODE_IDENT_CS_011.cs,0,0,0,0,0
4670,30,baselines_work/cohorte/csharp/CODE_FUN_CS_004/CODE_FUN_CS_004.cs,68,baselines_work/cohorte/csharp/CODE_IDENT_CS_011_COPY/CODE_IDENT_CS_011.cs,0,0,0,0,0
4671,30,baselines_work/cohorte/csharp/CODE_FUN_CS_004/CODE_FUN_CS_004.cs,63,baselines_work/cohorte/csharp/CODE_IDENT_CS_012/CODE_IDENT_CS_012.cs,0,0,0,0,0
4672,30,baselines_work/cohorte/csharp/CODE_FUN_CS_004/CODE_FUN_CS_004.cs,67,baselines_work/cohorte/csharp/CODE_IDENT_CS_012_COPY/CODE_IDENT_CS_012.cs,0,0,0,0,0
4673,30,baselines_work/cohorte/csharp/CODE_FUN_CS_004/CODE_FUN_CS_004.cs,69,baselines_work/cohorte/csharp/CODE_IDENT_CS_013/CODE_IDENT_CS_013.cs,0,0,0,0,0
4674,30,baselines_work/cohorte/csharp/CODE_FUN_CS_004/CODE_FUN_CS_004.cs,71,baselines_work/cohorte/csharp/CODE_IDENT_CS_013_COPY/CODE_IDENT_CS_013.cs,0,0,0,0,0
4675,30,baselines_work/cohorte/csharp/CODE_FUN_CS_004/CODE_FUN_CS_004.cs,72,baselines_work/cohorte/csharp/CODE_IDENT_CS_014/CODE_IDENT_CS_014.cs,0,0,0,0,0
4676,30,baselines_work/cohorte/csharp/CODE_FUN_CS_004/CODE_FUN_CS_004.cs,70,baselines_work/cohorte/csharp/CODE_IDENT_CS_014_COPY/CODE_IDENT_CS_014.cs,0,0,0,0,0
4677,30,baselines_work/cohorte/csharp/CODE_FUN_CS_004/CODE_FUN_CS_004.cs,73,baselines_work/cohorte/csharp/CODE_IDENT_CS_015/CODE_IDENT_CS_015.cs,0,0,0,0,0
4678,30,baselines_work/cohorte/csharp/CODE_FUN_CS_004/CODE_FUN_CS_004.cs,74,baselines_work/cohorte/csharp/CODE_IDENT_CS_015_COPY/CODE_IDENT_CS_015.cs,0,0,0,0,0
4683,34,baselines_work/cohorte/csharp/CODE_FUN_CS_005/CODE_FUN_CS_005.cs,38,baselines_work/cohorte/csharp/CODE_FUN_CS_010/CODE_FUN_CS_010.cs,0,0,0,0,0
4689,34,baselines_work/cohorte/csharp/CODE_FUN_CS_005/CODE_FUN_CS_005.cs,47,baselines_work/cohorte/csharp/CODE_IDENT_CS_001/CODE_IDENT_CS_001.cs,0,0,0,0,0
4690,34,baselines_work/cohorte/csharp/CODE_FUN_CS_005/CODE_FUN_CS_005.cs,45,baselines_work/cohorte/csharp/CODE_IDENT_CS_001_COPY/CODE_IDENT_CS_001.cs,0,0,0,0,0
4691,34,baselines_work/cohorte/csharp/CODE_FUN_CS_005/CODE_FUN_CS_005.cs,46,baselines_work/cohorte/csharp/CODE_IDENT_CS_002/CODE_IDENT_CS_002.cs,0,0,0,0,0
4692,34,baselines_work/cohorte/csharp/CODE_FUN_CS_005/CODE_FUN_CS_005.cs,48,baselines_work/cohorte/csharp/CODE_IDENT_CS_002_COPY/CODE_IDENT_CS_002.cs,0,0,0,0,0
4693,34,baselines_work/cohorte/csharp/CODE_FUN_CS_005/CODE_FUN_CS_005.cs,51,baselines_work/cohorte/csharp/CODE_IDENT_CS_003/CODE_IDENT_CS_003.cs,0,0,0,0,0
4694,34,baselines_work/cohorte/csharp/CODE_FUN_CS_005/CODE_FUN_CS_005.cs,49,baselines_work/cohorte/csharp/CODE_IDENT_CS_003_COPY/CODE_IDENT_CS_003.cs,0,0,0,0,0
4695,34,baselines_work/cohorte/csharp/CODE_FUN_CS_005/CODE_FUN_CS_005.cs,52,baselines_work/cohorte/csharp/CODE_IDENT_CS_004/CODE_IDENT_CS_004.cs,0,0,0,0,0
4696,34,baselines_work/cohorte/csharp/CODE_FUN_CS_005/CODE_FUN_CS_005.cs,50,baselines_work/cohorte/csharp/CODE_IDENT_CS_004_COPY/CODE_IDENT_CS_004.cs,0,0,0,0,0
4697,34,baselines_work/cohorte/csharp/CODE_FUN_CS_005/CODE_FUN_CS_005.cs,53,baselines_work/cohorte/csharp/CODE_IDENT_CS_005/CODE_IDENT_CS_005.cs,0,0,0,0,0
4698,34,baselines_work/cohorte/csharp/CODE_FUN_CS_005/CODE_FUN_CS_005.cs,54,baselines_work/cohorte/csharp/CODE_IDENT_CS_005_COPY/CODE_IDENT_CS_005.cs,0,0,0,0,0
4699,34,baselines_work/cohorte/csharp/CODE_FUN_CS_005/CODE_FUN_CS_005.cs,60,baselines_work/cohorte/csharp/CODE_IDENT_CS_006/CODE_IDENT_CS_006.cs,0,0,0,0,0
4700,34,baselines_work/cohorte/csharp/CODE_FUN_CS_005/CODE_FUN_CS_005.cs,55,baselines_work/cohorte/csharp/CODE_IDENT_CS_006_COPY/CODE_IDENT_CS_006.cs,0,0,0,0,0
4701,34,baselines_work/cohorte/csharp/CODE_FUN_CS_005/CODE_FUN_CS_005.cs,56,baselines_work/cohorte/csharp/CODE_IDENT_CS_007/CODE_IDENT_CS_007.cs,0,0,0,0,0
4702,34,baselines_work/cohorte/csharp/CODE_FUN_CS_005/CODE_FUN_CS_005.cs,57,baselines_work/cohorte/csharp/CODE_IDENT_CS_007_COPY/CODE_IDENT_CS_007.cs,0,0,0,0,0
4703,34,baselines_work/cohorte/csharp/CODE_FUN_CS_005/CODE_FUN_CS_005.cs,58,baselines_work/cohorte/csharp/CODE_IDENT_CS_008/CODE_IDENT_CS_008.cs,0,0,0,0,0
4704,34,baselines_work/cohorte/csharp/CODE_FUN_CS_005/CODE_FUN_CS_005.cs,65,baselines_work/cohorte/csharp/CODE_IDENT_CS_008_COPY/CODE_IDENT_CS_008.cs,0,0,0,0,0
4705,34,baselines_work/cohorte/csharp/CODE_FUN_CS_005/CODE_FUN_CS_005.cs,62,baselines_work/cohorte/csharp/CODE_IDENT_CS_009/CODE_IDENT_CS_009.cs,0,0,0,0,0
4706,34,baselines_work/cohorte/csharp/CODE_FUN_CS_005/CODE_FUN_CS_005.cs,61,baselines_work/cohorte/csharp/CODE_IDENT_CS_009_COPY/CODE_IDENT_CS_009.cs,0,0,0,0,0
4707,34,baselines_work/cohorte/csharp/CODE_FUN_CS_005/CODE_FUN_CS_005.cs,64,baselines_work/cohorte/csharp/CODE_IDENT_CS_010/CODE_IDENT_CS_010.cs,0,0,0,0,0
4708,34,baselines_work/cohorte/csharp/CODE_FUN_CS_005/CODE_FUN_CS_005.cs,59,baselines_work/cohorte/csharp/CODE_IDENT_CS_010_COPY/CODE_IDENT_CS_010.cs,0,0,0,0,0
4709,34,baselines_work/cohorte/csharp/CODE_FUN_CS_005/CODE_FUN_CS_005.cs,66,baselines_work/cohorte/csharp/CODE_IDENT_CS_011/CODE_IDENT_CS_011.cs,0,0,0,0,0
4710,34,baselines_work/cohorte/csharp/CODE_FUN_CS_005/CODE_FUN_CS_005.cs,68,baselines_work/cohorte/csharp/CODE_IDENT_CS_011_COPY/CODE_IDENT_CS_011.cs,0,0,0,0,0
4711,34,baselines_work/cohorte/csharp/CODE_FUN_CS_005/CODE_FUN_CS_005.cs,63,baselines_work/cohorte/csharp/CODE_IDENT_CS_012/CODE_IDENT_CS_012.cs,0,0,0,0,0
4712,34,baselines_work/cohorte/csharp/CODE_FUN_CS_005/CODE_FUN_CS_005.cs,67,baselines_work/cohorte/csharp/CODE_IDENT_CS_012_COPY/CODE_IDENT_CS_012.cs,0,0,0,0,0
4713,34,baselines_work/cohorte/csharp/CODE_FUN_CS_005/CODE_FUN_CS_005.cs,69,baselines_work/cohorte/csharp/CODE_IDENT_CS_013/CODE_IDENT_CS_013.cs,0,0,0,0,0
4714,34,baselines_work/cohorte/csharp/CODE_FUN_CS_005/CODE_FUN_CS_005.cs,71,baselines_work/cohorte/csharp/CODE_IDENT_CS_013_COPY/CODE_IDENT_CS_013.cs,0,0,0,0,0
4715,34,baselines_work/cohorte/csharp/CODE_FUN_CS_005/CODE_FUN_CS_005.cs,72,baselines_work/cohorte/csharp/CODE_IDENT_CS_014/CODE_IDENT_CS_014.cs,0,0,0,0,0
4716,34,baselines_work/cohorte/csharp/CODE_FUN_CS_005/CODE_FUN_CS_005.cs,70,baselines_work/cohorte/csharp/CODE_IDENT_CS_014_COPY/CODE_IDENT_CS_014.cs,0,0,0,0,0
4717,34,baselines_work/cohorte/csharp/CODE_FUN_CS_005/CODE_FUN_CS_005.cs,73,baselines_work/cohorte/csharp/CODE_IDENT_CS_015/CODE_IDENT_CS_015.cs,0,0,0,0,0
4718,34,baselines_work/cohorte/csharp/CODE_FUN_CS_005/CODE_FUN_CS_005.cs,74,baselines_work/cohorte/csharp/CODE_IDENT_CS_015_COPY/CODE_IDENT_CS_015.cs,0,0,0,0,0
4722,40,baselines_work/cohorte/csharp/CODE_FUN_CS_006/CODE_FUN_CS_006.cs,38,baselines_work/cohorte/csharp/CODE_FUN_CS_010/CODE_FUN_CS_010.cs,0,0,0,0,0
4728,40,baselines_work/cohorte/csharp/CODE_FUN_CS_006/CODE_FUN_CS_006.cs,47,baselines_work/cohorte/csharp/CODE_IDENT_CS_001/CODE_IDENT_CS_001.cs,0,0,0,0,0
4729,40,baselines_work/cohorte/csharp/CODE_FUN_CS_006/CODE_FUN_CS_006.cs,45,baselines_work/cohorte/csharp/CODE_IDENT_CS_001_COPY/CODE_IDENT_CS_001.cs,0,0,0,0,0
4730,40,baselines_work/cohorte/csharp/CODE_FUN_CS_006/CODE_FUN_CS_006.cs,46,baselines_work/cohorte/csharp/CODE_IDENT_CS_002/CODE_IDENT_CS_002.cs,0,0,0,0,0
4731,40,baselines_work/cohorte/csharp/CODE_FUN_CS_006/CODE_FUN_CS_006.cs,48,baselines_work/cohorte/csharp/CODE_IDENT_CS_002_COPY/CODE_IDENT_CS_002.cs,0,0,0,0,0
4732,40,baselines_work/cohorte/csharp/CODE_FUN_CS_006/CODE_FUN_CS_006.cs,51,baselines_work/cohorte/csharp/CODE_IDENT_CS_003/CODE_IDENT_CS_003.cs,0,0,0,0,0
4733,40,baselines_work/cohorte/csharp/CODE_FUN_CS_006/CODE_FUN_CS_006.cs,49,baselines_work/cohorte/csharp/CODE_IDENT_CS_003_COPY/CODE_IDENT_CS_003.cs,0,0,0,0,0
4734,40,baselines_work/cohorte/csharp/CODE_FUN_CS_006/CODE_FUN_CS_006.cs,52,baselines_work/cohorte/csharp/CODE_IDENT_CS_004/CODE_IDENT_CS_004.cs,0,0,0,0,0
4735,40,baselines_work/cohorte/csharp/CODE_FUN_CS_006/CODE_FUN_CS_006.cs,50,baselines_work/cohorte/csharp/CODE_IDENT_CS_004_COPY/CODE_IDENT_CS_004.cs,0,0,0,0,0
4736,40,baselines_work/cohorte/csharp/CODE_FUN_CS_006/CODE_FUN_CS_006.cs,53,baselines_work/cohorte/csharp/CODE_IDENT_CS_005/CODE_IDENT_CS_005.cs,0,0,0,0,0
4737,40,baselines_work/cohorte/csharp/CODE_FUN_CS_006/CODE_FUN_CS_006.cs,54,baselines_work/cohorte/csharp/CODE_IDENT_CS_005_COPY/CODE_IDENT_CS_005.cs,0,0,0,0,0
4740,40,baselines_work/cohorte/csharp/CODE_FUN_CS_006/CODE_FUN_CS_006.cs,56,baselines_work/cohorte/csharp/CODE_IDENT_CS_007/CODE_IDENT_CS_007.cs,0,0,0,0,0
4741,40,baselines_work/cohorte/csharp/CODE_FUN_CS_006/CODE_FUN_CS_006.cs,57,baselines_work/cohorte/csharp/CODE_IDENT_CS_007_COPY/CODE_IDENT_CS_007.cs,0,0,0,0,0
4742,40,baselines_work/cohorte/csharp/CODE_FUN_CS_006/CODE_FUN_CS_006.cs,58,baselines_work/cohorte/csharp/CODE_IDENT_CS_008/CODE_IDENT_CS_008.cs,0,0,0,0,0
4743,40,baselines_work/cohorte/csharp/CODE_FUN_CS_006/CODE_FUN_CS_006.cs,65,baselines_work/cohorte/csharp/CODE_IDENT_CS_008_COPY/CODE_IDENT_CS_008.cs,0,0,0,0,0
4744,40,baselines_work/cohorte/csharp/CODE_FUN_CS_006/CODE_FUN_CS_006.cs,62,baselines_work/cohorte/csharp/CODE_IDENT_CS_009/CODE_IDENT_CS_009.cs,0,0,0,0,0
4745,40,baselines_work/cohorte/csharp/CODE_FUN_CS_006/CODE_FUN_CS_006.cs,61,baselines_work/cohorte/csharp/CODE_IDENT_CS_009_COPY/CODE_IDENT_CS_009.cs,0,0,0,0,0
4746,40,baselines_work/cohorte/csharp/CODE_FUN_CS_006/CODE_FUN_CS_006.cs,64,baselines_work/cohorte/csharp/CODE_IDENT_CS_010/CODE_IDENT_CS_010.cs,0,0,0,0,0
4747,40,baselines_work/cohorte/csharp/CODE_FUN_CS_006/CODE_FUN_CS_006.cs,59,baselines_work/cohorte/csharp/CODE_IDENT_CS_010_COPY/CODE_IDENT_CS_010.cs,0,0,0,0,0
4748,40,baselines_work/cohorte/csharp/CODE_FUN_CS_006/CODE_FUN_CS_006.cs,66,baselines_work/cohorte/csharp/CODE_IDENT_CS_011/CODE_IDENT_CS_011.cs,0,0,0,0,0
4749,40,baselines_work/cohorte/csharp/CODE_FUN_CS_006/CODE_FUN_CS_006.cs,68,baselines_work/cohorte/csharp/CODE_IDENT_CS_011_COPY/CODE_IDENT_CS_011.cs,0,0,0,0,0
4750,40,baselines_work/cohorte/csharp/CODE_FUN_CS_006/CODE_FUN_CS_006.cs,63,baselines_work/cohorte/csharp/CODE_IDENT_CS_012/CODE_IDENT_CS_012.cs,0,0,0,0,0
4751,40,baselines_work/cohorte/csharp/CODE_FUN_CS_006/CODE_FUN_CS_006.cs,67,baselines_work/cohorte/csharp/CODE_IDENT_CS_012_COPY/CODE_IDENT_CS_012.cs,0,0,0,0,0
4754,40,baselines_work/cohorte/csharp/CODE_FUN_CS_006/CODE_FUN_CS_006.cs,72,baselines_work/cohorte/csharp/CODE_IDENT_CS_014/CODE_IDENT_CS_014.cs,0,0,0,0,0
4755,40,baselines_work/cohorte/csharp/CODE_FUN_CS_006/CODE_FUN_CS_006.cs,70,baselines_work/cohorte/csharp/CODE_IDENT_CS_014_COPY/CODE_IDENT_CS_014.cs,0,0,0,0,0
4756,40,baselines_work/cohorte/csharp/CODE_FUN_CS_006/CODE_FUN_CS_006.cs,73,baselines_work/cohorte/csharp/CODE_IDENT_CS_015/CODE_IDENT_CS_015.cs,0,0,0,0,0
4757,40,baselines_work/cohorte/csharp/CODE_FUN_CS_006/CODE_FUN_CS_006.cs,74,baselines_work/cohorte/csharp/CODE_IDENT_CS_015_COPY/CODE_IDENT_CS_015.cs,0,0,0,0,0
4766,35,baselines_work/cohorte/csharp/CODE_FUN_CS_007/CODE_FUN_CS_007.cs,47,baselines_work/cohorte/csharp/CODE_IDENT_CS_001/CODE_IDENT_CS_001.cs,0,0,0,0,0
4767,35,baselines_work/cohorte/csharp/CODE_FUN_CS_007/CODE_FUN_CS_007.cs,45,baselines_work/cohorte/csharp/CODE_IDENT_CS_001_COPY/CODE_IDENT_CS_001.cs,0,0,0,0,0
4768,35,baselines_work/cohorte/csharp/CODE_FUN_CS_007/CODE_FUN_CS_007.cs,46,baselines_work/cohorte/csharp/CODE_IDENT_CS_002/CODE_IDENT_CS_002.cs,0,0,0,0,0
4769,35,baselines_work/cohorte/csharp/CODE_FUN_CS_007/CODE_FUN_CS_007.cs,48,baselines_work/cohorte/csharp/CODE_IDENT_CS_002_COPY/CODE_IDENT_CS_002.cs,0,0,0,0,0
4774,35,baselines_work/cohorte/csharp/CODE_FUN_CS_007/CODE_FUN_CS_007.cs,53,baselines_work/cohorte/csharp/CODE_IDENT_CS_005/CODE_IDENT_CS_005.cs,0,0,0,0,0
4775,35,baselines_work/cohorte/csharp/CODE_FUN_CS_007/CODE_FUN_CS_007.cs,54,baselines_work/cohorte/csharp/CODE_IDENT_CS_005_COPY/CODE_IDENT_CS_005.cs,0,0,0,0,0
4776,35,baselines_work/cohorte/csharp/CODE_FUN_CS_007/CODE_FUN_CS_007.cs,60,baselines_work/cohorte/csharp/CODE_IDENT_CS_006/CODE_IDENT_CS_006.cs,0,0,0,0,0
4777,35,baselines_work/cohorte/csharp/CODE_FUN_CS_007/CODE_FUN_CS_007.cs,55,baselines_work/cohorte/csharp/CODE_IDENT_CS_006_COPY/CODE_IDENT_CS_006.cs,0,0,0,0,0
4778,35,baselines_work/cohorte/csharp/CODE_FUN_CS_007/CODE_FUN_CS_007.cs,56,baselines_work/cohorte/csharp/CODE_IDENT_CS_007/CODE_IDENT_CS_007.cs,0,0,0,0,0
4779,35,baselines_work/cohorte/csharp/CODE_FUN_CS_007/CODE_FUN_CS_007.cs,57,baselines_work/cohorte/csharp/CODE_IDENT_CS_007_COPY/CODE_IDENT_CS_007.cs,0,0,0,0,0
4782,35,baselines_work/cohorte/csharp/CODE_FUN_CS_007/CODE_FUN_CS_007.cs,62,baselines_work/cohorte/csharp/CODE_IDENT_CS_009/CODE_IDENT_CS_009.cs,0,0,0,0,0
4783,35,baselines_work/cohorte/csharp/CODE_FUN_CS_007/CODE_FUN_CS_007.cs,61,baselines_work/cohorte/csharp/CODE_IDENT_CS_009_COPY/CODE_IDENT_CS_009.cs,0,0,0,0,0
4786,35,baselines_work/cohorte/csharp/CODE_FUN_CS_007/CODE_FUN_CS_007.cs,66,baselines_work/cohorte/csharp/CODE_IDENT_CS_011/CODE_IDENT_CS_011.cs,0,0,0,0,0
4787,35,baselines_work/cohorte/csharp/CODE_FUN_CS_007/CODE_FUN_CS_007.cs,68,baselines_work/cohorte/csharp/CODE_IDENT_CS_011_COPY/CODE_IDENT_CS_011.cs,0,0,0,0,0
4788,35,baselines_work/cohorte/csharp/CODE_FUN_CS_007/CODE_FUN_CS_007.cs,63,baselines_work/cohorte/csharp/CODE_IDENT_CS_012/CODE_IDENT_CS_012.cs,0,0,0,0,0
4789,35,baselines_work/cohorte/csharp/CODE_FUN_CS_007/CODE_FUN_CS_007.cs,67,baselines_work/cohorte/csharp/CODE_IDENT_CS_012_COPY/CODE_IDENT_CS_012.cs,0,0,0,0,0
4790,35,baselines_work/cohorte/csharp/CODE_FUN_CS_007/CODE_FUN_CS_007.cs,69,baselines_work/cohorte/csharp/CODE_IDENT_CS_013/CODE_IDENT_CS_013.cs,0,0,0,0,0
4791,35,baselines_work/cohorte/csharp/CODE_FUN_CS_007/CODE_FUN_CS_007.cs,71,baselines_work/cohorte/csharp/CODE_IDENT_CS_013_COPY/CODE_IDENT_CS_013.cs,0,0,0,0,0
4792,35,baselines_work/cohorte/csharp/CODE_FUN_CS_007/CODE_FUN_CS_007.cs,72,baselines_work/cohorte/csharp/CODE_IDENT_CS_014/CODE_IDENT_CS_014.cs,0,0,0,0,0
4793,35,baselines_work/cohorte/csharp/CODE_FUN_CS_007/CODE_FUN_CS_007.cs,70,baselines_work/cohorte/csharp/CODE_IDENT_CS_014_COPY/CODE_IDENT_CS_014.cs,0,0,0,0,0
4794,35,baselines_work/cohorte/csharp/CODE_FUN_CS_007/CODE_FUN_CS_007.cs,73,baselines_work/cohorte/csharp/CODE_IDENT_CS_015/CODE_IDENT_CS_015.cs,0,0,0,0,0
4795,35,baselines_work/cohorte/csharp/CODE_FUN_CS_007/CODE_FUN_CS_007.cs,74,baselines_work/cohorte/csharp/CODE_IDENT_CS_015_COPY/CODE_IDENT_CS_015.cs,0,0,0,0,0
4803,36,baselines_work/cohorte/csharp/CODE_FUN_CS_008/CODE_FUN_CS_008.cs,47,baselines_work/cohorte/csharp/CODE_IDENT_CS_001/CODE_IDENT_CS_001.cs,0,0,0,0,0
4804,36,baselines_work/cohorte/csharp/CODE_FUN_CS_008/CODE_FUN_CS_008.cs,45,baselines_work/cohorte/csharp/CODE_IDENT_CS_001_COPY/CODE_IDENT_CS_001.cs,0,0,0,0,0
4807,36,baselines_work/cohorte/csharp/CODE_FUN_CS_008/CODE_FUN_CS_008.cs,51,baselines_work/cohorte/csharp/CODE_IDENT_CS_003/CODE_IDENT_CS_003.cs,0,0,0,0,0
4808,36,baselines_work/cohorte/csharp/CODE_FUN_CS_008/CODE_FUN_CS_008.cs,49,baselines_work/cohorte/csharp/CODE_IDENT_CS_003_COPY/CODE_IDENT_CS_003.cs,0,0,0,0,0
4811,36,baselines_work/cohorte/csharp/CODE_FUN_CS_008/CODE_FUN_CS_008.cs,53,baselines_work/cohorte/csharp/CODE_IDENT_CS_005/CODE_IDENT_CS_005.cs,0,0,0,0,0
4812,36,baselines_work/cohorte/csharp/CODE_FUN_CS_008/CODE_FUN_CS_008.cs,54,baselines_work/cohorte/csharp/CODE_IDENT_CS_005_COPY/CODE_IDENT_CS_005.cs,0,0,0,0,0
4813,36,baselines_work/cohorte/csharp/CODE_FUN_CS_008/CODE_FUN_CS_008.cs,60,baselines_work/cohorte/csharp/CODE_IDENT_CS_006/CODE_IDENT_CS_006.cs,0,0,0,0,0
4814,36,baselines_work/cohorte/csharp/CODE_FUN_CS_008/CODE_FUN_CS_008.cs,55,baselines_work/cohorte/csharp/CODE_IDENT_CS_006_COPY/CODE_IDENT_CS_006.cs,0,0,0,0,0
4815,36,baselines_work/cohorte/csharp/CODE_FUN_CS_008/CODE_FUN_CS_008.cs,56,baselines_work/cohorte/csharp/CODE_IDENT_CS_007/CODE_IDENT_CS_007.cs,0,0,0,0,0
4816,36,baselines_work/cohorte/csharp/CODE_FUN_CS_008/CODE_FUN_CS_008.cs,57,baselines_work/cohorte/csharp/CODE_IDENT_CS_007_COPY/CODE_IDENT_CS_007.cs,0,0,0,0,0
4829,36,baselines_work/cohorte/csharp/CODE_FUN_CS_008/CODE_FUN_CS_008.cs,72,baselines_work/cohorte/csharp/CODE_IDENT_CS_014/CODE_IDENT_CS_014.cs,0,0,0,0,0
4830,36,baselines_work/cohorte/csharp/CODE_FUN_CS_008/CODE_FUN_CS_008.cs,70,baselines_work/cohorte/csharp/CODE_IDENT_CS_014_COPY/CODE_IDENT_CS_014.cs,0,0,0,0,0
4831,36,baselines_work/cohorte/csharp/CODE_FUN_CS_008/CODE_FUN_CS_008.cs,73,baselines_work/cohorte/csharp/CODE_IDENT_CS_015/CODE_IDENT_CS_015.cs,0,0,0,0,0
4832,36,baselines_work/cohorte/csharp/CODE_FUN_CS_008/CODE_FUN_CS_008.cs,74,baselines_work/cohorte/csharp/CODE_IDENT_CS_015_COPY/CODE_IDENT_CS_015.cs,0,0,0,0,0
4839,39,baselines_work/cohorte/csharp/CODE_FUN_CS_009/CODE_FUN_CS_009.cs,47,baselines_work/cohorte/csharp/CODE_IDENT_CS_001/CODE_IDENT_CS_001.cs,0,0,0,0,0
4840,39,baselines_work/cohorte/csharp/CODE_FUN_CS_009/CODE_FUN_CS_009.cs,45,baselines_work/cohorte/csharp/CODE_IDENT_CS_001_COPY/CODE_IDENT_CS_001.cs,0,0,0,0,0
4841,39,baselines_work/cohorte/csharp/CODE_FUN_CS_009/CODE_FUN_CS_009.cs,46,baselines_work/cohorte/csharp/CODE_IDENT_CS_002/CODE_IDENT_CS_002.cs,0,0,0,0,0
4842,39,baselines_work/cohorte/csharp/CODE_FUN_CS_009/CODE_FUN_CS_009.cs,48,baselines_work/cohorte/csharp/CODE_IDENT_CS_002_COPY/CODE_IDENT_CS_002.cs,0,0,0,0,0
4843,39,baselines_work/cohorte/csharp/CODE_FUN_CS_009/CODE_FUN_CS_009.cs,51,baselines_work/cohorte/csharp/CODE_IDENT_CS_003/CODE_IDENT_CS_003.cs,0,0,0,0,0
4844,39,baselines_work/cohorte/csharp/CODE_FUN_CS_009/CODE_FUN_CS_009.cs,49,baselines_work/cohorte/csharp/CODE_IDENT_CS_003_COPY/CODE_IDENT_CS_003.cs,0,0,0,0,0
4847,39,baselines_work/cohorte/csharp/CODE_FUN_CS_009/CODE_FUN_CS_009.cs,53,baselines_work/cohorte/csharp/CODE_IDENT_CS_005/CODE_IDENT_CS_005.cs,0,0,0,0,0
4848,39,baselines_work/cohorte/csharp/CODE_FUN_CS_009/CODE_FUN_CS_009.cs,54,baselines_work/cohorte/csharp/CODE_IDENT_CS_005_COPY/CODE_IDENT_CS_005.cs,0,0,0,0,0
4849,39,baselines_work/cohorte/csharp/CODE_FUN_CS_009/CODE_FUN_CS_009.cs,60,baselines_work/cohorte/csharp/CODE_IDENT_CS_006/CODE_IDENT_CS_006.cs,0,0,0,0,0
4850,39,baselines_work/cohorte/csharp/CODE_FUN_CS_009/CODE_FUN_CS_009.cs,55,baselines_work/cohorte/csharp/CODE_IDENT_CS_006_COPY/CODE_IDENT_CS_006.cs,0,0,0,0,0
4851,39,baselines_work/cohorte/csharp/CODE_FUN_CS_009/CODE_FUN_CS_009.cs,56,baselines_work/cohorte/csharp/CODE_IDENT_CS_007/CODE_IDENT_CS_007.cs,0,0,0,0,0
4852,39,baselines_work/cohorte/csharp/CODE_FUN_CS_009/CODE_FUN_CS_009.cs,57,baselines_work/cohorte/csharp/CODE_IDENT_CS_007_COPY/CODE_IDENT_CS_007.cs,0,0,0,0,0
4853,39,baselines_work/cohorte/csharp/CODE_FUN_CS_009/CODE_FUN_CS_009.cs,58,baselines_work/cohorte/csharp/CODE_IDENT_CS_008/CODE_IDENT_CS_008.cs,0,0,0,0,0
4854,39,baselines_work/cohorte/csharp/CODE_FUN_CS_009/CODE_FUN_CS_009.cs,65,baselines_work/cohorte/csharp/CODE_IDENT_CS_008_COPY/CODE_IDENT_CS_008.cs,0,0,0,0,0
4857,39,baselines_work/cohorte/csharp/CODE_FUN_CS_009/CODE_FUN_CS_009.cs,64,baselines_work/cohorte/csharp/CODE_IDENT_CS_010/CODE_IDENT_CS_010.cs,0,0,0,0,0
4858,39,baselines_work/cohorte/csharp/CODE_FUN_CS_009/CODE_FUN_CS_009.cs,59,baselines_work/cohorte/csharp/CODE_IDENT_CS_010_COPY/CODE_IDENT_CS_010.cs,0,0,0,0,0
4863,39,baselines_work/cohorte/csharp/CODE_FUN_CS_009/CODE_FUN_CS_009.cs,69,baselines_work/cohorte/csharp/CODE_IDENT_CS_013/CODE_IDENT_CS_013.cs,0,0,0,0,0
4864,39,baselines_work/cohorte/csharp/CODE_FUN_CS_009/CODE_FUN_CS_009.cs,71,baselines_work/cohorte/csharp/CODE_IDENT_CS_013_COPY/CODE_IDENT_CS_013.cs,0,0,0,0,0
4867,39,baselines_work/cohorte/csharp/CODE_FUN_CS_009/CODE_FUN_CS_009.cs,73,baselines_work/cohorte/csharp/CODE_IDENT_CS_015/CODE_IDENT_CS_015.cs,0,0,0,0,0
4868,39,baselines_work/cohorte/csharp/CODE_FUN_CS_009/CODE_FUN_CS_009.cs,74,baselines_work/cohorte/csharp/CODE_IDENT_CS_015_COPY/CODE_IDENT_CS_015.cs,0,0,0,0,0
4869,38,baselines_work/cohorte/csharp/CODE_FUN_CS_010/CODE_FUN_CS_010.cs,37,baselines_work/cohorte/csharp/CODE_FUN_CS_011/CODE_FUN_CS_011.cs,0,0,0,0,0
4874,38,baselines_work/cohorte/csharp/CODE_FUN_CS_010/CODE_FUN_CS_010.cs,47,baselines_work/cohorte/csharp/CODE_IDENT_CS_001/CODE_IDENT_CS_001.cs,0,0,0,0,0
4875,38,baselines_work/cohorte/csharp/CODE_FUN_CS_010/CODE_FUN_CS_010.cs,45,baselines_work/cohorte/csharp/CODE_IDENT_CS_001_COPY/CODE_IDENT_CS_001.cs,0,0,0,0,0
4876,38,baselines_work/cohorte/csharp/CODE_FUN_CS_010/CODE_FUN_CS_010.cs,46,baselines_work/cohorte/csharp/CODE_IDENT_CS_002/CODE_IDENT_CS_002.cs,0,0,0,0,0
4877,38,baselines_work/cohorte/csharp/CODE_FUN_CS_010/CODE_FUN_CS_010.cs,48,baselines_work/cohorte/csharp/CODE_IDENT_CS_002_COPY/CODE_IDENT_CS_002.cs,0,0,0,0,0
4882,38,baselines_work/cohorte/csharp/CODE_FUN_CS_010/CODE_FUN_CS_010.cs,53,baselines_work/cohorte/csharp/CODE_IDENT_CS_005/CODE_IDENT_CS_005.cs,0,0,0,0,0
4883,38,baselines_work/cohorte/csharp/CODE_FUN_CS_010/CODE_FUN_CS_010.cs,54,baselines_work/cohorte/csharp/CODE_IDENT_CS_005_COPY/CODE_IDENT_CS_005.cs,0,0,0,0,0
4884,38,baselines_work/cohorte/csharp/CODE_FUN_CS_010/CODE_FUN_CS_010.cs,60,baselines_work/cohorte/csharp/CODE_IDENT_CS_006/CODE_IDENT_CS_006.cs,0,0,0,0,0
4885,38,baselines_work/cohorte/csharp/CODE_FUN_CS_010/CODE_FUN_CS_010.cs,55,baselines_work/cohorte/csharp/CODE_IDENT_CS_006_COPY/CODE_IDENT_CS_006.cs,0,0,0,0,0
4886,38,baselines_work/cohorte/csharp/CODE_FUN_CS_010/CODE_FUN_CS_010.cs,56,baselines_work/cohorte/csharp/CODE_IDENT_CS_007/CODE_IDENT_CS_007.cs,0,0,0,0,0
4887,38,baselines_work/cohorte/csharp/CODE_FUN_CS_010/CODE_FUN_CS_010.cs,57,baselines_work/cohorte/csharp/CODE_IDENT_CS_007_COPY/CODE_IDENT_CS_007.cs,0,0,0,0,0
4894,38,baselines_work/cohorte/csharp/CODE_FUN_CS_010/CODE_FUN_CS_010.cs,66,baselines_work/cohorte/csharp/CODE_IDENT_CS_011/CODE_IDENT_CS_011.cs,0,0,0,0,0
4895,38,baselines_work/cohorte/csharp/CODE_FUN_CS_010/CODE_FUN_CS_010.cs,68,baselines_work/cohorte/csharp/CODE_IDENT_CS_011_COPY/CODE_IDENT_CS_011.cs,0,0,0,0,0
4896,38,baselines_work/cohorte/csharp/CODE_FUN_CS_010/CODE_FUN_CS_010.cs,63,baselines_work/cohorte/csharp/CODE_IDENT_CS_012/CODE_IDENT_CS_012.cs,0,0,0,0,0
4897,38,baselines_work/cohorte/csharp/CODE_FUN_CS_010/CODE_FUN_CS_010.cs,67,baselines_work/cohorte/csharp/CODE_IDENT_CS_012_COPY/CODE_IDENT_CS_012.cs,0,0,0,0,0
4898,38,baselines_work/cohorte/csharp/CODE_FUN_CS_010/CODE_FUN_CS_010.cs,69,baselines_work/cohorte/csharp/CODE_IDENT_CS_013/CODE_IDENT_CS_013.cs,0,0,0,0,0
4899,38,baselines_work/cohorte/csharp/CODE_FUN_CS_010/CODE_FUN_CS_010.cs,71,baselines_work/cohorte/csharp/CODE_IDENT_CS_013_COPY/CODE_IDENT_CS_013.cs,0,0,0,0,0
4900,38,baselines_work/cohorte/csharp/CODE_FUN_CS_010/CODE_FUN_CS_010.cs,72,baselines_work/cohorte/csharp/CODE_IDENT_CS_014/CODE_IDENT_CS_014.cs,0,0,0,0,0
4901,38,baselines_work/cohorte/csharp/CODE_FUN_CS_010/CODE_FUN_CS_010.cs,70,baselines_work/cohorte/csharp/CODE_IDENT_CS_014_COPY/CODE_IDENT_CS_014.cs,0,0,0,0,0
4908,37,baselines_work/cohorte/csharp/CODE_FUN_CS_011/CODE_FUN_CS_011.cs,47,baselines_work/cohorte/csharp/CODE_IDENT_CS_001/CODE_IDENT_CS_001.cs,0,0,0,0,0
4909,37,baselines_work/cohorte/csharp/CODE_FUN_CS_011/CODE_FUN_CS_011.cs,45,baselines_work/cohorte/csharp/CODE_IDENT_CS_001_COPY/CODE_IDENT_CS_001.cs,0,0,0,0,0
4910,37,baselines_work/cohorte/csharp/CODE_FUN_CS_011/CODE_FUN_CS_011.cs,46,baselines_work/cohorte/csharp/CODE_IDENT_CS_002/CODE_IDENT_CS_002.cs,0,0,0,0,0
4911,37,baselines_work/cohorte/csharp/CODE_FUN_CS_011/CODE_FUN_CS_011.cs,48,baselines_work/cohorte/csharp/CODE_IDENT_CS_002_COPY/CODE_IDENT_CS_002.cs,0,0,0,0,0
4912,37,baselines_work/cohorte/csharp/CODE_FUN_CS_011/CODE_FUN_CS_011.cs,51,baselines_work/cohorte/csharp/CODE_IDENT_CS_003/CODE_IDENT_CS_003.cs,0,0,0,0,0
4913,37,baselines_work/cohorte/csharp/CODE_FUN_CS_011/CODE_FUN_CS_011.cs,49,baselines_work/cohorte/csharp/CODE_IDENT_CS_003_COPY/CODE_IDENT_CS_003.cs,0,0,0,0,0
4916,37,baselines_work/cohorte/csharp/CODE_FUN_CS_011/CODE_FUN_CS_011.cs,53,baselines_work/cohorte/csharp/CODE_IDENT_CS_005/CODE_IDENT_CS_005.cs,0,0,0,0,0
4917,37,baselines_work/cohorte/csharp/CODE_FUN_CS_011/CODE_FUN_CS_011.cs,54,baselines_work/cohorte/csharp/CODE_IDENT_CS_005_COPY/CODE_IDENT_CS_005.cs,0,0,0,0,0
4918,37,baselines_work/cohorte/csharp/CODE_FUN_CS_011/CODE_FUN_CS_011.cs,60,baselines_work/cohorte/csharp/CODE_IDENT_CS_006/CODE_IDENT_CS_006.cs,0,0,0,0,0
4919,37,baselines_work/cohorte/csharp/CODE_FUN_CS_011/CODE_FUN_CS_011.cs,55,baselines_work/cohorte/csharp/CODE_IDENT_CS_006_COPY/CODE_IDENT_CS_006.cs,0,0,0,0,0
4922,37,baselines_work/cohorte/csharp/CODE_FUN_CS_011/CODE_FUN_CS_011.cs,58,baselines_work/cohorte/csharp/CODE_IDENT_CS_008/CODE_IDENT_CS_008.cs,0,0,0,0,0
4923,37,baselines_work/cohorte/csharp/CODE_FUN_CS_011/CODE_FUN_CS_011.cs,65,baselines_work/cohorte/csharp/CODE_IDENT_CS_008_COPY/CODE_IDENT_CS_008.cs,0,0,0,0,0
4926,37,baselines_work/cohorte/csharp/CODE_FUN_CS_011/CODE_FUN_CS_011.cs,64,baselines_work/cohorte/csharp/CODE_IDENT_CS_010/CODE_IDENT_CS_010.cs,0,0,0,0,0
4927,37,baselines_work/cohorte/csharp/CODE_FUN_CS_011/CODE_FUN_CS_011.cs,59,baselines_work/cohorte/csharp/CODE_IDENT_CS_010_COPY/CODE_IDENT_CS_010.cs,0,0,0,0,0
4928,37,baselines_work/cohorte/csharp/CODE_FUN_CS_011/CODE_FUN_CS_011.cs,66,baselines_work/cohorte/csharp/CODE_IDENT_CS_011/CODE_IDENT_CS_011.cs,0,0,0,0,0
4929,37,baselines_work/cohorte/csharp/CODE_FUN_CS_011/CODE_FUN_CS_011.cs,68,baselines_work/cohorte/csharp/CODE_IDENT_CS_011_COPY/CODE_IDENT_CS_011.cs,0,0,0,0,0
4932,37,baselines_work/cohorte/csharp/CODE_FUN_CS_011/CODE_FUN_CS_011.cs,69,baselines_work/cohorte/csharp/CODE_IDENT_CS_013/CODE_IDENT_CS_013.cs,0,0,0,0,0
4933,37,baselines_work/cohorte/csharp/CODE_FUN_CS_011/CODE_FUN_CS_011.cs,71,baselines_work/cohorte/csharp/CODE_IDENT_CS_013_COPY/CODE_IDENT_CS_013.cs,0,0,0,0,0
4934,37,baselines_work/cohorte/csharp/CODE_FUN_CS_011/CODE_FUN_CS_011.cs,72,baselines_work/cohorte/csharp/CODE_IDENT_CS_014/CODE_IDENT_CS_014.cs,0,0,0,0,0
4935,37,baselines_work/cohorte/csharp/CODE_FUN_CS_011/CODE_FUN_CS_011.cs,70,baselines_work/cohorte/csharp/CODE_IDENT_CS_014_COPY/CODE_IDENT_CS_014.cs,0,0,0,0,0
4936,37,baselines_work/cohorte/csharp/CODE_FUN_CS_011/CODE_FUN_CS_011.cs,73,baselines_work/cohorte/csharp/CODE_IDENT_CS_015/CODE_IDENT_CS_015.cs,0,0,0,0,0
4937,37,baselines_work/cohorte/csharp/CODE_FUN_CS_011/CODE_FUN_CS_011.cs,74,baselines_work/cohorte/csharp/CODE_IDENT_CS_015_COPY/CODE_IDENT_CS_015.cs,0,0,0,0,0
4941,41,baselines_work/cohorte/csharp/CODE_FUN_CS_012/CODE_FUN_CS_012.cs,47,baselines_work/cohorte/csharp/CODE_IDENT_CS_001/CODE_IDENT_CS_001.cs,0,0,0,0,0
4942,41,baselines_work/cohorte/csharp/CODE_FUN_CS_012/CODE_FUN_CS_012.cs,45,baselines_work/cohorte/csharp/CODE_IDENT_CS_001_COPY/CODE_IDENT_CS_001.cs,0,0,0,0,0
4943,41,baselines_work/cohorte/csharp/CODE_FUN_CS_012/CODE_FUN_CS_012.cs,46,baselines_work/cohorte/csharp/CODE_IDENT_CS_002/CODE_IDENT_CS_002.cs,0,0,0,0,0
4944,41,baselines_work/cohorte/csharp/CODE_FUN_CS_012/CODE_FUN_CS_012.cs,48,baselines_work/cohorte/csharp/CODE_IDENT_CS_002_COPY/CODE_IDENT_CS_002.cs,0,0,0,0,0
4945,41,baselines_work/cohorte/csharp/CODE_FUN_CS_012/CODE_FUN_CS_012.cs,51,baselines_work/cohorte/csharp/CODE_IDENT_CS_003/CODE_IDENT_CS_003.cs,0,0,0,0,0
4946,41,baselines_work/cohorte/csharp/CODE_FUN_CS_012/CODE_FUN_CS_012.cs,49,baselines_work/cohorte/csharp/CODE_IDENT_CS_003_COPY/CODE_IDENT_CS_003.cs,0,0,0,0,0
4949,41,baselines_work/cohorte/csharp/CODE_FUN_CS_012/CODE_FUN_CS_012.cs,53,baselines_work/cohorte/csharp/CODE_IDENT_CS_005/CODE_IDENT_CS_005.cs,0,0,0,0,0
4950,41,baselines_work/cohorte/csharp/CODE_FUN_CS_012/CODE_FUN_CS_012.cs,54,baselines_work/cohorte/csharp/CODE_IDENT_CS_005_COPY/CODE_IDENT_CS_005.cs,0,0,0,0,0
4951,41,baselines_work/cohorte/csharp/CODE_FUN_CS_012/CODE_FUN_CS_012.cs,60,baselines_work/cohorte/csharp/CODE_IDENT_CS_006/CODE_IDENT_CS_006.cs,0,0,0,0,0
4952,41,baselines_work/cohorte/csharp/CODE_FUN_CS_012/CODE_FUN_CS_012.cs,55,baselines_work/cohorte/csharp/CODE_IDENT_CS_006_COPY/CODE_IDENT_CS_006.cs,0,0,0,0,0
4953,41,baselines_work/cohorte/csharp/CODE_FUN_CS_012/CODE_FUN_CS_012.cs,56,baselines_work/cohorte/csharp/CODE_IDENT_CS_007/CODE_IDENT_CS_007.cs,0,0,0,0,0
4954,41,baselines_work/cohorte/csharp/CODE_FUN_CS_012/CODE_FUN_CS_012.cs,57,baselines_work/cohorte/csharp/CODE_IDENT_CS_007_COPY/CODE_IDENT_CS_007.cs,0,0,0,0,0
4955,41,baselines_work/cohorte/csharp/CODE_FUN_CS_012/CODE_FUN_CS_012.cs,58,baselines_work/cohorte/csharp/CODE_IDENT_CS_008/CODE_IDENT_CS_008.cs,0,0,0,0,0
4956,41,baselines_work/cohorte/csharp/CODE_FUN_CS_012/CODE_FUN_CS_012.cs,65,baselines_work/cohorte/csharp/CODE_IDENT_CS_008_COPY/CODE_IDENT_CS_008.cs,0,0,0,0,0
4959,41,baselines_work/cohorte/csharp/CODE_FUN_CS_012/CODE_FUN_CS_012.cs,64,baselines_work/cohorte/csharp/CODE_IDENT_CS_010/CODE_IDENT_CS_010.cs,0,0,0,0,0
4960,41,baselines_work/cohorte/csharp/CODE_FUN_CS_012/CODE_FUN_CS_012.cs,59,baselines_work/cohorte/csharp/CODE_IDENT_CS_010_COPY/CODE_IDENT_CS_010.cs,0,0,0,0,0
4961,41,baselines_work/cohorte/csharp/CODE_FUN_CS_012/CODE_FUN_CS_012.cs,66,baselines_work/cohorte/csharp/CODE_IDENT_CS_011/CODE_IDENT_CS_011.cs,0,0,0,0,0
4962,41,baselines_work/cohorte/csharp/CODE_FUN_CS_012/CODE_FUN_CS_012.cs,68,baselines_work/cohorte/csharp/CODE_IDENT_CS_011_COPY/CODE_IDENT_CS_011.cs,0,0,0,0,0
4965,41,baselines_work/cohorte/csharp/CODE_FUN_CS_012/CODE_FUN_CS_012.cs,69,baselines_work/cohorte/csharp/CODE_IDENT_CS_013/CODE_IDENT_CS_013.cs,0,0,0,0,0
4966,41,baselines_work/cohorte/csharp/CODE_FUN_CS_012/CODE_FUN_CS_012.cs,71,baselines_work/cohorte/csharp/CODE_IDENT_CS_013_COPY/CODE_IDENT_CS_013.cs,0,0,0,0,0
4967,41,baselines_work/cohorte/csharp/CODE_FUN_CS_012/CODE_FUN_CS_012.cs,72,baselines_work/cohorte/csharp/CODE_IDENT_CS_014/CODE_IDENT_CS_014.cs,0,0,0,0,0
4968,41,baselines_work/cohorte/csharp/CODE_FUN_CS_012/CODE_FUN_CS_012.cs,70,baselines_work/cohorte/csharp/CODE_IDENT_CS_014_COPY/CODE_IDENT_CS_014.cs,0,0,0,0,0
4969,41,baselines_work/cohorte/csharp/CODE_FUN_CS_012/CODE_FUN_CS_012.cs,73,baselines_work/cohorte/csharp/CODE_IDENT_CS_015/CODE_IDENT_CS_015.cs,0,0,0,0,0
4970,41,baselines_work/cohorte/csharp/CODE_FUN_CS_012/CODE_FUN_CS_012.cs,74,baselines_work/cohorte/csharp/CODE_IDENT_CS_015_COPY/CODE_IDENT_CS_015.cs,0,0,0,0,0
4973,42,baselines_work/cohorte/csharp/CODE_FUN_CS_013/CODE_FUN_CS_013.cs,47,baselines_work/cohorte/csharp/CODE_IDENT_CS_001/CODE_IDENT_CS_001.cs,0,0,0,0,0
4974,42,baselines_work/cohorte/csharp/CODE_FUN_CS_013/CODE_FUN_CS_013.cs,45,baselines_work/cohorte/csharp/CODE_IDENT_CS_001_COPY/CODE_IDENT_CS_001.cs,0,0,0,0,0
4977,42,baselines_work/cohorte/csharp/CODE_FUN_CS_013/CODE_FUN_CS_013.cs,51,baselines_work/cohorte/csharp/CODE_IDENT_CS_003/CODE_IDENT_CS_003.cs,0,0,0,0,0
4978,42,baselines_work/cohorte/csharp/CODE_FUN_CS_013/CODE_FUN_CS_013.cs,49,baselines_work/cohorte/csharp/CODE_IDENT_CS_003_COPY/CODE_IDENT_CS_003.cs,0,0,0,0,0
4981,42,baselines_work/cohorte/csharp/CODE_FUN_CS_013/CODE_FUN_CS_013.cs,53,baselines_work/cohorte/csharp/CODE_IDENT_CS_005/CODE_IDENT_CS_005.cs,0,0,0,0,0
4982,42,baselines_work/cohorte/csharp/CODE_FUN_CS_013/CODE_FUN_CS_013.cs,54,baselines_work/cohorte/csharp/CODE_IDENT_CS_005_COPY/CODE_IDENT_CS_005.cs,0,0,0,0,0
4987,42,baselines_work/cohorte/csharp/CODE_FUN_CS_013/CODE_FUN_CS_013.cs,58,baselines_work/cohorte/csharp/CODE_IDENT_CS_008/CODE_IDENT_CS_008.cs,0,0,0,0,0
4988,42,baselines_work/cohorte/csharp/CODE_FUN_CS_013/CODE_FUN_CS_013.cs,65,baselines_work/cohorte/csharp/CODE_IDENT_CS_008_COPY/CODE_IDENT_CS_008.cs,0,0,0,0,0
4993,42,baselines_work/cohorte/csharp/CODE_FUN_CS_013/CODE_FUN_CS_013.cs,66,baselines_work/cohorte/csharp/CODE_IDENT_CS_011/CODE_IDENT_CS_011.cs,0,0,0,0,0
4994,42,baselines_work/cohorte/csharp/CODE_FUN_CS_013/CODE_FUN_CS_013.cs,68,baselines_work/cohorte/csharp/CODE_IDENT_CS_011_COPY/CODE_IDENT_CS_011.cs,0,0,0,0,0
4999,42,baselines_work/cohorte/csharp/CODE_FUN_CS_013/CODE_FUN_CS_013.cs,72,baselines_work/cohorte/csharp/CODE_IDENT_CS_014/CODE_IDENT_CS_014.cs,0,0,0,0,0
5000,42,baselines_work/cohorte/csharp/CODE_FUN_CS_013/CODE_FUN_CS_013.cs,70,baselines_work/cohorte/csharp/CODE_IDENT_CS_014_COPY/CODE_IDENT_CS_014.cs,0,0,0,0,0
5001,42,baselines_work/cohorte/csharp/CODE_FUN_CS_013/CODE_FUN_CS_013.cs,73,baselines_work/cohorte/csharp/CODE_IDENT_CS_015/CODE_IDENT_CS_015.cs,0,0,0,0,0
5002,42,baselines_work/cohorte/csharp/CODE_FUN_CS_013/CODE_FUN_CS_013.cs,74,baselines_work/cohorte/csharp/CODE_IDENT_CS_015_COPY/CODE_IDENT_CS_015.cs,0,0,0,0,0
5004,43,baselines_work/cohorte/csharp/CODE_FUN_CS_014/CODE_FUN_CS_014.cs,47,baselines_work/cohorte/csharp/CODE_IDENT_CS_001/CODE_IDENT_CS_001.cs,0,0,0,0,0
5005,43,baselines_work/cohorte/csharp/CODE_FUN_CS_014/CODE_FUN_CS_014.cs,45,baselines_work/cohorte/csharp/CODE_IDENT_CS_001_COPY/CODE_IDENT_CS_001.cs,0,0,0,0,0
5012,43,baselines_work/cohorte/csharp/CODE_FUN_CS_014/CODE_FUN_CS_014.cs,53,baselines_work/cohorte/csharp/CODE_IDENT_CS_005/CODE_IDENT_CS_005.cs,0,0,0,0,0
5013,43,baselines_work/cohorte/csharp/CODE_FUN_CS_014/CODE_FUN_CS_014.cs,54,baselines_work/cohorte/csharp/CODE_IDENT_CS_005_COPY/CODE_IDENT_CS_005.cs,0,0,0,0,0
5014,43,baselines_work/cohorte/csharp/CODE_FUN_CS_014/CODE_FUN_CS_014.cs,60,baselines_work/cohorte/csharp/CODE_IDENT_CS_006/CODE_IDENT_CS_006.cs,0,0,0,0,0
5015,43,baselines_work/cohorte/csharp/CODE_FUN_CS_014/CODE_FUN_CS_014.cs,55,baselines_work/cohorte/csharp/CODE_IDENT_CS_006_COPY/CODE_IDENT_CS_006.cs,0,0,0,0,0
5016,43,baselines_work/cohorte/csharp/CODE_FUN_CS_014/CODE_FUN_CS_014.cs,56,baselines_work/cohorte/csharp/CODE_IDENT_CS_007/CODE_IDENT_CS_007.cs,0,0,0,0,0
5017,43,baselines_work/cohorte/csharp/CODE_FUN_CS_014/CODE_FUN_CS_014.cs,57,baselines_work/cohorte/csharp/CODE_IDENT_CS_007_COPY/CODE_IDENT_CS_007.cs,0,0,0,0,0
5018,43,baselines_work/cohorte/csharp/CODE_FUN_CS_014/CODE_FUN_CS_014.cs,58,baselines_work/cohorte/csharp/CODE_IDENT_CS_008/CODE_IDENT_CS_008.cs,0,0,0,0,0
5019,43,baselines_work/cohorte/csharp/CODE_FUN_CS_014/CODE_FUN_CS_014.cs,65,baselines_work/cohorte/csharp/CODE_IDENT_CS_008_COPY/CODE_IDENT_CS_008.cs,0,0,0,0,0
5022,43,baselines_work/cohorte/csharp/CODE_FUN_CS_014/CODE_FUN_CS_014.cs,64,baselines_work/cohorte/csharp/CODE_IDENT_CS_010/CODE_IDENT_CS_010.cs,0,0,0,0,0
5023,43,baselines_work/cohorte/csharp/CODE_FUN_CS_014/CODE_FUN_CS_014.cs,59,baselines_work/cohorte/csharp/CODE_IDENT_CS_010_COPY/CODE_IDENT_CS_010.cs,0,0,0,0,0
5024,43,baselines_work/cohorte/csharp/CODE_FUN_CS_014/CODE_FUN_CS_014.cs,66,baselines_work/cohorte/csharp/CODE_IDENT_CS_011/CODE_IDENT_CS_011.cs,0,0,0,0,0
5025,43,baselines_work/cohorte/csharp/CODE_FUN_CS_014/CODE_FUN_CS_014.cs,68,baselines_work/cohorte/csharp/CODE_IDENT_CS_011_COPY/CODE_IDENT_CS_011.cs,0,0,0,0,0
5026,43,baselines_work/cohorte/csharp/CODE_FUN_CS_014/CODE_FUN_CS_014.cs,63,baselines_work/cohorte/csharp/CODE_IDENT_CS_012/CODE_IDENT_CS_012.cs,0,0,0,0,0
5027,43,baselines_work/cohorte/csharp/CODE_FUN_CS_014/CODE_FUN_CS_014.cs,67,baselines_work/cohorte/csharp/CODE_IDENT_CS_012_COPY/CODE_IDENT_CS_012.cs,0,0,0,0,0
5028,43,baselines_work/cohorte/csharp/CODE_FUN_CS_014/CODE_FUN_CS_014.cs,69,baselines_work/cohorte/csharp/CODE_IDENT_CS_013/CODE_IDENT_CS_013.cs,0,0,0,0,0
5029,43,baselines_work/cohorte/csharp/CODE_FUN_CS_014/CODE_FUN_CS_014.cs,71,baselines_work/cohorte/csharp/CODE_IDENT_CS_013_COPY/CODE_IDENT_CS_013.cs,0,0,0,0,0
5034,44,baselines_work/cohorte/csharp/CODE_FUN_CS_015/CODE_FUN_CS_015.cs,47,baselines_work/cohorte/csharp/CODE_IDENT_CS_001/CODE_IDENT_CS_001.cs,0,0,0,0,0
5035,44,baselines_work/cohorte/csharp/CODE_FUN_CS_015/CODE_FUN_CS_015.cs,45,baselines_work/cohorte/csharp/CODE_IDENT_CS_001_COPY/CODE_IDENT_CS_001.cs,0,0,0,0,0
5042,44,baselines_work/cohorte/csharp/CODE_FUN_CS_015/CODE_FUN_CS_015.cs,53,baselines_work/cohorte/csharp/CODE_IDENT_CS_005/CODE_IDENT_CS_005.cs,0,0,0,0,0
5043,44,baselines_work/cohorte/csharp/CODE_FUN_CS_015/CODE_FUN_CS_015.cs,54,baselines_work/cohorte/csharp/CODE_IDENT_CS_005_COPY/CODE_IDENT_CS_005.cs,0,0,0,0,0
5044,44,baselines_work/cohorte/csharp/CODE_FUN_CS_015/CODE_FUN_CS_015.cs,60,baselines_work/cohorte/csharp/CODE_IDENT_CS_006/CODE_IDENT_CS_006.cs,0,0,0,0,0
5045,44,baselines_work/cohorte/csharp/CODE_FUN_CS_015/CODE_FUN_CS_015.cs,55,baselines_work/cohorte/csharp/CODE_IDENT_CS_006_COPY/CODE_IDENT_CS_006.cs,0,0,0,0,0
5048,44,baselines_work/cohorte/csharp/CODE_FUN_CS_015/CODE_FUN_CS_015.cs,58,baselines_work/cohorte/csharp/CODE_IDENT_CS_008/CODE_IDENT_CS_008.cs,0,0,0,0,0
5049,44,baselines_work/cohorte/csharp/CODE_FUN_CS_015/CODE_FUN_CS_015.cs,65,baselines_work/cohorte/csharp/CODE_IDENT_CS_008_COPY/CODE_IDENT_CS_008.cs,0,0,0,0,0
5050,44,baselines_work/cohorte/csharp/CODE_FUN_CS_015/CODE_FUN_CS_015.cs,62,baselines_work/cohorte/csharp/CODE_IDENT_CS_009/CODE_IDENT_CS_009.cs,0,0,0,0,0
5051,44,baselines_work/cohorte/csharp/CODE_FUN_CS_015/CODE_FUN_CS_015.cs,61,baselines_work/cohorte/csharp/CODE_IDENT_CS_009_COPY/CODE_IDENT_CS_009.cs,0,0,0,0,0
5052,44,baselines_work/cohorte/csharp/CODE_FUN_CS_015/CODE_FUN_CS_015.cs,64,baselines_work/cohorte/csharp/CODE_IDENT_CS_010/CODE_IDENT_CS_010.cs,0,0,0,0,0
5053,44,baselines_work/cohorte/csharp/CODE_FUN_CS_015/CODE_FUN_CS_015.cs,59,baselines_work/cohorte/csharp/CODE_IDENT_CS_010_COPY/CODE_IDENT_CS_010.cs,0,0,0,0,0
5054,44,baselines_work/cohorte/csharp/CODE_FUN_CS_015/CODE_FUN_CS_015.cs,66,baselines_work/cohorte/csharp/CODE_IDENT_CS_011/CODE_IDENT_CS_011.cs,0,0,0,0,0
5055,44,baselines_work/cohorte/csharp/CODE_FUN_CS_015/CODE_FUN_CS_015.cs,68,baselines_work/cohorte/csharp/CODE_IDENT_CS_011_COPY/CODE_IDENT_CS_011.cs,0,0,0,0,0
5056,44,baselines_work/cohorte/csharp/CODE_FUN_CS_015/CODE_FUN_CS_015.cs,63,baselines_work/cohorte/csharp/CODE_IDENT_CS_012/CODE_IDENT_CS_012.cs,0,0,0,0,0
5057,44,baselines_work/cohorte/csharp/CODE_FUN_CS_015/CODE_FUN_CS_015.cs,67,baselines_work/cohorte/csharp/CODE_IDENT_CS_012_COPY/CODE_IDENT_CS_012.cs,0,0,0,0,0
5058,44,baselines_work/cohorte/csharp/CODE_FUN_CS_015/CODE_FUN_CS_015.cs,69,baselines_work/cohorte/csharp/CODE_IDENT_CS_013/CODE_IDENT_CS_013.cs,0,0,0,0,0
5059,44,baselines_work/cohorte/csharp/CODE_FUN_CS_015/CODE_FUN_CS_015.cs,71,baselines_work/cohorte/csharp/CODE_IDENT_CS_013_COPY/CODE_IDENT_CS_013.cs,0,0,0,0,0
5065,47,baselines_work/cohorte/csharp/CODE_IDENT_CS_001/CODE_IDENT_CS_001.cs,46,baselines_work/cohorte/csharp/CODE_IDENT_CS_002/CODE_IDENT_CS_002.cs,0,0,0,0,0
5066,47,baselines_work/cohorte/csharp/CODE_IDENT_CS_001/CODE_IDENT_CS_001.cs,48,baselines_work/cohorte/csharp/CODE_IDENT_CS_002_COPY/CODE_IDENT_CS_002.cs,0,0,0,0,0
5067,47,baselines_work/cohorte/csharp/CODE_IDENT_CS_001/CODE_IDENT_CS_001.cs,51,baselines_work/cohorte/csharp/CODE_IDENT_CS_003/CODE_IDENT_CS_003.cs,0,0,0,0,0
5068,47,baselines_work/cohorte/csharp/CODE_IDENT_CS_001/CODE_IDENT_CS_001.cs,49,baselines_work/cohorte/csharp/CODE_IDENT_CS_003_COPY/CODE_IDENT_CS_003.cs,0,0,0,0,0
5071,47,baselines_work/cohorte/csharp/CODE_IDENT_CS_001/CODE_IDENT_CS_001.cs,53,baselines_work/cohorte/csharp/CODE_IDENT_CS_005/CODE_IDENT_CS_005.cs,0,0,0,0,0
5072,47,baselines_work/cohorte/csharp/CODE_IDENT_CS_001/CODE_IDENT_CS_001.cs,54,baselines_work/cohorte/csharp/CODE_IDENT_CS_005_COPY/CODE_IDENT_CS_005.cs,0,0,0,0,0
5073,47,baselines_work/cohorte/csharp/CODE_IDENT_CS_001/CODE_IDENT_CS_001.cs,60,baselines_work/cohorte/csharp/CODE_IDENT_CS_006/CODE_IDENT_CS_006.cs,0,0,0,0,0
5074,47,baselines_work/cohorte/csharp/CODE_IDENT_CS_001/CODE_IDENT_CS_001.cs,55,baselines_work/cohorte/csharp/CODE_IDENT_CS_006_COPY/CODE_IDENT_CS_006.cs,0,0,0,0,0
5075,47,baselines_work/cohorte/csharp/CODE_IDENT_CS_001/CODE_IDENT_CS_001.cs,56,baselines_work/cohorte/csharp/CODE_IDENT_CS_007/CODE_IDENT_CS_007.cs,0,0,0,0,0
5076,47,baselines_work/cohorte/csharp/CODE_IDENT_CS_001/CODE_IDENT_CS_001.cs,57,baselines_work/cohorte/csharp/CODE_IDENT_CS_007_COPY/CODE_IDENT_CS_007.cs,0,0,0,0,0
5077,47,baselines_work/cohorte/csharp/CODE_IDENT_CS_001/CODE_IDENT_CS_001.cs,58,baselines_work/cohorte/csharp/CODE_IDENT_CS_008/CODE_IDENT_CS_008.cs,0,0,0,0,0
5078,47,baselines_work/cohorte/csharp/CODE_IDENT_CS_001/CODE_IDENT_CS_001.cs,65,baselines_work/cohorte/csharp/CODE_IDENT_CS_008_COPY/CODE_IDENT_CS_008.cs,0,0,0,0,0
5079,47,baselines_work/cohorte/csharp/CODE_IDENT_CS_001/CODE_IDENT_CS_001.cs,62,baselines_work/cohorte/csharp/CODE_IDENT_CS_009/CODE_IDENT_CS_009.cs,0,0,0,0,0
5080,47,baselines_work/cohorte/csharp/CODE_IDENT_CS_001/CODE_IDENT_CS_001.cs,61,baselines_work/cohorte/csharp/CODE_IDENT_CS_009_COPY/CODE_IDENT_CS_009.cs,0,0,0,0,0
5081,47,baselines_work/cohorte/csharp/CODE_IDENT_CS_001/CODE_IDENT_CS_001.cs,64,baselines_work/cohorte/csharp/CODE_IDENT_CS_010/CODE_IDENT_CS_010.cs,0,0,0,0,0
5082,47,baselines_work/cohorte/csharp/CODE_IDENT_CS_001/CODE_IDENT_CS_001.cs,59,baselines_work/cohorte/csharp/CODE_IDENT_CS_010_COPY/CODE_IDENT_CS_010.cs,0,0,0,0,0
5083,47,baselines_work/cohorte/csharp/CODE_IDENT_CS_001/CODE_IDENT_CS_001.cs,66,baselines_work/cohorte/csharp/CODE_IDENT_CS_011/CODE_IDENT_CS_011.cs,0,0,0,0,0
5084,47,baselines_work/cohorte/csharp/CODE_IDENT_CS_001/CODE_IDENT_CS_001.cs,68,baselines_work/cohorte/csharp/CODE_IDENT_CS_011_COPY/CODE_IDENT_CS_011.cs,0,0,0,0,0
5085,47,baselines_work/cohorte/csharp/CODE_IDENT_CS_001/CODE_IDENT_CS_001.cs,63,baselines_work/cohorte/csharp/CODE_IDENT_CS_012/CODE_IDENT_CS_012.cs,0,0,0,0,0
5086,47,baselines_work/cohorte/csharp/CODE_IDENT_CS_001/CODE_IDENT_CS_001.cs,67,baselines_work/cohorte/csharp/CODE_IDENT_CS_012_COPY/CODE_IDENT_CS_012.cs,0,0,0,0,0
5087,47,baselines_work/cohorte/csharp/CODE_IDENT_CS_001/CODE_IDENT_CS_001.cs,69,baselines_work/cohorte/csharp/CODE_IDENT_CS_013/CODE_IDENT_CS_013.cs,0,0,0,0,0
5088,47,baselines_work/cohorte/csharp/CODE_IDENT_CS_001/CODE_IDENT_CS_001.cs,71,baselines_work/cohorte/csharp/CODE_IDENT_CS_013_COPY/CODE_IDENT_CS_013.cs,0,0,0,0,0
5089,47,baselines_work/cohorte/csharp/CODE_IDENT_CS_001/CODE_IDENT_CS_001.cs,72,baselines_work/cohorte/csharp/CODE_IDENT_CS_014/CODE_IDENT_CS_014.cs,0,0,0,0,0
5090,47,baselines_work/cohorte/csharp/CODE_IDENT_CS_001/CODE_IDENT_CS_001.cs,70,baselines_work/cohorte/csharp/CODE_IDENT_CS_014_COPY/CODE_IDENT_CS_014.cs,0,0,0,0,0
5091,47,baselines_work/cohorte/csharp/CODE_IDENT_CS_001/CODE_IDENT_CS_001.cs,73,baselines_work/cohorte/csharp/CODE_IDENT_CS_015/CODE_IDENT_CS_015.cs,0,0,0,0,0
5092,47,baselines_work/cohorte/csharp/CODE_IDENT_CS_001/CODE_IDENT_CS_001.cs,74,baselines_work/cohorte/csharp/CODE_IDENT_CS_015_COPY/CODE_IDENT_CS_015.cs,0,0,0,0,0
5093,45,baselines_work/cohorte/csharp/CODE_IDENT_CS_001_COPY/CODE_IDENT_CS_001.cs,46,baselines_work/cohorte/csharp/CODE_IDENT_CS_002/CODE_IDENT_CS_002.cs,0,0,0,0,0
5094,45,baselines_work/cohorte/csharp/CODE_IDENT_CS_001_COPY/CODE_IDENT_CS_001.cs,48,baselines_work/cohorte/csharp/CODE_IDENT_CS_002_COPY/CODE_IDENT_CS_002.cs,0,0,0,0,0
5095,45,baselines_work/cohorte/csharp/CODE_IDENT_CS_001_COPY/CODE_IDENT_CS_001.cs,51,baselines_work/cohorte/csharp/CODE_IDENT_CS_003/CODE_IDENT_CS_003.cs,0,0,0,0,0
5096,45,baselines_work/cohorte/csharp/CODE_IDENT_CS_001_COPY/CODE_IDENT_CS_001.cs,49,baselines_work/cohorte/csharp/CODE_IDENT_CS_003_COPY/CODE_IDENT_CS_003.cs,0,0,0,0,0
5099,45,baselines_work/cohorte/csharp/CODE_IDENT_CS_001_COPY/CODE_IDENT_CS_001.cs,53,baselines_work/cohorte/csharp/CODE_IDENT_CS_005/CODE_IDENT_CS_005.cs,0,0,0,0,0
5100,45,baselines_work/cohorte/csharp/CODE_IDENT_CS_001_COPY/CODE_IDENT_CS_001.cs,54,baselines_work/cohorte/csharp/CODE_IDENT_CS_005_COPY/CODE_IDENT_CS_005.cs,0,0,0,0,0
5101,45,baselines_work/cohorte/csharp/CODE_IDENT_CS_001_COPY/CODE_IDENT_CS_001.cs,60,baselines_work/cohorte/csharp/CODE_IDENT_CS_006/CODE_IDENT_CS_006.cs,0,0,0,0,0
5102,45,baselines_work/cohorte/csharp/CODE_IDENT_CS_001_COPY/CODE_IDENT_CS_001.cs,55,baselines_work/cohorte/csharp/CODE_IDENT_CS_006_COPY/CODE_IDENT_CS_006.cs,0,0,0,0,0
5103,45,baselines_work/cohorte/csharp/CODE_IDENT_CS_001_COPY/CODE_IDENT_CS_001.cs,56,baselines_work/cohorte/csharp/CODE_IDENT_CS_007/CODE_IDENT_CS_007.cs,0,0,0,0,0
5104,45,baselines_work/cohorte/csharp/CODE_IDENT_CS_001_COPY/CODE_IDENT_CS_001.cs,57,baselines_work/cohorte/csharp/CODE_IDENT_CS_007_COPY/CODE_IDENT_CS_007.cs,0,0,0,0,0
5105,45,baselines_work/cohorte/csharp/CODE_IDENT_CS_001_COPY/CODE_IDENT_CS_001.cs,58,baselines_work/cohorte/csharp/CODE_IDENT_CS_008/CODE_IDENT_CS_008.cs,0,0,0,0,0
5106,45,baselines_work/cohorte/csharp/CODE_IDENT_CS_001_COPY/CODE_IDENT_CS_001.cs,65,baselines_work/cohorte/csharp/CODE_IDENT_CS_008_COPY/CODE_IDENT_CS_008.cs,0,0,0,0,0
5107,45,baselines_work/cohorte/csharp/CODE_IDENT_CS_001_COPY/CODE_IDENT_CS_001.cs,62,baselines_work/cohorte/csharp/CODE_IDENT_CS_009/CODE_IDENT_CS_009.cs,0,0,0,0,0
5108,45,baselines_work/cohorte/csharp/CODE_IDENT_CS_001_COPY/CODE_IDENT_CS_001.cs,61,baselines_work/cohorte/csharp/CODE_IDENT_CS_009_COPY/CODE_IDENT_CS_009.cs,0,0,0,0,0
5109,45,baselines_work/cohorte/csharp/CODE_IDENT_CS_001_COPY/CODE_IDENT_CS_001.cs,64,baselines_work/cohorte/csharp/CODE_IDENT_CS_010/CODE_IDENT_CS_010.cs,0,0,0,0,0
5110,45,baselines_work/cohorte/csharp/CODE_IDENT_CS_001_COPY/CODE_IDENT_CS_001.cs,59,baselines_work/cohorte/csharp/CODE_IDENT_CS_010_COPY/CODE_IDENT_CS_010.cs,0,0,0,0,0
5111,45,baselines_work/cohorte/csharp/CODE_IDENT_CS_001_COPY/CODE_IDENT_CS_001.cs,66,baselines_work/cohorte/csharp/CODE_IDENT_CS_011/CODE_IDENT_CS_011.cs,0,0,0,0,0
5112,45,baselines_work/cohorte/csharp/CODE_IDENT_CS_001_COPY/CODE_IDENT_CS_001.cs,68,baselines_work/cohorte/csharp/CODE_IDENT_CS_011_COPY/CODE_IDENT_CS_011.cs,0,0,0,0,0
5113,45,baselines_work/cohorte/csharp/CODE_IDENT_CS_001_COPY/CODE_IDENT_CS_001.cs,63,baselines_work/cohorte/csharp/CODE_IDENT_CS_012/CODE_IDENT_CS_012.cs,0,0,0,0,0
5114,45,baselines_work/cohorte/csharp/CODE_IDENT_CS_001_COPY/CODE_IDENT_CS_001.cs,67,baselines_work/cohorte/csharp/CODE_IDENT_CS_012_COPY/CODE_IDENT_CS_012.cs,0,0,0,0,0
5115,45,baselines_work/cohorte/csharp/CODE_IDENT_CS_001_COPY/CODE_IDENT_CS_001.cs,69,baselines_work/cohorte/csharp/CODE_IDENT_CS_013/CODE_IDENT_CS_013.cs,0,0,0,0,0
5116,45,baselines_work/cohorte/csharp/CODE_IDENT_CS_001_COPY/CODE_IDENT_CS_001.cs,71,baselines_work/cohorte/csharp/CODE_IDENT_CS_013_COPY/CODE_IDENT_CS_013.cs,0,0,0,0,0
5117,45,baselines_work/cohorte/csharp/CODE_IDENT_CS_001_COPY/CODE_IDENT_CS_001.cs,72,baselines_work/cohorte/csharp/CODE_IDENT_CS_014/CODE_IDENT_CS_014.cs,0,0,0,0,0
5118,45,baselines_work/cohorte/csharp/CODE_IDENT_CS_001_COPY/CODE_IDENT_CS_001.cs,70,baselines_work/cohorte/csharp/CODE_IDENT_CS_014_COPY/CODE_IDENT_CS_014.cs,0,0,0,0,0
5119,45,baselines_work/cohorte/csharp/CODE_IDENT_CS_001_COPY/CODE_IDENT_CS_001.cs,73,baselines_work/cohorte/csharp/CODE_IDENT_CS_015/CODE_IDENT_CS_015.cs,0,0,0,0,0
5120,45,baselines_work/cohorte/csharp/CODE_IDENT_CS_001_COPY/CODE_IDENT_CS_001.cs,74,baselines_work/cohorte/csharp/CODE_IDENT_CS_015_COPY/CODE_IDENT_CS_015.cs,0,0,0,0,0
5124,46,baselines_work/cohorte/csharp/CODE_IDENT_CS_002/CODE_IDENT_CS_002.cs,52,baselines_work/cohorte/csharp/CODE_IDENT_CS_004/CODE_IDENT_CS_004.cs,0,0,0,0,0
5125,46,baselines_work/cohorte/csharp/CODE_IDENT_CS_002/CODE_IDENT_CS_002.cs,50,baselines_work/cohorte/csharp/CODE_IDENT_CS_004_COPY/CODE_IDENT_CS_004.cs,0,0,0,0,0
5126,46,baselines_work/cohorte/csharp/CODE_IDENT_CS_002/CODE_IDENT_CS_002.cs,53,baselines_work/cohorte/csharp/CODE_IDENT_CS_005/CODE_IDENT_CS_005.cs,0,0,0,0,0
5127,46,baselines_work/cohorte/csharp/CODE_IDENT_CS_002/CODE_IDENT_CS_002.cs,54,baselines_work/cohorte/csharp/CODE_IDENT_CS_005_COPY/CODE_IDENT_CS_005.cs,0,0,0,0,0
5128,46,baselines_work/cohorte/csharp/CODE_IDENT_CS_002/CODE_IDENT_CS_002.cs,60,baselines_work/cohorte/csharp/CODE_IDENT_CS_006/CODE_IDENT_CS_006.cs,0,0,0,0,0
5129,46,baselines_work/cohorte/csharp/CODE_IDENT_CS_002/CODE_IDENT_CS_002.cs,55,baselines_work/cohorte/csharp/CODE_IDENT_CS_006_COPY/CODE_IDENT_CS_006.cs,0,0,0,0,0
5130,46,baselines_work/cohorte/csharp/CODE_IDENT_CS_002/CODE_IDENT_CS_002.cs,56,baselines_work/cohorte/csharp/CODE_IDENT_CS_007/CODE_IDENT_CS_007.cs,0,0,0,0,0
5131,46,baselines_work/cohorte/csharp/CODE_IDENT_CS_002/CODE_IDENT_CS_002.cs,57,baselines_work/cohorte/csharp/CODE_IDENT_CS_007_COPY/CODE_IDENT_CS_007.cs,0,0,0,0,0
5132,46,baselines_work/cohorte/csharp/CODE_IDENT_CS_002/CODE_IDENT_CS_002.cs,58,baselines_work/cohorte/csharp/CODE_IDENT_CS_008/CODE_IDENT_CS_008.cs,0,0,0,0,0
5133,46,baselines_work/cohorte/csharp/CODE_IDENT_CS_002/CODE_IDENT_CS_002.cs,65,baselines_work/cohorte/csharp/CODE_IDENT_CS_008_COPY/CODE_IDENT_CS_008.cs,0,0,0,0,0
5136,46,baselines_work/cohorte/csharp/CODE_IDENT_CS_002/CODE_IDENT_CS_002.cs,64,baselines_work/cohorte/csharp/CODE_IDENT_CS_010/CODE_IDENT_CS_010.cs,0,0,0,0,0
5137,46,baselines_work/cohorte/csharp/CODE_IDENT_CS_002/CODE_IDENT_CS_002.cs,59,baselines_work/cohorte/csharp/CODE_IDENT_CS_010_COPY/CODE_IDENT_CS_010.cs,0,0,0,0,0
5138,46,baselines_work/cohorte/csharp/CODE_IDENT_CS_002/CODE_IDENT_CS_002.cs,66,baselines_work/cohorte/csharp/CODE_IDENT_CS_011/CODE_IDENT_CS_011.cs,0,0,0,0,0
5139,46,baselines_work/cohorte/csharp/CODE_IDENT_CS_002/CODE_IDENT_CS_002.cs,68,baselines_work/cohorte/csharp/CODE_IDENT_CS_011_COPY/CODE_IDENT_CS_011.cs,0,0,0,0,0
5140,46,baselines_work/cohorte/csharp/CODE_IDENT_CS_002/CODE_IDENT_CS_002.cs,63,baselines_work/cohorte/csharp/CODE_IDENT_CS_012/CODE_IDENT_CS_012.cs,0,0,0,0,0
5141,46,baselines_work/cohorte/csharp/CODE_IDENT_CS_002/CODE_IDENT_CS_002.cs,67,baselines_work/cohorte/csharp/CODE_IDENT_CS_012_COPY/CODE_IDENT_CS_012.cs,0,0,0,0,0
5142,46,baselines_work/cohorte/csharp/CODE_IDENT_CS_002/CODE_IDENT_CS_002.cs,69,baselines_work/cohorte/csharp/CODE_IDENT_CS_013/CODE_IDENT_CS_013.cs,0,0,0,0,0
5143,46,baselines_work/cohorte/csharp/CODE_IDENT_CS_002/CODE_IDENT_CS_002.cs,71,baselines_work/cohorte/csharp/CODE_IDENT_CS_013_COPY/CODE_IDENT_CS_013.cs,0,0,0,0,0
5144,46,baselines_work/cohorte/csharp/CODE_IDENT_CS_002/CODE_IDENT_CS_002.cs,72,baselines_work/cohorte/csharp/CODE_IDENT_CS_014/CODE_IDENT_CS_014.cs,0,0,0,0,0
5145,46,baselines_work/cohorte/csharp/CODE_IDENT_CS_002/CODE_IDENT_CS_002.cs,70,baselines_work/cohorte/csharp/CODE_IDENT_CS_014_COPY/CODE_IDENT_CS_014.cs,0,0,0,0,0
5146,46,baselines_work/cohorte/csharp/CODE_IDENT_CS_002/CODE_IDENT_CS_002.cs,73,baselines_work/cohorte/csharp/CODE_IDENT_CS_015/CODE_IDENT_CS_015.cs,0,0,0,0,0
5147,46,baselines_work/cohorte/csharp/CODE_IDENT_CS_002/CODE_IDENT_CS_002.cs,74,baselines_work/cohorte/csharp/CODE_IDENT_CS_015_COPY/CODE_IDENT_CS_015.cs,0,0,0,0,0
5150,48,baselines_work/cohorte/csharp/CODE_IDENT_CS_002_COPY/CODE_IDENT_CS_002.cs,52,baselines_work/cohorte/csharp/CODE_IDENT_CS_004/CODE_IDENT_CS_004.cs,0,0,0,0,0
5151,48,baselines_work/cohorte/csharp/CODE_IDENT_CS_002_COPY/CODE_IDENT_CS_002.cs,50,baselines_work/cohorte/csharp/CODE_IDENT_CS_004_COPY/CODE_IDENT_CS_004.cs,0,0,0,0,0
5152,48,baselines_work/cohorte/csharp/CODE_IDENT_CS_002_COPY/CODE_IDENT_CS_002.cs,53,baselines_work/cohorte/csharp/CODE_IDENT_CS_005/CODE_IDENT_CS_005.cs,0,0,0,0,0
5153,48,baselines_work/cohorte/csharp/CODE_IDENT_CS_002_COPY/CODE_IDENT_CS_002.cs,54,baselines_work/cohorte/csharp/CODE_IDENT_CS_005_COPY/CODE_IDENT_CS_005.cs,0,0,0,0,0
5154,48,baselines_work/cohorte/csharp/CODE_IDENT_CS_002_COPY/CODE_IDENT_CS_002.cs,60,baselines_work/cohorte/csharp/CODE_IDENT_CS_006/CODE_IDENT_CS_006.cs,0,0,0,0,0
5155,48,baselines_work/cohorte/csharp/CODE_IDENT_CS_002_COPY/CODE_IDENT_CS_002.cs,55,baselines_work/cohorte/csharp/CODE_IDENT_CS_006_COPY/CODE_IDENT_CS_006.cs,0,0,0,0,0
5156,48,baselines_work/cohorte/csharp/CODE_IDENT_CS_002_COPY/CODE_IDENT_CS_002.cs,56,baselines_work/cohorte/csharp/CODE_IDENT_CS_007/CODE_IDENT_CS_007.cs,0,0,0,0,0
5157,48,baselines_work/cohorte/csharp/CODE_IDENT_CS_002_COPY/CODE_IDENT_CS_002.cs,57,baselines_work/cohorte/csharp/CODE_IDENT_CS_007_COPY/CODE_IDENT_CS_007.cs,0,0,0,0,0
5158,48,baselines_work/cohorte/csharp/CODE_IDENT_CS_002_COPY/CODE_IDENT_CS_002.cs,58,baselines_work/cohorte/csharp/CODE_IDENT_CS_008/CODE_IDENT_CS_008.cs,0,0,0,0,0
5159,48,baselines_work/cohorte/csharp/CODE_IDENT_CS_002_COPY/CODE_IDENT_CS_002.cs,65,baselines_work/cohorte/csharp/CODE_IDENT_CS_008_COPY/CODE_IDENT_CS_008.cs,0,0,0,0,0
5162,48,baselines_work/cohorte/csharp/CODE_IDENT_CS_002_COPY/CODE_IDENT_CS_002.cs,64,baselines_work/cohorte/csharp/CODE_IDENT_CS_010/CODE_IDENT_CS_010.cs,0,0,0,0,0
5163,48,baselines_work/cohorte/csharp/CODE_IDENT_CS_002_COPY/CODE_IDENT_CS_002.cs,59,baselines_work/cohorte/csharp/CODE_IDENT_CS_010_COPY/CODE_IDENT_CS_010.cs,0,0,0,0,0
5164,48,baselines_work/cohorte/csharp/CODE_IDENT_CS_002_COPY/CODE_IDENT_CS_002.cs,66,baselines_work/cohorte/csharp/CODE_IDENT_CS_011/CODE_IDENT_CS_011.cs,0,0,0,0,0
5165,48,baselines_work/cohorte/csharp/CODE_IDENT_CS_002_COPY/CODE_IDENT_CS_002.cs,68,baselines_work/cohorte/csharp/CODE_IDENT_CS_011_COPY/CODE_IDENT_CS_011.cs,0,0,0,0,0
5166,48,baselines_work/cohorte/csharp/CODE_IDENT_CS_002_COPY/CODE_IDENT_CS_002.cs,63,baselines_work/cohorte/csharp/CODE_IDENT_CS_012/CODE_IDENT_CS_012.cs,0,0,0,0,0
5167,48,baselines_work/cohorte/csharp/CODE_IDENT_CS_002_COPY/CODE_IDENT_CS_002.cs,67,baselines_work/cohorte/csharp/CODE_IDENT_CS_012_COPY/CODE_IDENT_CS_012.cs,0,0,0,0,0
5168,48,baselines_work/cohorte/csharp/CODE_IDENT_CS_002_COPY/CODE_IDENT_CS_002.cs,69,baselines_work/cohorte/csharp/CODE_IDENT_CS_013/CODE_IDENT_CS_013.cs,0,0,0,0,0
5169,48,baselines_work/cohorte/csharp/CODE_IDENT_CS_002_COPY/CODE_IDENT_CS_002.cs,71,baselines_work/cohorte/csharp/CODE_IDENT_CS_013_COPY/CODE_IDENT_CS_013.cs,0,0,0,0,0
5170,48,baselines_work/cohorte/csharp/CODE_IDENT_CS_002_COPY/CODE_IDENT_CS_002.cs,72,baselines_work/cohorte/csharp/CODE_IDENT_CS_014/CODE_IDENT_CS_014.cs,0,0,0,0,0
5171,48,baselines_work/cohorte/csharp/CODE_IDENT_CS_002_COPY/CODE_IDENT_CS_002.cs,70,baselines_work/cohorte/csharp/CODE_IDENT_CS_014_COPY/CODE_IDENT_CS_014.cs,0,0,0,0,0
5172,48,baselines_work/cohorte/csharp/CODE_IDENT_CS_002_COPY/CODE_IDENT_CS_002.cs,73,baselines_work/cohorte/csharp/CODE_IDENT_CS_015/CODE_IDENT_CS_015.cs,0,0,0,0,0
5173,48,baselines_work/cohorte/csharp/CODE_IDENT_CS_002_COPY/CODE_IDENT_CS_002.cs,74,baselines_work/cohorte/csharp/CODE_IDENT_CS_015_COPY/CODE_IDENT_CS_015.cs,0,0,0,0,0
5175,51,baselines_work/cohorte/csharp/CODE_IDENT_CS_003/CODE_IDENT_CS_003.cs,52,baselines_work/cohorte/csharp/CODE_IDENT_CS_004/CODE_IDENT_CS_004.cs,0,0,0,0,0
5176,51,baselines_work/cohorte/csharp/CODE_IDENT_CS_003/CODE_IDENT_CS_003.cs,50,baselines_work/cohorte/csharp/CODE_IDENT_CS_004_COPY/CODE_IDENT_CS_004.cs,0,0,0,0,0
5177,51,baselines_work/cohorte/csharp/CODE_IDENT_CS_003/CODE_IDENT_CS_003.cs,53,baselines_work/cohorte/csharp/CODE_IDENT_CS_005/CODE_IDENT_CS_005.cs,0,0,0,0,0
5178,51,baselines_work/cohorte/csharp/CODE_IDENT_CS_003/CODE_IDENT_CS_003.cs,54,baselines_work/cohorte/csharp/CODE_IDENT_CS_005_COPY/CODE_IDENT_CS_005.cs,0,0,0,0,0
5179,51,baselines_work/cohorte/csharp/CODE_IDENT_CS_003/CODE_IDENT_CS_003.cs,60,baselines_work/cohorte/csharp/CODE_IDENT_CS_006/CODE_IDENT_CS_006.cs,0,0,0,0,0
5180,51,baselines_work/cohorte/csharp/CODE_IDENT_CS_003/CODE_IDENT_CS_003.cs,55,baselines_work/cohorte/csharp/CODE_IDENT_CS_006_COPY/CODE_IDENT_CS_006.cs,0,0,0,0,0
5181,51,baselines_work/cohorte/csharp/CODE_IDENT_CS_003/CODE_IDENT_CS_003.cs,56,baselines_work/cohorte/csharp/CODE_IDENT_CS_007/CODE_IDENT_CS_007.cs,0,0,0,0,0
5182,51,baselines_work/cohorte/csharp/CODE_IDENT_CS_003/CODE_IDENT_CS_003.cs,57,baselines_work/cohorte/csharp/CODE_IDENT_CS_007_COPY/CODE_IDENT_CS_007.cs,0,0,0,0,0
5185,51,baselines_work/cohorte/csharp/CODE_IDENT_CS_003/CODE_IDENT_CS_003.cs,62,baselines_work/cohorte/csharp/CODE_IDENT_CS_009/CODE_IDENT_CS_009.cs,0,0,0,0,0
5186,51,baselines_work/cohorte/csharp/CODE_IDENT_CS_003/CODE_IDENT_CS_003.cs,61,baselines_work/cohorte/csharp/CODE_IDENT_CS_009_COPY/CODE_IDENT_CS_009.cs,0,0,0,0,0
5191,51,baselines_work/cohorte/csharp/CODE_IDENT_CS_003/CODE_IDENT_CS_003.cs,63,baselines_work/cohorte/csharp/CODE_IDENT_CS_012/CODE_IDENT_CS_012.cs,0,0,0,0,0
5192,51,baselines_work/cohorte/csharp/CODE_IDENT_CS_003/CODE_IDENT_CS_003.cs,67,baselines_work/cohorte/csharp/CODE_IDENT_CS_012_COPY/CODE_IDENT_CS_012.cs,0,0,0,0,0
5195,51,baselines_work/cohorte/csharp/CODE_IDENT_CS_003/CODE_IDENT_CS_003.cs,72,baselines_work/cohorte/csharp/CODE_IDENT_CS_014/CODE_IDENT_CS_014.cs,0,0,0,0,0
5196,51,baselines_work/cohorte/csharp/CODE_IDENT_CS_003/CODE_IDENT_CS_003.cs,70,baselines_work/cohorte/csharp/CODE_IDENT_CS_014_COPY/CODE_IDENT_CS_014.cs,0,0,0,0,0
5197,51,baselines_work/cohorte/csharp/CODE_IDENT_CS_003/CODE_IDENT_CS_003.cs,73,baselines_work/cohorte/csharp/CODE_IDENT_CS_015/CODE_IDENT_CS_015.cs,0,0,0,0,0
5198,51,baselines_work/cohorte/csharp/CODE_IDENT_CS_003/CODE_IDENT_CS_003.cs,74,baselines_work/cohorte/csharp/CODE_IDENT_CS_015_COPY/CODE_IDENT_CS_015.cs,0,0,0,0,0
5199,49,baselines_work/cohorte/csharp/CODE_IDENT_CS_003_COPY/CODE_IDENT_CS_003.cs,52,baselines_work/cohorte/csharp/CODE_IDENT_CS_004/CODE_IDENT_CS_004.cs,0,0,0,0,0
5200,49,baselines_work/cohorte/csharp/CODE_IDENT_CS_003_COPY/CODE_IDENT_CS_003.cs,50,baselines_work/cohorte/csharp/CODE_IDENT_CS_004_COPY/CODE_IDENT_CS_004.cs,0,0,0,0,0
5201,49,baselines_work/cohorte/csharp/CODE_IDENT_CS_003_COPY/CODE_IDENT_CS_003.cs,53,baselines_work/cohorte/csharp/CODE_IDENT_CS_005/CODE_IDENT_CS_005.cs,0,0,0,0,0
5202,49,baselines_work/cohorte/csharp/CODE_IDENT_CS_003_COPY/CODE_IDENT_CS_003.cs,54,baselines_work/cohorte/csharp/CODE_IDENT_CS_005_COPY/CODE_IDENT_CS_005.cs,0,0,0,0,0
5203,49,baselines_work/cohorte/csharp/CODE_IDENT_CS_003_COPY/CODE_IDENT_CS_003.cs,60,baselines_work/cohorte/csharp/CODE_IDENT_CS_006/CODE_IDENT_CS_006.cs,0,0,0,0,0
5204,49,baselines_work/cohorte/csharp/CODE_IDENT_CS_003_COPY/CODE_IDENT_CS_003.cs,55,baselines_work/cohorte/csharp/CODE_IDENT_CS_006_COPY/CODE_IDENT_CS_006.cs,0,0,0,0,0
5205,49,baselines_work/cohorte/csharp/CODE_IDENT_CS_003_COPY/CODE_IDENT_CS_003.cs,56,baselines_work/cohorte/csharp/CODE_IDENT_CS_007/CODE_IDENT_CS_007.cs,0,0,0,0,0
5206,49,baselines_work/cohorte/csharp/CODE_IDENT_CS_003_COPY/CODE_IDENT_CS_003.cs,57,baselines_work/cohorte/csharp/CODE_IDENT_CS_007_COPY/CODE_IDENT_CS_007.cs,0,0,0,0,0
5209,49,baselines_work/cohorte/csharp/CODE_IDENT_CS_003_COPY/CODE_IDENT_CS_003.cs,62,baselines_work/cohorte/csharp/CODE_IDENT_CS_009/CODE_IDENT_CS_009.cs,0,0,0,0,0
5210,49,baselines_work/cohorte/csharp/CODE_IDENT_CS_003_COPY/CODE_IDENT_CS_003.cs,61,baselines_work/cohorte/csharp/CODE_IDENT_CS_009_COPY/CODE_IDENT_CS_009.cs,0,0,0,0,0
5215,49,baselines_work/cohorte/csharp/CODE_IDENT_CS_003_COPY/CODE_IDENT_CS_003.cs,63,baselines_work/cohorte/csharp/CODE_IDENT_CS_012/CODE_IDENT_CS_012.cs,0,0,0,0,0
5216,49,baselines_work/cohorte/csharp/CODE_IDENT_CS_003_COPY/CODE_IDENT_CS_003.cs,67,baselines_work/cohorte/csharp/CODE_IDENT_CS_012_COPY/CODE_IDENT_CS_012.cs,0,0,0,0,0
5219,49,baselines_work/cohorte/csharp/CODE_IDENT_CS_003_COPY/CODE_IDENT_CS_003.cs,72,baselines_work/cohorte/csharp/CODE_IDENT_CS_014/CODE_IDENT_CS_014.cs,0,0,0,0,0
5220,49,baselines_work/cohorte/csharp/CODE_IDENT_CS_003_COPY/CODE_IDENT_CS_003.cs,70,baselines_work/cohorte/csharp/CODE_IDENT_CS_014_COPY/CODE_IDENT_CS_014.cs,0,0,0,0,0
5221,49,baselines_work/cohorte/csharp/CODE_IDENT_CS_003_COPY/CODE_IDENT_CS_003.cs,73,baselines_work/cohorte/csharp/CODE_IDENT_CS_015/CODE_IDENT_CS_015.cs,0,0,0,0,0
5222,49,baselines_work/cohorte/csharp/CODE_IDENT_CS_003_COPY/CODE_IDENT_CS_003.cs,74,baselines_work/cohorte/csharp/CODE_IDENT_CS_015_COPY/CODE_IDENT_CS_015.cs,0,0,0,0,0
5224,52,baselines_work/cohorte/csharp/CODE_IDENT_CS_004/CODE_IDENT_CS_004.cs,53,baselines_work/cohorte/csharp/CODE_IDENT_CS_005/CODE_IDENT_CS_005.cs,0,0,0,0,0
5225,52,baselines_work/cohorte/csharp/CODE_IDENT_CS_004/CODE_IDENT_CS_004.cs,54,baselines_work/cohorte/csharp/CODE_IDENT_CS_005_COPY/CODE_IDENT_CS_005.cs,0,0,0,0,0
5226,52,baselines_work/cohorte/csharp/CODE_IDENT_CS_004/CODE_IDENT_CS_004.cs,60,baselines_work/cohorte/csharp/CODE_IDENT_CS_006/CODE_IDENT_CS_006.cs,0,0,0,0,0
5227,52,baselines_work/cohorte/csharp/CODE_IDENT_CS_004/CODE_IDENT_CS_004.cs,55,baselines_work/cohorte/csharp/CODE_IDENT_CS_006_COPY/CODE_IDENT_CS_006.cs,0,0,0,0,0
5228,52,baselines_work/cohorte/csharp/CODE_IDENT_CS_004/CODE_IDENT_CS_004.cs,56,baselines_work/cohorte/csharp/CODE_IDENT_CS_007/CODE_IDENT_CS_007.cs,0,0,0,0,0
5229,52,baselines_work/cohorte/csharp/CODE_IDENT_CS_004/CODE_IDENT_CS_004.cs,57,baselines_work/cohorte/csharp/CODE_IDENT_CS_007_COPY/CODE_IDENT_CS_007.cs,0,0,0,0,0
5232,52,baselines_work/cohorte/csharp/CODE_IDENT_CS_004/CODE_IDENT_CS_004.cs,62,baselines_work/cohorte/csharp/CODE_IDENT_CS_009/CODE_IDENT_CS_009.cs,0,0,0,0,0
5233,52,baselines_work/cohorte/csharp/CODE_IDENT_CS_004/CODE_IDENT_CS_004.cs,61,baselines_work/cohorte/csharp/CODE_IDENT_CS_009_COPY/CODE_IDENT_CS_009.cs,0,0,0,0,0
5234,52,baselines_work/cohorte/csharp/CODE_IDENT_CS_004/CODE_IDENT_CS_004.cs,64,baselines_work/cohorte/csharp/CODE_IDENT_CS_010/CODE_IDENT_CS_010.cs,0,0,0,0,0
5235,52,baselines_work/cohorte/csharp/CODE_IDENT_CS_004/CODE_IDENT_CS_004.cs,59,baselines_work/cohorte/csharp/CODE_IDENT_CS_010_COPY/CODE_IDENT_CS_010.cs,0,0,0,0,0
5236,52,baselines_work/cohorte/csharp/CODE_IDENT_CS_004/CODE_IDENT_CS_004.cs,66,baselines_work/cohorte/csharp/CODE_IDENT_CS_011/CODE_IDENT_CS_011.cs,0,0,0,0,0
5237,52,baselines_work/cohorte/csharp/CODE_IDENT_CS_004/CODE_IDENT_CS_004.cs,68,baselines_work/cohorte/csharp/CODE_IDENT_CS_011_COPY/CODE_IDENT_CS_011.cs,0,0,0,0,0
5238,52,baselines_work/cohorte/csharp/CODE_IDENT_CS_004/CODE_IDENT_CS_004.cs,63,baselines_work/cohorte/csharp/CODE_IDENT_CS_012/CODE_IDENT_CS_012.cs,0,0,0,0,0
5239,52,baselines_work/cohorte/csharp/CODE_IDENT_CS_004/CODE_IDENT_CS_004.cs,67,baselines_work/cohorte/csharp/CODE_IDENT_CS_012_COPY/CODE_IDENT_CS_012.cs,0,0,0,0,0
5240,52,baselines_work/cohorte/csharp/CODE_IDENT_CS_004/CODE_IDENT_CS_004.cs,69,baselines_work/cohorte/csharp/CODE_IDENT_CS_013/CODE_IDENT_CS_013.cs,0,0,0,0,0
5241,52,baselines_work/cohorte/csharp/CODE_IDENT_CS_004/CODE_IDENT_CS_004.cs,71,baselines_work/cohorte/csharp/CODE_IDENT_CS_013_COPY/CODE_IDENT_CS_013.cs,0,0,0,0,0
5242,52,baselines_work/cohorte/csharp/CODE_IDENT_CS_004/CODE_IDENT_CS_004.cs,72,baselines_work/cohorte/csharp/CODE_IDENT_CS_014/CODE_IDENT_CS_014.cs,0,0,0,0,0
5243,52,baselines_work/cohorte/csharp/CODE_IDENT_CS_004/CODE_IDENT_CS_004.cs,70,baselines_work/cohorte/csharp/CODE_IDENT_CS_014_COPY/CODE_IDENT_CS_014.cs,0,0,0,0,0
5244,52,baselines_work/cohorte/csharp/CODE_IDENT_CS_004/CODE_IDENT_CS_004.cs,73,baselines_work/cohorte/csharp/CODE_IDENT_CS_015/CODE_IDENT_CS_015.cs,0,0,0,0,0
5245,52,baselines_work/cohorte/csharp/CODE_IDENT_CS_004/CODE_IDENT_CS_004.cs,74,baselines_work/cohorte/csharp/CODE_IDENT_CS_015_COPY/CODE_IDENT_CS_015.cs,0,0,0,0,0
5246,50,baselines_work/cohorte/csharp/CODE_IDENT_CS_004_COPY/CODE_IDENT_CS_004.cs,53,baselines_work/cohorte/csharp/CODE_IDENT_CS_005/CODE_IDENT_CS_005.cs,0,0,0,0,0
5247,50,baselines_work/cohorte/csharp/CODE_IDENT_CS_004_COPY/CODE_IDENT_CS_004.cs,54,baselines_work/cohorte/csharp/CODE_IDENT_CS_005_COPY/CODE_IDENT_CS_005.cs,0,0,0,0,0
5248,50,baselines_work/cohorte/csharp/CODE_IDENT_CS_004_COPY/CODE_IDENT_CS_004.cs,60,baselines_work/cohorte/csharp/CODE_IDENT_CS_006/CODE_IDENT_CS_006.cs,0,0,0,0,0
5249,50,baselines_work/cohorte/csharp/CODE_IDENT_CS_004_COPY/CODE_IDENT_CS_004.cs,55,baselines_work/cohorte/csharp/CODE_IDENT_CS_006_COPY/CODE_IDENT_CS_006.cs,0,0,0,0,0
5250,50,baselines_work/cohorte/csharp/CODE_IDENT_CS_004_COPY/CODE_IDENT_CS_004.cs,56,baselines_work/cohorte/csharp/CODE_IDENT_CS_007/CODE_IDENT_CS_007.cs,0,0,0,0,0
5251,50,baselines_work/cohorte/csharp/CODE_IDENT_CS_004_COPY/CODE_IDENT_CS_004.cs,57,baselines_work/cohorte/csharp/CODE_IDENT_CS_007_COPY/CODE_IDENT_CS_007.cs,0,0,0,0,0
5254,50,baselines_work/cohorte/csharp/CODE_IDENT_CS_004_COPY/CODE_IDENT_CS_004.cs,62,baselines_work/cohorte/csharp/CODE_IDENT_CS_009/CODE_IDENT_CS_009.cs,0,0,0,0,0
5255,50,baselines_work/cohorte/csharp/CODE_IDENT_CS_004_COPY/CODE_IDENT_CS_004.cs,61,baselines_work/cohorte/csharp/CODE_IDENT_CS_009_COPY/CODE_IDENT_CS_009.cs,0,0,0,0,0
5256,50,baselines_work/cohorte/csharp/CODE_IDENT_CS_004_COPY/CODE_IDENT_CS_004.cs,64,baselines_work/cohorte/csharp/CODE_IDENT_CS_010/CODE_IDENT_CS_010.cs,0,0,0,0,0
5257,50,baselines_work/cohorte/csharp/CODE_IDENT_CS_004_COPY/CODE_IDENT_CS_004.cs,59,baselines_work/cohorte/csharp/CODE_IDENT_CS_010_COPY/CODE_IDENT_CS_010.cs,0,0,0,0,0
5258,50,baselines_work/cohorte/csharp/CODE_IDENT_CS_004_COPY/CODE_IDENT_CS_004.cs,66,baselines_work/cohorte/csharp/CODE_IDENT_CS_011/CODE_IDENT_CS_011.cs,0,0,0,0,0
5259,50,baselines_work/cohorte/csharp/CODE_IDENT_CS_004_COPY/CODE_IDENT_CS_004.cs,68,baselines_work/cohorte/csharp/CODE_IDENT_CS_011_COPY/CODE_IDENT_CS_011.cs,0,0,0,0,0
5260,50,baselines_work/cohorte/csharp/CODE_IDENT_CS_004_COPY/CODE_IDENT_CS_004.cs,63,baselines_work/cohorte/csharp/CODE_IDENT_CS_012/CODE_IDENT_CS_012.cs,0,0,0,0,0
5261,50,baselines_work/cohorte/csharp/CODE_IDENT_CS_004_COPY/CODE_IDENT_CS_004.cs,67,baselines_work/cohorte/csharp/CODE_IDENT_CS_012_COPY/CODE_IDENT_CS_012.cs,0,0,0,0,0
5262,50,baselines_work/cohorte/csharp/CODE_IDENT_CS_004_COPY/CODE_IDENT_CS_004.cs,69,baselines_work/cohorte/csharp/CODE_IDENT_CS_013/CODE_IDENT_CS_013.cs,0,0,0,0,0
5263,50,baselines_work/cohorte/csharp/CODE_IDENT_CS_004_COPY/CODE_IDENT_CS_004.cs,71,baselines_work/cohorte/csharp/CODE_IDENT_CS_013_COPY/CODE_IDENT_CS_013.cs,0,0,0,0,0
5264,50,baselines_work/cohorte/csharp/CODE_IDENT_CS_004_COPY/CODE_IDENT_CS_004.cs,72,baselines_work/cohorte/csharp/CODE_IDENT_CS_014/CODE_IDENT_CS_014.cs,0,0,0,0,0
5265,50,baselines_work/cohorte/csharp/CODE_IDENT_CS_004_COPY/CODE_IDENT_CS_004.cs,70,baselines_work/cohorte/csharp/CODE_IDENT_CS_014_COPY/CODE_IDENT_CS_014.cs,0,0,0,0,0
5266,50,baselines_work/cohorte/csharp/CODE_IDENT_CS_004_COPY/CODE_IDENT_CS_004.cs,73,baselines_work/cohorte/csharp/CODE_IDENT_CS_015/CODE_IDENT_CS_015.cs,0,0,0,0,0
5267,50,baselines_work/cohorte/csharp/CODE_IDENT_CS_004_COPY/CODE_IDENT_CS_004.cs,74,baselines_work/cohorte/csharp/CODE_IDENT_CS_015_COPY/CODE_IDENT_CS_015.cs,0,0,0,0,0
5269,53,baselines_work/cohorte/csharp/CODE_IDENT_CS_005/CODE_IDENT_CS_005.cs,60,baselines_work/cohorte/csharp/CODE_IDENT_CS_006/CODE_IDENT_CS_006.cs,0,0,0,0,0
5270,53,baselines_work/cohorte/csharp/CODE_IDENT_CS_005/CODE_IDENT_CS_005.cs,55,baselines_work/cohorte/csharp/CODE_IDENT_CS_006_COPY/CODE_IDENT_CS_006.cs,0,0,0,0,0
5273,53,baselines_work/cohorte/csharp/CODE_IDENT_CS_005/CODE_IDENT_CS_005.cs,58,baselines_work/cohorte/csharp/CODE_IDENT_CS_008/CODE_IDENT_CS_008.cs,0,0,0,0,0
5274,53,baselines_work/cohorte/csharp/CODE_IDENT_CS_005/CODE_IDENT_CS_005.cs,65,baselines_work/cohorte/csharp/CODE_IDENT_CS_008_COPY/CODE_IDENT_CS_008.cs,0,0,0,0,0
5275,53,baselines_work/cohorte/csharp/CODE_IDENT_CS_005/CODE_IDENT_CS_005.cs,62,baselines_work/cohorte/csharp/CODE_IDENT_CS_009/CODE_IDENT_CS_009.cs,0,0,0,0,0
5276,53,baselines_work/cohorte/csharp/CODE_IDENT_CS_005/CODE_IDENT_CS_005.cs,61,baselines_work/cohorte/csharp/CODE_IDENT_CS_009_COPY/CODE_IDENT_CS_009.cs,0,0,0,0,0
5277,53,baselines_work/cohorte/csharp/CODE_IDENT_CS_005/CODE_IDENT_CS_005.cs,64,baselines_work/cohorte/csharp/CODE_IDENT_CS_010/CODE_IDENT_CS_010.cs,0,0,0,0,0
5278,53,baselines_work/cohorte/csharp/CODE_IDENT_CS_005/CODE_IDENT_CS_005.cs,59,baselines_work/cohorte/csharp/CODE_IDENT_CS_010_COPY/CODE_IDENT_CS_010.cs,0,0,0,0,0
5279,53,baselines_work/cohorte/csharp/CODE_IDENT_CS_005/CODE_IDENT_CS_005.cs,66,baselines_work/cohorte/csharp/CODE_IDENT_CS_011/CODE_IDENT_CS_011.cs,0,0,0,0,0
5280,53,baselines_work/cohorte/csharp/CODE_IDENT_CS_005/CODE_IDENT_CS_005.cs,68,baselines_work/cohorte/csharp/CODE_IDENT_CS_011_COPY/CODE_IDENT_CS_011.cs,0,0,0,0,0
5281,53,baselines_work/cohorte/csharp/CODE_IDENT_CS_005/CODE_IDENT_CS_005.cs,63,baselines_work/cohorte/csharp/CODE_IDENT_CS_012/CODE_IDENT_CS_012.cs,0,0,0,0,0
5282,53,baselines_work/cohorte/csharp/CODE_IDENT_CS_005/CODE_IDENT_CS_005.cs,67,baselines_work/cohorte/csharp/CODE_IDENT_CS_012_COPY/CODE_IDENT_CS_012.cs,0,0,0,0,0
5283,53,baselines_work/cohorte/csharp/CODE_IDENT_CS_005/CODE_IDENT_CS_005.cs,69,baselines_work/cohorte/csharp/CODE_IDENT_CS_013/CODE_IDENT_CS_013.cs,0,0,0,0,0
5284,53,baselines_work/cohorte/csharp/CODE_IDENT_CS_005/CODE_IDENT_CS_005.cs,71,baselines_work/cohorte/csharp/CODE_IDENT_CS_013_COPY/CODE_IDENT_CS_013.cs,0,0,0,0,0
5285,53,baselines_work/cohorte/csharp/CODE_IDENT_CS_005/CODE_IDENT_CS_005.cs,72,baselines_work/cohorte/csharp/CODE_IDENT_CS_014/CODE_IDENT_CS_014.cs,0,0,0,0,0
5286,53,baselines_work/cohorte/csharp/CODE_IDENT_CS_005/CODE_IDENT_CS_005.cs,70,baselines_work/cohorte/csharp/CODE_IDENT_CS_014_COPY/CODE_IDENT_CS_014.cs,0,0,0,0,0
5287,53,baselines_work/cohorte/csharp/CODE_IDENT_CS_005/CODE_IDENT_CS_005.cs,73,baselines_work/cohorte/csharp/CODE_IDENT_CS_015/CODE_IDENT_CS_015.cs,0,0,0,0,0
5288,53,baselines_work/cohorte/csharp/CODE_IDENT_CS_005/CODE_IDENT_CS_005.cs,74,baselines_work/cohorte/csharp/CODE_IDENT_CS_015_COPY/CODE_IDENT_CS_015.cs,0,0,0,0,0
5289,54,baselines_work/cohorte/csharp/CODE_IDENT_CS_005_COPY/CODE_IDENT_CS_005.cs,60,baselines_work/cohorte/csharp/CODE_IDENT_CS_006/CODE_IDENT_CS_006.cs,0,0,0,0,0
5290,54,baselines_work/cohorte/csharp/CODE_IDENT_CS_005_COPY/CODE_IDENT_CS_005.cs,55,baselines_work/cohorte/csharp/CODE_IDENT_CS_006_COPY/CODE_IDENT_CS_006.cs,0,0,0,0,0
5293,54,baselines_work/cohorte/csharp/CODE_IDENT_CS_005_COPY/CODE_IDENT_CS_005.cs,58,baselines_work/cohorte/csharp/CODE_IDENT_CS_008/CODE_IDENT_CS_008.cs,0,0,0,0,0
5294,54,baselines_work/cohorte/csharp/CODE_IDENT_CS_005_COPY/CODE_IDENT_CS_005.cs,65,baselines_work/cohorte/csharp/CODE_IDENT_CS_008_COPY/CODE_IDENT_CS_008.cs,0,0,0,0,0
5295,54,baselines_work/cohorte/csharp/CODE_IDENT_CS_005_COPY/CODE_IDENT_CS_005.cs,62,baselines_work/cohorte/csharp/CODE_IDENT_CS_009/CODE_IDENT_CS_009.cs,0,0,0,0,0
5296,54,baselines_work/cohorte/csharp/CODE_IDENT_CS_005_COPY/CODE_IDENT_CS_005.cs,61,baselines_work/cohorte/csharp/CODE_IDENT_CS_009_COPY/CODE_IDENT_CS_009.cs,0,0,0,0,0
5297,54,baselines_work/cohorte/csharp/CODE_IDENT_CS_005_COPY/CODE_IDENT_CS_005.cs,64,baselines_work/cohorte/csharp/CODE_IDENT_CS_010/CODE_IDENT_CS_010.cs,0,0,0,0,0
5298,54,baselines_work/cohorte/csharp/CODE_IDENT_CS_005_COPY/CODE_IDENT_CS_005.cs,59,baselines_work/cohorte/csharp/CODE_IDENT_CS_010_COPY/CODE_IDENT_CS_010.cs,0,0,0,0,0
5299,54,baselines_work/cohorte/csharp/CODE_IDENT_CS_005_COPY/CODE_IDENT_CS_005.cs,66,baselines_work/cohorte/csharp/CODE_IDENT_CS_011/CODE_IDENT_CS_011.cs,0,0,0,0,0
5300,54,baselines_work/cohorte/csharp/CODE_IDENT_CS_005_COPY/CODE_IDENT_CS_005.cs,68,baselines_work/cohorte/csharp/CODE_IDENT_CS_011_COPY/CODE_IDENT_CS_011.cs,0,0,0,0,0
5301,54,baselines_work/cohorte/csharp/CODE_IDENT_CS_005_COPY/CODE_IDENT_CS_005.cs,63,baselines_work/cohorte/csharp/CODE_IDENT_CS_012/CODE_IDENT_CS_012.cs,0,0,0,0,0
5302,54,baselines_work/cohorte/csharp/CODE_IDENT_CS_005_COPY/CODE_IDENT_CS_005.cs,67,baselines_work/cohorte/csharp/CODE_IDENT_CS_012_COPY/CODE_IDENT_CS_012.cs,0,0,0,0,0
5303,54,baselines_work/cohorte/csharp/CODE_IDENT_CS_005_COPY/CODE_IDENT_CS_005.cs,69,baselines_work/cohorte/csharp/CODE_IDENT_CS_013/CODE_IDENT_CS_013.cs,0,0,0,0,0
5304,54,baselines_work/cohorte/csharp/CODE_IDENT_CS_005_COPY/CODE_IDENT_CS_005.cs,71,baselines_work/cohorte/csharp/CODE_IDENT_CS_013_COPY/CODE_IDENT_CS_013.cs,0,0,0,0,0
5305,54,baselines_work/cohorte/csharp/CODE_IDENT_CS_005_COPY/CODE_IDENT_CS_005.cs,72,baselines_work/cohorte/csharp/CODE_IDENT_CS_014/CODE_IDENT_CS_014.cs,0,0,0,0,0
5306,54,baselines_work/cohorte/csharp/CODE_IDENT_CS_005_COPY/CODE_IDENT_CS_005.cs,70,baselines_work/cohorte/csharp/CODE_IDENT_CS_014_COPY/CODE_IDENT_CS_014.cs,0,0,0,0,0
5307,54,baselines_work/cohorte/csharp/CODE_IDENT_CS_005_COPY/CODE_IDENT_CS_005.cs,73,baselines_work/cohorte/csharp/CODE_IDENT_CS_015/CODE_IDENT_CS_015.cs,0,0,0,0,0
5308,54,baselines_work/cohorte/csharp/CODE_IDENT_CS_005_COPY/CODE_IDENT_CS_005.cs,74,baselines_work/cohorte/csharp/CODE_IDENT_CS_015_COPY/CODE_IDENT_CS_015.cs,0,0,0,0,0
5310,60,baselines_work/cohorte/csharp/CODE_IDENT_CS_006/CODE_IDENT_CS_006.cs,56,baselines_work/cohorte/csharp/CODE_IDENT_CS_007/CODE_IDENT_CS_007.cs,0,0,0,0,0
5311,60,baselines_work/cohorte/csharp/CODE_IDENT_CS_006/CODE_IDENT_CS_006.cs,57,baselines_work/cohorte/csharp/CODE_IDENT_CS_007_COPY/CODE_IDENT_CS_007.cs,0,0,0,0,0
5312,60,baselines_work/cohorte/csharp/CODE_IDENT_CS_006/CODE_IDENT_CS_006.cs,58,baselines_work/cohorte/csharp/CODE_IDENT_CS_008/CODE_IDENT_CS_008.cs,0,0,0,0,0
5313,60,baselines_work/cohorte/csharp/CODE_IDENT_CS_006/CODE_IDENT_CS_006.cs,65,baselines_work/cohorte/csharp/CODE_IDENT_CS_008_COPY/CODE_IDENT_CS_008.cs,0,0,0,0,0
5314,60,baselines_work/cohorte/csharp/CODE_IDENT_CS_006/CODE_IDENT_CS_006.cs,62,baselines_work/cohorte/csharp/CODE_IDENT_CS_009/CODE_IDENT_CS_009.cs,0,0,0,0,0
5315,60,baselines_work/cohorte/csharp/CODE_IDENT_CS_006/CODE_IDENT_CS_006.cs,61,baselines_work/cohorte/csharp/CODE_IDENT_CS_009_COPY/CODE_IDENT_CS_009.cs,0,0,0,0,0
5318,60,baselines_work/cohorte/csharp/CODE_IDENT_CS_006/CODE_IDENT_CS_006.cs,66,baselines_work/cohorte/csharp/CODE_IDENT_CS_011/CODE_IDENT_CS_011.cs,0,0,0,0,0
5319,60,baselines_work/cohorte/csharp/CODE_IDENT_CS_006/CODE_IDENT_CS_006.cs,68,baselines_work/cohorte/csharp/CODE_IDENT_CS_011_COPY/CODE_IDENT_CS_011.cs,0,0,0,0,0
5320,60,baselines_work/cohorte/csharp/CODE_IDENT_CS_006/CODE_IDENT_CS_006.cs,63,baselines_work/cohorte/csharp/CODE_IDENT_CS_012/CODE_IDENT_CS_012.cs,0,0,0,0,0
5321,60,baselines_work/cohorte/csharp/CODE_IDENT_CS_006/CODE_IDENT_CS_006.cs,67,baselines_work/cohorte/csharp/CODE_IDENT_CS_012_COPY/CODE_IDENT_CS_012.cs,0,0,0,0,0
5324,60,baselines_work/cohorte/csharp/CODE_IDENT_CS_006/CODE_IDENT_CS_006.cs,72,baselines_work/cohorte/csharp/CODE_IDENT_CS_014/CODE_IDENT_CS_014.cs,0,0,0,0,0
5325,60,baselines_work/cohorte/csharp/CODE_IDENT_CS_006/CODE_IDENT_CS_006.cs,70,baselines_work/cohorte/csharp/CODE_IDENT_CS_014_COPY/CODE_IDENT_CS_014.cs,0,0,0,0,0
5326,60,baselines_work/cohorte/csharp/CODE_IDENT_CS_006/CODE_IDENT_CS_006.cs,73,baselines_work/cohorte/csharp/CODE_IDENT_CS_015/CODE_IDENT_CS_015.cs,0,0,0,0,0
5327,60,baselines_work/cohorte/csharp/CODE_IDENT_CS_006/CODE_IDENT_CS_006.cs,74,baselines_work/cohorte/csharp/CODE_IDENT_CS_015_COPY/CODE_IDENT_CS_015.cs,0,0,0,0,0
5328,55,baselines_work/cohorte/csharp/CODE_IDENT_CS_006_COPY/CODE_IDENT_CS_006.cs,56,baselines_work/cohorte/csharp/CODE_IDENT_CS_007/CODE_IDENT_CS_007.cs,0,0,0,0,0
5329,55,baselines_work/cohorte/csharp/CODE_IDENT_CS_006_COPY/CODE_IDENT_CS_006.cs,57,baselines_work/cohorte/csharp/CODE_IDENT_CS_007_COPY/CODE_IDENT_CS_007.cs,0,0,0,0,0
5330,55,baselines_work/cohorte/csharp/CODE_IDENT_CS_006_COPY/CODE_IDENT_CS_006.cs,58,baselines_work/cohorte/csharp/CODE_IDENT_CS_008/CODE_IDENT_CS_008.cs,0,0,0,0,0
5331,55,baselines_work/cohorte/csharp/CODE_IDENT_CS_006_COPY/CODE_IDENT_CS_006.cs,65,baselines_work/cohorte/csharp/CODE_IDENT_CS_008_COPY/CODE_IDENT_CS_008.cs,0,0,0,0,0
5332,55,baselines_work/cohorte/csharp/CODE_IDENT_CS_006_COPY/CODE_IDENT_CS_006.cs,62,baselines_work/cohorte/csharp/CODE_IDENT_CS_009/CODE_IDENT_CS_009.cs,0,0,0,0,0
5333,55,baselines_work/cohorte/csharp/CODE_IDENT_CS_006_COPY/CODE_IDENT_CS_006.cs,61,baselines_work/cohorte/csharp/CODE_IDENT_CS_009_COPY/CODE_IDENT_CS_009.cs,0,0,0,0,0
5336,55,baselines_work/cohorte/csharp/CODE_IDENT_CS_006_COPY/CODE_IDENT_CS_006.cs,66,baselines_work/cohorte/csharp/CODE_IDENT_CS_011/CODE_IDENT_CS_011.cs,0,0,0,0,0
5337,55,baselines_work/cohorte/csharp/CODE_IDENT_CS_006_COPY/CODE_IDENT_CS_006.cs,68,baselines_work/cohorte/csharp/CODE_IDENT_CS_011_COPY/CODE_IDENT_CS_011.cs,0,0,0,0,0
5338,55,baselines_work/cohorte/csharp/CODE_IDENT_CS_006_COPY/CODE_IDENT_CS_006.cs,63,baselines_work/cohorte/csharp/CODE_IDENT_CS_012/CODE_IDENT_CS_012.cs,0,0,0,0,0
5339,55,baselines_work/cohorte/csharp/CODE_IDENT_CS_006_COPY/CODE_IDENT_CS_006.cs,67,baselines_work/cohorte/csharp/CODE_IDENT_CS_012_COPY/CODE_IDENT_CS_012.cs,0,0,0,0,0
5342,55,baselines_work/cohorte/csharp/CODE_IDENT_CS_006_COPY/CODE_IDENT_CS_006.cs,72,baselines_work/cohorte/csharp/CODE_IDENT_CS_014/CODE_IDENT_CS_014.cs,0,0,0,0,0
5343,55,baselines_work/cohorte/csharp/CODE_IDENT_CS_006_COPY/CODE_IDENT_CS_006.cs,70,baselines_work/cohorte/csharp/CODE_IDENT_CS_014_COPY/CODE_IDENT_CS_014.cs,0,0,0,0,0
5344,55,baselines_work/cohorte/csharp/CODE_IDENT_CS_006_COPY/CODE_IDENT_CS_006.cs,73,baselines_work/cohorte/csharp/CODE_IDENT_CS_015/CODE_IDENT_CS_015.cs,0,0,0,0,0
5345,55,baselines_work/cohorte/csharp/CODE_IDENT_CS_006_COPY/CODE_IDENT_CS_006.cs,74,baselines_work/cohorte/csharp/CODE_IDENT_CS_015_COPY/CODE_IDENT_CS_015.cs,0,0,0,0,0
5347,56,baselines_work/cohorte/csharp/CODE_IDENT_CS_007/CODE_IDENT_CS_007.cs,58,baselines_work/cohorte/csharp/CODE_IDENT_CS_008/CODE_IDENT_CS_008.cs,0,0,0,0,0
5348,56,baselines_work/cohorte/csharp/CODE_IDENT_CS_007/CODE_IDENT_CS_007.cs,65,baselines_work/cohorte/csharp/CODE_IDENT_CS_008_COPY/CODE_IDENT_CS_008.cs,0,0,0,0,0
5349,56,baselines_work/cohorte/csharp/CODE_IDENT_CS_007/CODE_IDENT_CS_007.cs,62,baselines_work/cohorte/csharp/CODE_IDENT_CS_009/CODE_IDENT_CS_009.cs,0,0,0,0,0
5350,56,baselines_work/cohorte/csharp/CODE_IDENT_CS_007/CODE_IDENT_CS_007.cs,61,baselines_work/cohorte/csharp/CODE_IDENT_CS_009_COPY/CODE_IDENT_CS_009.cs,0,0,0,0,0
5351,56,baselines_work/cohorte/csharp/CODE_IDENT_CS_007/CODE_IDENT_CS_007.cs,64,baselines_work/cohorte/csharp/CODE_IDENT_CS_010/CODE_IDENT_CS_010.cs,0,0,0,0,0
5352,56,baselines_work/cohorte/csharp/CODE_IDENT_CS_007/CODE_IDENT_CS_007.cs,59,baselines_work/cohorte/csharp/CODE_IDENT_CS_010_COPY/CODE_IDENT_CS_010.cs,0,0,0,0,0
5353,56,baselines_work/cohorte/csharp/CODE_IDENT_CS_007/CODE_IDENT_CS_007.cs,66,baselines_work/cohorte/csharp/CODE_IDENT_CS_011/CODE_IDENT_CS_011.cs,0,0,0,0,0
5354,56,baselines_work/cohorte/csharp/CODE_IDENT_CS_007/CODE_IDENT_CS_007.cs,68,baselines_work/cohorte/csharp/CODE_IDENT_CS_011_COPY/CODE_IDENT_CS_011.cs,0,0,0,0,0
5355,56,baselines_work/cohorte/csharp/CODE_IDENT_CS_007/CODE_IDENT_CS_007.cs,63,baselines_work/cohorte/csharp/CODE_IDENT_CS_012/CODE_IDENT_CS_012.cs,0,0,0,0,0
5356,56,baselines_work/cohorte/csharp/CODE_IDENT_CS_007/CODE_IDENT_CS_007.cs,67,baselines_work/cohorte/csharp/CODE_IDENT_CS_012_COPY/CODE_IDENT_CS_012.cs,0,0,0,0,0
5357,56,baselines_work/cohorte/csharp/CODE_IDENT_CS_007/CODE_IDENT_CS_007.cs,69,baselines_work/cohorte/csharp/CODE_IDENT_CS_013/CODE_IDENT_CS_013.cs,0,0,0,0,0
5358,56,baselines_work/cohorte/csharp/CODE_IDENT_CS_007/CODE_IDENT_CS_007.cs,71,baselines_work/cohorte/csharp/CODE_IDENT_CS_013_COPY/CODE_IDENT_CS_013.cs,0,0,0,0,0
5359,56,baselines_work/cohorte/csharp/CODE_IDENT_CS_007/CODE_IDENT_CS_007.cs,72,baselines_work/cohorte/csharp/CODE_IDENT_CS_014/CODE_IDENT_CS_014.cs,0,0,0,0,0
5360,56,baselines_work/cohorte/csharp/CODE_IDENT_CS_007/CODE_IDENT_CS_007.cs,70,baselines_work/cohorte/csharp/CODE_IDENT_CS_014_COPY/CODE_IDENT_CS_014.cs,0,0,0,0,0
5361,56,baselines_work/cohorte/csharp/CODE_IDENT_CS_007/CODE_IDENT_CS_007.cs,73,baselines_work/cohorte/csharp/CODE_IDENT_CS_015/CODE_IDENT_CS_015.cs,0,0,0,0,0
5362,56,baselines_work/cohorte/csharp/CODE_IDENT_CS_007/CODE_IDENT_CS_007.cs,74,baselines_work/cohorte/csharp/CODE_IDENT_CS_015_COPY/CODE_IDENT_CS_015.cs,0,0,0,0,0
5363,57,baselines_work/cohorte/csharp/CODE_IDENT_CS_007_COPY/CODE_IDENT_CS_007.cs,58,baselines_work/cohorte/csharp/CODE_IDENT_CS_008/CODE_IDENT_CS_008.cs,0,0,0,0,0
5364,57,baselines_work/cohorte/csharp/CODE_IDENT_CS_007_COPY/CODE_IDENT_CS_007.cs,65,baselines_work/cohorte/csharp/CODE_IDENT_CS_008_COPY/CODE_IDENT_CS_008.cs,0,0,0,0,0
5365,57,baselines_work/cohorte/csharp/CODE_IDENT_CS_007_COPY/CODE_IDENT_CS_007.cs,62,baselines_work/cohorte/csharp/CODE_IDENT_CS_009/CODE_IDENT_CS_009.cs,0,0,0,0,0
5366,57,baselines_work/cohorte/csharp/CODE_IDENT_CS_007_COPY/CODE_IDENT_CS_007.cs,61,baselines_work/cohorte/csharp/CODE_IDENT_CS_009_COPY/CODE_IDENT_CS_009.cs,0,0,0,0,0
5367,57,baselines_work/cohorte/csharp/CODE_IDENT_CS_007_COPY/CODE_IDENT_CS_007.cs,64,baselines_work/cohorte/csharp/CODE_IDENT_CS_010/CODE_IDENT_CS_010.cs,0,0,0,0,0
5368,57,baselines_work/cohorte/csharp/CODE_IDENT_CS_007_COPY/CODE_IDENT_CS_007.cs,59,baselines_work/cohorte/csharp/CODE_IDENT_CS_010_COPY/CODE_IDENT_CS_010.cs,0,0,0,0,0
5369,57,baselines_work/cohorte/csharp/CODE_IDENT_CS_007_COPY/CODE_IDENT_CS_007.cs,66,baselines_work/cohorte/csharp/CODE_IDENT_CS_011/CODE_IDENT_CS_011.cs,0,0,0,0,0
5370,57,baselines_work/cohorte/csharp/CODE_IDENT_CS_007_COPY/CODE_IDENT_CS_007.cs,68,baselines_work/cohorte/csharp/CODE_IDENT_CS_011_COPY/CODE_IDENT_CS_011.cs,0,0,0,0,0
5371,57,baselines_work/cohorte/csharp/CODE_IDENT_CS_007_COPY/CODE_IDENT_CS_007.cs,63,baselines_work/cohorte/csharp/CODE_IDENT_CS_012/CODE_IDENT_CS_012.cs,0,0,0,0,0
5372,57,baselines_work/cohorte/csharp/CODE_IDENT_CS_007_COPY/CODE_IDENT_CS_007.cs,67,baselines_work/cohorte/csharp/CODE_IDENT_CS_012_COPY/CODE_IDENT_CS_012.cs,0,0,0,0,0
5373,57,baselines_work/cohorte/csharp/CODE_IDENT_CS_007_COPY/CODE_IDENT_CS_007.cs,69,baselines_work/cohorte/csharp/CODE_IDENT_CS_013/CODE_IDENT_CS_013.cs,0,0,0,0,0
5374,57,baselines_work/cohorte/csharp/CODE_IDENT_CS_007_COPY/CODE_IDENT_CS_007.cs,71,baselines_work/cohorte/csharp/CODE_IDENT_CS_013_COPY/CODE_IDENT_CS_013.cs,0,0,0,0,0
5375,57,baselines_work/cohorte/csharp/CODE_IDENT_CS_007_COPY/CODE_IDENT_CS_007.cs,72,baselines_work/cohorte/csharp/CODE_IDENT_CS_014/CODE_IDENT_CS_014.cs,0,0,0,0,0
5376,57,baselines_work/cohorte/csharp/CODE_IDENT_CS_007_COPY/CODE_IDENT_CS_007.cs,70,baselines_work/cohorte/csharp/CODE_IDENT_CS_014_COPY/CODE_IDENT_CS_014.cs,0,0,0,0,0
5377,57,baselines_work/cohorte/csharp/CODE_IDENT_CS_007_COPY/CODE_IDENT_CS_007.cs,73,baselines_work/cohorte/csharp/CODE_IDENT_CS_015/CODE_IDENT_CS_015.cs,0,0,0,0,0
5378,57,baselines_work/cohorte/csharp/CODE_IDENT_CS_007_COPY/CODE_IDENT_CS_007.cs,74,baselines_work/cohorte/csharp/CODE_IDENT_CS_015_COPY/CODE_IDENT_CS_015.cs,0,0,0,0,0
5380,58,baselines_work/cohorte/csharp/CODE_IDENT_CS_008/CODE_IDENT_CS_008.cs,62,baselines_work/cohorte/csharp/CODE_IDENT_CS_009/CODE_IDENT_CS_009.cs,0,0,0,0,0
5381,58,baselines_work/cohorte/csharp/CODE_IDENT_CS_008/CODE_IDENT_CS_008.cs,61,baselines_work/cohorte/csharp/CODE_IDENT_CS_009_COPY/CODE_IDENT_CS_009.cs,0,0,0,0,0
5384,58,baselines_work/cohorte/csharp/CODE_IDENT_CS_008/CODE_IDENT_CS_008.cs,66,baselines_work/cohorte/csharp/CODE_IDENT_CS_011/CODE_IDENT_CS_011.cs,0,0,0,0,0
5385,58,baselines_work/cohorte/csharp/CODE_IDENT_CS_008/CODE_IDENT_CS_008.cs,68,baselines_work/cohorte/csharp/CODE_IDENT_CS_011_COPY/CODE_IDENT_CS_011.cs,0,0,0,0,0
5388,58,baselines_work/cohorte/csharp/CODE_IDENT_CS_008/CODE_IDENT_CS_008.cs,69,baselines_work/cohorte/csharp/CODE_IDENT_CS_013/CODE_IDENT_CS_013.cs,0,0,0,0,0
5389,58,baselines_work/cohorte/csharp/CODE_IDENT_CS_008/CODE_IDENT_CS_008.cs,71,baselines_work/cohorte/csharp/CODE_IDENT_CS_013_COPY/CODE_IDENT_CS_013.cs,0,0,0,0,0
5390,58,baselines_work/cohorte/csharp/CODE_IDENT_CS_008/CODE_IDENT_CS_008.cs,72,baselines_work/cohorte/csharp/CODE_IDENT_CS_014/CODE_IDENT_CS_014.cs,0,0,0,0,0
5391,58,baselines_work/cohorte/csharp/CODE_IDENT_CS_008/CODE_IDENT_CS_008.cs,70,baselines_work/cohorte/csharp/CODE_IDENT_CS_014_COPY/CODE_IDENT_CS_014.cs,0,0,0,0,0
5392,58,baselines_work/cohorte/csharp/CODE_IDENT_CS_008/CODE_IDENT_CS_008.cs,73,baselines_work/cohorte/csharp/CODE_IDENT_CS_015/CODE_IDENT_CS_015.cs,0,0,0,0,0
5393,58,baselines_work/cohorte/csharp/CODE_IDENT_CS_008/CODE_IDENT_CS_008.cs,74,baselines_work/cohorte/csharp/CODE_IDENT_CS_015_COPY/CODE_IDENT_CS_015.cs,0,0,0,0,0
5394,65,baselines_work/cohorte/csharp/CODE_IDENT_CS_008_COPY/CODE_IDENT_CS_008.cs,62,baselines_work/cohorte/csharp/CODE_IDENT_CS_009/CODE_IDENT_CS_009.cs,0,0,0,0,0
5395,65,baselines_work/cohorte/csharp/CODE_IDENT_CS_008_COPY/CODE_IDENT_CS_008.cs,61,baselines_work/cohorte/csharp/CODE_IDENT_CS_009_COPY/CODE_IDENT_CS_009.cs,0,0,0,0,0
5398,65,baselines_work/cohorte/csharp/CODE_IDENT_CS_008_COPY/CODE_IDENT_CS_008.cs,66,baselines_work/cohorte/csharp/CODE_IDENT_CS_011/CODE_IDENT_CS_011.cs,0,0,0,0,0
5399,65,baselines_work/cohorte/csharp/CODE_IDENT_CS_008_COPY/CODE_IDENT_CS_008.cs,68,baselines_work/cohorte/csharp/CODE_IDENT_CS_011_COPY/CODE_IDENT_CS_011.cs,0,0,0,0,0
5402,65,baselines_work/cohorte/csharp/CODE_IDENT_CS_008_COPY/CODE_IDENT_CS_008.cs,69,baselines_work/cohorte/csharp/CODE_IDENT_CS_013/CODE_IDENT_CS_013.cs,0,0,0,0,0
5403,65,baselines_work/cohorte/csharp/CODE_IDENT_CS_008_COPY/CODE_IDENT_CS_008.cs,71,baselines_work/cohorte/csharp/CODE_IDENT_CS_013_COPY/CODE_IDENT_CS_013.cs,0,0,0,0,0
5404,65,baselines_work/cohorte/csharp/CODE_IDENT_CS_008_COPY/CODE_IDENT_CS_008.cs,72,baselines_work/cohorte/csharp/CODE_IDENT_CS_014/CODE_IDENT_CS_014.cs,0,0,0,0,0
5405,65,baselines_work/cohorte/csharp/CODE_IDENT_CS_008_COPY/CODE_IDENT_CS_008.cs,70,baselines_work/cohorte/csharp/CODE_IDENT_CS_014_COPY/CODE_IDENT_CS_014.cs,0,0,0,0,0
5406,65,baselines_work/cohorte/csharp/CODE_IDENT_CS_008_COPY/CODE_IDENT_CS_008.cs,73,baselines_work/cohorte/csharp/CODE_IDENT_CS_015/CODE_IDENT_CS_015.cs,0,0,0,0,0
5407,65,baselines_work/cohorte/csharp/CODE_IDENT_CS_008_COPY/CODE_IDENT_CS_008.cs,74,baselines_work/cohorte/csharp/CODE_IDENT_CS_015_COPY/CODE_IDENT_CS_015.cs,0,0,0,0,0
5411,62,baselines_work/cohorte/csharp/CODE_IDENT_CS_009/CODE_IDENT_CS_009.cs,66,baselines_work/cohorte/csharp/CODE_IDENT_CS_011/CODE_IDENT_CS_011.cs,0,0,0,0,0
5412,62,baselines_work/cohorte/csharp/CODE_IDENT_CS_009/CODE_IDENT_CS_009.cs,68,baselines_work/cohorte/csharp/CODE_IDENT_CS_011_COPY/CODE_IDENT_CS_011.cs,0,0,0,0,0
5415,62,baselines_work/cohorte/csharp/CODE_IDENT_CS_009/CODE_IDENT_CS_009.cs,69,baselines_work/cohorte/csharp/CODE_IDENT_CS_013/CODE_IDENT_CS_013.cs,0,0,0,0,0
5416,62,baselines_work/cohorte/csharp/CODE_IDENT_CS_009/CODE_IDENT_CS_009.cs,71,baselines_work/cohorte/csharp/CODE_IDENT_CS_013_COPY/CODE_IDENT_CS_013.cs,0,0,0,0,0
5419,62,baselines_work/cohorte/csharp/CODE_IDENT_CS_009/CODE_IDENT_CS_009.cs,73,baselines_work/cohorte/csharp/CODE_IDENT_CS_015/CODE_IDENT_CS_015.cs,0,0,0,0,0
5420,62,baselines_work/cohorte/csharp/CODE_IDENT_CS_009/CODE_IDENT_CS_009.cs,74,baselines_work/cohorte/csharp/CODE_IDENT_CS_015_COPY/CODE_IDENT_CS_015.cs,0,0,0,0,0
5423,61,baselines_work/cohorte/csharp/CODE_IDENT_CS_009_COPY/CODE_IDENT_CS_009.cs,66,baselines_work/cohorte/csharp/CODE_IDENT_CS_011/CODE_IDENT_CS_011.cs,0,0,0,0,0
5424,61,baselines_work/cohorte/csharp/CODE_IDENT_CS_009_COPY/CODE_IDENT_CS_009.cs,68,baselines_work/cohorte/csharp/CODE_IDENT_CS_011_COPY/CODE_IDENT_CS_011.cs,0,0,0,0,0
5427,61,baselines_work/cohorte/csharp/CODE_IDENT_CS_009_COPY/CODE_IDENT_CS_009.cs,69,baselines_work/cohorte/csharp/CODE_IDENT_CS_013/CODE_IDENT_CS_013.cs,0,0,0,0,0
5428,61,baselines_work/cohorte/csharp/CODE_IDENT_CS_009_COPY/CODE_IDENT_CS_009.cs,71,baselines_work/cohorte/csharp/CODE_IDENT_CS_013_COPY/CODE_IDENT_CS_013.cs,0,0,0,0,0
5431,61,baselines_work/cohorte/csharp/CODE_IDENT_CS_009_COPY/CODE_IDENT_CS_009.cs,73,baselines_work/cohorte/csharp/CODE_IDENT_CS_015/CODE_IDENT_CS_015.cs,0,0,0,0,0
5432,61,baselines_work/cohorte/csharp/CODE_IDENT_CS_009_COPY/CODE_IDENT_CS_009.cs,74,baselines_work/cohorte/csharp/CODE_IDENT_CS_015_COPY/CODE_IDENT_CS_015.cs,0,0,0,0,0
5434,64,baselines_work/cohorte/csharp/CODE_IDENT_CS_010/CODE_IDENT_CS_010.cs,66,baselines_work/cohorte/csharp/CODE_IDENT_CS_011/CODE_IDENT_CS_011.cs,0,0,0,0,0
5435,64,baselines_work/cohorte/csharp/CODE_IDENT_CS_010/CODE_IDENT_CS_010.cs,68,baselines_work/cohorte/csharp/CODE_IDENT_CS_011_COPY/CODE_IDENT_CS_011.cs,0,0,0,0,0
5438,64,baselines_work/cohorte/csharp/CODE_IDENT_CS_010/CODE_IDENT_CS_010.cs,69,baselines_work/cohorte/csharp/CODE_IDENT_CS_013/CODE_IDENT_CS_013.cs,0,0,0,0,0
5439,64,baselines_work/cohorte/csharp/CODE_IDENT_CS_010/CODE_IDENT_CS_010.cs,71,baselines_work/cohorte/csharp/CODE_IDENT_CS_013_COPY/CODE_IDENT_CS_013.cs,0,0,0,0,0
5444,59,baselines_work/cohorte/csharp/CODE_IDENT_CS_010_COPY/CODE_IDENT_CS_010.cs,66,baselines_work/cohorte/csharp/CODE_IDENT_CS_011/CODE_IDENT_CS_011.cs,0,0,0,0,0
5445,59,baselines_work/cohorte/csharp/CODE_IDENT_CS_010_COPY/CODE_IDENT_CS_010.cs,68,baselines_work/cohorte/csharp/CODE_IDENT_CS_011_COPY/CODE_IDENT_CS_011.cs,0,0,0,0,0
5448,59,baselines_work/cohorte/csharp/CODE_IDENT_CS_010_COPY/CODE_IDENT_CS_010.cs,69,baselines_work/cohorte/csharp/CODE_IDENT_CS_013/CODE_IDENT_CS_013.cs,0,0,0,0,0
5449,59,baselines_work/cohorte/csharp/CODE_IDENT_CS_010_COPY/CODE_IDENT_CS_010.cs,71,baselines_work/cohorte/csharp/CODE_IDENT_CS_013_COPY/CODE_IDENT_CS_013.cs,0,0,0,0,0
5455,66,baselines_work/cohorte/csharp/CODE_IDENT_CS_011/CODE_IDENT_CS_011.cs,63,baselines_work/cohorte/csharp/CODE_IDENT_CS_012/CODE_IDENT_CS_012.cs,0,0,0,0,0
5456,66,baselines_work/cohorte/csharp/CODE_IDENT_CS_011/CODE_IDENT_CS_011.cs,67,baselines_work/cohorte/csharp/CODE_IDENT_CS_012_COPY/CODE_IDENT_CS_012.cs,0,0,0,0,0
5459,66,baselines_work/cohorte/csharp/CODE_IDENT_CS_011/CODE_IDENT_CS_011.cs,72,baselines_work/cohorte/csharp/CODE_IDENT_CS_014/CODE_IDENT_CS_014.cs,0,0,0,0,0
5460,66,baselines_work/cohorte/csharp/CODE_IDENT_CS_011/CODE_IDENT_CS_011.cs,70,baselines_work/cohorte/csharp/CODE_IDENT_CS_014_COPY/CODE_IDENT_CS_014.cs,0,0,0,0,0
5461,66,baselines_work/cohorte/csharp/CODE_IDENT_CS_011/CODE_IDENT_CS_011.cs,73,baselines_work/cohorte/csharp/CODE_IDENT_CS_015/CODE_IDENT_CS_015.cs,0,0,0,0,0
5462,66,baselines_work/cohorte/csharp/CODE_IDENT_CS_011/CODE_IDENT_CS_011.cs,74,baselines_work/cohorte/csharp/CODE_IDENT_CS_015_COPY/CODE_IDENT_CS_015.cs,0,0,0,0,0
5463,68,baselines_work/cohorte/csharp/CODE_IDENT_CS_011_COPY/CODE_IDENT_CS_011.cs,63,baselines_work/cohorte/csharp/CODE_IDENT_CS_012/CODE_IDENT_CS_012.cs,0,0,0,0,0
5464,68,baselines_work/cohorte/csharp/CODE_IDENT_CS_011_COPY/CODE_IDENT_CS_011.cs,67,baselines_work/cohorte/csharp/CODE_IDENT_CS_012_COPY/CODE_IDENT_CS_012.cs,0,0,0,0,0
5467,68,baselines_work/cohorte/csharp/CODE_IDENT_CS_011_COPY/CODE_IDENT_CS_011.cs,72,baselines_work/cohorte/csharp/CODE_IDENT_CS_014/CODE_IDENT_CS_014.cs,0,0,0,0,0
5468,68,baselines_work/cohorte/csharp/CODE_IDENT_CS_011_COPY/CODE_IDENT_CS_011.cs,70,baselines_work/cohorte/csharp/CODE_IDENT_CS_014_COPY/CODE_IDENT_CS_014.cs,0,0,0,0,0
5469,68,baselines_work/cohorte/csharp/CODE_IDENT_CS_011_COPY/CODE_IDENT_CS_011.cs,73,baselines_work/cohorte/csharp/CODE_IDENT_CS_015/CODE_IDENT_CS_015.cs,0,0,0,0,0
5470,68,baselines_work/cohorte/csharp/CODE_IDENT_CS_011_COPY/CODE_IDENT_CS_011.cs,74,baselines_work/cohorte/csharp/CODE_IDENT_CS_015_COPY/CODE_IDENT_CS_015.cs,0,0,0,0,0
5472,63,baselines_work/cohorte/csharp/CODE_IDENT_CS_012/CODE_IDENT_CS_012.cs,69,baselines_work/cohorte/csharp/CODE_IDENT_CS_013/CODE_IDENT_CS_013.cs,0,0,0,0,0
5473,63,baselines_work/cohorte/csharp/CODE_IDENT_CS_012/CODE_IDENT_CS_012.cs,71,baselines_work/cohorte/csharp/CODE_IDENT_CS_013_COPY/CODE_IDENT_CS_013.cs,0,0,0,0,0
5474,63,baselines_work/cohorte/csharp/CODE_IDENT_CS_012/CODE_IDENT_CS_012.cs,72,baselines_work/cohorte/csharp/CODE_IDENT_CS_014/CODE_IDENT_CS_014.cs,0,0,0,0,0
5475,63,baselines_work/cohorte/csharp/CODE_IDENT_CS_012/CODE_IDENT_CS_012.cs,70,baselines_work/cohorte/csharp/CODE_IDENT_CS_014_COPY/CODE_IDENT_CS_014.cs,0,0,0,0,0
5476,63,baselines_work/cohorte/csharp/CODE_IDENT_CS_012/CODE_IDENT_CS_012.cs,73,baselines_work/cohorte/csharp/CODE_IDENT_CS_015/CODE_IDENT_CS_015.cs,0,0,0,0,0
5477,63,baselines_work/cohorte/csharp/CODE_IDENT_CS_012/CODE_IDENT_CS_012.cs,74,baselines_work/cohorte/csharp/CODE_IDENT_CS_015_COPY/CODE_IDENT_CS_015.cs,0,0,0,0,0
5478,67,baselines_work/cohorte/csharp/CODE_IDENT_CS_012_COPY/CODE_IDENT_CS_012.cs,69,baselines_work/cohorte/csharp/CODE_IDENT_CS_013/CODE_IDENT_CS_013.cs,0,0,0,0,0
5479,67,baselines_work/cohorte/csharp/CODE_IDENT_CS_012_COPY/CODE_IDENT_CS_012.cs,71,baselines_work/cohorte/csharp/CODE_IDENT_CS_013_COPY/CODE_IDENT_CS_013.cs,0,0,0,0,0
5480,67,baselines_work/cohorte/csharp/CODE_IDENT_CS_012_COPY/CODE_IDENT_CS_012.cs,72,baselines_work/cohorte/csharp/CODE_IDENT_CS_014/CODE_IDENT_CS_014.cs,0,0,0,0,0
5481,67,baselines_work/cohorte/csharp/CODE_IDENT_CS_012_COPY/CODE_IDENT_CS_012.cs,70,baselines_work/cohorte/csharp/CODE_IDENT_CS_014_COPY/CODE_IDENT_CS_014.cs,0,0,0,0,0
5482,67,baselines_work/cohorte/csharp/CODE_IDENT_CS_012_COPY/CODE_IDENT_CS_012.cs,73,baselines_work/cohorte/csharp/CODE_IDENT_CS_015/CODE_IDENT_CS_015.cs,0,0,0,0,0
5483,67,baselines_work/cohorte/csharp/CODE_IDENT_CS_012_COPY/CODE_IDENT_CS_012.cs,74,baselines_work/cohorte/csharp/CODE_IDENT_CS_015_COPY/CODE_IDENT_CS_015.cs,0,0,0,0,0
5485,69,baselines_work/cohorte/csharp/CODE_IDENT_CS_013/CODE_IDENT_CS_013.cs,72,baselines_work/cohorte/csharp/CODE_IDENT_CS_014/CODE_IDENT_CS_014.cs,0,0,0,0,0
5486,69,baselines_work/cohorte/csharp/CODE_IDENT_CS_013/CODE_IDENT_CS_013.cs,70,baselines_work/cohorte/csharp/CODE_IDENT_CS_014_COPY/CODE_IDENT_CS_014.cs,0,0,0,0,0
5487,69,baselines_work/cohorte/csharp/CODE_IDENT_CS_013/CODE_IDENT_CS_013.cs,73,baselines_work/cohorte/csharp/CODE_IDENT_CS_015/CODE_IDENT_CS_015.cs,0,0,0,0,0
5488,69,baselines_work/cohorte/csharp/CODE_IDENT_CS_013/CODE_IDENT_CS_013.cs,74,baselines_work/cohorte/csharp/CODE_IDENT_CS_015_COPY/CODE_IDENT_CS_015.cs,0,0,0,0,0
5489,71,baselines_work/cohorte/csharp/CODE_IDENT_CS_013_COPY/CODE_IDENT_CS_013.cs,72,baselines_work/cohorte/csharp/CODE_IDENT_CS_014/CODE_IDENT_CS_014.cs,0,0,0,0,0
5490,71,baselines_work/cohorte/csharp/CODE_IDENT_CS_013_COPY/CODE_IDENT_CS_013.cs,70,baselines_work/cohorte/csharp/CODE_IDENT_CS_014_COPY/CODE_IDENT_CS_014.cs,0,0,0,0,0
5491,71,baselines_work/cohorte/csharp/CODE_IDENT_CS_013_COPY/CODE_IDENT_CS_013.cs,73,baselines_work/cohorte/csharp/CODE_IDENT_CS_015/CODE_IDENT_CS_015.cs,0,0,0,0,0
5492,71,baselines_work/cohorte/csharp/CODE_IDENT_CS_013_COPY/CODE_IDENT_CS_013.cs,74,baselines_work/cohorte/csharp/CODE_IDENT_CS_015_COPY/CODE_IDENT_CS_015.cs,0,0,0,0,0
