id,leftFileId,leftFilePath,rightFileId,rightFilePath,similarity,totalOverlap,longestFragment,leftCovered,rightCovered
4728,73,baselines_work/cohorte/java/CODE_IDENT_JAVA_015/CODE_IDENT_JAVA_015.java,74,baselines_work/cohorte/java/CODE_IDENT_JAVA_015_COPY/CODE_IDENT_JAVA_015.java,1,148,74,74,74
3737,28,baselines_work/cohorte/java/CODE_ESTRU_JAVA_015/CODE_ESTRU_JAVA_015.java,73,baselines_work/cohorte/java/CODE_IDENT_JAVA_015/CODE_IDENT_JAVA_015.java,0.9483870967741935,147,30,76,71
3738,28,baselines_work/cohorte/java/CODE_ESTRU_JAVA_015/CODE_ESTRU_JAVA_015.java,74,baselines_work/cohorte/java/CODE_IDENT_JAVA_015_COPY/CODE_IDENT_JAVA_015.java,0.9483870967741935,147,30,76,71
4663,62,baselines_work/cohorte/java/CODE_IDENT_JAVA_010/CODE_IDENT_JAVA_010.java,65,baselines_work/cohorte/java/CODE_IDENT_JAVA_010_COPY/CODE_IDENT_JAVA_010.java,1,138,69,69,69
3440,21,baselines_work/cohorte/java/CODE_ESTRU_JAVA_009/CODE_ESTRU_JAVA_009.java,60,baselines_work/cohorte/java/CODE_IDENT_JAVA_009/CODE_IDENT_JAVA_009.java,1,134,67,67,67
3441,21,baselines_work/cohorte/java/CODE_ESTRU_JAVA_009/CODE_ESTRU_JAVA_009.java,63,baselines_work/cohorte/java/CODE_IDENT_JAVA_009_COPY/CODE_IDENT_JAVA_009.java,1,134,67,67,67
4638,60,baselines_work/cohorte/java/CODE_IDENT_JAVA_009/CODE_IDENT_JAVA_009.java,63,baselines_work/cohorte/java/CODE_IDENT_JAVA_009_COPY/CODE_IDENT_JAVA_009.java,1,134,67,67,67
4723,68,baselines_work/cohorte/java/CODE_IDENT_JAVA_014/CODE_IDENT_JAVA_014.java,72,baselines_work/cohorte/java/CODE_IDENT_JAVA_014_COPY/CODE_IDENT_JAVA_014.java,1,112,56,56,56
2682,10,baselines_work/cohorte/java/CODE_DIF_JAVA_011/CODE_DIF_JAVA_011.java,44,baselines_work/cohorte/java/CODE_FUN_JAVA_015/CODE_FUN_JAVA_015.java,0.45147679324894513,107,10,59,48
4453,50,baselines_work/cohorte/java/CODE_IDENT_JAVA_004/CODE_IDENT_JAVA_004.java,55,baselines_work/cohorte/java/CODE_IDENT_JAVA_004_COPY/CODE_IDENT_JAVA_004.java,1,102,51,51,51
1963,1,baselines_work/cohorte/java/CODE_DIF_JAVA_001/CODE_DIF_JAVA_001.java,10,baselines_work/cohorte/java/CODE_DIF_JAVA_011/CODE_DIF_JAVA_011.java,0.4410480349344978,101,9,41,60
2676,10,baselines_work/cohorte/java/CODE_DIF_JAVA_011/CODE_DIF_JAVA_011.java,39,baselines_work/cohorte/java/CODE_FUN_JAVA_009/CODE_FUN_JAVA_009.java,0.44052863436123346,100,6,55,45
2385,3,baselines_work/cohorte/java/CODE_DIF_JAVA_007/CODE_DIF_JAVA_007.java,9,baselines_work/cohorte/java/CODE_DIF_JAVA_010/CODE_DIF_JAVA_010.java,0.33,99,7,42,57
3492,27,baselines_work/cohorte/java/CODE_ESTRU_JAVA_010/CODE_ESTRU_JAVA_010.java,62,baselines_work/cohorte/java/CODE_IDENT_JAVA_010/CODE_IDENT_JAVA_010.java,0.6762589928057554,94,27,47,47
3493,27,baselines_work/cohorte/java/CODE_ESTRU_JAVA_010/CODE_ESTRU_JAVA_010.java,65,baselines_work/cohorte/java/CODE_IDENT_JAVA_010_COPY/CODE_IDENT_JAVA_010.java,0.6762589928057554,94,27,47,47
2650,10,baselines_work/cohorte/java/CODE_DIF_JAVA_011/CODE_DIF_JAVA_011.java,12,baselines_work/cohorte/java/CODE_DIF_JAVA_013/CODE_DIF_JAVA_013.java,0.33214285714285713,93,8,51,42
2584,9,baselines_work/cohorte/java/CODE_DIF_JAVA_010/CODE_DIF_JAVA_010.java,10,baselines_work/cohorte/java/CODE_DIF_JAVA_011/CODE_DIF_JAVA_011.java,0.2931596091205212,90,5,41,49
4351,47,baselines_work/cohorte/java/CODE_IDENT_JAVA_002/CODE_IDENT_JAVA_002.java,51,baselines_work/cohorte/java/CODE_IDENT_JAVA_002_COPY/CODE_IDENT_JAVA_002.java,1,90,45,45,45
4684,66,baselines_work/cohorte/java/CODE_IDENT_JAVA_011/CODE_IDENT_JAVA_011.java,67,baselines_work/cohorte/java/CODE_IDENT_JAVA_011_COPY/CODE_IDENT_JAVA_011.java,1,88,44,44,44
4714,69,baselines_work/cohorte/java/CODE_IDENT_JAVA_013/CODE_IDENT_JAVA_013.java,70,baselines_work/cohorte/java/CODE_IDENT_JAVA_013_COPY/CODE_IDENT_JAVA_013.java,1,86,43,43,43
1997,1,baselines_work/cohorte/java/CODE_DIF_JAVA_001/CODE_DIF_JAVA_001.java,44,baselines_work/cohorte/java/CODE_FUN_JAVA_015/CODE_FUN_JAVA_015.java,0.425,85,13,37,48
4498,52,baselines_work/cohorte/java/CODE_IDENT_JAVA_005/CODE_IDENT_JAVA_005.java,54,baselines_work/cohorte/java/CODE_IDENT_JAVA_005_COPY/CODE_IDENT_JAVA_005.java,1,84,42,42,42
2248,8,baselines_work/cohorte/java/CODE_DIF_JAVA_005/CODE_DIF_JAVA_005.java,9,baselines_work/cohorte/java/CODE_DIF_JAVA_010/CODE_DIF_JAVA_010.java,0.2601880877742947,83,10,42,41
4122,36,baselines_work/cohorte/java/CODE_FUN_JAVA_010/CODE_FUN_JAVA_010.java,62,baselines_work/cohorte/java/CODE_IDENT_JAVA_010/CODE_IDENT_JAVA_010.java,0.48520710059171596,82,13,36,46
4123,36,baselines_work/cohorte/java/CODE_FUN_JAVA_010/CODE_FUN_JAVA_010.java,65,baselines_work/cohorte/java/CODE_IDENT_JAVA_010_COPY/CODE_IDENT_JAVA_010.java,0.48520710059171596,82,13,36,46
4576,59,baselines_work/cohorte/java/CODE_IDENT_JAVA_007/CODE_IDENT_JAVA_007.java,57,baselines_work/cohorte/java/CODE_IDENT_JAVA_007_COPY/CODE_IDENT_JAVA_007.java,1,82,41,41,41
3543,26,baselines_work/cohorte/java/CODE_ESTRU_JAVA_011/CODE_ESTRU_JAVA_011.java,66,baselines_work/cohorte/java/CODE_IDENT_JAVA_011/CODE_IDENT_JAVA_011.java,0.9310344827586207,81,35,40,41
3544,26,baselines_work/cohorte/java/CODE_ESTRU_JAVA_011/CODE_ESTRU_JAVA_011.java,67,baselines_work/cohorte/java/CODE_IDENT_JAVA_011_COPY/CODE_IDENT_JAVA_011.java,0.9310344827586207,81,35,40,41
3387,23,baselines_work/cohorte/java/CODE_ESTRU_JAVA_008/CODE_ESTRU_JAVA_008.java,56,baselines_work/cohorte/java/CODE_IDENT_JAVA_008/CODE_IDENT_JAVA_008.java,1,80,40,40,40
3388,23,baselines_work/cohorte/java/CODE_ESTRU_JAVA_008/CODE_ESTRU_JAVA_008.java,61,baselines_work/cohorte/java/CODE_IDENT_JAVA_008_COPY/CODE_IDENT_JAVA_008.java,1,80,40,40,40
4609,56,baselines_work/cohorte/java/CODE_IDENT_JAVA_008/CODE_IDENT_JAVA_008.java,61,baselines_work/cohorte/java/CODE_IDENT_JAVA_008_COPY/CODE_IDENT_JAVA_008.java,1,80,40,40,40
3333,22,baselines_work/cohorte/java/CODE_ESTRU_JAVA_007/CODE_ESTRU_JAVA_007.java,59,baselines_work/cohorte/java/CODE_IDENT_JAVA_007/CODE_IDENT_JAVA_007.java,0.8144329896907216,79,27,41,38
3334,22,baselines_work/cohorte/java/CODE_ESTRU_JAVA_007/CODE_ESTRU_JAVA_007.java,57,baselines_work/cohorte/java/CODE_IDENT_JAVA_007_COPY/CODE_IDENT_JAVA_007.java,0.8144329896907216,79,27,41,38
4168,41,baselines_work/cohorte/java/CODE_FUN_JAVA_012/CODE_FUN_JAVA_012.java,40,baselines_work/cohorte/java/CODE_FUN_JAVA_013/CODE_FUN_JAVA_013.java,0.6528925619834711,79,12,38,41
2715,11,baselines_work/cohorte/java/CODE_DIF_JAVA_012/CODE_DIF_JAVA_012.java,14,baselines_work/cohorte/java/CODE_DIF_JAVA_015/CODE_DIF_JAVA_015.java,0.24605678233438485,78,7,33,45
4404,48,baselines_work/cohorte/java/CODE_IDENT_JAVA_003/CODE_IDENT_JAVA_003.java,49,baselines_work/cohorte/java/CODE_IDENT_JAVA_003_COPY/CODE_IDENT_JAVA_003.java,1,78,39,39,39
2245,8,baselines_work/cohorte/java/CODE_DIF_JAVA_005/CODE_DIF_JAVA_005.java,3,baselines_work/cohorte/java/CODE_DIF_JAVA_007/CODE_DIF_JAVA_007.java,0.28413284132841327,77,6,43,34
4134,42,baselines_work/cohorte/java/CODE_FUN_JAVA_011/CODE_FUN_JAVA_011.java,41,baselines_work/cohorte/java/CODE_FUN_JAVA_012/CODE_FUN_JAVA_012.java,0.608,76,25,40,36
2618,9,baselines_work/cohorte/java/CODE_DIF_JAVA_010/CODE_DIF_JAVA_010.java,44,baselines_work/cohorte/java/CODE_FUN_JAVA_015/CODE_FUN_JAVA_015.java,0.2697841726618705,75,5,38,37
2651,10,baselines_work/cohorte/java/CODE_DIF_JAVA_011/CODE_DIF_JAVA_011.java,13,baselines_work/cohorte/java/CODE_DIF_JAVA_014/CODE_DIF_JAVA_014.java,0.2737642585551331,72,5,44,28
4701,64,baselines_work/cohorte/java/CODE_IDENT_JAVA_012/CODE_IDENT_JAVA_012.java,71,baselines_work/cohorte/java/CODE_IDENT_JAVA_012_COPY/CODE_IDENT_JAVA_012.java,1,72,36,36,36
2453,6,baselines_work/cohorte/java/CODE_DIF_JAVA_008/CODE_DIF_JAVA_008.java,10,baselines_work/cohorte/java/CODE_DIF_JAVA_011/CODE_DIF_JAVA_011.java,0.23905723905723905,71,7,31,40
2587,9,baselines_work/cohorte/java/CODE_DIF_JAVA_010/CODE_DIF_JAVA_010.java,13,baselines_work/cohorte/java/CODE_DIF_JAVA_014/CODE_DIF_JAVA_014.java,0.23355263157894737,71,7,42,29
2838,13,baselines_work/cohorte/java/CODE_DIF_JAVA_014/CODE_DIF_JAVA_014.java,14,baselines_work/cohorte/java/CODE_DIF_JAVA_015/CODE_DIF_JAVA_015.java,0.20760233918128654,71,6,30,41
2275,8,baselines_work/cohorte/java/CODE_DIF_JAVA_005/CODE_DIF_JAVA_005.java,37,baselines_work/cohorte/java/CODE_FUN_JAVA_007/CODE_FUN_JAVA_007.java,0.30973451327433627,70,7,38,32
2801,12,baselines_work/cohorte/java/CODE_DIF_JAVA_013/CODE_DIF_JAVA_013.java,39,baselines_work/cohorte/java/CODE_FUN_JAVA_009/CODE_FUN_JAVA_009.java,0.29045643153526973,70,5,38,32
4539,53,baselines_work/cohorte/java/CODE_IDENT_JAVA_006/CODE_IDENT_JAVA_006.java,58,baselines_work/cohorte/java/CODE_IDENT_JAVA_006_COPY/CODE_IDENT_JAVA_006.java,1,70,35,35,35
2030,0,baselines_work/cohorte/java/CODE_DIF_JAVA_002/CODE_DIF_JAVA_002.java,8,baselines_work/cohorte/java/CODE_DIF_JAVA_005/CODE_DIF_JAVA_005.java,0.32242990654205606,69,5,29,40
2388,3,baselines_work/cohorte/java/CODE_DIF_JAVA_007/CODE_DIF_JAVA_007.java,12,baselines_work/cohorte/java/CODE_DIF_JAVA_013/CODE_DIF_JAVA_013.java,0.25274725274725274,69,10,34,35
1965,1,baselines_work/cohorte/java/CODE_DIF_JAVA_001/CODE_DIF_JAVA_001.java,12,baselines_work/cohorte/java/CODE_DIF_JAVA_013/CODE_DIF_JAVA_013.java,0.2757201646090535,67,6,32,35
4135,42,baselines_work/cohorte/java/CODE_FUN_JAVA_011/CODE_FUN_JAVA_011.java,40,baselines_work/cohorte/java/CODE_FUN_JAVA_013/CODE_FUN_JAVA_013.java,0.5234375,67,10,34,33
1962,1,baselines_work/cohorte/java/CODE_DIF_JAVA_001/CODE_DIF_JAVA_001.java,9,baselines_work/cohorte/java/CODE_DIF_JAVA_010/CODE_DIF_JAVA_010.java,0.24444444444444444,66,5,28,38
2246,8,baselines_work/cohorte/java/CODE_DIF_JAVA_005/CODE_DIF_JAVA_005.java,6,baselines_work/cohorte/java/CODE_DIF_JAVA_008/CODE_DIF_JAVA_008.java,0.21359223300970873,66,10,35,31
2283,8,baselines_work/cohorte/java/CODE_DIF_JAVA_005/CODE_DIF_JAVA_005.java,44,baselines_work/cohorte/java/CODE_FUN_JAVA_015/CODE_FUN_JAVA_015.java,0.26104417670682734,65,12,32,33
2487,6,baselines_work/cohorte/java/CODE_DIF_JAVA_008/CODE_DIF_JAVA_008.java,44,baselines_work/cohorte/java/CODE_FUN_JAVA_015/CODE_FUN_JAVA_015.java,0.23880597014925373,64,10,31,33
2807,12,baselines_work/cohorte/java/CODE_DIF_JAVA_013/CODE_DIF_JAVA_013.java,44,baselines_work/cohorte/java/CODE_FUN_JAVA_015/CODE_FUN_JAVA_015.java,0.2549800796812749,64,6,30,34
2988,15,baselines_work/cohorte/java/CODE_ESTRU_JAVA_001/CODE_ESTRU_JAVA_001.java,46,baselines_work/cohorte/java/CODE_IDENT_JAVA_001/CODE_IDENT_JAVA_001.java,1,64,32,32,32
2989,15,baselines_work/cohorte/java/CODE_ESTRU_JAVA_001/CODE_ESTRU_JAVA_001.java,45,baselines_work/cohorte/java/CODE_IDENT_JAVA_001_COPY/CODE_IDENT_JAVA_001.java,1,64,32,32,32
4294,46,baselines_work/cohorte/java/CODE_IDENT_JAVA_001/CODE_IDENT_JAVA_001.java,45,baselines_work/cohorte/java/CODE_IDENT_JAVA_001_COPY/CODE_IDENT_JAVA_001.java,1,64,32,32,32
2386,3,baselines_work/cohorte/java/CODE_DIF_JAVA_007/CODE_DIF_JAVA_007.java,10,baselines_work/cohorte/java/CODE_DIF_JAVA_011/CODE_DIF_JAVA_011.java,0.23938223938223938,62,7,27,35
3048,16,baselines_work/cohorte/java/CODE_ESTRU_JAVA_002/CODE_ESTRU_JAVA_002.java,47,baselines_work/cohorte/java/CODE_IDENT_JAVA_002/CODE_IDENT_JAVA_002.java,0.7045454545454546,62,20,31,31
3049,16,baselines_work/cohorte/java/CODE_ESTRU_JAVA_002/CODE_ESTRU_JAVA_002.java,51,baselines_work/cohorte/java/CODE_IDENT_JAVA_002_COPY/CODE_IDENT_JAVA_002.java,0.7045454545454546,62,20,31,31
3642,29,baselines_work/cohorte/java/CODE_ESTRU_JAVA_013/CODE_ESTRU_JAVA_013.java,69,baselines_work/cohorte/java/CODE_IDENT_JAVA_013/CODE_IDENT_JAVA_013.java,0.7126436781609196,62,14,31,31
3643,29,baselines_work/cohorte/java/CODE_ESTRU_JAVA_013/CODE_ESTRU_JAVA_013.java,70,baselines_work/cohorte/java/CODE_IDENT_JAVA_013_COPY/CODE_IDENT_JAVA_013.java,0.7126436781609196,62,14,31,31
2586,9,baselines_work/cohorte/java/CODE_DIF_JAVA_010/CODE_DIF_JAVA_010.java,12,baselines_work/cohorte/java/CODE_DIF_JAVA_013/CODE_DIF_JAVA_013.java,0.19003115264797507,61,7,34,27
2776,12,baselines_work/cohorte/java/CODE_DIF_JAVA_013/CODE_DIF_JAVA_013.java,13,baselines_work/cohorte/java/CODE_DIF_JAVA_014/CODE_DIF_JAVA_014.java,0.22021660649819494,61,6,33,28
1960,1,baselines_work/cohorte/java/CODE_DIF_JAVA_001/CODE_DIF_JAVA_001.java,6,baselines_work/cohorte/java/CODE_DIF_JAVA_008/CODE_DIF_JAVA_008.java,0.23076923076923078,60,6,29,31
2652,10,baselines_work/cohorte/java/CODE_DIF_JAVA_011/CODE_DIF_JAVA_011.java,14,baselines_work/cohorte/java/CODE_DIF_JAVA_015/CODE_DIF_JAVA_015.java,0.17391304347826086,60,5,34,26
2174,4,baselines_work/cohorte/java/CODE_DIF_JAVA_004/CODE_DIF_JAVA_004.java,7,baselines_work/cohorte/java/CODE_DIF_JAVA_006/CODE_DIF_JAVA_006.java,0.3240223463687151,58,9,27,31
2612,9,baselines_work/cohorte/java/CODE_DIF_JAVA_010/CODE_DIF_JAVA_010.java,39,baselines_work/cohorte/java/CODE_FUN_JAVA_009/CODE_FUN_JAVA_009.java,0.21641791044776118,58,4,33,25
2667,10,baselines_work/cohorte/java/CODE_DIF_JAVA_011/CODE_DIF_JAVA_011.java,28,baselines_work/cohorte/java/CODE_ESTRU_JAVA_015/CODE_ESTRU_JAVA_015.java,0.27102803738317754,58,10,33,25
2389,3,baselines_work/cohorte/java/CODE_DIF_JAVA_007/CODE_DIF_JAVA_007.java,13,baselines_work/cohorte/java/CODE_DIF_JAVA_014/CODE_DIF_JAVA_014.java,0.22265625,57,6,29,28
2455,6,baselines_work/cohorte/java/CODE_DIF_JAVA_008/CODE_DIF_JAVA_008.java,12,baselines_work/cohorte/java/CODE_DIF_JAVA_013/CODE_DIF_JAVA_013.java,0.1832797427652733,57,6,28,29
2711,10,baselines_work/cohorte/java/CODE_DIF_JAVA_011/CODE_DIF_JAVA_011.java,73,baselines_work/cohorte/java/CODE_IDENT_JAVA_015/CODE_IDENT_JAVA_015.java,0.2753623188405797,57,10,33,24
2712,10,baselines_work/cohorte/java/CODE_DIF_JAVA_011/CODE_DIF_JAVA_011.java,74,baselines_work/cohorte/java/CODE_IDENT_JAVA_015_COPY/CODE_IDENT_JAVA_015.java,0.2753623188405797,57,10,33,24
3468,27,baselines_work/cohorte/java/CODE_ESTRU_JAVA_010/CODE_ESTRU_JAVA_010.java,36,baselines_work/cohorte/java/CODE_FUN_JAVA_010/CODE_FUN_JAVA_010.java,0.3352941176470588,57,10,32,25
2249,8,baselines_work/cohorte/java/CODE_DIF_JAVA_005/CODE_DIF_JAVA_005.java,10,baselines_work/cohorte/java/CODE_DIF_JAVA_011/CODE_DIF_JAVA_011.java,0.2014388489208633,56,7,26,30
3708,28,baselines_work/cohorte/java/CODE_ESTRU_JAVA_015/CODE_ESTRU_JAVA_015.java,44,baselines_work/cohorte/java/CODE_FUN_JAVA_015/CODE_FUN_JAVA_015.java,0.3027027027027027,56,11,28,28
4068,39,baselines_work/cohorte/java/CODE_FUN_JAVA_009/CODE_FUN_JAVA_009.java,44,baselines_work/cohorte/java/CODE_FUN_JAVA_015/CODE_FUN_JAVA_015.java,0.2828282828282828,56,5,24,32
1959,1,baselines_work/cohorte/java/CODE_DIF_JAVA_001/CODE_DIF_JAVA_001.java,3,baselines_work/cohorte/java/CODE_DIF_JAVA_007/CODE_DIF_JAVA_007.java,0.24774774774774774,55,6,26,29
2420,3,baselines_work/cohorte/java/CODE_DIF_JAVA_007/CODE_DIF_JAVA_007.java,44,baselines_work/cohorte/java/CODE_FUN_JAVA_015/CODE_FUN_JAVA_015.java,0.2391304347826087,55,6,25,30
4292,44,baselines_work/cohorte/java/CODE_FUN_JAVA_015/CODE_FUN_JAVA_015.java,73,baselines_work/cohorte/java/CODE_IDENT_JAVA_015/CODE_IDENT_JAVA_015.java,0.3089887640449438,55,11,28,27
4293,44,baselines_work/cohorte/java/CODE_FUN_JAVA_015/CODE_FUN_JAVA_015.java,74,baselines_work/cohorte/java/CODE_IDENT_JAVA_015_COPY/CODE_IDENT_JAVA_015.java,0.3089887640449438,55,11,28,27
1991,1,baselines_work/cohorte/java/CODE_DIF_JAVA_001/CODE_DIF_JAVA_001.java,39,baselines_work/cohorte/java/CODE_FUN_JAVA_009/CODE_FUN_JAVA_009.java,0.28421052631578947,54,6,28,26
2610,9,baselines_work/cohorte/java/CODE_DIF_JAVA_010/CODE_DIF_JAVA_010.java,37,baselines_work/cohorte/java/CODE_FUN_JAVA_007/CODE_FUN_JAVA_007.java,0.21176470588235294,54,7,32,22
2037,0,baselines_work/cohorte/java/CODE_DIF_JAVA_002/CODE_DIF_JAVA_002.java,11,baselines_work/cohorte/java/CODE_DIF_JAVA_012/CODE_DIF_JAVA_012.java,0.3045977011494253,53,5,25,28
2253,8,baselines_work/cohorte/java/CODE_DIF_JAVA_005/CODE_DIF_JAVA_005.java,14,baselines_work/cohorte/java/CODE_DIF_JAVA_015/CODE_DIF_JAVA_015.java,0.1484593837535014,53,4,27,26
3222,19,baselines_work/cohorte/java/CODE_ESTRU_JAVA_005/CODE_ESTRU_JAVA_005.java,52,baselines_work/cohorte/java/CODE_IDENT_JAVA_005/CODE_IDENT_JAVA_005.java,0.6463414634146342,53,13,26,27
3223,19,baselines_work/cohorte/java/CODE_ESTRU_JAVA_005/CODE_ESTRU_JAVA_005.java,54,baselines_work/cohorte/java/CODE_IDENT_JAVA_005_COPY/CODE_IDENT_JAVA_005.java,0.6463414634146342,53,13,26,27
3690,24,baselines_work/cohorte/java/CODE_ESTRU_JAVA_014/CODE_ESTRU_JAVA_014.java,68,baselines_work/cohorte/java/CODE_IDENT_JAVA_014/CODE_IDENT_JAVA_014.java,0.42063492063492064,53,17,25,28
3691,24,baselines_work/cohorte/java/CODE_ESTRU_JAVA_014/CODE_ESTRU_JAVA_014.java,72,baselines_work/cohorte/java/CODE_IDENT_JAVA_014_COPY/CODE_IDENT_JAVA_014.java,0.42063492063492064,53,17,25,28
2862,13,baselines_work/cohorte/java/CODE_DIF_JAVA_014/CODE_DIF_JAVA_014.java,39,baselines_work/cohorte/java/CODE_FUN_JAVA_009/CODE_FUN_JAVA_009.java,0.23214285714285715,52,8,26,26
2868,13,baselines_work/cohorte/java/CODE_DIF_JAVA_014/CODE_DIF_JAVA_014.java,44,baselines_work/cohorte/java/CODE_FUN_JAVA_015/CODE_FUN_JAVA_015.java,0.2222222222222222,52,5,21,31
2928,14,baselines_work/cohorte/java/CODE_DIF_JAVA_015/CODE_DIF_JAVA_015.java,44,baselines_work/cohorte/java/CODE_FUN_JAVA_015/CODE_FUN_JAVA_015.java,0.16455696202531644,52,5,26,26
3107,17,baselines_work/cohorte/java/CODE_ESTRU_JAVA_003/CODE_ESTRU_JAVA_003.java,48,baselines_work/cohorte/java/CODE_IDENT_JAVA_003/CODE_IDENT_JAVA_003.java,0.5842696629213483,52,10,26,26
3108,17,baselines_work/cohorte/java/CODE_ESTRU_JAVA_003/CODE_ESTRU_JAVA_003.java,49,baselines_work/cohorte/java/CODE_IDENT_JAVA_003_COPY/CODE_IDENT_JAVA_003.java,0.5842696629213483,52,10,26,26
2322,7,baselines_work/cohorte/java/CODE_DIF_JAVA_006/CODE_DIF_JAVA_006.java,14,baselines_work/cohorte/java/CODE_DIF_JAVA_015/CODE_DIF_JAVA_015.java,0.1592356687898089,50,8,22,28
2452,6,baselines_work/cohorte/java/CODE_DIF_JAVA_008/CODE_DIF_JAVA_008.java,9,baselines_work/cohorte/java/CODE_DIF_JAVA_010/CODE_DIF_JAVA_010.java,0.14792899408284024,50,5,21,29
3507,26,baselines_work/cohorte/java/CODE_ESTRU_JAVA_011/CODE_ESTRU_JAVA_011.java,28,baselines_work/cohorte/java/CODE_ESTRU_JAVA_015/CODE_ESTRU_JAVA_015.java,0.4032258064516129,50,9,20,30
2277,8,baselines_work/cohorte/java/CODE_DIF_JAVA_005/CODE_DIF_JAVA_005.java,39,baselines_work/cohorte/java/CODE_FUN_JAVA_009/CODE_FUN_JAVA_009.java,0.20502092050209206,49,7,26,23
2457,6,baselines_work/cohorte/java/CODE_DIF_JAVA_008/CODE_DIF_JAVA_008.java,14,baselines_work/cohorte/java/CODE_DIF_JAVA_015/CODE_DIF_JAVA_015.java,0.13031914893617022,49,4,21,28
2800,12,baselines_work/cohorte/java/CODE_DIF_JAVA_013/CODE_DIF_JAVA_013.java,38,baselines_work/cohorte/java/CODE_FUN_JAVA_008/CODE_FUN_JAVA_008.java,0.23444976076555024,49,5,28,21
3551,26,baselines_work/cohorte/java/CODE_ESTRU_JAVA_011/CODE_ESTRU_JAVA_011.java,73,baselines_work/cohorte/java/CODE_IDENT_JAVA_015/CODE_IDENT_JAVA_015.java,0.4188034188034188,49,9,20,29
3552,26,baselines_work/cohorte/java/CODE_ESTRU_JAVA_011/CODE_ESTRU_JAVA_011.java,74,baselines_work/cohorte/java/CODE_IDENT_JAVA_015_COPY/CODE_IDENT_JAVA_015.java,0.4188034188034188,49,9,20,29
3553,25,baselines_work/cohorte/java/CODE_ESTRU_JAVA_012/CODE_ESTRU_JAVA_012.java,29,baselines_work/cohorte/java/CODE_ESTRU_JAVA_013/CODE_ESTRU_JAVA_013.java,0.5764705882352941,49,16,24,25
2251,8,baselines_work/cohorte/java/CODE_DIF_JAVA_005/CODE_DIF_JAVA_005.java,12,baselines_work/cohorte/java/CODE_DIF_JAVA_013/CODE_DIF_JAVA_013.java,0.1643835616438356,48,6,24,24
2479,6,baselines_work/cohorte/java/CODE_DIF_JAVA_008/CODE_DIF_JAVA_008.java,37,baselines_work/cohorte/java/CODE_FUN_JAVA_007/CODE_FUN_JAVA_007.java,0.19591836734693877,48,6,25,23
2588,9,baselines_work/cohorte/java/CODE_DIF_JAVA_010/CODE_DIF_JAVA_010.java,14,baselines_work/cohorte/java/CODE_DIF_JAVA_015/CODE_DIF_JAVA_015.java,0.12435233160621761,48,6,21,27
2922,14,baselines_work/cohorte/java/CODE_DIF_JAVA_015/CODE_DIF_JAVA_015.java,39,baselines_work/cohorte/java/CODE_FUN_JAVA_009/CODE_FUN_JAVA_009.java,0.1568627450980392,48,5,27,21
3165,18,baselines_work/cohorte/java/CODE_ESTRU_JAVA_004/CODE_ESTRU_JAVA_004.java,50,baselines_work/cohorte/java/CODE_IDENT_JAVA_004/CODE_IDENT_JAVA_004.java,0.46601941747572817,48,13,23,25
3166,18,baselines_work/cohorte/java/CODE_ESTRU_JAVA_004/CODE_ESTRU_JAVA_004.java,55,baselines_work/cohorte/java/CODE_IDENT_JAVA_004_COPY/CODE_IDENT_JAVA_004.java,0.46601941747572817,48,13,23,25
3593,25,baselines_work/cohorte/java/CODE_ESTRU_JAVA_012/CODE_ESTRU_JAVA_012.java,64,baselines_work/cohorte/java/CODE_IDENT_JAVA_012/CODE_IDENT_JAVA_012.java,0.6233766233766234,48,14,24,24
3594,25,baselines_work/cohorte/java/CODE_ESTRU_JAVA_012/CODE_ESTRU_JAVA_012.java,71,baselines_work/cohorte/java/CODE_IDENT_JAVA_012_COPY/CODE_IDENT_JAVA_012.java,0.6233766233766234,48,14,24,24
3995,37,baselines_work/cohorte/java/CODE_FUN_JAVA_007/CODE_FUN_JAVA_007.java,44,baselines_work/cohorte/java/CODE_FUN_JAVA_015/CODE_FUN_JAVA_015.java,0.2594594594594595,48,6,20,28
4702,64,baselines_work/cohorte/java/CODE_IDENT_JAVA_012/CODE_IDENT_JAVA_012.java,69,baselines_work/cohorte/java/CODE_IDENT_JAVA_013/CODE_IDENT_JAVA_013.java,0.6075949367088608,48,15,24,24
4703,64,baselines_work/cohorte/java/CODE_IDENT_JAVA_012/CODE_IDENT_JAVA_012.java,70,baselines_work/cohorte/java/CODE_IDENT_JAVA_013_COPY/CODE_IDENT_JAVA_013.java,0.6075949367088608,48,15,24,24
4708,71,baselines_work/cohorte/java/CODE_IDENT_JAVA_012_COPY/CODE_IDENT_JAVA_012.java,69,baselines_work/cohorte/java/CODE_IDENT_JAVA_013/CODE_IDENT_JAVA_013.java,0.6075949367088608,48,15,24,24
4709,71,baselines_work/cohorte/java/CODE_IDENT_JAVA_012_COPY/CODE_IDENT_JAVA_012.java,70,baselines_work/cohorte/java/CODE_IDENT_JAVA_013_COPY/CODE_IDENT_JAVA_013.java,0.6075949367088608,48,15,24,24
2273,8,baselines_work/cohorte/java/CODE_DIF_JAVA_005/CODE_DIF_JAVA_005.java,33,baselines_work/cohorte/java/CODE_FUN_JAVA_005/CODE_FUN_JAVA_005.java,0.22065727699530516,47,5,27,20
2383,3,baselines_work/cohorte/java/CODE_DIF_JAVA_007/CODE_DIF_JAVA_007.java,6,baselines_work/cohorte/java/CODE_DIF_JAVA_008/CODE_DIF_JAVA_008.java,0.16206896551724137,47,5,24,23
2795,12,baselines_work/cohorte/java/CODE_DIF_JAVA_013/CODE_DIF_JAVA_013.java,32,baselines_work/cohorte/java/CODE_FUN_JAVA_003/CODE_FUN_JAVA_003.java,0.25405405405405407,47,6,27,20
4137,42,baselines_work/cohorte/java/CODE_FUN_JAVA_011/CODE_FUN_JAVA_011.java,44,baselines_work/cohorte/java/CODE_FUN_JAVA_015/CODE_FUN_JAVA_015.java,0.27647058823529413,47,9,21,26
2250,8,baselines_work/cohorte/java/CODE_DIF_JAVA_005/CODE_DIF_JAVA_005.java,11,baselines_work/cohorte/java/CODE_DIF_JAVA_012/CODE_DIF_JAVA_012.java,0.184,46,3,26,20
2390,3,baselines_work/cohorte/java/CODE_DIF_JAVA_007/CODE_DIF_JAVA_007.java,14,baselines_work/cohorte/java/CODE_DIF_JAVA_015/CODE_DIF_JAVA_015.java,0.13609467455621302,46,4,17,29
2481,6,baselines_work/cohorte/java/CODE_DIF_JAVA_008/CODE_DIF_JAVA_008.java,39,baselines_work/cohorte/java/CODE_FUN_JAVA_009/CODE_FUN_JAVA_009.java,0.17829457364341086,46,4,24,22
2608,9,baselines_work/cohorte/java/CODE_DIF_JAVA_010/CODE_DIF_JAVA_010.java,33,baselines_work/cohorte/java/CODE_FUN_JAVA_005/CODE_FUN_JAVA_005.java,0.19008264462809918,46,3,28,18
3136,18,baselines_work/cohorte/java/CODE_ESTRU_JAVA_004/CODE_ESTRU_JAVA_004.java,23,baselines_work/cohorte/java/CODE_ESTRU_JAVA_008/CODE_ESTRU_JAVA_008.java,0.5,46,6,18,28
3173,18,baselines_work/cohorte/java/CODE_ESTRU_JAVA_004/CODE_ESTRU_JAVA_004.java,56,baselines_work/cohorte/java/CODE_IDENT_JAVA_008/CODE_IDENT_JAVA_008.java,0.5,46,6,18,28
3174,18,baselines_work/cohorte/java/CODE_ESTRU_JAVA_004/CODE_ESTRU_JAVA_004.java,61,baselines_work/cohorte/java/CODE_IDENT_JAVA_008_COPY/CODE_IDENT_JAVA_008.java,0.5,46,6,18,28
2032,0,baselines_work/cohorte/java/CODE_DIF_JAVA_002/CODE_DIF_JAVA_002.java,3,baselines_work/cohorte/java/CODE_DIF_JAVA_007/CODE_DIF_JAVA_007.java,0.23076923076923078,45,6,21,24
2777,12,baselines_work/cohorte/java/CODE_DIF_JAVA_013/CODE_DIF_JAVA_013.java,14,baselines_work/cohorte/java/CODE_DIF_JAVA_015/CODE_DIF_JAVA_015.java,0.12534818941504178,45,7,20,25
3417,21,baselines_work/cohorte/java/CODE_ESTRU_JAVA_009/CODE_ESTRU_JAVA_009.java,39,baselines_work/cohorte/java/CODE_FUN_JAVA_009/CODE_FUN_JAVA_009.java,0.2795031055900621,45,9,24,21
3452,21,baselines_work/cohorte/java/CODE_ESTRU_JAVA_009/CODE_ESTRU_JAVA_009.java,73,baselines_work/cohorte/java/CODE_IDENT_JAVA_015/CODE_IDENT_JAVA_015.java,0.3191489361702128,45,7,21,24
3453,21,baselines_work/cohorte/java/CODE_ESTRU_JAVA_009/CODE_ESTRU_JAVA_009.java,74,baselines_work/cohorte/java/CODE_IDENT_JAVA_015_COPY/CODE_IDENT_JAVA_015.java,0.3191489361702128,45,7,21,24
3595,25,baselines_work/cohorte/java/CODE_ESTRU_JAVA_012/CODE_ESTRU_JAVA_012.java,69,baselines_work/cohorte/java/CODE_IDENT_JAVA_013/CODE_IDENT_JAVA_013.java,0.5357142857142857,45,14,22,23
3596,25,baselines_work/cohorte/java/CODE_ESTRU_JAVA_012/CODE_ESTRU_JAVA_012.java,70,baselines_work/cohorte/java/CODE_IDENT_JAVA_013_COPY/CODE_IDENT_JAVA_013.java,0.5357142857142857,45,14,22,23
3640,29,baselines_work/cohorte/java/CODE_ESTRU_JAVA_013/CODE_ESTRU_JAVA_013.java,64,baselines_work/cohorte/java/CODE_IDENT_JAVA_012/CODE_IDENT_JAVA_012.java,0.5625,45,14,23,22
3641,29,baselines_work/cohorte/java/CODE_ESTRU_JAVA_013/CODE_ESTRU_JAVA_013.java,71,baselines_work/cohorte/java/CODE_IDENT_JAVA_012_COPY/CODE_IDENT_JAVA_012.java,0.5625,45,14,23,22
4085,39,baselines_work/cohorte/java/CODE_FUN_JAVA_009/CODE_FUN_JAVA_009.java,60,baselines_work/cohorte/java/CODE_IDENT_JAVA_009/CODE_IDENT_JAVA_009.java,0.2795031055900621,45,9,21,24
4086,39,baselines_work/cohorte/java/CODE_FUN_JAVA_009/CODE_FUN_JAVA_009.java,63,baselines_work/cohorte/java/CODE_IDENT_JAVA_009_COPY/CODE_IDENT_JAVA_009.java,0.2795031055900621,45,9,21,24
4649,60,baselines_work/cohorte/java/CODE_IDENT_JAVA_009/CODE_IDENT_JAVA_009.java,73,baselines_work/cohorte/java/CODE_IDENT_JAVA_015/CODE_IDENT_JAVA_015.java,0.3191489361702128,45,7,21,24
4650,60,baselines_work/cohorte/java/CODE_IDENT_JAVA_009/CODE_IDENT_JAVA_009.java,74,baselines_work/cohorte/java/CODE_IDENT_JAVA_015_COPY/CODE_IDENT_JAVA_015.java,0.3191489361702128,45,7,21,24
4661,63,baselines_work/cohorte/java/CODE_IDENT_JAVA_009_COPY/CODE_IDENT_JAVA_009.java,73,baselines_work/cohorte/java/CODE_IDENT_JAVA_015/CODE_IDENT_JAVA_015.java,0.3191489361702128,45,7,21,24
4662,63,baselines_work/cohorte/java/CODE_IDENT_JAVA_009_COPY/CODE_IDENT_JAVA_009.java,74,baselines_work/cohorte/java/CODE_IDENT_JAVA_015_COPY/CODE_IDENT_JAVA_015.java,0.3191489361702128,45,7,21,24
2666,10,baselines_work/cohorte/java/CODE_DIF_JAVA_011/CODE_DIF_JAVA_011.java,24,baselines_work/cohorte/java/CODE_ESTRU_JAVA_014/CODE_ESTRU_JAVA_014.java,0.21674876847290642,44,3,27,17
2670,10,baselines_work/cohorte/java/CODE_DIF_JAVA_011/CODE_DIF_JAVA_011.java,32,baselines_work/cohorte/java/CODE_FUN_JAVA_003/CODE_FUN_JAVA_003.java,0.2573099415204678,44,7,25,19
2713,11,baselines_work/cohorte/java/CODE_DIF_JAVA_012/CODE_DIF_JAVA_012.java,12,baselines_work/cohorte/java/CODE_DIF_JAVA_013/CODE_DIF_JAVA_013.java,0.1746031746031746,44,9,19,25
3278,20,baselines_work/cohorte/java/CODE_ESTRU_JAVA_006/CODE_ESTRU_JAVA_006.java,53,baselines_work/cohorte/java/CODE_IDENT_JAVA_006/CODE_IDENT_JAVA_006.java,0.6027397260273972,44,12,22,22
3279,20,baselines_work/cohorte/java/CODE_ESTRU_JAVA_006/CODE_ESTRU_JAVA_006.java,58,baselines_work/cohorte/java/CODE_IDENT_JAVA_006_COPY/CODE_IDENT_JAVA_006.java,0.6027397260273972,44,12,22,22
3504,26,baselines_work/cohorte/java/CODE_ESTRU_JAVA_011/CODE_ESTRU_JAVA_011.java,25,baselines_work/cohorte/java/CODE_ESTRU_JAVA_012/CODE_ESTRU_JAVA_012.java,0.5238095238095238,44,14,22,22
3545,26,baselines_work/cohorte/java/CODE_ESTRU_JAVA_011/CODE_ESTRU_JAVA_011.java,64,baselines_work/cohorte/java/CODE_IDENT_JAVA_012/CODE_IDENT_JAVA_012.java,0.5569620253164557,44,14,22,22
3546,26,baselines_work/cohorte/java/CODE_ESTRU_JAVA_011/CODE_ESTRU_JAVA_011.java,71,baselines_work/cohorte/java/CODE_IDENT_JAVA_012_COPY/CODE_IDENT_JAVA_012.java,0.5569620253164557,44,14,22,22
3591,25,baselines_work/cohorte/java/CODE_ESTRU_JAVA_012/CODE_ESTRU_JAVA_012.java,66,baselines_work/cohorte/java/CODE_IDENT_JAVA_011/CODE_IDENT_JAVA_011.java,0.5176470588235295,44,14,22,22
3592,25,baselines_work/cohorte/java/CODE_ESTRU_JAVA_012/CODE_ESTRU_JAVA_012.java,67,baselines_work/cohorte/java/CODE_IDENT_JAVA_011_COPY/CODE_IDENT_JAVA_011.java,0.5176470588235295,44,14,22,22
3729,28,baselines_work/cohorte/java/CODE_ESTRU_JAVA_015/CODE_ESTRU_JAVA_015.java,66,baselines_work/cohorte/java/CODE_IDENT_JAVA_011/CODE_IDENT_JAVA_011.java,0.352,44,9,25,19
3730,28,baselines_work/cohorte/java/CODE_ESTRU_JAVA_015/CODE_ESTRU_JAVA_015.java,67,baselines_work/cohorte/java/CODE_IDENT_JAVA_011_COPY/CODE_IDENT_JAVA_011.java,0.352,44,9,25,19
3837,32,baselines_work/cohorte/java/CODE_FUN_JAVA_003/CODE_FUN_JAVA_003.java,44,baselines_work/cohorte/java/CODE_FUN_JAVA_015/CODE_FUN_JAVA_015.java,0.30985915492957744,44,9,20,24
4066,39,baselines_work/cohorte/java/CODE_FUN_JAVA_009/CODE_FUN_JAVA_009.java,40,baselines_work/cohorte/java/CODE_FUN_JAVA_013/CODE_FUN_JAVA_013.java,0.28205128205128205,44,5,23,21
4136,42,baselines_work/cohorte/java/CODE_FUN_JAVA_011/CODE_FUN_JAVA_011.java,43,baselines_work/cohorte/java/CODE_FUN_JAVA_014/CODE_FUN_JAVA_014.java,0.2953020134228188,44,7,23,21
4170,41,baselines_work/cohorte/java/CODE_FUN_JAVA_012/CODE_FUN_JAVA_012.java,44,baselines_work/cohorte/java/CODE_FUN_JAVA_015/CODE_FUN_JAVA_015.java,0.26993865030674846,44,6,18,26
4685,66,baselines_work/cohorte/java/CODE_IDENT_JAVA_011/CODE_IDENT_JAVA_011.java,64,baselines_work/cohorte/java/CODE_IDENT_JAVA_012/CODE_IDENT_JAVA_012.java,0.55,44,14,22,22
4686,66,baselines_work/cohorte/java/CODE_IDENT_JAVA_011/CODE_IDENT_JAVA_011.java,71,baselines_work/cohorte/java/CODE_IDENT_JAVA_012_COPY/CODE_IDENT_JAVA_012.java,0.55,44,14,22,22
4693,67,baselines_work/cohorte/java/CODE_IDENT_JAVA_011_COPY/CODE_IDENT_JAVA_011.java,64,baselines_work/cohorte/java/CODE_IDENT_JAVA_012/CODE_IDENT_JAVA_012.java,0.55,44,14,22,22
4694,67,baselines_work/cohorte/java/CODE_IDENT_JAVA_011_COPY/CODE_IDENT_JAVA_011.java,71,baselines_work/cohorte/java/CODE_IDENT_JAVA_012_COPY/CODE_IDENT_JAVA_012.java,0.55,44,14,22,22
1966,1,baselines_work/cohorte/java/CODE_DIF_JAVA_001/CODE_DIF_JAVA_001.java,13,baselines_work/cohorte/java/CODE_DIF_JAVA_014/CODE_DIF_JAVA_014.java,0.1902654867256637,43,5,22,21
1982,1,baselines_work/cohorte/java/CODE_DIF_JAVA_001/CODE_DIF_JAVA_001.java,28,baselines_work/cohorte/java/CODE_ESTRU_JAVA_015/CODE_ESTRU_JAVA_015.java,0.24293785310734464,43,9,20,23
2183,4,baselines_work/cohorte/java/CODE_DIF_JAVA_004/CODE_DIF_JAVA_004.java,14,baselines_work/cohorte/java/CODE_DIF_JAVA_015/CODE_DIF_JAVA_015.java,0.14878892733564014,43,6,17,26
2410,3,baselines_work/cohorte/java/CODE_DIF_JAVA_007/CODE_DIF_JAVA_007.java,33,baselines_work/cohorte/java/CODE_FUN_JAVA_005/CODE_FUN_JAVA_005.java,0.22164948453608246,43,6,23,20
2414,3,baselines_work/cohorte/java/CODE_DIF_JAVA_007/CODE_DIF_JAVA_007.java,39,baselines_work/cohorte/java/CODE_FUN_JAVA_009/CODE_FUN_JAVA_009.java,0.19545454545454546,43,5,22,21
2585,9,baselines_work/cohorte/java/CODE_DIF_JAVA_010/CODE_DIF_JAVA_010.java,11,baselines_work/cohorte/java/CODE_DIF_JAVA_012/CODE_DIF_JAVA_012.java,0.15412186379928317,43,3,23,20
2714,11,baselines_work/cohorte/java/CODE_DIF_JAVA_012/CODE_DIF_JAVA_012.java,13,baselines_work/cohorte/java/CODE_DIF_JAVA_014/CODE_DIF_JAVA_014.java,0.1829787234042553,43,6,20,23
4026,38,baselines_work/cohorte/java/CODE_FUN_JAVA_008/CODE_FUN_JAVA_008.java,39,baselines_work/cohorte/java/CODE_FUN_JAVA_009/CODE_FUN_JAVA_009.java,0.27564102564102566,43,6,20,23
4202,40,baselines_work/cohorte/java/CODE_FUN_JAVA_013/CODE_FUN_JAVA_013.java,44,baselines_work/cohorte/java/CODE_FUN_JAVA_015/CODE_FUN_JAVA_015.java,0.25903614457831325,43,9,19,24
4691,66,baselines_work/cohorte/java/CODE_IDENT_JAVA_011/CODE_IDENT_JAVA_011.java,73,baselines_work/cohorte/java/CODE_IDENT_JAVA_015/CODE_IDENT_JAVA_015.java,0.3644067796610169,43,9,19,24
4692,66,baselines_work/cohorte/java/CODE_IDENT_JAVA_011/CODE_IDENT_JAVA_011.java,74,baselines_work/cohorte/java/CODE_IDENT_JAVA_015_COPY/CODE_IDENT_JAVA_015.java,0.3644067796610169,43,9,19,24
4699,67,baselines_work/cohorte/java/CODE_IDENT_JAVA_011_COPY/CODE_IDENT_JAVA_011.java,73,baselines_work/cohorte/java/CODE_IDENT_JAVA_015/CODE_IDENT_JAVA_015.java,0.3644067796610169,43,9,19,24
4700,67,baselines_work/cohorte/java/CODE_IDENT_JAVA_011_COPY/CODE_IDENT_JAVA_011.java,74,baselines_work/cohorte/java/CODE_IDENT_JAVA_015_COPY/CODE_IDENT_JAVA_015.java,0.3644067796610169,43,9,19,24
2026,1,baselines_work/cohorte/java/CODE_DIF_JAVA_001/CODE_DIF_JAVA_001.java,73,baselines_work/cohorte/java/CODE_IDENT_JAVA_015/CODE_IDENT_JAVA_015.java,0.24705882352941178,42,9,20,22
2027,1,baselines_work/cohorte/java/CODE_DIF_JAVA_001/CODE_DIF_JAVA_001.java,74,baselines_work/cohorte/java/CODE_IDENT_JAVA_015_COPY/CODE_IDENT_JAVA_015.java,0.24705882352941178,42,9,20,22
4689,66,baselines_work/cohorte/java/CODE_IDENT_JAVA_011/CODE_IDENT_JAVA_011.java,68,baselines_work/cohorte/java/CODE_IDENT_JAVA_014/CODE_IDENT_JAVA_014.java,0.42,42,12,19,23
4690,66,baselines_work/cohorte/java/CODE_IDENT_JAVA_011/CODE_IDENT_JAVA_011.java,72,baselines_work/cohorte/java/CODE_IDENT_JAVA_014_COPY/CODE_IDENT_JAVA_014.java,0.42,42,12,19,23
4697,67,baselines_work/cohorte/java/CODE_IDENT_JAVA_011_COPY/CODE_IDENT_JAVA_011.java,68,baselines_work/cohorte/java/CODE_IDENT_JAVA_014/CODE_IDENT_JAVA_014.java,0.42,42,12,19,23
4698,67,baselines_work/cohorte/java/CODE_IDENT_JAVA_011_COPY/CODE_IDENT_JAVA_011.java,72,baselines_work/cohorte/java/CODE_IDENT_JAVA_014_COPY/CODE_IDENT_JAVA_014.java,0.42,42,12,19,23
2038,0,baselines_work/cohorte/java/CODE_DIF_JAVA_002/CODE_DIF_JAVA_002.java,12,baselines_work/cohorte/java/CODE_DIF_JAVA_013/CODE_DIF_JAVA_013.java,0.18981481481481483,41,5,17,24
2252,8,baselines_work/cohorte/java/CODE_DIF_JAVA_005/CODE_DIF_JAVA_005.java,13,baselines_work/cohorte/java/CODE_DIF_JAVA_014/CODE_DIF_JAVA_014.java,0.14909090909090908,41,4,23,18
2281,8,baselines_work/cohorte/java/CODE_DIF_JAVA_005/CODE_DIF_JAVA_005.java,40,baselines_work/cohorte/java/CODE_FUN_JAVA_013/CODE_FUN_JAVA_013.java,0.19806763285024154,41,9,23,18
2412,3,baselines_work/cohorte/java/CODE_DIF_JAVA_007/CODE_DIF_JAVA_007.java,37,baselines_work/cohorte/java/CODE_FUN_JAVA_007/CODE_FUN_JAVA_007.java,0.19806763285024154,41,5,22,19
2454,6,baselines_work/cohorte/java/CODE_DIF_JAVA_008/CODE_DIF_JAVA_008.java,11,baselines_work/cohorte/java/CODE_DIF_JAVA_012/CODE_DIF_JAVA_012.java,0.1524163568773234,41,4,23,18
2680,10,baselines_work/cohorte/java/CODE_DIF_JAVA_011/CODE_DIF_JAVA_011.java,40,baselines_work/cohorte/java/CODE_FUN_JAVA_013/CODE_FUN_JAVA_013.java,0.21025641025641026,41,7,25,16
3505,26,baselines_work/cohorte/java/CODE_ESTRU_JAVA_011/CODE_ESTRU_JAVA_011.java,29,baselines_work/cohorte/java/CODE_ESTRU_JAVA_013/CODE_ESTRU_JAVA_013.java,0.47126436781609193,41,14,20,21
3547,26,baselines_work/cohorte/java/CODE_ESTRU_JAVA_011/CODE_ESTRU_JAVA_011.java,69,baselines_work/cohorte/java/CODE_IDENT_JAVA_013/CODE_IDENT_JAVA_013.java,0.47674418604651164,41,14,20,21
3548,26,baselines_work/cohorte/java/CODE_ESTRU_JAVA_011/CODE_ESTRU_JAVA_011.java,70,baselines_work/cohorte/java/CODE_IDENT_JAVA_013_COPY/CODE_IDENT_JAVA_013.java,0.47674418604651164,41,14,20,21
3549,26,baselines_work/cohorte/java/CODE_ESTRU_JAVA_011/CODE_ESTRU_JAVA_011.java,68,baselines_work/cohorte/java/CODE_IDENT_JAVA_014/CODE_IDENT_JAVA_014.java,0.41414141414141414,41,12,18,23
3550,26,baselines_work/cohorte/java/CODE_ESTRU_JAVA_011/CODE_ESTRU_JAVA_011.java,72,baselines_work/cohorte/java/CODE_IDENT_JAVA_014_COPY/CODE_IDENT_JAVA_014.java,0.41414141414141414,41,12,18,23
3638,29,baselines_work/cohorte/java/CODE_ESTRU_JAVA_013/CODE_ESTRU_JAVA_013.java,66,baselines_work/cohorte/java/CODE_IDENT_JAVA_011/CODE_IDENT_JAVA_011.java,0.4659090909090909,41,14,21,20
3639,29,baselines_work/cohorte/java/CODE_ESTRU_JAVA_013/CODE_ESTRU_JAVA_013.java,67,baselines_work/cohorte/java/CODE_IDENT_JAVA_011_COPY/CODE_IDENT_JAVA_011.java,0.4659090909090909,41,14,21,20
4687,66,baselines_work/cohorte/java/CODE_IDENT_JAVA_011/CODE_IDENT_JAVA_011.java,69,baselines_work/cohorte/java/CODE_IDENT_JAVA_013/CODE_IDENT_JAVA_013.java,0.47126436781609193,41,14,20,21
4688,66,baselines_work/cohorte/java/CODE_IDENT_JAVA_011/CODE_IDENT_JAVA_011.java,70,baselines_work/cohorte/java/CODE_IDENT_JAVA_013_COPY/CODE_IDENT_JAVA_013.java,0.47126436781609193,41,14,20,21
4695,67,baselines_work/cohorte/java/CODE_IDENT_JAVA_011_COPY/CODE_IDENT_JAVA_011.java,69,baselines_work/cohorte/java/CODE_IDENT_JAVA_013/CODE_IDENT_JAVA_013.java,0.47126436781609193,41,14,20,21
4696,67,baselines_work/cohorte/java/CODE_IDENT_JAVA_011_COPY/CODE_IDENT_JAVA_011.java,70,baselines_work/cohorte/java/CODE_IDENT_JAVA_013_COPY/CODE_IDENT_JAVA_013.java,0.47126436781609193,41,14,20,21
2062,0,baselines_work/cohorte/java/CODE_DIF_JAVA_002/CODE_DIF_JAVA_002.java,37,baselines_work/cohorte/java/CODE_FUN_JAVA_007/CODE_FUN_JAVA_007.java,0.26666666666666666,40,4,18,22
2614,9,baselines_work/cohorte/java/CODE_DIF_JAVA_010/CODE_DIF_JAVA_010.java,42,baselines_work/cohorte/java/CODE_FUN_JAVA_011/CODE_FUN_JAVA_011.java,0.16666666666666666,40,5,24,16
2649,10,baselines_work/cohorte/java/CODE_DIF_JAVA_011/CODE_DIF_JAVA_011.java,11,baselines_work/cohorte/java/CODE_DIF_JAVA_012/CODE_DIF_JAVA_012.java,0.16806722689075632,40,5,26,14
2674,10,baselines_work/cohorte/java/CODE_DIF_JAVA_011/CODE_DIF_JAVA_011.java,37,baselines_work/cohorte/java/CODE_FUN_JAVA_007/CODE_FUN_JAVA_007.java,0.18691588785046728,40,4,26,14
3408,21,baselines_work/cohorte/java/CODE_ESTRU_JAVA_009/CODE_ESTRU_JAVA_009.java,28,baselines_work/cohorte/java/CODE_ESTRU_JAVA_015/CODE_ESTRU_JAVA_015.java,0.2702702702702703,40,7,18,22
3684,24,baselines_work/cohorte/java/CODE_ESTRU_JAVA_014/CODE_ESTRU_JAVA_014.java,66,baselines_work/cohorte/java/CODE_IDENT_JAVA_011/CODE_IDENT_JAVA_011.java,0.3508771929824561,40,12,21,19
3685,24,baselines_work/cohorte/java/CODE_ESTRU_JAVA_014/CODE_ESTRU_JAVA_014.java,67,baselines_work/cohorte/java/CODE_IDENT_JAVA_011_COPY/CODE_IDENT_JAVA_011.java,0.3508771929824561,40,12,21,19
3725,28,baselines_work/cohorte/java/CODE_ESTRU_JAVA_015/CODE_ESTRU_JAVA_015.java,60,baselines_work/cohorte/java/CODE_IDENT_JAVA_009/CODE_IDENT_JAVA_009.java,0.2702702702702703,40,7,22,18
3726,28,baselines_work/cohorte/java/CODE_ESTRU_JAVA_015/CODE_ESTRU_JAVA_015.java,63,baselines_work/cohorte/java/CODE_IDENT_JAVA_009_COPY/CODE_IDENT_JAVA_009.java,0.2702702702702703,40,7,22,18
3735,28,baselines_work/cohorte/java/CODE_ESTRU_JAVA_015/CODE_ESTRU_JAVA_015.java,68,baselines_work/cohorte/java/CODE_IDENT_JAVA_014/CODE_IDENT_JAVA_014.java,0.291970802919708,40,9,21,19
3736,28,baselines_work/cohorte/java/CODE_ESTRU_JAVA_015/CODE_ESTRU_JAVA_015.java,72,baselines_work/cohorte/java/CODE_IDENT_JAVA_014_COPY/CODE_IDENT_JAVA_014.java,0.291970802919708,40,9,21,19
3968,34,baselines_work/cohorte/java/CODE_FUN_JAVA_006/CODE_FUN_JAVA_006.java,53,baselines_work/cohorte/java/CODE_IDENT_JAVA_006/CODE_IDENT_JAVA_006.java,0.39215686274509803,40,8,22,18
3969,34,baselines_work/cohorte/java/CODE_FUN_JAVA_006/CODE_FUN_JAVA_006.java,58,baselines_work/cohorte/java/CODE_IDENT_JAVA_006_COPY/CODE_IDENT_JAVA_006.java,0.39215686274509803,40,8,22,18
1967,1,baselines_work/cohorte/java/CODE_DIF_JAVA_001/CODE_DIF_JAVA_001.java,14,baselines_work/cohorte/java/CODE_DIF_JAVA_015/CODE_DIF_JAVA_015.java,0.1266233766233766,39,4,16,23
2036,0,baselines_work/cohorte/java/CODE_DIF_JAVA_002/CODE_DIF_JAVA_002.java,10,baselines_work/cohorte/java/CODE_DIF_JAVA_011/CODE_DIF_JAVA_011.java,0.19306930693069307,39,4,16,23
2070,0,baselines_work/cohorte/java/CODE_DIF_JAVA_002/CODE_DIF_JAVA_002.java,44,baselines_work/cohorte/java/CODE_FUN_JAVA_015/CODE_FUN_JAVA_015.java,0.2254335260115607,39,4,17,22
2606,9,baselines_work/cohorte/java/CODE_DIF_JAVA_010/CODE_DIF_JAVA_010.java,32,baselines_work/cohorte/java/CODE_FUN_JAVA_003/CODE_FUN_JAVA_003.java,0.18396226415094338,39,5,23,16
3506,26,baselines_work/cohorte/java/CODE_ESTRU_JAVA_011/CODE_ESTRU_JAVA_011.java,24,baselines_work/cohorte/java/CODE_ESTRU_JAVA_014/CODE_ESTRU_JAVA_014.java,0.34513274336283184,39,12,18,21
3748,30,baselines_work/cohorte/java/CODE_FUN_JAVA_001/CODE_FUN_JAVA_001.java,42,baselines_work/cohorte/java/CODE_FUN_JAVA_011/CODE_FUN_JAVA_011.java,0.3333333333333333,39,7,17,22
3829,32,baselines_work/cohorte/java/CODE_FUN_JAVA_003/CODE_FUN_JAVA_003.java,37,baselines_work/cohorte/java/CODE_FUN_JAVA_007/CODE_FUN_JAVA_007.java,0.3277310924369748,39,8,20,19
4193,41,baselines_work/cohorte/java/CODE_FUN_JAVA_012/CODE_FUN_JAVA_012.java,64,baselines_work/cohorte/java/CODE_IDENT_JAVA_012/CODE_IDENT_JAVA_012.java,0.4105263157894737,39,7,19,20
4194,41,baselines_work/cohorte/java/CODE_FUN_JAVA_012/CODE_FUN_JAVA_012.java,71,baselines_work/cohorte/java/CODE_IDENT_JAVA_012_COPY/CODE_IDENT_JAVA_012.java,0.4105263157894737,39,7,19,20
4724,68,baselines_work/cohorte/java/CODE_IDENT_JAVA_014/CODE_IDENT_JAVA_014.java,73,baselines_work/cohorte/java/CODE_IDENT_JAVA_015/CODE_IDENT_JAVA_015.java,0.3,39,9,19,20
4725,68,baselines_work/cohorte/java/CODE_IDENT_JAVA_014/CODE_IDENT_JAVA_014.java,74,baselines_work/cohorte/java/CODE_IDENT_JAVA_015_COPY/CODE_IDENT_JAVA_015.java,0.3,39,9,19,20
4726,72,baselines_work/cohorte/java/CODE_IDENT_JAVA_014_COPY/CODE_IDENT_JAVA_014.java,73,baselines_work/cohorte/java/CODE_IDENT_JAVA_015/CODE_IDENT_JAVA_015.java,0.3,39,9,19,20
4727,72,baselines_work/cohorte/java/CODE_IDENT_JAVA_014_COPY/CODE_IDENT_JAVA_014.java,74,baselines_work/cohorte/java/CODE_IDENT_JAVA_015_COPY/CODE_IDENT_JAVA_015.java,0.3,39,9,19,20
2035,0,baselines_work/cohorte/java/CODE_DIF_JAVA_002/CODE_DIF_JAVA_002.java,9,baselines_work/cohorte/java/CODE_DIF_JAVA_010/CODE_DIF_JAVA_010.java,0.15637860082304528,38,3,17,21
2039,0,baselines_work/cohorte/java/CODE_DIF_JAVA_002/CODE_DIF_JAVA_002.java,13,baselines_work/cohorte/java/CODE_DIF_JAVA_014/CODE_DIF_JAVA_014.java,0.19095477386934673,38,4,17,21
2064,0,baselines_work/cohorte/java/CODE_DIF_JAVA_002/CODE_DIF_JAVA_002.java,39,baselines_work/cohorte/java/CODE_FUN_JAVA_009/CODE_FUN_JAVA_009.java,0.2331288343558282,38,5,19,19
2477,6,baselines_work/cohorte/java/CODE_DIF_JAVA_008/CODE_DIF_JAVA_008.java,33,baselines_work/cohorte/java/CODE_FUN_JAVA_005/CODE_FUN_JAVA_005.java,0.16379310344827586,38,3,20,18
2678,10,baselines_work/cohorte/java/CODE_DIF_JAVA_011/CODE_DIF_JAVA_011.java,42,baselines_work/cohorte/java/CODE_FUN_JAVA_011/CODE_FUN_JAVA_011.java,0.19095477386934673,38,7,23,15
2797,12,baselines_work/cohorte/java/CODE_DIF_JAVA_013/CODE_DIF_JAVA_013.java,33,baselines_work/cohorte/java/CODE_FUN_JAVA_005/CODE_FUN_JAVA_005.java,0.17674418604651163,38,3,21,17
2799,12,baselines_work/cohorte/java/CODE_DIF_JAVA_013/CODE_DIF_JAVA_013.java,37,baselines_work/cohorte/java/CODE_FUN_JAVA_007/CODE_FUN_JAVA_007.java,0.16666666666666666,38,4,22,16
3379,23,baselines_work/cohorte/java/CODE_ESTRU_JAVA_008/CODE_ESTRU_JAVA_008.java,50,baselines_work/cohorte/java/CODE_IDENT_JAVA_004/CODE_IDENT_JAVA_004.java,0.4175824175824176,38,6,20,18
3380,23,baselines_work/cohorte/java/CODE_ESTRU_JAVA_008/CODE_ESTRU_JAVA_008.java,55,baselines_work/cohorte/java/CODE_IDENT_JAVA_004_COPY/CODE_IDENT_JAVA_004.java,0.4175824175824176,38,6,20,18
3555,25,baselines_work/cohorte/java/CODE_ESTRU_JAVA_012/CODE_ESTRU_JAVA_012.java,28,baselines_work/cohorte/java/CODE_ESTRU_JAVA_015/CODE_ESTRU_JAVA_015.java,0.3114754098360656,38,9,17,21
3602,29,baselines_work/cohorte/java/CODE_ESTRU_JAVA_013/CODE_ESTRU_JAVA_013.java,28,baselines_work/cohorte/java/CODE_ESTRU_JAVA_015/CODE_ESTRU_JAVA_015.java,0.304,38,9,17,21
3707,28,baselines_work/cohorte/java/CODE_ESTRU_JAVA_015/CODE_ESTRU_JAVA_015.java,43,baselines_work/cohorte/java/CODE_FUN_JAVA_014/CODE_FUN_JAVA_014.java,0.23170731707317074,38,4,22,16
3831,32,baselines_work/cohorte/java/CODE_FUN_JAVA_003/CODE_FUN_JAVA_003.java,39,baselines_work/cohorte/java/CODE_FUN_JAVA_009/CODE_FUN_JAVA_009.java,0.2878787878787879,38,5,20,18
4064,39,baselines_work/cohorte/java/CODE_FUN_JAVA_009/CODE_FUN_JAVA_009.java,42,baselines_work/cohorte/java/CODE_FUN_JAVA_011/CODE_FUN_JAVA_011.java,0.2375,38,5,19,19
4201,40,baselines_work/cohorte/java/CODE_FUN_JAVA_013/CODE_FUN_JAVA_013.java,43,baselines_work/cohorte/java/CODE_FUN_JAVA_014/CODE_FUN_JAVA_014.java,0.2620689655172414,38,7,19,19
4460,50,baselines_work/cohorte/java/CODE_IDENT_JAVA_004/CODE_IDENT_JAVA_004.java,56,baselines_work/cohorte/java/CODE_IDENT_JAVA_008/CODE_IDENT_JAVA_008.java,0.4175824175824176,38,6,18,20
4461,50,baselines_work/cohorte/java/CODE_IDENT_JAVA_004/CODE_IDENT_JAVA_004.java,61,baselines_work/cohorte/java/CODE_IDENT_JAVA_008_COPY/CODE_IDENT_JAVA_008.java,0.4175824175824176,38,6,18,20
4482,55,baselines_work/cohorte/java/CODE_IDENT_JAVA_004_COPY/CODE_IDENT_JAVA_004.java,56,baselines_work/cohorte/java/CODE_IDENT_JAVA_008/CODE_IDENT_JAVA_008.java,0.4175824175824176,38,6,18,20
4483,55,baselines_work/cohorte/java/CODE_IDENT_JAVA_004_COPY/CODE_IDENT_JAVA_004.java,61,baselines_work/cohorte/java/CODE_IDENT_JAVA_008_COPY/CODE_IDENT_JAVA_008.java,0.4175824175824176,38,6,18,20
1993,1,baselines_work/cohorte/java/CODE_DIF_JAVA_001/CODE_DIF_JAVA_001.java,42,baselines_work/cohorte/java/CODE_FUN_JAVA_011/CODE_FUN_JAVA_011.java,0.22839506172839505,37,4,19,18
2279,8,baselines_work/cohorte/java/CODE_DIF_JAVA_005/CODE_DIF_JAVA_005.java,42,baselines_work/cohorte/java/CODE_FUN_JAVA_011/CODE_FUN_JAVA_011.java,0.17535545023696683,37,9,19,18
2456,6,baselines_work/cohorte/java/CODE_DIF_JAVA_008/CODE_DIF_JAVA_008.java,13,baselines_work/cohorte/java/CODE_DIF_JAVA_014/CODE_DIF_JAVA_014.java,0.12585034013605442,37,4,19,18
2616,9,baselines_work/cohorte/java/CODE_DIF_JAVA_010/CODE_DIF_JAVA_010.java,40,baselines_work/cohorte/java/CODE_FUN_JAVA_013/CODE_FUN_JAVA_013.java,0.15677966101694915,37,5,23,14
2856,13,baselines_work/cohorte/java/CODE_DIF_JAVA_014/CODE_DIF_JAVA_014.java,32,baselines_work/cohorte/java/CODE_FUN_JAVA_003/CODE_FUN_JAVA_003.java,0.22023809523809523,37,5,19,18
3599,25,baselines_work/cohorte/java/CODE_ESTRU_JAVA_012/CODE_ESTRU_JAVA_012.java,73,baselines_work/cohorte/java/CODE_IDENT_JAVA_015/CODE_IDENT_JAVA_015.java,0.3217391304347826,37,9,17,20
3600,25,baselines_work/cohorte/java/CODE_ESTRU_JAVA_012/CODE_ESTRU_JAVA_012.java,74,baselines_work/cohorte/java/CODE_IDENT_JAVA_015_COPY/CODE_IDENT_JAVA_015.java,0.3217391304347826,37,9,17,20
3613,29,baselines_work/cohorte/java/CODE_ESTRU_JAVA_013/CODE_ESTRU_JAVA_013.java,42,baselines_work/cohorte/java/CODE_FUN_JAVA_011/CODE_FUN_JAVA_011.java,0.33636363636363636,37,5,18,19
3646,29,baselines_work/cohorte/java/CODE_ESTRU_JAVA_013/CODE_ESTRU_JAVA_013.java,73,baselines_work/cohorte/java/CODE_IDENT_JAVA_015/CODE_IDENT_JAVA_015.java,0.3135593220338983,37,9,17,20
3647,29,baselines_work/cohorte/java/CODE_ESTRU_JAVA_013/CODE_ESTRU_JAVA_013.java,74,baselines_work/cohorte/java/CODE_IDENT_JAVA_015_COPY/CODE_IDENT_JAVA_015.java,0.3135593220338983,37,9,17,20
3648,24,baselines_work/cohorte/java/CODE_ESTRU_JAVA_014/CODE_ESTRU_JAVA_014.java,28,baselines_work/cohorte/java/CODE_ESTRU_JAVA_015/CODE_ESTRU_JAVA_015.java,0.24503311258278146,37,9,17,20
4160,42,baselines_work/cohorte/java/CODE_FUN_JAVA_011/CODE_FUN_JAVA_011.java,64,baselines_work/cohorte/java/CODE_IDENT_JAVA_012/CODE_IDENT_JAVA_012.java,0.3627450980392157,37,6,19,18
4161,42,baselines_work/cohorte/java/CODE_FUN_JAVA_011/CODE_FUN_JAVA_011.java,71,baselines_work/cohorte/java/CODE_IDENT_JAVA_012_COPY/CODE_IDENT_JAVA_012.java,0.3627450980392157,37,6,19,18
4162,42,baselines_work/cohorte/java/CODE_FUN_JAVA_011/CODE_FUN_JAVA_011.java,69,baselines_work/cohorte/java/CODE_IDENT_JAVA_013/CODE_IDENT_JAVA_013.java,0.3394495412844037,37,6,19,18
4163,42,baselines_work/cohorte/java/CODE_FUN_JAVA_011/CODE_FUN_JAVA_011.java,70,baselines_work/cohorte/java/CODE_IDENT_JAVA_013_COPY/CODE_IDENT_JAVA_013.java,0.3394495412844037,37,6,19,18
4169,41,baselines_work/cohorte/java/CODE_FUN_JAVA_012/CODE_FUN_JAVA_012.java,43,baselines_work/cohorte/java/CODE_FUN_JAVA_014/CODE_FUN_JAVA_014.java,0.2605633802816901,37,8,18,19
1957,1,baselines_work/cohorte/java/CODE_DIF_JAVA_001/CODE_DIF_JAVA_001.java,8,baselines_work/cohorte/java/CODE_DIF_JAVA_005/CODE_DIF_JAVA_005.java,0.14937759336099585,36,4,16,20
2180,4,baselines_work/cohorte/java/CODE_DIF_JAVA_004/CODE_DIF_JAVA_004.java,11,baselines_work/cohorte/java/CODE_DIF_JAVA_012/CODE_DIF_JAVA_012.java,0.1978021978021978,36,8,19,17
2280,8,baselines_work/cohorte/java/CODE_DIF_JAVA_005/CODE_DIF_JAVA_005.java,41,baselines_work/cohorte/java/CODE_FUN_JAVA_012/CODE_FUN_JAVA_012.java,0.17647058823529413,36,6,21,15
2315,7,baselines_work/cohorte/java/CODE_DIF_JAVA_006/CODE_DIF_JAVA_006.java,6,baselines_work/cohorte/java/CODE_DIF_JAVA_008/CODE_DIF_JAVA_008.java,0.13533834586466165,36,5,18,18
2408,3,baselines_work/cohorte/java/CODE_DIF_JAVA_007/CODE_DIF_JAVA_007.java,32,baselines_work/cohorte/java/CODE_FUN_JAVA_003/CODE_FUN_JAVA_003.java,0.21951219512195122,36,6,20,16
2615,9,baselines_work/cohorte/java/CODE_DIF_JAVA_010/CODE_DIF_JAVA_010.java,41,baselines_work/cohorte/java/CODE_FUN_JAVA_012/CODE_FUN_JAVA_012.java,0.15450643776824036,36,3,24,12
2672,10,baselines_work/cohorte/java/CODE_DIF_JAVA_011/CODE_DIF_JAVA_011.java,33,baselines_work/cohorte/java/CODE_FUN_JAVA_005/CODE_FUN_JAVA_005.java,0.1791044776119403,36,3,22,14
3450,21,baselines_work/cohorte/java/CODE_ESTRU_JAVA_009/CODE_ESTRU_JAVA_009.java,68,baselines_work/cohorte/java/CODE_IDENT_JAVA_014/CODE_IDENT_JAVA_014.java,0.2926829268292683,36,7,16,20
3451,21,baselines_work/cohorte/java/CODE_ESTRU_JAVA_009/CODE_ESTRU_JAVA_009.java,72,baselines_work/cohorte/java/CODE_IDENT_JAVA_014_COPY/CODE_IDENT_JAVA_014.java,0.2926829268292683,36,7,16,20
3518,26,baselines_work/cohorte/java/CODE_ESTRU_JAVA_011/CODE_ESTRU_JAVA_011.java,42,baselines_work/cohorte/java/CODE_FUN_JAVA_011/CODE_FUN_JAVA_011.java,0.3302752293577982,36,7,17,19
3566,25,baselines_work/cohorte/java/CODE_ESTRU_JAVA_012/CODE_ESTRU_JAVA_012.java,42,baselines_work/cohorte/java/CODE_FUN_JAVA_011/CODE_FUN_JAVA_011.java,0.3364485981308411,36,5,17,19
3597,25,baselines_work/cohorte/java/CODE_ESTRU_JAVA_012/CODE_ESTRU_JAVA_012.java,68,baselines_work/cohorte/java/CODE_IDENT_JAVA_014/CODE_IDENT_JAVA_014.java,0.3711340206185567,36,12,17,19
3598,25,baselines_work/cohorte/java/CODE_ESTRU_JAVA_012/CODE_ESTRU_JAVA_012.java,72,baselines_work/cohorte/java/CODE_IDENT_JAVA_014_COPY/CODE_IDENT_JAVA_014.java,0.3711340206185567,36,12,17,19
3644,29,baselines_work/cohorte/java/CODE_ESTRU_JAVA_013/CODE_ESTRU_JAVA_013.java,68,baselines_work/cohorte/java/CODE_IDENT_JAVA_014/CODE_IDENT_JAVA_014.java,0.36,36,12,17,19
3645,29,baselines_work/cohorte/java/CODE_ESTRU_JAVA_013/CODE_ESTRU_JAVA_013.java,72,baselines_work/cohorte/java/CODE_IDENT_JAVA_014_COPY/CODE_IDENT_JAVA_014.java,0.36,36,12,17,19
3692,24,baselines_work/cohorte/java/CODE_ESTRU_JAVA_014/CODE_ESTRU_JAVA_014.java,73,baselines_work/cohorte/java/CODE_IDENT_JAVA_015/CODE_IDENT_JAVA_015.java,0.25,36,9,17,19
3693,24,baselines_work/cohorte/java/CODE_ESTRU_JAVA_014/CODE_ESTRU_JAVA_014.java,74,baselines_work/cohorte/java/CODE_IDENT_JAVA_015_COPY/CODE_IDENT_JAVA_015.java,0.25,36,9,17,19
3835,32,baselines_work/cohorte/java/CODE_FUN_JAVA_003/CODE_FUN_JAVA_003.java,40,baselines_work/cohorte/java/CODE_FUN_JAVA_013/CODE_FUN_JAVA_013.java,0.36,36,11,18,18
4065,39,baselines_work/cohorte/java/CODE_FUN_JAVA_009/CODE_FUN_JAVA_009.java,41,baselines_work/cohorte/java/CODE_FUN_JAVA_012/CODE_FUN_JAVA_012.java,0.23529411764705882,36,5,20,16
4158,42,baselines_work/cohorte/java/CODE_FUN_JAVA_011/CODE_FUN_JAVA_011.java,66,baselines_work/cohorte/java/CODE_IDENT_JAVA_011/CODE_IDENT_JAVA_011.java,0.32727272727272727,36,7,19,17
4159,42,baselines_work/cohorte/java/CODE_FUN_JAVA_011/CODE_FUN_JAVA_011.java,67,baselines_work/cohorte/java/CODE_IDENT_JAVA_011_COPY/CODE_IDENT_JAVA_011.java,0.32727272727272727,36,7,19,17
4647,60,baselines_work/cohorte/java/CODE_IDENT_JAVA_009/CODE_IDENT_JAVA_009.java,68,baselines_work/cohorte/java/CODE_IDENT_JAVA_014/CODE_IDENT_JAVA_014.java,0.2926829268292683,36,7,16,20
4648,60,baselines_work/cohorte/java/CODE_IDENT_JAVA_009/CODE_IDENT_JAVA_009.java,72,baselines_work/cohorte/java/CODE_IDENT_JAVA_014_COPY/CODE_IDENT_JAVA_014.java,0.2926829268292683,36,7,16,20
4659,63,baselines_work/cohorte/java/CODE_IDENT_JAVA_009_COPY/CODE_IDENT_JAVA_009.java,68,baselines_work/cohorte/java/CODE_IDENT_JAVA_014/CODE_IDENT_JAVA_014.java,0.2926829268292683,36,7,16,20
4660,63,baselines_work/cohorte/java/CODE_IDENT_JAVA_009_COPY/CODE_IDENT_JAVA_009.java,72,baselines_work/cohorte/java/CODE_IDENT_JAVA_014_COPY/CODE_IDENT_JAVA_014.java,0.2926829268292683,36,7,16,20
4704,64,baselines_work/cohorte/java/CODE_IDENT_JAVA_012/CODE_IDENT_JAVA_012.java,68,baselines_work/cohorte/java/CODE_IDENT_JAVA_014/CODE_IDENT_JAVA_014.java,0.391304347826087,36,12,17,19
4705,64,baselines_work/cohorte/java/CODE_IDENT_JAVA_012/CODE_IDENT_JAVA_012.java,72,baselines_work/cohorte/java/CODE_IDENT_JAVA_014_COPY/CODE_IDENT_JAVA_014.java,0.391304347826087,36,12,17,19
4710,71,baselines_work/cohorte/java/CODE_IDENT_JAVA_012_COPY/CODE_IDENT_JAVA_012.java,68,baselines_work/cohorte/java/CODE_IDENT_JAVA_014/CODE_IDENT_JAVA_014.java,0.391304347826087,36,12,17,19
4711,71,baselines_work/cohorte/java/CODE_IDENT_JAVA_012_COPY/CODE_IDENT_JAVA_012.java,72,baselines_work/cohorte/java/CODE_IDENT_JAVA_014_COPY/CODE_IDENT_JAVA_014.java,0.391304347826087,36,12,17,19
4715,69,baselines_work/cohorte/java/CODE_IDENT_JAVA_013/CODE_IDENT_JAVA_013.java,68,baselines_work/cohorte/java/CODE_IDENT_JAVA_014/CODE_IDENT_JAVA_014.java,0.36363636363636365,36,12,17,19
4716,69,baselines_work/cohorte/java/CODE_IDENT_JAVA_013/CODE_IDENT_JAVA_013.java,72,baselines_work/cohorte/java/CODE_IDENT_JAVA_014_COPY/CODE_IDENT_JAVA_014.java,0.36363636363636365,36,12,17,19
4719,70,baselines_work/cohorte/java/CODE_IDENT_JAVA_013_COPY/CODE_IDENT_JAVA_013.java,68,baselines_work/cohorte/java/CODE_IDENT_JAVA_014/CODE_IDENT_JAVA_014.java,0.36363636363636365,36,12,17,19
4720,70,baselines_work/cohorte/java/CODE_IDENT_JAVA_013_COPY/CODE_IDENT_JAVA_013.java,72,baselines_work/cohorte/java/CODE_IDENT_JAVA_014_COPY/CODE_IDENT_JAVA_014.java,0.36363636363636365,36,12,17,19
2058,0,baselines_work/cohorte/java/CODE_DIF_JAVA_002/CODE_DIF_JAVA_002.java,32,baselines_work/cohorte/java/CODE_FUN_JAVA_003/CODE_FUN_JAVA_003.java,0.32710280373831774,35,6,17,18
2068,0,baselines_work/cohorte/java/CODE_DIF_JAVA_002/CODE_DIF_JAVA_002.java,40,baselines_work/cohorte/java/CODE_FUN_JAVA_013/CODE_FUN_JAVA_013.java,0.26717557251908397,35,9,17,18
2387,3,baselines_work/cohorte/java/CODE_DIF_JAVA_007/CODE_DIF_JAVA_007.java,11,baselines_work/cohorte/java/CODE_DIF_JAVA_012/CODE_DIF_JAVA_012.java,0.15151515151515152,35,4,17,18
2679,10,baselines_work/cohorte/java/CODE_DIF_JAVA_011/CODE_DIF_JAVA_011.java,41,baselines_work/cohorte/java/CODE_FUN_JAVA_012/CODE_FUN_JAVA_012.java,0.18229166666666666,35,4,23,12
2703,10,baselines_work/cohorte/java/CODE_DIF_JAVA_011/CODE_DIF_JAVA_011.java,66,baselines_work/cohorte/java/CODE_IDENT_JAVA_011/CODE_IDENT_JAVA_011.java,0.1977401129943503,35,3,24,11
2704,10,baselines_work/cohorte/java/CODE_DIF_JAVA_011/CODE_DIF_JAVA_011.java,67,baselines_work/cohorte/java/CODE_IDENT_JAVA_011_COPY/CODE_IDENT_JAVA_011.java,0.1977401129943503,35,3,24,11
2709,10,baselines_work/cohorte/java/CODE_DIF_JAVA_011/CODE_DIF_JAVA_011.java,68,baselines_work/cohorte/java/CODE_IDENT_JAVA_014/CODE_IDENT_JAVA_014.java,0.18518518518518517,35,2,22,13
2710,10,baselines_work/cohorte/java/CODE_DIF_JAVA_011/CODE_DIF_JAVA_011.java,72,baselines_work/cohorte/java/CODE_IDENT_JAVA_014_COPY/CODE_IDENT_JAVA_014.java,0.18518518518518517,35,2,22,13
3423,21,baselines_work/cohorte/java/CODE_ESTRU_JAVA_009/CODE_ESTRU_JAVA_009.java,44,baselines_work/cohorte/java/CODE_FUN_JAVA_015/CODE_FUN_JAVA_015.java,0.2046783625730994,35,4,16,19
3444,21,baselines_work/cohorte/java/CODE_ESTRU_JAVA_009/CODE_ESTRU_JAVA_009.java,66,baselines_work/cohorte/java/CODE_IDENT_JAVA_011/CODE_IDENT_JAVA_011.java,0.3153153153153153,35,7,18,17
3445,21,baselines_work/cohorte/java/CODE_ESTRU_JAVA_009/CODE_ESTRU_JAVA_009.java,67,baselines_work/cohorte/java/CODE_IDENT_JAVA_011_COPY/CODE_IDENT_JAVA_011.java,0.3153153153153153,35,7,18,17
3614,29,baselines_work/cohorte/java/CODE_ESTRU_JAVA_013/CODE_ESTRU_JAVA_013.java,41,baselines_work/cohorte/java/CODE_FUN_JAVA_012/CODE_FUN_JAVA_012.java,0.33980582524271846,35,5,18,17
3989,37,baselines_work/cohorte/java/CODE_FUN_JAVA_007/CODE_FUN_JAVA_007.java,39,baselines_work/cohorte/java/CODE_FUN_JAVA_009/CODE_FUN_JAVA_009.java,0.2,35,3,16,19
3992,37,baselines_work/cohorte/java/CODE_FUN_JAVA_007/CODE_FUN_JAVA_007.java,41,baselines_work/cohorte/java/CODE_FUN_JAVA_012/CODE_FUN_JAVA_012.java,0.25,35,6,18,17
3993,37,baselines_work/cohorte/java/CODE_FUN_JAVA_007/CODE_FUN_JAVA_007.java,40,baselines_work/cohorte/java/CODE_FUN_JAVA_013/CODE_FUN_JAVA_013.java,0.24475524475524477,35,6,17,18
4195,41,baselines_work/cohorte/java/CODE_FUN_JAVA_012/CODE_FUN_JAVA_012.java,69,baselines_work/cohorte/java/CODE_IDENT_JAVA_013/CODE_IDENT_JAVA_013.java,0.3431372549019608,35,6,17,18
4196,41,baselines_work/cohorte/java/CODE_FUN_JAVA_012/CODE_FUN_JAVA_012.java,70,baselines_work/cohorte/java/CODE_IDENT_JAVA_013_COPY/CODE_IDENT_JAVA_013.java,0.3431372549019608,35,6,17,18
4280,44,baselines_work/cohorte/java/CODE_FUN_JAVA_015/CODE_FUN_JAVA_015.java,60,baselines_work/cohorte/java/CODE_IDENT_JAVA_009/CODE_IDENT_JAVA_009.java,0.2046783625730994,35,4,19,16
4281,44,baselines_work/cohorte/java/CODE_FUN_JAVA_015/CODE_FUN_JAVA_015.java,63,baselines_work/cohorte/java/CODE_IDENT_JAVA_009_COPY/CODE_IDENT_JAVA_009.java,0.2046783625730994,35,4,19,16
4641,60,baselines_work/cohorte/java/CODE_IDENT_JAVA_009/CODE_IDENT_JAVA_009.java,66,baselines_work/cohorte/java/CODE_IDENT_JAVA_011/CODE_IDENT_JAVA_011.java,0.3153153153153153,35,7,18,17
4642,60,baselines_work/cohorte/java/CODE_IDENT_JAVA_009/CODE_IDENT_JAVA_009.java,67,baselines_work/cohorte/java/CODE_IDENT_JAVA_011_COPY/CODE_IDENT_JAVA_011.java,0.3153153153153153,35,7,18,17
4653,63,baselines_work/cohorte/java/CODE_IDENT_JAVA_009_COPY/CODE_IDENT_JAVA_009.java,66,baselines_work/cohorte/java/CODE_IDENT_JAVA_011/CODE_IDENT_JAVA_011.java,0.3153153153153153,35,7,18,17
4654,63,baselines_work/cohorte/java/CODE_IDENT_JAVA_009_COPY/CODE_IDENT_JAVA_009.java,67,baselines_work/cohorte/java/CODE_IDENT_JAVA_011_COPY/CODE_IDENT_JAVA_011.java,0.3153153153153153,35,7,18,17
2413,3,baselines_work/cohorte/java/CODE_DIF_JAVA_007/CODE_DIF_JAVA_007.java,38,baselines_work/cohorte/java/CODE_FUN_JAVA_008/CODE_FUN_JAVA_008.java,0.18085106382978725,34,5,19,15
2607,9,baselines_work/cohorte/java/CODE_DIF_JAVA_010/CODE_DIF_JAVA_010.java,35,baselines_work/cohorte/java/CODE_FUN_JAVA_004/CODE_FUN_JAVA_004.java,0.14285714285714285,34,10,22,12
2661,10,baselines_work/cohorte/java/CODE_DIF_JAVA_011/CODE_DIF_JAVA_011.java,21,baselines_work/cohorte/java/CODE_ESTRU_JAVA_009/CODE_ESTRU_JAVA_009.java,0.17,34,4,21,13
2663,10,baselines_work/cohorte/java/CODE_DIF_JAVA_011/CODE_DIF_JAVA_011.java,26,baselines_work/cohorte/java/CODE_ESTRU_JAVA_011/CODE_ESTRU_JAVA_011.java,0.19318181818181818,34,3,24,10
2699,10,baselines_work/cohorte/java/CODE_DIF_JAVA_011/CODE_DIF_JAVA_011.java,60,baselines_work/cohorte/java/CODE_IDENT_JAVA_009/CODE_IDENT_JAVA_009.java,0.17,34,4,21,13
2700,10,baselines_work/cohorte/java/CODE_DIF_JAVA_011/CODE_DIF_JAVA_011.java,63,baselines_work/cohorte/java/CODE_IDENT_JAVA_009_COPY/CODE_IDENT_JAVA_009.java,0.17,34,4,21,13
3404,21,baselines_work/cohorte/java/CODE_ESTRU_JAVA_009/CODE_ESTRU_JAVA_009.java,26,baselines_work/cohorte/java/CODE_ESTRU_JAVA_011/CODE_ESTRU_JAVA_011.java,0.3090909090909091,34,7,18,16
3539,26,baselines_work/cohorte/java/CODE_ESTRU_JAVA_011/CODE_ESTRU_JAVA_011.java,60,baselines_work/cohorte/java/CODE_IDENT_JAVA_009/CODE_IDENT_JAVA_009.java,0.3090909090909091,34,7,16,18
3540,26,baselines_work/cohorte/java/CODE_ESTRU_JAVA_011/CODE_ESTRU_JAVA_011.java,63,baselines_work/cohorte/java/CODE_IDENT_JAVA_009_COPY/CODE_IDENT_JAVA_009.java,0.3090909090909091,34,7,16,18
3567,25,baselines_work/cohorte/java/CODE_ESTRU_JAVA_012/CODE_ESTRU_JAVA_012.java,41,baselines_work/cohorte/java/CODE_FUN_JAVA_012/CODE_FUN_JAVA_012.java,0.34,34,5,17,17
3731,28,baselines_work/cohorte/java/CODE_ESTRU_JAVA_015/CODE_ESTRU_JAVA_015.java,64,baselines_work/cohorte/java/CODE_IDENT_JAVA_012/CODE_IDENT_JAVA_012.java,0.2905982905982906,34,9,19,15
3732,28,baselines_work/cohorte/java/CODE_ESTRU_JAVA_015/CODE_ESTRU_JAVA_015.java,71,baselines_work/cohorte/java/CODE_IDENT_JAVA_012_COPY/CODE_IDENT_JAVA_012.java,0.2905982905982906,34,9,19,15
3733,28,baselines_work/cohorte/java/CODE_ESTRU_JAVA_015/CODE_ESTRU_JAVA_015.java,69,baselines_work/cohorte/java/CODE_IDENT_JAVA_013/CODE_IDENT_JAVA_013.java,0.27419354838709675,34,9,19,15
3734,28,baselines_work/cohorte/java/CODE_ESTRU_JAVA_015/CODE_ESTRU_JAVA_015.java,70,baselines_work/cohorte/java/CODE_IDENT_JAVA_013_COPY/CODE_IDENT_JAVA_013.java,0.27419354838709675,34,9,19,15
4225,40,baselines_work/cohorte/java/CODE_FUN_JAVA_013/CODE_FUN_JAVA_013.java,64,baselines_work/cohorte/java/CODE_IDENT_JAVA_012/CODE_IDENT_JAVA_012.java,0.3469387755102041,34,6,17,17
4226,40,baselines_work/cohorte/java/CODE_FUN_JAVA_013/CODE_FUN_JAVA_013.java,71,baselines_work/cohorte/java/CODE_IDENT_JAVA_012_COPY/CODE_IDENT_JAVA_012.java,0.3469387755102041,34,6,17,17
4262,43,baselines_work/cohorte/java/CODE_FUN_JAVA_014/CODE_FUN_JAVA_014.java,73,baselines_work/cohorte/java/CODE_IDENT_JAVA_015/CODE_IDENT_JAVA_015.java,0.21656050955414013,34,4,14,20
4263,43,baselines_work/cohorte/java/CODE_FUN_JAVA_014/CODE_FUN_JAVA_014.java,74,baselines_work/cohorte/java/CODE_IDENT_JAVA_015_COPY/CODE_IDENT_JAVA_015.java,0.21656050955414013,34,4,14,20
2040,0,baselines_work/cohorte/java/CODE_DIF_JAVA_002/CODE_DIF_JAVA_002.java,14,baselines_work/cohorte/java/CODE_DIF_JAVA_015/CODE_DIF_JAVA_015.java,0.11743772241992882,33,4,15,18
2466,6,baselines_work/cohorte/java/CODE_DIF_JAVA_008/CODE_DIF_JAVA_008.java,21,baselines_work/cohorte/java/CODE_ESTRU_JAVA_009/CODE_ESTRU_JAVA_009.java,0.14285714285714285,33,4,18,15
2504,6,baselines_work/cohorte/java/CODE_DIF_JAVA_008/CODE_DIF_JAVA_008.java,60,baselines_work/cohorte/java/CODE_IDENT_JAVA_009/CODE_IDENT_JAVA_009.java,0.14285714285714285,33,4,18,15
2505,6,baselines_work/cohorte/java/CODE_DIF_JAVA_008/CODE_DIF_JAVA_008.java,63,baselines_work/cohorte/java/CODE_IDENT_JAVA_009_COPY/CODE_IDENT_JAVA_009.java,0.14285714285714285,33,4,18,15
2611,9,baselines_work/cohorte/java/CODE_DIF_JAVA_010/CODE_DIF_JAVA_010.java,38,baselines_work/cohorte/java/CODE_FUN_JAVA_008/CODE_FUN_JAVA_008.java,0.13983050847457626,33,3,21,12
2675,10,baselines_work/cohorte/java/CODE_DIF_JAVA_011/CODE_DIF_JAVA_011.java,38,baselines_work/cohorte/java/CODE_FUN_JAVA_008/CODE_FUN_JAVA_008.java,0.16923076923076924,33,5,20,13
2737,11,baselines_work/cohorte/java/CODE_DIF_JAVA_012/CODE_DIF_JAVA_012.java,37,baselines_work/cohorte/java/CODE_FUN_JAVA_007/CODE_FUN_JAVA_007.java,0.1774193548387097,33,3,16,17
2745,11,baselines_work/cohorte/java/CODE_DIF_JAVA_012/CODE_DIF_JAVA_012.java,44,baselines_work/cohorte/java/CODE_FUN_JAVA_015/CODE_FUN_JAVA_015.java,0.15789473684210525,33,5,13,20
2803,12,baselines_work/cohorte/java/CODE_DIF_JAVA_013/CODE_DIF_JAVA_013.java,42,baselines_work/cohorte/java/CODE_FUN_JAVA_011/CODE_FUN_JAVA_011.java,0.15492957746478872,33,6,17,16
2860,13,baselines_work/cohorte/java/CODE_DIF_JAVA_014/CODE_DIF_JAVA_014.java,37,baselines_work/cohorte/java/CODE_FUN_JAVA_007/CODE_FUN_JAVA_007.java,0.15639810426540285,33,6,18,15
2913,14,baselines_work/cohorte/java/CODE_DIF_JAVA_015/CODE_DIF_JAVA_015.java,28,baselines_work/cohorte/java/CODE_ESTRU_JAVA_015/CODE_ESTRU_JAVA_015.java,0.11262798634812286,33,4,17,16
3568,25,baselines_work/cohorte/java/CODE_ESTRU_JAVA_012/CODE_ESTRU_JAVA_012.java,40,baselines_work/cohorte/java/CODE_FUN_JAVA_013/CODE_FUN_JAVA_013.java,0.32038834951456313,33,6,16,17
3615,29,baselines_work/cohorte/java/CODE_ESTRU_JAVA_013/CODE_ESTRU_JAVA_013.java,40,baselines_work/cohorte/java/CODE_FUN_JAVA_013/CODE_FUN_JAVA_013.java,0.3113207547169811,33,6,16,17
3912,33,baselines_work/cohorte/java/CODE_FUN_JAVA_005/CODE_FUN_JAVA_005.java,39,baselines_work/cohorte/java/CODE_FUN_JAVA_009/CODE_FUN_JAVA_009.java,0.2037037037037037,33,4,15,18
3991,37,baselines_work/cohorte/java/CODE_FUN_JAVA_007/CODE_FUN_JAVA_007.java,42,baselines_work/cohorte/java/CODE_FUN_JAVA_011/CODE_FUN_JAVA_011.java,0.22448979591836735,33,4,15,18
4706,64,baselines_work/cohorte/java/CODE_IDENT_JAVA_012/CODE_IDENT_JAVA_012.java,73,baselines_work/cohorte/java/CODE_IDENT_JAVA_015/CODE_IDENT_JAVA_015.java,0.3,33,9,15,18
4707,64,baselines_work/cohorte/java/CODE_IDENT_JAVA_012/CODE_IDENT_JAVA_012.java,74,baselines_work/cohorte/java/CODE_IDENT_JAVA_015_COPY/CODE_IDENT_JAVA_015.java,0.3,33,9,15,18
4712,71,baselines_work/cohorte/java/CODE_IDENT_JAVA_012_COPY/CODE_IDENT_JAVA_012.java,73,baselines_work/cohorte/java/CODE_IDENT_JAVA_015/CODE_IDENT_JAVA_015.java,0.3,33,9,15,18
4713,71,baselines_work/cohorte/java/CODE_IDENT_JAVA_012_COPY/CODE_IDENT_JAVA_012.java,74,baselines_work/cohorte/java/CODE_IDENT_JAVA_015_COPY/CODE_IDENT_JAVA_015.java,0.3,33,9,15,18
4717,69,baselines_work/cohorte/java/CODE_IDENT_JAVA_013/CODE_IDENT_JAVA_013.java,73,baselines_work/cohorte/java/CODE_IDENT_JAVA_015/CODE_IDENT_JAVA_015.java,0.28205128205128205,33,9,15,18
4718,69,baselines_work/cohorte/java/CODE_IDENT_JAVA_013/CODE_IDENT_JAVA_013.java,74,baselines_work/cohorte/java/CODE_IDENT_JAVA_015_COPY/CODE_IDENT_JAVA_015.java,0.28205128205128205,33,9,15,18
4721,70,baselines_work/cohorte/java/CODE_IDENT_JAVA_013_COPY/CODE_IDENT_JAVA_013.java,73,baselines_work/cohorte/java/CODE_IDENT_JAVA_015/CODE_IDENT_JAVA_015.java,0.28205128205128205,33,9,15,18
4722,70,baselines_work/cohorte/java/CODE_IDENT_JAVA_013_COPY/CODE_IDENT_JAVA_013.java,74,baselines_work/cohorte/java/CODE_IDENT_JAVA_015_COPY/CODE_IDENT_JAVA_015.java,0.28205128205128205,33,9,15,18
2182,4,baselines_work/cohorte/java/CODE_DIF_JAVA_004/CODE_DIF_JAVA_004.java,13,baselines_work/cohorte/java/CODE_DIF_JAVA_014/CODE_DIF_JAVA_014.java,0.15458937198067632,32,3,16,16
2271,8,baselines_work/cohorte/java/CODE_DIF_JAVA_005/CODE_DIF_JAVA_005.java,32,baselines_work/cohorte/java/CODE_FUN_JAVA_003/CODE_FUN_JAVA_003.java,0.17486338797814208,32,9,16,16
2603,9,baselines_work/cohorte/java/CODE_DIF_JAVA_010/CODE_DIF_JAVA_010.java,28,baselines_work/cohorte/java/CODE_ESTRU_JAVA_015/CODE_ESTRU_JAVA_015.java,0.12549019607843137,32,2,15,17
2805,12,baselines_work/cohorte/java/CODE_DIF_JAVA_013/CODE_DIF_JAVA_013.java,40,baselines_work/cohorte/java/CODE_FUN_JAVA_013/CODE_FUN_JAVA_013.java,0.15311004784688995,32,6,17,15
2957,14,baselines_work/cohorte/java/CODE_DIF_JAVA_015/CODE_DIF_JAVA_015.java,73,baselines_work/cohorte/java/CODE_IDENT_JAVA_015/CODE_IDENT_JAVA_015.java,0.11188811188811189,32,4,17,15
2958,14,baselines_work/cohorte/java/CODE_DIF_JAVA_015/CODE_DIF_JAVA_015.java,74,baselines_work/cohorte/java/CODE_IDENT_JAVA_015_COPY/CODE_IDENT_JAVA_015.java,0.11188811188811189,32,4,17,15
3299,22,baselines_work/cohorte/java/CODE_ESTRU_JAVA_007/CODE_ESTRU_JAVA_007.java,21,baselines_work/cohorte/java/CODE_ESTRU_JAVA_009/CODE_ESTRU_JAVA_009.java,0.2601626016260163,32,7,16,16
3337,22,baselines_work/cohorte/java/CODE_ESTRU_JAVA_007/CODE_ESTRU_JAVA_007.java,60,baselines_work/cohorte/java/CODE_IDENT_JAVA_009/CODE_IDENT_JAVA_009.java,0.2601626016260163,32,7,16,16
3338,22,baselines_work/cohorte/java/CODE_ESTRU_JAVA_007/CODE_ESTRU_JAVA_007.java,63,baselines_work/cohorte/java/CODE_IDENT_JAVA_009_COPY/CODE_IDENT_JAVA_009.java,0.2601626016260163,32,7,16,16
3407,21,baselines_work/cohorte/java/CODE_ESTRU_JAVA_009/CODE_ESTRU_JAVA_009.java,24,baselines_work/cohorte/java/CODE_ESTRU_JAVA_014/CODE_ESTRU_JAVA_014.java,0.23357664233576642,32,7,15,17
3663,24,baselines_work/cohorte/java/CODE_ESTRU_JAVA_014/CODE_ESTRU_JAVA_014.java,44,baselines_work/cohorte/java/CODE_FUN_JAVA_015/CODE_FUN_JAVA_015.java,0.1839080459770115,32,3,15,17
3680,24,baselines_work/cohorte/java/CODE_ESTRU_JAVA_014/CODE_ESTRU_JAVA_014.java,60,baselines_work/cohorte/java/CODE_IDENT_JAVA_009/CODE_IDENT_JAVA_009.java,0.23357664233576642,32,7,17,15
3681,24,baselines_work/cohorte/java/CODE_ESTRU_JAVA_014/CODE_ESTRU_JAVA_014.java,63,baselines_work/cohorte/java/CODE_IDENT_JAVA_009_COPY/CODE_IDENT_JAVA_009.java,0.23357664233576642,32,7,17,15
3740,30,baselines_work/cohorte/java/CODE_FUN_JAVA_001/CODE_FUN_JAVA_001.java,32,baselines_work/cohorte/java/CODE_FUN_JAVA_003/CODE_FUN_JAVA_003.java,0.3595505617977528,32,10,15,17
1985,1,baselines_work/cohorte/java/CODE_DIF_JAVA_001/CODE_DIF_JAVA_001.java,32,baselines_work/cohorte/java/CODE_FUN_JAVA_003/CODE_FUN_JAVA_003.java,0.23134328358208955,31,4,15,16
1995,1,baselines_work/cohorte/java/CODE_DIF_JAVA_001/CODE_DIF_JAVA_001.java,40,baselines_work/cohorte/java/CODE_FUN_JAVA_013/CODE_FUN_JAVA_013.java,0.1962025316455696,31,4,16,15
2244,8,baselines_work/cohorte/java/CODE_DIF_JAVA_005/CODE_DIF_JAVA_005.java,7,baselines_work/cohorte/java/CODE_DIF_JAVA_006/CODE_DIF_JAVA_006.java,0.12550607287449392,31,8,16,15
2416,3,baselines_work/cohorte/java/CODE_DIF_JAVA_007/CODE_DIF_JAVA_007.java,42,baselines_work/cohorte/java/CODE_FUN_JAVA_011/CODE_FUN_JAVA_011.java,0.16145833333333334,31,5,16,15
2483,6,baselines_work/cohorte/java/CODE_DIF_JAVA_008/CODE_DIF_JAVA_008.java,42,baselines_work/cohorte/java/CODE_FUN_JAVA_011/CODE_FUN_JAVA_011.java,0.13478260869565217,31,9,16,15
2613,9,baselines_work/cohorte/java/CODE_DIF_JAVA_010/CODE_DIF_JAVA_010.java,36,baselines_work/cohorte/java/CODE_FUN_JAVA_010/CODE_FUN_JAVA_010.java,0.11313868613138686,31,4,15,16
2647,9,baselines_work/cohorte/java/CODE_DIF_JAVA_010/CODE_DIF_JAVA_010.java,73,baselines_work/cohorte/java/CODE_IDENT_JAVA_015/CODE_IDENT_JAVA_015.java,0.125,31,2,15,16
2648,9,baselines_work/cohorte/java/CODE_DIF_JAVA_010/CODE_DIF_JAVA_010.java,74,baselines_work/cohorte/java/CODE_IDENT_JAVA_015_COPY/CODE_IDENT_JAVA_015.java,0.125,31,2,15,16
2681,10,baselines_work/cohorte/java/CODE_DIF_JAVA_011/CODE_DIF_JAVA_011.java,43,baselines_work/cohorte/java/CODE_FUN_JAVA_014/CODE_FUN_JAVA_014.java,0.14351851851851852,31,4,19,12
2792,12,baselines_work/cohorte/java/CODE_DIF_JAVA_013/CODE_DIF_JAVA_013.java,28,baselines_work/cohorte/java/CODE_ESTRU_JAVA_015/CODE_ESTRU_JAVA_015.java,0.13596491228070176,31,2,10,21
3303,22,baselines_work/cohorte/java/CODE_ESTRU_JAVA_007/CODE_ESTRU_JAVA_007.java,29,baselines_work/cohorte/java/CODE_ESTRU_JAVA_013/CODE_ESTRU_JAVA_013.java,0.31,31,8,16,15
3345,22,baselines_work/cohorte/java/CODE_ESTRU_JAVA_007/CODE_ESTRU_JAVA_007.java,69,baselines_work/cohorte/java/CODE_IDENT_JAVA_013/CODE_IDENT_JAVA_013.java,0.31313131313131315,31,8,16,15
3346,22,baselines_work/cohorte/java/CODE_ESTRU_JAVA_007/CODE_ESTRU_JAVA_007.java,70,baselines_work/cohorte/java/CODE_IDENT_JAVA_013_COPY/CODE_IDENT_JAVA_013.java,0.31313131313131315,31,8,16,15
3554,25,baselines_work/cohorte/java/CODE_ESTRU_JAVA_012/CODE_ESTRU_JAVA_012.java,24,baselines_work/cohorte/java/CODE_ESTRU_JAVA_014/CODE_ESTRU_JAVA_014.java,0.27927927927927926,31,12,14,17
3601,29,baselines_work/cohorte/java/CODE_ESTRU_JAVA_013/CODE_ESTRU_JAVA_013.java,24,baselines_work/cohorte/java/CODE_ESTRU_JAVA_014/CODE_ESTRU_JAVA_014.java,0.2719298245614035,31,12,14,17
3686,24,baselines_work/cohorte/java/CODE_ESTRU_JAVA_014/CODE_ESTRU_JAVA_014.java,64,baselines_work/cohorte/java/CODE_IDENT_JAVA_012/CODE_IDENT_JAVA_012.java,0.29245283018867924,31,12,17,14
3687,24,baselines_work/cohorte/java/CODE_ESTRU_JAVA_014/CODE_ESTRU_JAVA_014.java,71,baselines_work/cohorte/java/CODE_IDENT_JAVA_012_COPY/CODE_IDENT_JAVA_012.java,0.29245283018867924,31,12,17,14
3688,24,baselines_work/cohorte/java/CODE_ESTRU_JAVA_014/CODE_ESTRU_JAVA_014.java,69,baselines_work/cohorte/java/CODE_IDENT_JAVA_013/CODE_IDENT_JAVA_013.java,0.2743362831858407,31,12,17,14
3689,24,baselines_work/cohorte/java/CODE_ESTRU_JAVA_014/CODE_ESTRU_JAVA_014.java,70,baselines_work/cohorte/java/CODE_IDENT_JAVA_013_COPY/CODE_IDENT_JAVA_013.java,0.2743362831858407,31,12,17,14
3702,28,baselines_work/cohorte/java/CODE_ESTRU_JAVA_015/CODE_ESTRU_JAVA_015.java,39,baselines_work/cohorte/java/CODE_FUN_JAVA_009/CODE_FUN_JAVA_009.java,0.17714285714285713,31,4,17,14
3744,30,baselines_work/cohorte/java/CODE_FUN_JAVA_001/CODE_FUN_JAVA_001.java,37,baselines_work/cohorte/java/CODE_FUN_JAVA_007/CODE_FUN_JAVA_007.java,0.23484848484848486,31,4,14,17
3750,30,baselines_work/cohorte/java/CODE_FUN_JAVA_001/CODE_FUN_JAVA_001.java,40,baselines_work/cohorte/java/CODE_FUN_JAVA_013/CODE_FUN_JAVA_013.java,0.2743362831858407,31,8,14,17
3918,33,baselines_work/cohorte/java/CODE_FUN_JAVA_005/CODE_FUN_JAVA_005.java,44,baselines_work/cohorte/java/CODE_FUN_JAVA_015/CODE_FUN_JAVA_015.java,0.18023255813953487,31,3,13,18
1954,1,baselines_work/cohorte/java/CODE_DIF_JAVA_001/CODE_DIF_JAVA_001.java,0,baselines_work/cohorte/java/CODE_DIF_JAVA_002/CODE_DIF_JAVA_002.java,0.18181818181818182,30,5,16,14
2104,2,baselines_work/cohorte/java/CODE_DIF_JAVA_003/CODE_DIF_JAVA_003.java,3,baselines_work/cohorte/java/CODE_DIF_JAVA_007/CODE_DIF_JAVA_007.java,0.13574660633484162,30,4,15,15
2319,7,baselines_work/cohorte/java/CODE_DIF_JAVA_006/CODE_DIF_JAVA_006.java,11,baselines_work/cohorte/java/CODE_DIF_JAVA_012/CODE_DIF_JAVA_012.java,0.14492753623188406,30,3,18,12
2344,7,baselines_work/cohorte/java/CODE_DIF_JAVA_006/CODE_DIF_JAVA_006.java,37,baselines_work/cohorte/java/CODE_FUN_JAVA_007/CODE_FUN_JAVA_007.java,0.16393442622950818,30,8,16,14
2352,7,baselines_work/cohorte/java/CODE_DIF_JAVA_006/CODE_DIF_JAVA_006.java,44,baselines_work/cohorte/java/CODE_FUN_JAVA_015/CODE_FUN_JAVA_015.java,0.14563106796116504,30,6,14,16
2475,6,baselines_work/cohorte/java/CODE_DIF_JAVA_008/CODE_DIF_JAVA_008.java,32,baselines_work/cohorte/java/CODE_FUN_JAVA_003/CODE_FUN_JAVA_003.java,0.1485148514851485,30,9,15,15
2480,6,baselines_work/cohorte/java/CODE_DIF_JAVA_008/CODE_DIF_JAVA_008.java,38,baselines_work/cohorte/java/CODE_FUN_JAVA_008/CODE_FUN_JAVA_008.java,0.13274336283185842,30,4,17,13
2836,12,baselines_work/cohorte/java/CODE_DIF_JAVA_013/CODE_DIF_JAVA_013.java,73,baselines_work/cohorte/java/CODE_IDENT_JAVA_015/CODE_IDENT_JAVA_015.java,0.13574660633484162,30,2,10,20
2837,12,baselines_work/cohorte/java/CODE_DIF_JAVA_013/CODE_DIF_JAVA_013.java,74,baselines_work/cohorte/java/CODE_IDENT_JAVA_015_COPY/CODE_IDENT_JAVA_015.java,0.13574660633484162,30,2,10,20
3078,17,baselines_work/cohorte/java/CODE_ESTRU_JAVA_003/CODE_ESTRU_JAVA_003.java,20,baselines_work/cohorte/java/CODE_ESTRU_JAVA_006/CODE_ESTRU_JAVA_006.java,0.3409090909090909,30,14,15,15
3302,22,baselines_work/cohorte/java/CODE_ESTRU_JAVA_007/CODE_ESTRU_JAVA_007.java,25,baselines_work/cohorte/java/CODE_ESTRU_JAVA_012/CODE_ESTRU_JAVA_012.java,0.30927835051546393,30,8,16,14
3343,22,baselines_work/cohorte/java/CODE_ESTRU_JAVA_007/CODE_ESTRU_JAVA_007.java,64,baselines_work/cohorte/java/CODE_IDENT_JAVA_012/CODE_IDENT_JAVA_012.java,0.32608695652173914,30,8,16,14
3344,22,baselines_work/cohorte/java/CODE_ESTRU_JAVA_007/CODE_ESTRU_JAVA_007.java,71,baselines_work/cohorte/java/CODE_IDENT_JAVA_012_COPY/CODE_IDENT_JAVA_012.java,0.32608695652173914,30,8,16,14
3519,26,baselines_work/cohorte/java/CODE_ESTRU_JAVA_011/CODE_ESTRU_JAVA_011.java,41,baselines_work/cohorte/java/CODE_FUN_JAVA_012/CODE_FUN_JAVA_012.java,0.29411764705882354,30,5,15,15
3630,29,baselines_work/cohorte/java/CODE_ESTRU_JAVA_013/CODE_ESTRU_JAVA_013.java,59,baselines_work/cohorte/java/CODE_IDENT_JAVA_007/CODE_IDENT_JAVA_007.java,0.35294117647058826,30,8,15,15
3631,29,baselines_work/cohorte/java/CODE_ESTRU_JAVA_013/CODE_ESTRU_JAVA_013.java,57,baselines_work/cohorte/java/CODE_IDENT_JAVA_007_COPY/CODE_IDENT_JAVA_007.java,0.35294117647058826,30,8,15,15
4097,39,baselines_work/cohorte/java/CODE_FUN_JAVA_009/CODE_FUN_JAVA_009.java,73,baselines_work/cohorte/java/CODE_IDENT_JAVA_015/CODE_IDENT_JAVA_015.java,0.17857142857142858,30,4,14,16
4098,39,baselines_work/cohorte/java/CODE_FUN_JAVA_009/CODE_FUN_JAVA_009.java,74,baselines_work/cohorte/java/CODE_IDENT_JAVA_015_COPY/CODE_IDENT_JAVA_015.java,0.17857142857142858,30,4,14,16
4164,42,baselines_work/cohorte/java/CODE_FUN_JAVA_011/CODE_FUN_JAVA_011.java,68,baselines_work/cohorte/java/CODE_IDENT_JAVA_014/CODE_IDENT_JAVA_014.java,0.2459016393442623,30,3,15,15
4165,42,baselines_work/cohorte/java/CODE_FUN_JAVA_011/CODE_FUN_JAVA_011.java,72,baselines_work/cohorte/java/CODE_IDENT_JAVA_014_COPY/CODE_IDENT_JAVA_014.java,0.2459016393442623,30,3,15,15
4191,41,baselines_work/cohorte/java/CODE_FUN_JAVA_012/CODE_FUN_JAVA_012.java,66,baselines_work/cohorte/java/CODE_IDENT_JAVA_011/CODE_IDENT_JAVA_011.java,0.2912621359223301,30,5,15,15
4192,41,baselines_work/cohorte/java/CODE_FUN_JAVA_012/CODE_FUN_JAVA_012.java,67,baselines_work/cohorte/java/CODE_IDENT_JAVA_011_COPY/CODE_IDENT_JAVA_011.java,0.2912621359223301,30,5,15,15
4227,40,baselines_work/cohorte/java/CODE_FUN_JAVA_013/CODE_FUN_JAVA_013.java,69,baselines_work/cohorte/java/CODE_IDENT_JAVA_013/CODE_IDENT_JAVA_013.java,0.2857142857142857,30,5,15,15
4228,40,baselines_work/cohorte/java/CODE_FUN_JAVA_013/CODE_FUN_JAVA_013.java,70,baselines_work/cohorte/java/CODE_IDENT_JAVA_013_COPY/CODE_IDENT_JAVA_013.java,0.2857142857142857,30,5,15,15
4587,59,baselines_work/cohorte/java/CODE_IDENT_JAVA_007/CODE_IDENT_JAVA_007.java,69,baselines_work/cohorte/java/CODE_IDENT_JAVA_013/CODE_IDENT_JAVA_013.java,0.35714285714285715,30,8,15,15
4588,59,baselines_work/cohorte/java/CODE_IDENT_JAVA_007/CODE_IDENT_JAVA_007.java,70,baselines_work/cohorte/java/CODE_IDENT_JAVA_013_COPY/CODE_IDENT_JAVA_013.java,0.35714285714285715,30,8,15,15
4603,57,baselines_work/cohorte/java/CODE_IDENT_JAVA_007_COPY/CODE_IDENT_JAVA_007.java,69,baselines_work/cohorte/java/CODE_IDENT_JAVA_013/CODE_IDENT_JAVA_013.java,0.35714285714285715,30,8,15,15
4604,57,baselines_work/cohorte/java/CODE_IDENT_JAVA_007_COPY/CODE_IDENT_JAVA_007.java,70,baselines_work/cohorte/java/CODE_IDENT_JAVA_013_COPY/CODE_IDENT_JAVA_013.java,0.35714285714285715,30,8,15,15
2269,8,baselines_work/cohorte/java/CODE_DIF_JAVA_005/CODE_DIF_JAVA_005.java,30,baselines_work/cohorte/java/CODE_FUN_JAVA_001/CODE_FUN_JAVA_001.java,0.14795918367346939,29,6,18,11
2409,3,baselines_work/cohorte/java/CODE_DIF_JAVA_007/CODE_DIF_JAVA_007.java,35,baselines_work/cohorte/java/CODE_FUN_JAVA_004/CODE_FUN_JAVA_004.java,0.15263157894736842,29,6,15,14
2739,11,baselines_work/cohorte/java/CODE_DIF_JAVA_012/CODE_DIF_JAVA_012.java,39,baselines_work/cohorte/java/CODE_FUN_JAVA_009/CODE_FUN_JAVA_009.java,0.1457286432160804,29,5,13,16
2866,13,baselines_work/cohorte/java/CODE_DIF_JAVA_014/CODE_DIF_JAVA_014.java,40,baselines_work/cohorte/java/CODE_FUN_JAVA_013/CODE_FUN_JAVA_013.java,0.15104166666666666,29,4,14,15
3301,22,baselines_work/cohorte/java/CODE_ESTRU_JAVA_007/CODE_ESTRU_JAVA_007.java,26,baselines_work/cohorte/java/CODE_ESTRU_JAVA_011/CODE_ESTRU_JAVA_011.java,0.29292929292929293,29,8,15,14
3305,22,baselines_work/cohorte/java/CODE_ESTRU_JAVA_007/CODE_ESTRU_JAVA_007.java,28,baselines_work/cohorte/java/CODE_ESTRU_JAVA_015/CODE_ESTRU_JAVA_015.java,0.2116788321167883,29,8,13,16
3314,22,baselines_work/cohorte/java/CODE_ESTRU_JAVA_007/CODE_ESTRU_JAVA_007.java,39,baselines_work/cohorte/java/CODE_FUN_JAVA_009/CODE_FUN_JAVA_009.java,0.19333333333333333,29,5,14,15
3341,22,baselines_work/cohorte/java/CODE_ESTRU_JAVA_007/CODE_ESTRU_JAVA_007.java,66,baselines_work/cohorte/java/CODE_IDENT_JAVA_011/CODE_IDENT_JAVA_011.java,0.29,29,8,15,14
3342,22,baselines_work/cohorte/java/CODE_ESTRU_JAVA_007/CODE_ESTRU_JAVA_007.java,67,baselines_work/cohorte/java/CODE_IDENT_JAVA_011_COPY/CODE_IDENT_JAVA_011.java,0.29,29,8,15,14
3436,21,baselines_work/cohorte/java/CODE_ESTRU_JAVA_009/CODE_ESTRU_JAVA_009.java,59,baselines_work/cohorte/java/CODE_IDENT_JAVA_007/CODE_IDENT_JAVA_007.java,0.26851851851851855,29,7,15,14
3437,21,baselines_work/cohorte/java/CODE_ESTRU_JAVA_009/CODE_ESTRU_JAVA_009.java,57,baselines_work/cohorte/java/CODE_IDENT_JAVA_007_COPY/CODE_IDENT_JAVA_007.java,0.26851851851851855,29,7,15,14
3458,27,baselines_work/cohorte/java/CODE_ESTRU_JAVA_010/CODE_ESTRU_JAVA_010.java,28,baselines_work/cohorte/java/CODE_ESTRU_JAVA_015/CODE_ESTRU_JAVA_015.java,0.19205298013245034,29,3,17,12
3535,26,baselines_work/cohorte/java/CODE_ESTRU_JAVA_011/CODE_ESTRU_JAVA_011.java,59,baselines_work/cohorte/java/CODE_IDENT_JAVA_007/CODE_IDENT_JAVA_007.java,0.34523809523809523,29,8,14,15
3536,26,baselines_work/cohorte/java/CODE_ESTRU_JAVA_011/CODE_ESTRU_JAVA_011.java,57,baselines_work/cohorte/java/CODE_IDENT_JAVA_007_COPY/CODE_IDENT_JAVA_007.java,0.34523809523809523,29,8,14,15
3583,25,baselines_work/cohorte/java/CODE_ESTRU_JAVA_012/CODE_ESTRU_JAVA_012.java,59,baselines_work/cohorte/java/CODE_IDENT_JAVA_007/CODE_IDENT_JAVA_007.java,0.35365853658536583,29,8,14,15
3584,25,baselines_work/cohorte/java/CODE_ESTRU_JAVA_012/CODE_ESTRU_JAVA_012.java,57,baselines_work/cohorte/java/CODE_IDENT_JAVA_007_COPY/CODE_IDENT_JAVA_007.java,0.35365853658536583,29,8,14,15
3706,28,baselines_work/cohorte/java/CODE_ESTRU_JAVA_015/CODE_ESTRU_JAVA_015.java,40,baselines_work/cohorte/java/CODE_FUN_JAVA_013/CODE_FUN_JAVA_013.java,0.20279720279720279,29,4,16,13
3721,28,baselines_work/cohorte/java/CODE_ESTRU_JAVA_015/CODE_ESTRU_JAVA_015.java,59,baselines_work/cohorte/java/CODE_IDENT_JAVA_007/CODE_IDENT_JAVA_007.java,0.23770491803278687,29,8,16,13
3722,28,baselines_work/cohorte/java/CODE_ESTRU_JAVA_015/CODE_ESTRU_JAVA_015.java,57,baselines_work/cohorte/java/CODE_IDENT_JAVA_007_COPY/CODE_IDENT_JAVA_007.java,0.23770491803278687,29,8,16,13
3727,28,baselines_work/cohorte/java/CODE_ESTRU_JAVA_015/CODE_ESTRU_JAVA_015.java,62,baselines_work/cohorte/java/CODE_IDENT_JAVA_010/CODE_IDENT_JAVA_010.java,0.19333333333333333,29,3,12,17
3728,28,baselines_work/cohorte/java/CODE_ESTRU_JAVA_015/CODE_ESTRU_JAVA_015.java,65,baselines_work/cohorte/java/CODE_IDENT_JAVA_010_COPY/CODE_IDENT_JAVA_010.java,0.19333333333333333,29,3,12,17
4260,43,baselines_work/cohorte/java/CODE_FUN_JAVA_014/CODE_FUN_JAVA_014.java,68,baselines_work/cohorte/java/CODE_IDENT_JAVA_014/CODE_IDENT_JAVA_014.java,0.20863309352517986,29,3,13,16
4261,43,baselines_work/cohorte/java/CODE_FUN_JAVA_014/CODE_FUN_JAVA_014.java,72,baselines_work/cohorte/java/CODE_IDENT_JAVA_014_COPY/CODE_IDENT_JAVA_014.java,0.20863309352517986,29,3,13,16
4579,59,baselines_work/cohorte/java/CODE_IDENT_JAVA_007/CODE_IDENT_JAVA_007.java,60,baselines_work/cohorte/java/CODE_IDENT_JAVA_009/CODE_IDENT_JAVA_009.java,0.26851851851851855,29,7,14,15
4580,59,baselines_work/cohorte/java/CODE_IDENT_JAVA_007/CODE_IDENT_JAVA_007.java,63,baselines_work/cohorte/java/CODE_IDENT_JAVA_009_COPY/CODE_IDENT_JAVA_009.java,0.26851851851851855,29,7,14,15
4583,59,baselines_work/cohorte/java/CODE_IDENT_JAVA_007/CODE_IDENT_JAVA_007.java,66,baselines_work/cohorte/java/CODE_IDENT_JAVA_011/CODE_IDENT_JAVA_011.java,0.3411764705882353,29,8,15,14
4584,59,baselines_work/cohorte/java/CODE_IDENT_JAVA_007/CODE_IDENT_JAVA_007.java,67,baselines_work/cohorte/java/CODE_IDENT_JAVA_011_COPY/CODE_IDENT_JAVA_011.java,0.3411764705882353,29,8,15,14
4585,59,baselines_work/cohorte/java/CODE_IDENT_JAVA_007/CODE_IDENT_JAVA_007.java,64,baselines_work/cohorte/java/CODE_IDENT_JAVA_012/CODE_IDENT_JAVA_012.java,0.37662337662337664,29,8,15,14
4586,59,baselines_work/cohorte/java/CODE_IDENT_JAVA_007/CODE_IDENT_JAVA_007.java,71,baselines_work/cohorte/java/CODE_IDENT_JAVA_012_COPY/CODE_IDENT_JAVA_012.java,0.37662337662337664,29,8,15,14
4595,57,baselines_work/cohorte/java/CODE_IDENT_JAVA_007_COPY/CODE_IDENT_JAVA_007.java,60,baselines_work/cohorte/java/CODE_IDENT_JAVA_009/CODE_IDENT_JAVA_009.java,0.26851851851851855,29,7,14,15
4596,57,baselines_work/cohorte/java/CODE_IDENT_JAVA_007_COPY/CODE_IDENT_JAVA_007.java,63,baselines_work/cohorte/java/CODE_IDENT_JAVA_009_COPY/CODE_IDENT_JAVA_009.java,0.26851851851851855,29,7,14,15
4599,57,baselines_work/cohorte/java/CODE_IDENT_JAVA_007_COPY/CODE_IDENT_JAVA_007.java,66,baselines_work/cohorte/java/CODE_IDENT_JAVA_011/CODE_IDENT_JAVA_011.java,0.3411764705882353,29,8,15,14
4600,57,baselines_work/cohorte/java/CODE_IDENT_JAVA_007_COPY/CODE_IDENT_JAVA_007.java,67,baselines_work/cohorte/java/CODE_IDENT_JAVA_011_COPY/CODE_IDENT_JAVA_011.java,0.3411764705882353,29,8,15,14
4601,57,baselines_work/cohorte/java/CODE_IDENT_JAVA_007_COPY/CODE_IDENT_JAVA_007.java,64,baselines_work/cohorte/java/CODE_IDENT_JAVA_012/CODE_IDENT_JAVA_012.java,0.37662337662337664,29,8,15,14
4602,57,baselines_work/cohorte/java/CODE_IDENT_JAVA_007_COPY/CODE_IDENT_JAVA_007.java,71,baselines_work/cohorte/java/CODE_IDENT_JAVA_012_COPY/CODE_IDENT_JAVA_012.java,0.37662337662337664,29,8,15,14
1990,1,baselines_work/cohorte/java/CODE_DIF_JAVA_001/CODE_DIF_JAVA_001.java,38,baselines_work/cohorte/java/CODE_FUN_JAVA_008/CODE_FUN_JAVA_008.java,0.17721518987341772,28,6,15,13
1994,1,baselines_work/cohorte/java/CODE_DIF_JAVA_001/CODE_DIF_JAVA_001.java,41,baselines_work/cohorte/java/CODE_FUN_JAVA_012/CODE_FUN_JAVA_012.java,0.18064516129032257,28,5,16,12
2262,8,baselines_work/cohorte/java/CODE_DIF_JAVA_005/CODE_DIF_JAVA_005.java,21,baselines_work/cohorte/java/CODE_ESTRU_JAVA_009/CODE_ESTRU_JAVA_009.java,0.1320754716981132,28,8,15,13
2276,8,baselines_work/cohorte/java/CODE_DIF_JAVA_005/CODE_DIF_JAVA_005.java,38,baselines_work/cohorte/java/CODE_FUN_JAVA_008/CODE_FUN_JAVA_008.java,0.13526570048309178,28,4,17,11
2300,8,baselines_work/cohorte/java/CODE_DIF_JAVA_005/CODE_DIF_JAVA_005.java,60,baselines_work/cohorte/java/CODE_IDENT_JAVA_009/CODE_IDENT_JAVA_009.java,0.1320754716981132,28,8,15,13
2301,8,baselines_work/cohorte/java/CODE_DIF_JAVA_005/CODE_DIF_JAVA_005.java,63,baselines_work/cohorte/java/CODE_IDENT_JAVA_009_COPY/CODE_IDENT_JAVA_009.java,0.1320754716981132,28,8,15,13
2384,3,baselines_work/cohorte/java/CODE_DIF_JAVA_007/CODE_DIF_JAVA_007.java,5,baselines_work/cohorte/java/CODE_DIF_JAVA_009/CODE_DIF_JAVA_009.java,0.10071942446043165,28,5,15,13
2418,3,baselines_work/cohorte/java/CODE_DIF_JAVA_007/CODE_DIF_JAVA_007.java,40,baselines_work/cohorte/java/CODE_FUN_JAVA_013/CODE_FUN_JAVA_013.java,0.14893617021276595,28,5,15,13
2463,6,baselines_work/cohorte/java/CODE_DIF_JAVA_008/CODE_DIF_JAVA_008.java,20,baselines_work/cohorte/java/CODE_ESTRU_JAVA_006/CODE_ESTRU_JAVA_006.java,0.13861386138613863,28,5,16,12
2484,6,baselines_work/cohorte/java/CODE_DIF_JAVA_008/CODE_DIF_JAVA_008.java,41,baselines_work/cohorte/java/CODE_FUN_JAVA_012/CODE_FUN_JAVA_012.java,0.12556053811659193,28,6,16,12
2668,10,baselines_work/cohorte/java/CODE_DIF_JAVA_011/CODE_DIF_JAVA_011.java,30,baselines_work/cohorte/java/CODE_FUN_JAVA_001/CODE_FUN_JAVA_001.java,0.15217391304347827,28,4,18,10
2804,12,baselines_work/cohorte/java/CODE_DIF_JAVA_013/CODE_DIF_JAVA_013.java,41,baselines_work/cohorte/java/CODE_FUN_JAVA_012/CODE_FUN_JAVA_012.java,0.13592233009708737,28,4,16,12
2858,13,baselines_work/cohorte/java/CODE_DIF_JAVA_014/CODE_DIF_JAVA_014.java,33,baselines_work/cohorte/java/CODE_FUN_JAVA_005/CODE_FUN_JAVA_005.java,0.1414141414141414,28,4,14,14
3316,22,baselines_work/cohorte/java/CODE_ESTRU_JAVA_007/CODE_ESTRU_JAVA_007.java,42,baselines_work/cohorte/java/CODE_FUN_JAVA_011/CODE_FUN_JAVA_011.java,0.22950819672131148,28,5,14,14
3347,22,baselines_work/cohorte/java/CODE_ESTRU_JAVA_007/CODE_ESTRU_JAVA_007.java,68,baselines_work/cohorte/java/CODE_IDENT_JAVA_014/CODE_IDENT_JAVA_014.java,0.25,28,8,14,14
3348,22,baselines_work/cohorte/java/CODE_ESTRU_JAVA_007/CODE_ESTRU_JAVA_007.java,72,baselines_work/cohorte/java/CODE_IDENT_JAVA_014_COPY/CODE_IDENT_JAVA_014.java,0.25,28,8,14,14
3349,22,baselines_work/cohorte/java/CODE_ESTRU_JAVA_007/CODE_ESTRU_JAVA_007.java,73,baselines_work/cohorte/java/CODE_IDENT_JAVA_015/CODE_IDENT_JAVA_015.java,0.2153846153846154,28,8,13,15
3350,22,baselines_work/cohorte/java/CODE_ESTRU_JAVA_007/CODE_ESTRU_JAVA_007.java,74,baselines_work/cohorte/java/CODE_IDENT_JAVA_015_COPY/CODE_IDENT_JAVA_015.java,0.2153846153846154,28,8,13,15
3502,27,baselines_work/cohorte/java/CODE_ESTRU_JAVA_010/CODE_ESTRU_JAVA_010.java,73,baselines_work/cohorte/java/CODE_IDENT_JAVA_015/CODE_IDENT_JAVA_015.java,0.19444444444444445,28,3,17,11
3503,27,baselines_work/cohorte/java/CODE_ESTRU_JAVA_010/CODE_ESTRU_JAVA_010.java,74,baselines_work/cohorte/java/CODE_IDENT_JAVA_015_COPY/CODE_IDENT_JAVA_015.java,0.19444444444444445,28,3,17,11
3520,26,baselines_work/cohorte/java/CODE_ESTRU_JAVA_011/CODE_ESTRU_JAVA_011.java,40,baselines_work/cohorte/java/CODE_FUN_JAVA_013/CODE_FUN_JAVA_013.java,0.26666666666666666,28,5,14,14
3752,30,baselines_work/cohorte/java/CODE_FUN_JAVA_001/CODE_FUN_JAVA_001.java,44,baselines_work/cohorte/java/CODE_FUN_JAVA_015/CODE_FUN_JAVA_015.java,0.18064516129032257,28,6,11,17
3833,32,baselines_work/cohorte/java/CODE_FUN_JAVA_003/CODE_FUN_JAVA_003.java,42,baselines_work/cohorte/java/CODE_FUN_JAVA_011/CODE_FUN_JAVA_011.java,0.2692307692307692,28,10,14,14
3834,32,baselines_work/cohorte/java/CODE_FUN_JAVA_003/CODE_FUN_JAVA_003.java,41,baselines_work/cohorte/java/CODE_FUN_JAVA_012/CODE_FUN_JAVA_012.java,0.28865979381443296,28,7,15,13
4223,40,baselines_work/cohorte/java/CODE_FUN_JAVA_013/CODE_FUN_JAVA_013.java,66,baselines_work/cohorte/java/CODE_IDENT_JAVA_011/CODE_IDENT_JAVA_011.java,0.2641509433962264,28,5,14,14
4224,40,baselines_work/cohorte/java/CODE_FUN_JAVA_013/CODE_FUN_JAVA_013.java,67,baselines_work/cohorte/java/CODE_IDENT_JAVA_011_COPY/CODE_IDENT_JAVA_011.java,0.2641509433962264,28,5,14,14
4231,40,baselines_work/cohorte/java/CODE_FUN_JAVA_013/CODE_FUN_JAVA_013.java,73,baselines_work/cohorte/java/CODE_IDENT_JAVA_015/CODE_IDENT_JAVA_015.java,0.20588235294117646,28,4,13,15
4232,40,baselines_work/cohorte/java/CODE_FUN_JAVA_013/CODE_FUN_JAVA_013.java,74,baselines_work/cohorte/java/CODE_IDENT_JAVA_015_COPY/CODE_IDENT_JAVA_015.java,0.20588235294117646,28,4,13,15
4284,44,baselines_work/cohorte/java/CODE_FUN_JAVA_015/CODE_FUN_JAVA_015.java,66,baselines_work/cohorte/java/CODE_IDENT_JAVA_011/CODE_IDENT_JAVA_011.java,0.1891891891891892,28,2,17,11
4285,44,baselines_work/cohorte/java/CODE_FUN_JAVA_015/CODE_FUN_JAVA_015.java,67,baselines_work/cohorte/java/CODE_IDENT_JAVA_011_COPY/CODE_IDENT_JAVA_011.java,0.1891891891891892,28,2,17,11
4591,59,baselines_work/cohorte/java/CODE_IDENT_JAVA_007/CODE_IDENT_JAVA_007.java,73,baselines_work/cohorte/java/CODE_IDENT_JAVA_015/CODE_IDENT_JAVA_015.java,0.24347826086956523,28,8,13,15
4592,59,baselines_work/cohorte/java/CODE_IDENT_JAVA_007/CODE_IDENT_JAVA_007.java,74,baselines_work/cohorte/java/CODE_IDENT_JAVA_015_COPY/CODE_IDENT_JAVA_015.java,0.24347826086956523,28,8,13,15
4607,57,baselines_work/cohorte/java/CODE_IDENT_JAVA_007_COPY/CODE_IDENT_JAVA_007.java,73,baselines_work/cohorte/java/CODE_IDENT_JAVA_015/CODE_IDENT_JAVA_015.java,0.24347826086956523,28,8,13,15
4608,57,baselines_work/cohorte/java/CODE_IDENT_JAVA_007_COPY/CODE_IDENT_JAVA_007.java,74,baselines_work/cohorte/java/CODE_IDENT_JAVA_015_COPY/CODE_IDENT_JAVA_015.java,0.24347826086956523,28,8,13,15
4672,62,baselines_work/cohorte/java/CODE_IDENT_JAVA_010/CODE_IDENT_JAVA_010.java,73,baselines_work/cohorte/java/CODE_IDENT_JAVA_015/CODE_IDENT_JAVA_015.java,0.1958041958041958,28,3,17,11
4673,62,baselines_work/cohorte/java/CODE_IDENT_JAVA_010/CODE_IDENT_JAVA_010.java,74,baselines_work/cohorte/java/CODE_IDENT_JAVA_015_COPY/CODE_IDENT_JAVA_015.java,0.1958041958041958,28,3,17,11
4682,65,baselines_work/cohorte/java/CODE_IDENT_JAVA_010_COPY/CODE_IDENT_JAVA_010.java,73,baselines_work/cohorte/java/CODE_IDENT_JAVA_015/CODE_IDENT_JAVA_015.java,0.1958041958041958,28,3,17,11
4683,65,baselines_work/cohorte/java/CODE_IDENT_JAVA_010_COPY/CODE_IDENT_JAVA_010.java,74,baselines_work/cohorte/java/CODE_IDENT_JAVA_015_COPY/CODE_IDENT_JAVA_015.java,0.1958041958041958,28,3,17,11
1981,1,baselines_work/cohorte/java/CODE_DIF_JAVA_001/CODE_DIF_JAVA_001.java,24,baselines_work/cohorte/java/CODE_ESTRU_JAVA_014/CODE_ESTRU_JAVA_014.java,0.16265060240963855,27,3,13,14
2107,2,baselines_work/cohorte/java/CODE_DIF_JAVA_003/CODE_DIF_JAVA_003.java,9,baselines_work/cohorte/java/CODE_DIF_JAVA_010/CODE_DIF_JAVA_010.java,0.10037174721189591,27,4,13,14
2176,4,baselines_work/cohorte/java/CODE_DIF_JAVA_004/CODE_DIF_JAVA_004.java,6,baselines_work/cohorte/java/CODE_DIF_JAVA_008/CODE_DIF_JAVA_008.java,0.11203319502074689,27,5,13,14
2268,8,baselines_work/cohorte/java/CODE_DIF_JAVA_005/CODE_DIF_JAVA_005.java,28,baselines_work/cohorte/java/CODE_ESTRU_JAVA_015/CODE_ESTRU_JAVA_015.java,0.11946902654867257,27,4,14,13
2471,6,baselines_work/cohorte/java/CODE_DIF_JAVA_008/CODE_DIF_JAVA_008.java,24,baselines_work/cohorte/java/CODE_ESTRU_JAVA_014/CODE_ESTRU_JAVA_014.java,0.11538461538461539,27,5,14,13
2482,6,baselines_work/cohorte/java/CODE_DIF_JAVA_008/CODE_DIF_JAVA_008.java,36,baselines_work/cohorte/java/CODE_FUN_JAVA_010/CODE_FUN_JAVA_010.java,0.10227272727272728,27,4,12,15
2485,6,baselines_work/cohorte/java/CODE_DIF_JAVA_008/CODE_DIF_JAVA_008.java,40,baselines_work/cohorte/java/CODE_FUN_JAVA_013/CODE_FUN_JAVA_013.java,0.11946902654867257,27,9,14,13
2853,13,baselines_work/cohorte/java/CODE_DIF_JAVA_014/CODE_DIF_JAVA_014.java,28,baselines_work/cohorte/java/CODE_ESTRU_JAVA_015/CODE_ESTRU_JAVA_015.java,0.12796208530805686,27,2,10,17
2920,14,baselines_work/cohorte/java/CODE_DIF_JAVA_015/CODE_DIF_JAVA_015.java,37,baselines_work/cohorte/java/CODE_FUN_JAVA_007/CODE_FUN_JAVA_007.java,0.09215017064846416,27,3,17,10
3406,21,baselines_work/cohorte/java/CODE_ESTRU_JAVA_009/CODE_ESTRU_JAVA_009.java,29,baselines_work/cohorte/java/CODE_ESTRU_JAVA_013/CODE_ESTRU_JAVA_013.java,0.24324324324324326,27,7,14,13
3448,21,baselines_work/cohorte/java/CODE_ESTRU_JAVA_009/CODE_ESTRU_JAVA_009.java,69,baselines_work/cohorte/java/CODE_IDENT_JAVA_013/CODE_IDENT_JAVA_013.java,0.24545454545454545,27,7,14,13
3449,21,baselines_work/cohorte/java/CODE_ESTRU_JAVA_009/CODE_ESTRU_JAVA_009.java,70,baselines_work/cohorte/java/CODE_IDENT_JAVA_013_COPY/CODE_IDENT_JAVA_013.java,0.24545454545454545,27,7,14,13
3521,26,baselines_work/cohorte/java/CODE_ESTRU_JAVA_011/CODE_ESTRU_JAVA_011.java,43,baselines_work/cohorte/java/CODE_FUN_JAVA_014/CODE_FUN_JAVA_014.java,0.21428571428571427,27,3,13,14
3522,26,baselines_work/cohorte/java/CODE_ESTRU_JAVA_011/CODE_ESTRU_JAVA_011.java,44,baselines_work/cohorte/java/CODE_FUN_JAVA_015/CODE_FUN_JAVA_015.java,0.1836734693877551,27,2,10,17
3634,29,baselines_work/cohorte/java/CODE_ESTRU_JAVA_013/CODE_ESTRU_JAVA_013.java,60,baselines_work/cohorte/java/CODE_IDENT_JAVA_009/CODE_IDENT_JAVA_009.java,0.24324324324324326,27,7,13,14
3635,29,baselines_work/cohorte/java/CODE_ESTRU_JAVA_013/CODE_ESTRU_JAVA_013.java,63,baselines_work/cohorte/java/CODE_IDENT_JAVA_009_COPY/CODE_IDENT_JAVA_009.java,0.24324324324324326,27,7,13,14
3704,28,baselines_work/cohorte/java/CODE_ESTRU_JAVA_015/CODE_ESTRU_JAVA_015.java,42,baselines_work/cohorte/java/CODE_FUN_JAVA_011/CODE_FUN_JAVA_011.java,0.1836734693877551,27,3,15,12
3749,30,baselines_work/cohorte/java/CODE_FUN_JAVA_001/CODE_FUN_JAVA_001.java,41,baselines_work/cohorte/java/CODE_FUN_JAVA_012/CODE_FUN_JAVA_012.java,0.24545454545454545,27,8,13,14
3990,37,baselines_work/cohorte/java/CODE_FUN_JAVA_007/CODE_FUN_JAVA_007.java,36,baselines_work/cohorte/java/CODE_FUN_JAVA_010/CODE_FUN_JAVA_010.java,0.14917127071823205,27,4,12,15
4589,59,baselines_work/cohorte/java/CODE_IDENT_JAVA_007/CODE_IDENT_JAVA_007.java,68,baselines_work/cohorte/java/CODE_IDENT_JAVA_014/CODE_IDENT_JAVA_014.java,0.27835051546391754,27,8,13,14
4590,59,baselines_work/cohorte/java/CODE_IDENT_JAVA_007/CODE_IDENT_JAVA_007.java,72,baselines_work/cohorte/java/CODE_IDENT_JAVA_014_COPY/CODE_IDENT_JAVA_014.java,0.27835051546391754,27,8,13,14
4605,57,baselines_work/cohorte/java/CODE_IDENT_JAVA_007_COPY/CODE_IDENT_JAVA_007.java,68,baselines_work/cohorte/java/CODE_IDENT_JAVA_014/CODE_IDENT_JAVA_014.java,0.27835051546391754,27,8,13,14
4606,57,baselines_work/cohorte/java/CODE_IDENT_JAVA_007_COPY/CODE_IDENT_JAVA_007.java,72,baselines_work/cohorte/java/CODE_IDENT_JAVA_014_COPY/CODE_IDENT_JAVA_014.java,0.27835051546391754,27,8,13,14
4645,60,baselines_work/cohorte/java/CODE_IDENT_JAVA_009/CODE_IDENT_JAVA_009.java,69,baselines_work/cohorte/java/CODE_IDENT_JAVA_013/CODE_IDENT_JAVA_013.java,0.24545454545454545,27,7,14,13
4646,60,baselines_work/cohorte/java/CODE_IDENT_JAVA_009/CODE_IDENT_JAVA_009.java,70,baselines_work/cohorte/java/CODE_IDENT_JAVA_013_COPY/CODE_IDENT_JAVA_013.java,0.24545454545454545,27,7,14,13
4657,63,baselines_work/cohorte/java/CODE_IDENT_JAVA_009_COPY/CODE_IDENT_JAVA_009.java,69,baselines_work/cohorte/java/CODE_IDENT_JAVA_013/CODE_IDENT_JAVA_013.java,0.24545454545454545,27,7,14,13
4658,63,baselines_work/cohorte/java/CODE_IDENT_JAVA_009_COPY/CODE_IDENT_JAVA_009.java,70,baselines_work/cohorte/java/CODE_IDENT_JAVA_013_COPY/CODE_IDENT_JAVA_013.java,0.24545454545454545,27,7,14,13
2112,2,baselines_work/cohorte/java/CODE_DIF_JAVA_003/CODE_DIF_JAVA_003.java,14,baselines_work/cohorte/java/CODE_DIF_JAVA_015/CODE_DIF_JAVA_015.java,0.08469055374592833,26,4,12,14
2417,3,baselines_work/cohorte/java/CODE_DIF_JAVA_007/CODE_DIF_JAVA_007.java,41,baselines_work/cohorte/java/CODE_FUN_JAVA_012/CODE_FUN_JAVA_012.java,0.14054054054054055,26,4,15,11
2597,9,baselines_work/cohorte/java/CODE_DIF_JAVA_010/CODE_DIF_JAVA_010.java,21,baselines_work/cohorte/java/CODE_ESTRU_JAVA_009/CODE_ESTRU_JAVA_009.java,0.1078838174273859,26,4,15,11
2635,9,baselines_work/cohorte/java/CODE_DIF_JAVA_010/CODE_DIF_JAVA_010.java,60,baselines_work/cohorte/java/CODE_IDENT_JAVA_009/CODE_IDENT_JAVA_009.java,0.1078838174273859,26,4,15,11
2636,9,baselines_work/cohorte/java/CODE_DIF_JAVA_010/CODE_DIF_JAVA_010.java,63,baselines_work/cohorte/java/CODE_IDENT_JAVA_009_COPY/CODE_IDENT_JAVA_009.java,0.1078838174273859,26,4,15,11
2659,10,baselines_work/cohorte/java/CODE_DIF_JAVA_011/CODE_DIF_JAVA_011.java,22,baselines_work/cohorte/java/CODE_ESTRU_JAVA_007/CODE_ESTRU_JAVA_007.java,0.13756613756613756,26,3,17,9
2695,10,baselines_work/cohorte/java/CODE_DIF_JAVA_011/CODE_DIF_JAVA_011.java,59,baselines_work/cohorte/java/CODE_IDENT_JAVA_007/CODE_IDENT_JAVA_007.java,0.14942528735632185,26,3,17,9
2696,10,baselines_work/cohorte/java/CODE_DIF_JAVA_011/CODE_DIF_JAVA_011.java,57,baselines_work/cohorte/java/CODE_IDENT_JAVA_007_COPY/CODE_IDENT_JAVA_007.java,0.14942528735632185,26,3,17,9
2793,12,baselines_work/cohorte/java/CODE_DIF_JAVA_013/CODE_DIF_JAVA_013.java,30,baselines_work/cohorte/java/CODE_FUN_JAVA_001/CODE_FUN_JAVA_001.java,0.13131313131313133,26,4,15,11
2864,13,baselines_work/cohorte/java/CODE_DIF_JAVA_014/CODE_DIF_JAVA_014.java,42,baselines_work/cohorte/java/CODE_FUN_JAVA_011/CODE_FUN_JAVA_011.java,0.1326530612244898,26,4,12,14
2897,13,baselines_work/cohorte/java/CODE_DIF_JAVA_014/CODE_DIF_JAVA_014.java,73,baselines_work/cohorte/java/CODE_IDENT_JAVA_015/CODE_IDENT_JAVA_015.java,0.12745098039215685,26,2,10,16
2898,13,baselines_work/cohorte/java/CODE_DIF_JAVA_014/CODE_DIF_JAVA_014.java,74,baselines_work/cohorte/java/CODE_IDENT_JAVA_015_COPY/CODE_IDENT_JAVA_015.java,0.12745098039215685,26,2,10,16
2998,15,baselines_work/cohorte/java/CODE_ESTRU_JAVA_001/CODE_ESTRU_JAVA_001.java,53,baselines_work/cohorte/java/CODE_IDENT_JAVA_006/CODE_IDENT_JAVA_006.java,0.3880597014925373,26,8,13,13
2999,15,baselines_work/cohorte/java/CODE_ESTRU_JAVA_001/CODE_ESTRU_JAVA_001.java,58,baselines_work/cohorte/java/CODE_IDENT_JAVA_006_COPY/CODE_IDENT_JAVA_006.java,0.3880597014925373,26,8,13,13
3304,22,baselines_work/cohorte/java/CODE_ESTRU_JAVA_007/CODE_ESTRU_JAVA_007.java,24,baselines_work/cohorte/java/CODE_ESTRU_JAVA_014/CODE_ESTRU_JAVA_014.java,0.20634920634920634,26,8,12,14
3405,21,baselines_work/cohorte/java/CODE_ESTRU_JAVA_009/CODE_ESTRU_JAVA_009.java,25,baselines_work/cohorte/java/CODE_ESTRU_JAVA_012/CODE_ESTRU_JAVA_012.java,0.24074074074074073,26,7,14,12
3446,21,baselines_work/cohorte/java/CODE_ESTRU_JAVA_009/CODE_ESTRU_JAVA_009.java,64,baselines_work/cohorte/java/CODE_IDENT_JAVA_012/CODE_IDENT_JAVA_012.java,0.2524271844660194,26,7,14,12
3447,21,baselines_work/cohorte/java/CODE_ESTRU_JAVA_009/CODE_ESTRU_JAVA_009.java,71,baselines_work/cohorte/java/CODE_IDENT_JAVA_012_COPY/CODE_IDENT_JAVA_012.java,0.2524271844660194,26,7,14,12
3570,25,baselines_work/cohorte/java/CODE_ESTRU_JAVA_012/CODE_ESTRU_JAVA_012.java,44,baselines_work/cohorte/java/CODE_FUN_JAVA_015/CODE_FUN_JAVA_015.java,0.1793103448275862,26,2,10,16
3587,25,baselines_work/cohorte/java/CODE_ESTRU_JAVA_012/CODE_ESTRU_JAVA_012.java,60,baselines_work/cohorte/java/CODE_IDENT_JAVA_009/CODE_IDENT_JAVA_009.java,0.24074074074074073,26,7,12,14
3588,25,baselines_work/cohorte/java/CODE_ESTRU_JAVA_012/CODE_ESTRU_JAVA_012.java,63,baselines_work/cohorte/java/CODE_IDENT_JAVA_009_COPY/CODE_IDENT_JAVA_009.java,0.24074074074074073,26,7,12,14
3676,24,baselines_work/cohorte/java/CODE_ESTRU_JAVA_014/CODE_ESTRU_JAVA_014.java,59,baselines_work/cohorte/java/CODE_IDENT_JAVA_007/CODE_IDENT_JAVA_007.java,0.23423423423423423,26,8,14,12
3677,24,baselines_work/cohorte/java/CODE_ESTRU_JAVA_014/CODE_ESTRU_JAVA_014.java,57,baselines_work/cohorte/java/CODE_IDENT_JAVA_007_COPY/CODE_IDENT_JAVA_007.java,0.23423423423423423,26,8,14,12
3705,28,baselines_work/cohorte/java/CODE_ESTRU_JAVA_015/CODE_ESTRU_JAVA_015.java,41,baselines_work/cohorte/java/CODE_FUN_JAVA_012/CODE_FUN_JAVA_012.java,0.18571428571428572,26,3,15,11
3746,30,baselines_work/cohorte/java/CODE_FUN_JAVA_001/CODE_FUN_JAVA_001.java,39,baselines_work/cohorte/java/CODE_FUN_JAVA_009/CODE_FUN_JAVA_009.java,0.1793103448275862,26,5,11,15
3870,35,baselines_work/cohorte/java/CODE_FUN_JAVA_004/CODE_FUN_JAVA_004.java,37,baselines_work/cohorte/java/CODE_FUN_JAVA_007/CODE_FUN_JAVA_007.java,0.1793103448275862,26,5,11,15
3916,33,baselines_work/cohorte/java/CODE_FUN_JAVA_005/CODE_FUN_JAVA_005.java,40,baselines_work/cohorte/java/CODE_FUN_JAVA_013/CODE_FUN_JAVA_013.java,0.2,26,3,13,13
4166,42,baselines_work/cohorte/java/CODE_FUN_JAVA_011/CODE_FUN_JAVA_011.java,73,baselines_work/cohorte/java/CODE_IDENT_JAVA_015/CODE_IDENT_JAVA_015.java,0.18571428571428572,26,3,12,14
4167,42,baselines_work/cohorte/java/CODE_FUN_JAVA_011/CODE_FUN_JAVA_011.java,74,baselines_work/cohorte/java/CODE_IDENT_JAVA_015_COPY/CODE_IDENT_JAVA_015.java,0.18571428571428572,26,3,12,14
4303,46,baselines_work/cohorte/java/CODE_IDENT_JAVA_001/CODE_IDENT_JAVA_001.java,53,baselines_work/cohorte/java/CODE_IDENT_JAVA_006/CODE_IDENT_JAVA_006.java,0.3880597014925373,26,8,13,13
4304,46,baselines_work/cohorte/java/CODE_IDENT_JAVA_001/CODE_IDENT_JAVA_001.java,58,baselines_work/cohorte/java/CODE_IDENT_JAVA_006_COPY/CODE_IDENT_JAVA_006.java,0.3880597014925373,26,8,13,13
4331,45,baselines_work/cohorte/java/CODE_IDENT_JAVA_001_COPY/CODE_IDENT_JAVA_001.java,53,baselines_work/cohorte/java/CODE_IDENT_JAVA_006/CODE_IDENT_JAVA_006.java,0.3880597014925373,26,8,13,13
4332,45,baselines_work/cohorte/java/CODE_IDENT_JAVA_001_COPY/CODE_IDENT_JAVA_001.java,58,baselines_work/cohorte/java/CODE_IDENT_JAVA_006_COPY/CODE_IDENT_JAVA_006.java,0.3880597014925373,26,8,13,13
4643,60,baselines_work/cohorte/java/CODE_IDENT_JAVA_009/CODE_IDENT_JAVA_009.java,64,baselines_work/cohorte/java/CODE_IDENT_JAVA_012/CODE_IDENT_JAVA_012.java,0.2524271844660194,26,7,14,12
4644,60,baselines_work/cohorte/java/CODE_IDENT_JAVA_009/CODE_IDENT_JAVA_009.java,71,baselines_work/cohorte/java/CODE_IDENT_JAVA_012_COPY/CODE_IDENT_JAVA_012.java,0.2524271844660194,26,7,14,12
4655,63,baselines_work/cohorte/java/CODE_IDENT_JAVA_009_COPY/CODE_IDENT_JAVA_009.java,64,baselines_work/cohorte/java/CODE_IDENT_JAVA_012/CODE_IDENT_JAVA_012.java,0.2524271844660194,26,7,14,12
4656,63,baselines_work/cohorte/java/CODE_IDENT_JAVA_009_COPY/CODE_IDENT_JAVA_009.java,71,baselines_work/cohorte/java/CODE_IDENT_JAVA_012_COPY/CODE_IDENT_JAVA_012.java,0.2524271844660194,26,7,14,12
1987,1,baselines_work/cohorte/java/CODE_DIF_JAVA_001/CODE_DIF_JAVA_001.java,33,baselines_work/cohorte/java/CODE_FUN_JAVA_005/CODE_FUN_JAVA_005.java,0.1524390243902439,25,4,13,12
1989,1,baselines_work/cohorte/java/CODE_DIF_JAVA_001/CODE_DIF_JAVA_001.java,37,baselines_work/cohorte/java/CODE_FUN_JAVA_007/CODE_FUN_JAVA_007.java,0.14124293785310735,25,4,13,12
2202,4,baselines_work/cohorte/java/CODE_DIF_JAVA_004/CODE_DIF_JAVA_004.java,35,baselines_work/cohorte/java/CODE_FUN_JAVA_004/CODE_FUN_JAVA_004.java,0.1773049645390071,25,3,13,12
2472,6,baselines_work/cohorte/java/CODE_DIF_JAVA_008/CODE_DIF_JAVA_008.java,28,baselines_work/cohorte/java/CODE_ESTRU_JAVA_015/CODE_ESTRU_JAVA_015.java,0.10204081632653061,25,4,12,13
2664,10,baselines_work/cohorte/java/CODE_DIF_JAVA_011/CODE_DIF_JAVA_011.java,25,baselines_work/cohorte/java/CODE_ESTRU_JAVA_012/CODE_ESTRU_JAVA_012.java,0.14367816091954022,25,2,17,8
2665,10,baselines_work/cohorte/java/CODE_DIF_JAVA_011/CODE_DIF_JAVA_011.java,29,baselines_work/cohorte/java/CODE_ESTRU_JAVA_013/CODE_ESTRU_JAVA_013.java,0.14124293785310735,25,2,17,8
2735,11,baselines_work/cohorte/java/CODE_DIF_JAVA_012/CODE_DIF_JAVA_012.java,33,baselines_work/cohorte/java/CODE_FUN_JAVA_005/CODE_FUN_JAVA_005.java,0.14450867052023122,25,3,12,13
2918,14,baselines_work/cohorte/java/CODE_DIF_JAVA_015/CODE_DIF_JAVA_015.java,33,baselines_work/cohorte/java/CODE_FUN_JAVA_005/CODE_FUN_JAVA_005.java,0.08928571428571429,25,3,15,10
2925,14,baselines_work/cohorte/java/CODE_DIF_JAVA_015/CODE_DIF_JAVA_015.java,41,baselines_work/cohorte/java/CODE_FUN_JAVA_012/CODE_FUN_JAVA_012.java,0.09225092250922509,25,4,16,9
2926,14,baselines_work/cohorte/java/CODE_DIF_JAVA_015/CODE_DIF_JAVA_015.java,40,baselines_work/cohorte/java/CODE_FUN_JAVA_013/CODE_FUN_JAVA_013.java,0.09124087591240876,25,4,16,9
3456,27,baselines_work/cohorte/java/CODE_ESTRU_JAVA_010/CODE_ESTRU_JAVA_010.java,29,baselines_work/cohorte/java/CODE_ESTRU_JAVA_013/CODE_ESTRU_JAVA_013.java,0.21929824561403508,25,3,16,9
3498,27,baselines_work/cohorte/java/CODE_ESTRU_JAVA_010/CODE_ESTRU_JAVA_010.java,69,baselines_work/cohorte/java/CODE_IDENT_JAVA_013/CODE_IDENT_JAVA_013.java,0.22123893805309736,25,3,16,9
3499,27,baselines_work/cohorte/java/CODE_ESTRU_JAVA_010/CODE_ESTRU_JAVA_010.java,70,baselines_work/cohorte/java/CODE_IDENT_JAVA_013_COPY/CODE_IDENT_JAVA_013.java,0.22123893805309736,25,3,16,9
3569,25,baselines_work/cohorte/java/CODE_ESTRU_JAVA_012/CODE_ESTRU_JAVA_012.java,43,baselines_work/cohorte/java/CODE_FUN_JAVA_014/CODE_FUN_JAVA_014.java,0.20161290322580644,25,3,12,13
3616,29,baselines_work/cohorte/java/CODE_ESTRU_JAVA_013/CODE_ESTRU_JAVA_013.java,43,baselines_work/cohorte/java/CODE_FUN_JAVA_014/CODE_FUN_JAVA_014.java,0.1968503937007874,25,3,12,13
3636,29,baselines_work/cohorte/java/CODE_ESTRU_JAVA_013/CODE_ESTRU_JAVA_013.java,62,baselines_work/cohorte/java/CODE_IDENT_JAVA_010/CODE_IDENT_JAVA_010.java,0.22123893805309736,25,3,9,16
3637,29,baselines_work/cohorte/java/CODE_ESTRU_JAVA_013/CODE_ESTRU_JAVA_013.java,65,baselines_work/cohorte/java/CODE_IDENT_JAVA_010_COPY/CODE_IDENT_JAVA_010.java,0.22123893805309736,25,3,9,16
3659,24,baselines_work/cohorte/java/CODE_ESTRU_JAVA_014/CODE_ESTRU_JAVA_014.java,42,baselines_work/cohorte/java/CODE_FUN_JAVA_011/CODE_FUN_JAVA_011.java,0.18382352941176472,25,3,13,12
3662,24,baselines_work/cohorte/java/CODE_ESTRU_JAVA_014/CODE_ESTRU_JAVA_014.java,43,baselines_work/cohorte/java/CODE_FUN_JAVA_014/CODE_FUN_JAVA_014.java,0.16339869281045752,25,3,13,12
3910,33,baselines_work/cohorte/java/CODE_FUN_JAVA_005/CODE_FUN_JAVA_005.java,37,baselines_work/cohorte/java/CODE_FUN_JAVA_007/CODE_FUN_JAVA_007.java,0.16778523489932887,25,3,12,13
3914,33,baselines_work/cohorte/java/CODE_FUN_JAVA_005/CODE_FUN_JAVA_005.java,42,baselines_work/cohorte/java/CODE_FUN_JAVA_011/CODE_FUN_JAVA_011.java,0.1865671641791045,25,3,11,14
3952,34,baselines_work/cohorte/java/CODE_FUN_JAVA_006/CODE_FUN_JAVA_006.java,36,baselines_work/cohorte/java/CODE_FUN_JAVA_010/CODE_FUN_JAVA_010.java,0.1497005988023952,25,4,12,13
4032,38,baselines_work/cohorte/java/CODE_FUN_JAVA_008/CODE_FUN_JAVA_008.java,44,baselines_work/cohorte/java/CODE_FUN_JAVA_015/CODE_FUN_JAVA_015.java,0.15060240963855423,25,4,10,15
4067,39,baselines_work/cohorte/java/CODE_FUN_JAVA_009/CODE_FUN_JAVA_009.java,43,baselines_work/cohorte/java/CODE_FUN_JAVA_014/CODE_FUN_JAVA_014.java,0.14124293785310735,25,4,14,11
4095,39,baselines_work/cohorte/java/CODE_FUN_JAVA_009/CODE_FUN_JAVA_009.java,68,baselines_work/cohorte/java/CODE_IDENT_JAVA_014/CODE_IDENT_JAVA_014.java,0.16666666666666666,25,2,13,12
4096,39,baselines_work/cohorte/java/CODE_FUN_JAVA_009/CODE_FUN_JAVA_009.java,72,baselines_work/cohorte/java/CODE_IDENT_JAVA_014_COPY/CODE_IDENT_JAVA_014.java,0.16666666666666666,25,2,13,12
4101,36,baselines_work/cohorte/java/CODE_FUN_JAVA_010/CODE_FUN_JAVA_010.java,40,baselines_work/cohorte/java/CODE_FUN_JAVA_013/CODE_FUN_JAVA_013.java,0.15432098765432098,25,4,17,8
4150,42,baselines_work/cohorte/java/CODE_FUN_JAVA_011/CODE_FUN_JAVA_011.java,59,baselines_work/cohorte/java/CODE_IDENT_JAVA_007/CODE_IDENT_JAVA_007.java,0.2336448598130841,25,3,13,12
4151,42,baselines_work/cohorte/java/CODE_FUN_JAVA_011/CODE_FUN_JAVA_011.java,57,baselines_work/cohorte/java/CODE_IDENT_JAVA_007_COPY/CODE_IDENT_JAVA_007.java,0.2336448598130841,25,3,13,12
4199,41,baselines_work/cohorte/java/CODE_FUN_JAVA_012/CODE_FUN_JAVA_012.java,73,baselines_work/cohorte/java/CODE_IDENT_JAVA_015/CODE_IDENT_JAVA_015.java,0.18796992481203006,25,3,11,14
4200,41,baselines_work/cohorte/java/CODE_FUN_JAVA_012/CODE_FUN_JAVA_012.java,74,baselines_work/cohorte/java/CODE_IDENT_JAVA_015_COPY/CODE_IDENT_JAVA_015.java,0.18796992481203006,25,3,11,14
4233,43,baselines_work/cohorte/java/CODE_FUN_JAVA_014/CODE_FUN_JAVA_014.java,44,baselines_work/cohorte/java/CODE_FUN_JAVA_015/CODE_FUN_JAVA_015.java,0.13368983957219252,25,4,11,14
4290,44,baselines_work/cohorte/java/CODE_FUN_JAVA_015/CODE_FUN_JAVA_015.java,68,baselines_work/cohorte/java/CODE_IDENT_JAVA_014/CODE_IDENT_JAVA_014.java,0.15625,25,2,14,11
4291,44,baselines_work/cohorte/java/CODE_FUN_JAVA_015/CODE_FUN_JAVA_015.java,72,baselines_work/cohorte/java/CODE_IDENT_JAVA_014_COPY/CODE_IDENT_JAVA_014.java,0.15625,25,2,14,11
4472,50,baselines_work/cohorte/java/CODE_IDENT_JAVA_004/CODE_IDENT_JAVA_004.java,68,baselines_work/cohorte/java/CODE_IDENT_JAVA_014/CODE_IDENT_JAVA_014.java,0.2336448598130841,25,6,10,15
4473,50,baselines_work/cohorte/java/CODE_IDENT_JAVA_004/CODE_IDENT_JAVA_004.java,72,baselines_work/cohorte/java/CODE_IDENT_JAVA_014_COPY/CODE_IDENT_JAVA_014.java,0.2336448598130841,25,6,10,15
4494,55,baselines_work/cohorte/java/CODE_IDENT_JAVA_004_COPY/CODE_IDENT_JAVA_004.java,68,baselines_work/cohorte/java/CODE_IDENT_JAVA_014/CODE_IDENT_JAVA_014.java,0.2336448598130841,25,6,10,15
4495,55,baselines_work/cohorte/java/CODE_IDENT_JAVA_004_COPY/CODE_IDENT_JAVA_004.java,72,baselines_work/cohorte/java/CODE_IDENT_JAVA_014_COPY/CODE_IDENT_JAVA_014.java,0.2336448598130841,25,6,10,15
4668,62,baselines_work/cohorte/java/CODE_IDENT_JAVA_010/CODE_IDENT_JAVA_010.java,69,baselines_work/cohorte/java/CODE_IDENT_JAVA_013/CODE_IDENT_JAVA_013.java,0.22321428571428573,25,3,16,9
4669,62,baselines_work/cohorte/java/CODE_IDENT_JAVA_010/CODE_IDENT_JAVA_010.java,70,baselines_work/cohorte/java/CODE_IDENT_JAVA_013_COPY/CODE_IDENT_JAVA_013.java,0.22321428571428573,25,3,16,9
4678,65,baselines_work/cohorte/java/CODE_IDENT_JAVA_010_COPY/CODE_IDENT_JAVA_010.java,69,baselines_work/cohorte/java/CODE_IDENT_JAVA_013/CODE_IDENT_JAVA_013.java,0.22321428571428573,25,3,16,9
4679,65,baselines_work/cohorte/java/CODE_IDENT_JAVA_010_COPY/CODE_IDENT_JAVA_010.java,70,baselines_work/cohorte/java/CODE_IDENT_JAVA_013_COPY/CODE_IDENT_JAVA_013.java,0.22321428571428573,25,3,16,9
1976,1,baselines_work/cohorte/java/CODE_DIF_JAVA_001/CODE_DIF_JAVA_001.java,21,baselines_work/cohorte/java/CODE_ESTRU_JAVA_009/CODE_ESTRU_JAVA_009.java,0.147239263803681,24,4,12,12
1979,1,baselines_work/cohorte/java/CODE_DIF_JAVA_001/CODE_DIF_JAVA_001.java,25,baselines_work/cohorte/java/CODE_ESTRU_JAVA_012/CODE_ESTRU_JAVA_012.java,0.17518248175182483,24,5,14,10
1980,1,baselines_work/cohorte/java/CODE_DIF_JAVA_001/CODE_DIF_JAVA_001.java,29,baselines_work/cohorte/java/CODE_ESTRU_JAVA_013/CODE_ESTRU_JAVA_013.java,0.17142857142857143,24,5,14,10
2014,1,baselines_work/cohorte/java/CODE_DIF_JAVA_001/CODE_DIF_JAVA_001.java,60,baselines_work/cohorte/java/CODE_IDENT_JAVA_009/CODE_IDENT_JAVA_009.java,0.147239263803681,24,4,12,12
2015,1,baselines_work/cohorte/java/CODE_DIF_JAVA_001/CODE_DIF_JAVA_001.java,63,baselines_work/cohorte/java/CODE_IDENT_JAVA_009_COPY/CODE_IDENT_JAVA_009.java,0.147239263803681,24,4,12,12
2056,0,baselines_work/cohorte/java/CODE_DIF_JAVA_002/CODE_DIF_JAVA_002.java,30,baselines_work/cohorte/java/CODE_FUN_JAVA_001/CODE_FUN_JAVA_001.java,0.2,24,6,12,12
2067,0,baselines_work/cohorte/java/CODE_DIF_JAVA_002/CODE_DIF_JAVA_002.java,41,baselines_work/cohorte/java/CODE_FUN_JAVA_012/CODE_FUN_JAVA_012.java,0.1875,24,5,12,12
2175,4,baselines_work/cohorte/java/CODE_DIF_JAVA_004/CODE_DIF_JAVA_004.java,3,baselines_work/cohorte/java/CODE_DIF_JAVA_007/CODE_DIF_JAVA_007.java,0.11822660098522167,24,4,13,11
2178,4,baselines_work/cohorte/java/CODE_DIF_JAVA_004/CODE_DIF_JAVA_004.java,9,baselines_work/cohorte/java/CODE_DIF_JAVA_010/CODE_DIF_JAVA_010.java,0.09561752988047809,24,2,11,13
2205,4,baselines_work/cohorte/java/CODE_DIF_JAVA_004/CODE_DIF_JAVA_004.java,37,baselines_work/cohorte/java/CODE_FUN_JAVA_007/CODE_FUN_JAVA_007.java,0.1518987341772152,24,3,12,12
2272,8,baselines_work/cohorte/java/CODE_DIF_JAVA_005/CODE_DIF_JAVA_005.java,35,baselines_work/cohorte/java/CODE_FUN_JAVA_004/CODE_FUN_JAVA_004.java,0.11483253588516747,24,3,17,7
2312,8,baselines_work/cohorte/java/CODE_DIF_JAVA_005/CODE_DIF_JAVA_005.java,73,baselines_work/cohorte/java/CODE_IDENT_JAVA_015/CODE_IDENT_JAVA_015.java,0.1095890410958904,24,4,13,11
2313,8,baselines_work/cohorte/java/CODE_DIF_JAVA_005/CODE_DIF_JAVA_005.java,74,baselines_work/cohorte/java/CODE_IDENT_JAVA_015_COPY/CODE_IDENT_JAVA_015.java,0.1095890410958904,24,4,13,11
2317,7,baselines_work/cohorte/java/CODE_DIF_JAVA_006/CODE_DIF_JAVA_006.java,9,baselines_work/cohorte/java/CODE_DIF_JAVA_010/CODE_DIF_JAVA_010.java,0.08695652173913043,24,2,12,12
2321,7,baselines_work/cohorte/java/CODE_DIF_JAVA_006/CODE_DIF_JAVA_006.java,13,baselines_work/cohorte/java/CODE_DIF_JAVA_014/CODE_DIF_JAVA_014.java,0.10344827586206896,24,3,14,10
2349,7,baselines_work/cohorte/java/CODE_DIF_JAVA_006/CODE_DIF_JAVA_006.java,41,baselines_work/cohorte/java/CODE_FUN_JAVA_012/CODE_FUN_JAVA_012.java,0.14906832298136646,24,3,13,11
2350,7,baselines_work/cohorte/java/CODE_DIF_JAVA_006/CODE_DIF_JAVA_006.java,40,baselines_work/cohorte/java/CODE_FUN_JAVA_013/CODE_FUN_JAVA_013.java,0.14634146341463414,24,3,13,11
2451,6,baselines_work/cohorte/java/CODE_DIF_JAVA_008/CODE_DIF_JAVA_008.java,5,baselines_work/cohorte/java/CODE_DIF_JAVA_009/CODE_DIF_JAVA_009.java,0.0759493670886076,24,3,11,13
2478,6,baselines_work/cohorte/java/CODE_DIF_JAVA_008/CODE_DIF_JAVA_008.java,34,baselines_work/cohorte/java/CODE_FUN_JAVA_006/CODE_FUN_JAVA_006.java,0.1038961038961039,24,3,13,11
2516,6,baselines_work/cohorte/java/CODE_DIF_JAVA_008/CODE_DIF_JAVA_008.java,73,baselines_work/cohorte/java/CODE_IDENT_JAVA_015/CODE_IDENT_JAVA_015.java,0.10084033613445378,24,4,12,12
2517,6,baselines_work/cohorte/java/CODE_DIF_JAVA_008/CODE_DIF_JAVA_008.java,74,baselines_work/cohorte/java/CODE_IDENT_JAVA_015_COPY/CODE_IDENT_JAVA_015.java,0.10084033613445378,24,4,12,12
2671,10,baselines_work/cohorte/java/CODE_DIF_JAVA_011/CODE_DIF_JAVA_011.java,35,baselines_work/cohorte/java/CODE_FUN_JAVA_004/CODE_FUN_JAVA_004.java,0.1218274111675127,24,4,15,9
2786,12,baselines_work/cohorte/java/CODE_DIF_JAVA_013/CODE_DIF_JAVA_013.java,21,baselines_work/cohorte/java/CODE_ESTRU_JAVA_009/CODE_ESTRU_JAVA_009.java,0.11214953271028037,24,1,9,15
2824,12,baselines_work/cohorte/java/CODE_DIF_JAVA_013/CODE_DIF_JAVA_013.java,60,baselines_work/cohorte/java/CODE_IDENT_JAVA_009/CODE_IDENT_JAVA_009.java,0.11214953271028037,24,1,9,15
2825,12,baselines_work/cohorte/java/CODE_DIF_JAVA_013/CODE_DIF_JAVA_013.java,63,baselines_work/cohorte/java/CODE_IDENT_JAVA_009_COPY/CODE_IDENT_JAVA_009.java,0.11214953271028037,24,1,9,15
2924,14,baselines_work/cohorte/java/CODE_DIF_JAVA_015/CODE_DIF_JAVA_015.java,42,baselines_work/cohorte/java/CODE_FUN_JAVA_011/CODE_FUN_JAVA_011.java,0.08633093525179857,24,4,15,9
2996,15,baselines_work/cohorte/java/CODE_ESTRU_JAVA_001/CODE_ESTRU_JAVA_001.java,52,baselines_work/cohorte/java/CODE_IDENT_JAVA_005/CODE_IDENT_JAVA_005.java,0.32432432432432434,24,5,12,12
2997,15,baselines_work/cohorte/java/CODE_ESTRU_JAVA_001/CODE_ESTRU_JAVA_001.java,54,baselines_work/cohorte/java/CODE_IDENT_JAVA_005_COPY/CODE_IDENT_JAVA_005.java,0.32432432432432434,24,5,12,12
3258,20,baselines_work/cohorte/java/CODE_ESTRU_JAVA_006/CODE_ESTRU_JAVA_006.java,34,baselines_work/cohorte/java/CODE_FUN_JAVA_006/CODE_FUN_JAVA_006.java,0.22857142857142856,24,8,11,13
3300,22,baselines_work/cohorte/java/CODE_ESTRU_JAVA_007/CODE_ESTRU_JAVA_007.java,27,baselines_work/cohorte/java/CODE_ESTRU_JAVA_010/CODE_ESTRU_JAVA_010.java,0.19047619047619047,24,3,9,15
3317,22,baselines_work/cohorte/java/CODE_ESTRU_JAVA_007/CODE_ESTRU_JAVA_007.java,41,baselines_work/cohorte/java/CODE_FUN_JAVA_012/CODE_FUN_JAVA_012.java,0.20869565217391303,24,3,13,11
3329,22,baselines_work/cohorte/java/CODE_ESTRU_JAVA_007/CODE_ESTRU_JAVA_007.java,52,baselines_work/cohorte/java/CODE_IDENT_JAVA_005/CODE_IDENT_JAVA_005.java,0.24489795918367346,24,5,9,15
3330,22,baselines_work/cohorte/java/CODE_ESTRU_JAVA_007/CODE_ESTRU_JAVA_007.java,54,baselines_work/cohorte/java/CODE_IDENT_JAVA_005_COPY/CODE_IDENT_JAVA_005.java,0.24489795918367346,24,5,9,15
3339,22,baselines_work/cohorte/java/CODE_ESTRU_JAVA_007/CODE_ESTRU_JAVA_007.java,62,baselines_work/cohorte/java/CODE_IDENT_JAVA_010/CODE_IDENT_JAVA_010.java,0.192,24,3,9,15
3340,22,baselines_work/cohorte/java/CODE_ESTRU_JAVA_007/CODE_ESTRU_JAVA_007.java,65,baselines_work/cohorte/java/CODE_IDENT_JAVA_010_COPY/CODE_IDENT_JAVA_010.java,0.192,24,3,9,15
3432,21,baselines_work/cohorte/java/CODE_ESTRU_JAVA_009/CODE_ESTRU_JAVA_009.java,52,baselines_work/cohorte/java/CODE_IDENT_JAVA_005/CODE_IDENT_JAVA_005.java,0.22018348623853212,24,4,9,15
3433,21,baselines_work/cohorte/java/CODE_ESTRU_JAVA_009/CODE_ESTRU_JAVA_009.java,54,baselines_work/cohorte/java/CODE_IDENT_JAVA_005_COPY/CODE_IDENT_JAVA_005.java,0.22018348623853212,24,4,9,15
3454,27,baselines_work/cohorte/java/CODE_ESTRU_JAVA_010/CODE_ESTRU_JAVA_010.java,26,baselines_work/cohorte/java/CODE_ESTRU_JAVA_011/CODE_ESTRU_JAVA_011.java,0.21238938053097345,24,3,16,8
3455,27,baselines_work/cohorte/java/CODE_ESTRU_JAVA_010/CODE_ESTRU_JAVA_010.java,25,baselines_work/cohorte/java/CODE_ESTRU_JAVA_012/CODE_ESTRU_JAVA_012.java,0.21621621621621623,24,3,16,8
3471,27,baselines_work/cohorte/java/CODE_ESTRU_JAVA_010/CODE_ESTRU_JAVA_010.java,40,baselines_work/cohorte/java/CODE_FUN_JAVA_013/CODE_FUN_JAVA_013.java,0.18181818181818182,24,4,17,7
3486,27,baselines_work/cohorte/java/CODE_ESTRU_JAVA_010/CODE_ESTRU_JAVA_010.java,59,baselines_work/cohorte/java/CODE_IDENT_JAVA_007/CODE_IDENT_JAVA_007.java,0.21621621621621623,24,3,15,9
3487,27,baselines_work/cohorte/java/CODE_ESTRU_JAVA_010/CODE_ESTRU_JAVA_010.java,57,baselines_work/cohorte/java/CODE_IDENT_JAVA_007_COPY/CODE_IDENT_JAVA_007.java,0.21621621621621623,24,3,15,9
3494,27,baselines_work/cohorte/java/CODE_ESTRU_JAVA_010/CODE_ESTRU_JAVA_010.java,66,baselines_work/cohorte/java/CODE_IDENT_JAVA_011/CODE_IDENT_JAVA_011.java,0.21052631578947367,24,3,16,8
3495,27,baselines_work/cohorte/java/CODE_ESTRU_JAVA_010/CODE_ESTRU_JAVA_010.java,67,baselines_work/cohorte/java/CODE_IDENT_JAVA_011_COPY/CODE_IDENT_JAVA_011.java,0.21052631578947367,24,3,16,8
3496,27,baselines_work/cohorte/java/CODE_ESTRU_JAVA_010/CODE_ESTRU_JAVA_010.java,64,baselines_work/cohorte/java/CODE_IDENT_JAVA_012/CODE_IDENT_JAVA_012.java,0.22641509433962265,24,3,16,8
3497,27,baselines_work/cohorte/java/CODE_ESTRU_JAVA_010/CODE_ESTRU_JAVA_010.java,71,baselines_work/cohorte/java/CODE_IDENT_JAVA_012_COPY/CODE_IDENT_JAVA_012.java,0.22641509433962265,24,3,16,8
3541,26,baselines_work/cohorte/java/CODE_ESTRU_JAVA_011/CODE_ESTRU_JAVA_011.java,62,baselines_work/cohorte/java/CODE_IDENT_JAVA_010/CODE_IDENT_JAVA_010.java,0.21428571428571427,24,3,8,16
3542,26,baselines_work/cohorte/java/CODE_ESTRU_JAVA_011/CODE_ESTRU_JAVA_011.java,65,baselines_work/cohorte/java/CODE_IDENT_JAVA_010_COPY/CODE_IDENT_JAVA_010.java,0.21428571428571427,24,3,8,16
3589,25,baselines_work/cohorte/java/CODE_ESTRU_JAVA_012/CODE_ESTRU_JAVA_012.java,62,baselines_work/cohorte/java/CODE_IDENT_JAVA_010/CODE_IDENT_JAVA_010.java,0.21818181818181817,24,3,8,16
3590,25,baselines_work/cohorte/java/CODE_ESTRU_JAVA_012/CODE_ESTRU_JAVA_012.java,65,baselines_work/cohorte/java/CODE_IDENT_JAVA_010_COPY/CODE_IDENT_JAVA_010.java,0.21818181818181817,24,3,8,16
3617,29,baselines_work/cohorte/java/CODE_ESTRU_JAVA_013/CODE_ESTRU_JAVA_013.java,44,baselines_work/cohorte/java/CODE_FUN_JAVA_015/CODE_FUN_JAVA_015.java,0.16216216216216217,24,2,9,15
4197,41,baselines_work/cohorte/java/CODE_FUN_JAVA_012/CODE_FUN_JAVA_012.java,68,baselines_work/cohorte/java/CODE_IDENT_JAVA_014/CODE_IDENT_JAVA_014.java,0.20869565217391303,24,3,11,13
4198,41,baselines_work/cohorte/java/CODE_FUN_JAVA_012/CODE_FUN_JAVA_012.java,72,baselines_work/cohorte/java/CODE_IDENT_JAVA_014_COPY/CODE_IDENT_JAVA_014.java,0.20869565217391303,24,3,11,13
4221,40,baselines_work/cohorte/java/CODE_FUN_JAVA_013/CODE_FUN_JAVA_013.java,62,baselines_work/cohorte/java/CODE_IDENT_JAVA_010/CODE_IDENT_JAVA_010.java,0.183206106870229,24,4,7,17
4222,40,baselines_work/cohorte/java/CODE_FUN_JAVA_013/CODE_FUN_JAVA_013.java,65,baselines_work/cohorte/java/CODE_IDENT_JAVA_010_COPY/CODE_IDENT_JAVA_010.java,0.183206106870229,24,4,7,17
4229,40,baselines_work/cohorte/java/CODE_FUN_JAVA_013/CODE_FUN_JAVA_013.java,68,baselines_work/cohorte/java/CODE_IDENT_JAVA_014/CODE_IDENT_JAVA_014.java,0.2033898305084746,24,3,11,13
4230,40,baselines_work/cohorte/java/CODE_FUN_JAVA_013/CODE_FUN_JAVA_013.java,72,baselines_work/cohorte/java/CODE_IDENT_JAVA_014_COPY/CODE_IDENT_JAVA_014.java,0.2033898305084746,24,3,11,13
4254,43,baselines_work/cohorte/java/CODE_FUN_JAVA_014/CODE_FUN_JAVA_014.java,66,baselines_work/cohorte/java/CODE_IDENT_JAVA_011/CODE_IDENT_JAVA_011.java,0.1889763779527559,24,3,12,12
4255,43,baselines_work/cohorte/java/CODE_FUN_JAVA_014/CODE_FUN_JAVA_014.java,67,baselines_work/cohorte/java/CODE_IDENT_JAVA_011_COPY/CODE_IDENT_JAVA_011.java,0.1889763779527559,24,3,12,12
4301,46,baselines_work/cohorte/java/CODE_IDENT_JAVA_001/CODE_IDENT_JAVA_001.java,52,baselines_work/cohorte/java/CODE_IDENT_JAVA_005/CODE_IDENT_JAVA_005.java,0.32432432432432434,24,5,12,12
4302,46,baselines_work/cohorte/java/CODE_IDENT_JAVA_001/CODE_IDENT_JAVA_001.java,54,baselines_work/cohorte/java/CODE_IDENT_JAVA_005_COPY/CODE_IDENT_JAVA_005.java,0.32432432432432434,24,5,12,12
4329,45,baselines_work/cohorte/java/CODE_IDENT_JAVA_001_COPY/CODE_IDENT_JAVA_001.java,52,baselines_work/cohorte/java/CODE_IDENT_JAVA_005/CODE_IDENT_JAVA_005.java,0.32432432432432434,24,5,12,12
4330,45,baselines_work/cohorte/java/CODE_IDENT_JAVA_001_COPY/CODE_IDENT_JAVA_001.java,54,baselines_work/cohorte/java/CODE_IDENT_JAVA_005_COPY/CODE_IDENT_JAVA_005.java,0.32432432432432434,24,5,12,12
4409,48,baselines_work/cohorte/java/CODE_IDENT_JAVA_003/CODE_IDENT_JAVA_003.java,53,baselines_work/cohorte/java/CODE_IDENT_JAVA_006/CODE_IDENT_JAVA_006.java,0.32432432432432434,24,11,12,12
4410,48,baselines_work/cohorte/java/CODE_IDENT_JAVA_003/CODE_IDENT_JAVA_003.java,58,baselines_work/cohorte/java/CODE_IDENT_JAVA_006_COPY/CODE_IDENT_JAVA_006.java,0.32432432432432434,24,11,12,12
4433,49,baselines_work/cohorte/java/CODE_IDENT_JAVA_003_COPY/CODE_IDENT_JAVA_003.java,53,baselines_work/cohorte/java/CODE_IDENT_JAVA_006/CODE_IDENT_JAVA_006.java,0.32432432432432434,24,11,12,12
4434,49,baselines_work/cohorte/java/CODE_IDENT_JAVA_003_COPY/CODE_IDENT_JAVA_003.java,58,baselines_work/cohorte/java/CODE_IDENT_JAVA_006_COPY/CODE_IDENT_JAVA_006.java,0.32432432432432434,24,11,12,12
4505,52,baselines_work/cohorte/java/CODE_IDENT_JAVA_005/CODE_IDENT_JAVA_005.java,60,baselines_work/cohorte/java/CODE_IDENT_JAVA_009/CODE_IDENT_JAVA_009.java,0.22018348623853212,24,4,15,9
4506,52,baselines_work/cohorte/java/CODE_IDENT_JAVA_005/CODE_IDENT_JAVA_005.java,63,baselines_work/cohorte/java/CODE_IDENT_JAVA_009_COPY/CODE_IDENT_JAVA_009.java,0.22018348623853212,24,4,15,9
4525,54,baselines_work/cohorte/java/CODE_IDENT_JAVA_005_COPY/CODE_IDENT_JAVA_005.java,60,baselines_work/cohorte/java/CODE_IDENT_JAVA_009/CODE_IDENT_JAVA_009.java,0.22018348623853212,24,4,15,9
4526,54,baselines_work/cohorte/java/CODE_IDENT_JAVA_005_COPY/CODE_IDENT_JAVA_005.java,63,baselines_work/cohorte/java/CODE_IDENT_JAVA_009_COPY/CODE_IDENT_JAVA_009.java,0.22018348623853212,24,4,15,9
4581,59,baselines_work/cohorte/java/CODE_IDENT_JAVA_007/CODE_IDENT_JAVA_007.java,62,baselines_work/cohorte/java/CODE_IDENT_JAVA_010/CODE_IDENT_JAVA_010.java,0.21818181818181817,24,3,9,15
4582,59,baselines_work/cohorte/java/CODE_IDENT_JAVA_007/CODE_IDENT_JAVA_007.java,65,baselines_work/cohorte/java/CODE_IDENT_JAVA_010_COPY/CODE_IDENT_JAVA_010.java,0.21818181818181817,24,3,9,15
4597,57,baselines_work/cohorte/java/CODE_IDENT_JAVA_007_COPY/CODE_IDENT_JAVA_007.java,62,baselines_work/cohorte/java/CODE_IDENT_JAVA_010/CODE_IDENT_JAVA_010.java,0.21818181818181817,24,3,9,15
4598,57,baselines_work/cohorte/java/CODE_IDENT_JAVA_007_COPY/CODE_IDENT_JAVA_007.java,65,baselines_work/cohorte/java/CODE_IDENT_JAVA_010_COPY/CODE_IDENT_JAVA_010.java,0.21818181818181817,24,3,9,15
4664,62,baselines_work/cohorte/java/CODE_IDENT_JAVA_010/CODE_IDENT_JAVA_010.java,66,baselines_work/cohorte/java/CODE_IDENT_JAVA_011/CODE_IDENT_JAVA_011.java,0.21238938053097345,24,3,16,8
4665,62,baselines_work/cohorte/java/CODE_IDENT_JAVA_010/CODE_IDENT_JAVA_010.java,67,baselines_work/cohorte/java/CODE_IDENT_JAVA_011_COPY/CODE_IDENT_JAVA_011.java,0.21238938053097345,24,3,16,8
4666,62,baselines_work/cohorte/java/CODE_IDENT_JAVA_010/CODE_IDENT_JAVA_010.java,64,baselines_work/cohorte/java/CODE_IDENT_JAVA_012/CODE_IDENT_JAVA_012.java,0.22857142857142856,24,3,16,8
4667,62,baselines_work/cohorte/java/CODE_IDENT_JAVA_010/CODE_IDENT_JAVA_010.java,71,baselines_work/cohorte/java/CODE_IDENT_JAVA_012_COPY/CODE_IDENT_JAVA_012.java,0.22857142857142856,24,3,16,8
4674,65,baselines_work/cohorte/java/CODE_IDENT_JAVA_010_COPY/CODE_IDENT_JAVA_010.java,66,baselines_work/cohorte/java/CODE_IDENT_JAVA_011/CODE_IDENT_JAVA_011.java,0.21238938053097345,24,3,16,8
4675,65,baselines_work/cohorte/java/CODE_IDENT_JAVA_010_COPY/CODE_IDENT_JAVA_010.java,67,baselines_work/cohorte/java/CODE_IDENT_JAVA_011_COPY/CODE_IDENT_JAVA_011.java,0.21238938053097345,24,3,16,8
4676,65,baselines_work/cohorte/java/CODE_IDENT_JAVA_010_COPY/CODE_IDENT_JAVA_010.java,64,baselines_work/cohorte/java/CODE_IDENT_JAVA_012/CODE_IDENT_JAVA_012.java,0.22857142857142856,24,3,16,8
4677,65,baselines_work/cohorte/java/CODE_IDENT_JAVA_010_COPY/CODE_IDENT_JAVA_010.java,71,baselines_work/cohorte/java/CODE_IDENT_JAVA_012_COPY/CODE_IDENT_JAVA_012.java,0.22857142857142856,24,3,16,8
1956,1,baselines_work/cohorte/java/CODE_DIF_JAVA_001/CODE_DIF_JAVA_001.java,4,baselines_work/cohorte/java/CODE_DIF_JAVA_004/CODE_DIF_JAVA_004.java,0.1329479768786127,23,5,13,10
2018,1,baselines_work/cohorte/java/CODE_DIF_JAVA_001/CODE_DIF_JAVA_001.java,66,baselines_work/cohorte/java/CODE_IDENT_JAVA_011/CODE_IDENT_JAVA_011.java,0.16428571428571428,23,3,13,10
2019,1,baselines_work/cohorte/java/CODE_DIF_JAVA_001/CODE_DIF_JAVA_001.java,67,baselines_work/cohorte/java/CODE_IDENT_JAVA_011_COPY/CODE_IDENT_JAVA_011.java,0.16428571428571428,23,3,13,10
2024,1,baselines_work/cohorte/java/CODE_DIF_JAVA_001/CODE_DIF_JAVA_001.java,68,baselines_work/cohorte/java/CODE_IDENT_JAVA_014/CODE_IDENT_JAVA_014.java,0.1513157894736842,23,3,12,11
2025,1,baselines_work/cohorte/java/CODE_DIF_JAVA_001/CODE_DIF_JAVA_001.java,72,baselines_work/cohorte/java/CODE_IDENT_JAVA_014_COPY/CODE_IDENT_JAVA_014.java,0.1513157894736842,23,3,12,11
2033,0,baselines_work/cohorte/java/CODE_DIF_JAVA_002/CODE_DIF_JAVA_002.java,6,baselines_work/cohorte/java/CODE_DIF_JAVA_008/CODE_DIF_JAVA_008.java,0.09871244635193133,23,4,11,12
2066,0,baselines_work/cohorte/java/CODE_DIF_JAVA_002/CODE_DIF_JAVA_002.java,42,baselines_work/cohorte/java/CODE_FUN_JAVA_011/CODE_FUN_JAVA_011.java,0.17037037037037037,23,5,11,12
2292,8,baselines_work/cohorte/java/CODE_DIF_JAVA_005/CODE_DIF_JAVA_005.java,52,baselines_work/cohorte/java/CODE_IDENT_JAVA_005/CODE_IDENT_JAVA_005.java,0.12299465240641712,23,4,9,14
2293,8,baselines_work/cohorte/java/CODE_DIF_JAVA_005/CODE_DIF_JAVA_005.java,54,baselines_work/cohorte/java/CODE_IDENT_JAVA_005_COPY/CODE_IDENT_JAVA_005.java,0.12299465240641712,23,4,9,14
2627,9,baselines_work/cohorte/java/CODE_DIF_JAVA_010/CODE_DIF_JAVA_010.java,52,baselines_work/cohorte/java/CODE_IDENT_JAVA_005/CODE_IDENT_JAVA_005.java,0.10648148148148148,23,4,9,14
2628,9,baselines_work/cohorte/java/CODE_DIF_JAVA_010/CODE_DIF_JAVA_010.java,54,baselines_work/cohorte/java/CODE_IDENT_JAVA_005_COPY/CODE_IDENT_JAVA_005.java,0.10648148148148148,23,4,9,14
2677,10,baselines_work/cohorte/java/CODE_DIF_JAVA_011/CODE_DIF_JAVA_011.java,36,baselines_work/cohorte/java/CODE_FUN_JAVA_010/CODE_FUN_JAVA_010.java,0.09871244635193133,23,4,13,10
2705,10,baselines_work/cohorte/java/CODE_DIF_JAVA_011/CODE_DIF_JAVA_011.java,64,baselines_work/cohorte/java/CODE_IDENT_JAVA_012/CODE_IDENT_JAVA_012.java,0.13609467455621302,23,2,16,7
2706,10,baselines_work/cohorte/java/CODE_DIF_JAVA_011/CODE_DIF_JAVA_011.java,71,baselines_work/cohorte/java/CODE_IDENT_JAVA_012_COPY/CODE_IDENT_JAVA_012.java,0.13609467455621302,23,2,16,7
2707,10,baselines_work/cohorte/java/CODE_DIF_JAVA_011/CODE_DIF_JAVA_011.java,69,baselines_work/cohorte/java/CODE_IDENT_JAVA_013/CODE_IDENT_JAVA_013.java,0.13068181818181818,23,2,16,7
2708,10,baselines_work/cohorte/java/CODE_DIF_JAVA_011/CODE_DIF_JAVA_011.java,70,baselines_work/cohorte/java/CODE_IDENT_JAVA_013_COPY/CODE_IDENT_JAVA_013.java,0.13068181818181818,23,2,16,7
2802,12,baselines_work/cohorte/java/CODE_DIF_JAVA_013/CODE_DIF_JAVA_013.java,36,baselines_work/cohorte/java/CODE_FUN_JAVA_010/CODE_FUN_JAVA_010.java,0.0931174089068826,23,5,12,11
2865,13,baselines_work/cohorte/java/CODE_DIF_JAVA_014/CODE_DIF_JAVA_014.java,41,baselines_work/cohorte/java/CODE_FUN_JAVA_012/CODE_FUN_JAVA_012.java,0.12169312169312169,23,4,12,11
2907,14,baselines_work/cohorte/java/CODE_DIF_JAVA_015/CODE_DIF_JAVA_015.java,21,baselines_work/cohorte/java/CODE_ESTRU_JAVA_009/CODE_ESTRU_JAVA_009.java,0.08243727598566308,23,5,14,9
2923,14,baselines_work/cohorte/java/CODE_DIF_JAVA_015/CODE_DIF_JAVA_015.java,36,baselines_work/cohorte/java/CODE_FUN_JAVA_010/CODE_FUN_JAVA_010.java,0.07371794871794872,23,4,11,12
2945,14,baselines_work/cohorte/java/CODE_DIF_JAVA_015/CODE_DIF_JAVA_015.java,60,baselines_work/cohorte/java/CODE_IDENT_JAVA_009/CODE_IDENT_JAVA_009.java,0.08243727598566308,23,5,14,9
2946,14,baselines_work/cohorte/java/CODE_DIF_JAVA_015/CODE_DIF_JAVA_015.java,63,baselines_work/cohorte/java/CODE_IDENT_JAVA_009_COPY/CODE_IDENT_JAVA_009.java,0.08243727598566308,23,5,14,9
2962,15,baselines_work/cohorte/java/CODE_ESTRU_JAVA_001/CODE_ESTRU_JAVA_001.java,19,baselines_work/cohorte/java/CODE_ESTRU_JAVA_005/CODE_ESTRU_JAVA_005.java,0.3194444444444444,23,5,12,11
3082,17,baselines_work/cohorte/java/CODE_ESTRU_JAVA_003/CODE_ESTRU_JAVA_003.java,27,baselines_work/cohorte/java/CODE_ESTRU_JAVA_010/CODE_ESTRU_JAVA_010.java,0.19166666666666668,23,8,10,13
3190,19,baselines_work/cohorte/java/CODE_ESTRU_JAVA_005/CODE_ESTRU_JAVA_005.java,22,baselines_work/cohorte/java/CODE_ESTRU_JAVA_007/CODE_ESTRU_JAVA_007.java,0.23958333333333334,23,5,14,9
3192,19,baselines_work/cohorte/java/CODE_ESTRU_JAVA_005/CODE_ESTRU_JAVA_005.java,21,baselines_work/cohorte/java/CODE_ESTRU_JAVA_009/CODE_ESTRU_JAVA_009.java,0.21495327102803738,23,4,14,9
3214,19,baselines_work/cohorte/java/CODE_ESTRU_JAVA_005/CODE_ESTRU_JAVA_005.java,46,baselines_work/cohorte/java/CODE_IDENT_JAVA_001/CODE_IDENT_JAVA_001.java,0.3194444444444444,23,5,11,12
3215,19,baselines_work/cohorte/java/CODE_ESTRU_JAVA_005/CODE_ESTRU_JAVA_005.java,45,baselines_work/cohorte/java/CODE_IDENT_JAVA_001_COPY/CODE_IDENT_JAVA_001.java,0.3194444444444444,23,5,11,12
3230,19,baselines_work/cohorte/java/CODE_ESTRU_JAVA_005/CODE_ESTRU_JAVA_005.java,60,baselines_work/cohorte/java/CODE_IDENT_JAVA_009/CODE_IDENT_JAVA_009.java,0.21495327102803738,23,4,14,9
3231,19,baselines_work/cohorte/java/CODE_ESTRU_JAVA_005/CODE_ESTRU_JAVA_005.java,63,baselines_work/cohorte/java/CODE_IDENT_JAVA_009_COPY/CODE_IDENT_JAVA_009.java,0.21495327102803738,23,4,14,9
3393,23,baselines_work/cohorte/java/CODE_ESTRU_JAVA_008/CODE_ESTRU_JAVA_008.java,66,baselines_work/cohorte/java/CODE_IDENT_JAVA_011/CODE_IDENT_JAVA_011.java,0.27380952380952384,23,7,11,12
3394,23,baselines_work/cohorte/java/CODE_ESTRU_JAVA_008/CODE_ESTRU_JAVA_008.java,67,baselines_work/cohorte/java/CODE_IDENT_JAVA_011_COPY/CODE_IDENT_JAVA_011.java,0.27380952380952384,23,7,11,12
3911,33,baselines_work/cohorte/java/CODE_FUN_JAVA_005/CODE_FUN_JAVA_005.java,38,baselines_work/cohorte/java/CODE_FUN_JAVA_008/CODE_FUN_JAVA_008.java,0.17692307692307693,23,4,12,11
4008,37,baselines_work/cohorte/java/CODE_FUN_JAVA_007/CODE_FUN_JAVA_007.java,59,baselines_work/cohorte/java/CODE_IDENT_JAVA_007/CODE_IDENT_JAVA_007.java,0.1885245901639344,23,5,11,12
4009,37,baselines_work/cohorte/java/CODE_FUN_JAVA_007/CODE_FUN_JAVA_007.java,57,baselines_work/cohorte/java/CODE_IDENT_JAVA_007_COPY/CODE_IDENT_JAVA_007.java,0.1885245901639344,23,5,11,12
4081,39,baselines_work/cohorte/java/CODE_FUN_JAVA_009/CODE_FUN_JAVA_009.java,59,baselines_work/cohorte/java/CODE_IDENT_JAVA_007/CODE_IDENT_JAVA_007.java,0.17037037037037037,23,3,13,10
4082,39,baselines_work/cohorte/java/CODE_FUN_JAVA_009/CODE_FUN_JAVA_009.java,57,baselines_work/cohorte/java/CODE_IDENT_JAVA_007_COPY/CODE_IDENT_JAVA_007.java,0.17037037037037037,23,3,13,10
4103,36,baselines_work/cohorte/java/CODE_FUN_JAVA_010/CODE_FUN_JAVA_010.java,44,baselines_work/cohorte/java/CODE_FUN_JAVA_015/CODE_FUN_JAVA_015.java,0.11274509803921569,23,4,11,12
4183,41,baselines_work/cohorte/java/CODE_FUN_JAVA_012/CODE_FUN_JAVA_012.java,59,baselines_work/cohorte/java/CODE_IDENT_JAVA_007/CODE_IDENT_JAVA_007.java,0.23,23,3,11,12
4184,41,baselines_work/cohorte/java/CODE_FUN_JAVA_012/CODE_FUN_JAVA_012.java,57,baselines_work/cohorte/java/CODE_IDENT_JAVA_007_COPY/CODE_IDENT_JAVA_007.java,0.23,23,3,11,12
4614,56,baselines_work/cohorte/java/CODE_IDENT_JAVA_008/CODE_IDENT_JAVA_008.java,66,baselines_work/cohorte/java/CODE_IDENT_JAVA_011/CODE_IDENT_JAVA_011.java,0.27380952380952384,23,7,11,12
4615,56,baselines_work/cohorte/java/CODE_IDENT_JAVA_008/CODE_IDENT_JAVA_008.java,67,baselines_work/cohorte/java/CODE_IDENT_JAVA_011_COPY/CODE_IDENT_JAVA_011.java,0.27380952380952384,23,7,11,12
4628,61,baselines_work/cohorte/java/CODE_IDENT_JAVA_008_COPY/CODE_IDENT_JAVA_008.java,66,baselines_work/cohorte/java/CODE_IDENT_JAVA_011/CODE_IDENT_JAVA_011.java,0.27380952380952384,23,7,11,12
4629,61,baselines_work/cohorte/java/CODE_IDENT_JAVA_008_COPY/CODE_IDENT_JAVA_008.java,67,baselines_work/cohorte/java/CODE_IDENT_JAVA_011_COPY/CODE_IDENT_JAVA_011.java,0.27380952380952384,23,7,11,12
1978,1,baselines_work/cohorte/java/CODE_DIF_JAVA_001/CODE_DIF_JAVA_001.java,26,baselines_work/cohorte/java/CODE_ESTRU_JAVA_011/CODE_ESTRU_JAVA_011.java,0.15827338129496402,22,3,13,9
2060,0,baselines_work/cohorte/java/CODE_DIF_JAVA_002/CODE_DIF_JAVA_002.java,33,baselines_work/cohorte/java/CODE_FUN_JAVA_005/CODE_FUN_JAVA_005.java,0.16058394160583941,22,3,11,11
2109,2,baselines_work/cohorte/java/CODE_DIF_JAVA_003/CODE_DIF_JAVA_003.java,11,baselines_work/cohorte/java/CODE_DIF_JAVA_012/CODE_DIF_JAVA_012.java,0.11,22,4,11,11
2173,4,baselines_work/cohorte/java/CODE_DIF_JAVA_004/CODE_DIF_JAVA_004.java,8,baselines_work/cohorte/java/CODE_DIF_JAVA_005/CODE_DIF_JAVA_005.java,0.0990990990990991,22,2,9,13
2270,8,baselines_work/cohorte/java/CODE_DIF_JAVA_005/CODE_DIF_JAVA_005.java,31,baselines_work/cohorte/java/CODE_FUN_JAVA_002/CODE_FUN_JAVA_002.java,0.11,22,4,14,8
2346,7,baselines_work/cohorte/java/CODE_DIF_JAVA_006/CODE_DIF_JAVA_006.java,39,baselines_work/cohorte/java/CODE_FUN_JAVA_009/CODE_FUN_JAVA_009.java,0.11224489795918367,22,2,10,12
2348,7,baselines_work/cohorte/java/CODE_DIF_JAVA_006/CODE_DIF_JAVA_006.java,42,baselines_work/cohorte/java/CODE_FUN_JAVA_011/CODE_FUN_JAVA_011.java,0.13095238095238096,22,3,11,11
2473,6,baselines_work/cohorte/java/CODE_DIF_JAVA_008/CODE_DIF_JAVA_008.java,30,baselines_work/cohorte/java/CODE_FUN_JAVA_001/CODE_FUN_JAVA_001.java,0.10232558139534884,22,6,13,9
2593,9,baselines_work/cohorte/java/CODE_DIF_JAVA_010/CODE_DIF_JAVA_010.java,19,baselines_work/cohorte/java/CODE_ESTRU_JAVA_005/CODE_ESTRU_JAVA_005.java,0.102803738317757,22,4,9,13
2604,9,baselines_work/cohorte/java/CODE_DIF_JAVA_010/CODE_DIF_JAVA_010.java,30,baselines_work/cohorte/java/CODE_FUN_JAVA_001/CODE_FUN_JAVA_001.java,0.09777777777777778,22,3,16,6
2660,10,baselines_work/cohorte/java/CODE_DIF_JAVA_011/CODE_DIF_JAVA_011.java,23,baselines_work/cohorte/java/CODE_ESTRU_JAVA_008/CODE_ESTRU_JAVA_008.java,0.12716763005780346,22,3,16,6
2697,10,baselines_work/cohorte/java/CODE_DIF_JAVA_011/CODE_DIF_JAVA_011.java,56,baselines_work/cohorte/java/CODE_IDENT_JAVA_008/CODE_IDENT_JAVA_008.java,0.12716763005780346,22,3,16,6
2698,10,baselines_work/cohorte/java/CODE_DIF_JAVA_011/CODE_DIF_JAVA_011.java,61,baselines_work/cohorte/java/CODE_IDENT_JAVA_008_COPY/CODE_IDENT_JAVA_008.java,0.12716763005780346,22,3,16,6
2901,14,baselines_work/cohorte/java/CODE_DIF_JAVA_015/CODE_DIF_JAVA_015.java,17,baselines_work/cohorte/java/CODE_ESTRU_JAVA_003/CODE_ESTRU_JAVA_003.java,0.08396946564885496,22,3,15,7
2915,14,baselines_work/cohorte/java/CODE_DIF_JAVA_015/CODE_DIF_JAVA_015.java,31,baselines_work/cohorte/java/CODE_FUN_JAVA_002/CODE_FUN_JAVA_002.java,0.08239700374531835,22,3,15,7
2921,14,baselines_work/cohorte/java/CODE_DIF_JAVA_015/CODE_DIF_JAVA_015.java,38,baselines_work/cohorte/java/CODE_FUN_JAVA_008/CODE_FUN_JAVA_008.java,0.08029197080291971,22,3,14,8
3198,19,baselines_work/cohorte/java/CODE_ESTRU_JAVA_005/CODE_ESTRU_JAVA_005.java,28,baselines_work/cohorte/java/CODE_ESTRU_JAVA_015/CODE_ESTRU_JAVA_015.java,0.18181818181818182,22,3,9,13
3312,22,baselines_work/cohorte/java/CODE_ESTRU_JAVA_007/CODE_ESTRU_JAVA_007.java,37,baselines_work/cohorte/java/CODE_FUN_JAVA_007/CODE_FUN_JAVA_007.java,0.16058394160583941,22,2,13,9
3318,22,baselines_work/cohorte/java/CODE_ESTRU_JAVA_007/CODE_ESTRU_JAVA_007.java,40,baselines_work/cohorte/java/CODE_FUN_JAVA_013/CODE_FUN_JAVA_013.java,0.1864406779661017,22,3,12,10
3320,22,baselines_work/cohorte/java/CODE_ESTRU_JAVA_007/CODE_ESTRU_JAVA_007.java,44,baselines_work/cohorte/java/CODE_FUN_JAVA_015/CODE_FUN_JAVA_015.java,0.1375,22,3,9,13
3357,23,baselines_work/cohorte/java/CODE_ESTRU_JAVA_008/CODE_ESTRU_JAVA_008.java,28,baselines_work/cohorte/java/CODE_ESTRU_JAVA_015/CODE_ESTRU_JAVA_015.java,0.18181818181818182,22,3,8,14
3419,21,baselines_work/cohorte/java/CODE_ESTRU_JAVA_009/CODE_ESTRU_JAVA_009.java,42,baselines_work/cohorte/java/CODE_FUN_JAVA_011/CODE_FUN_JAVA_011.java,0.16541353383458646,22,4,11,11
3657,24,baselines_work/cohorte/java/CODE_ESTRU_JAVA_014/CODE_ESTRU_JAVA_014.java,39,baselines_work/cohorte/java/CODE_FUN_JAVA_009/CODE_FUN_JAVA_009.java,0.13414634146341464,22,2,11,11
3723,28,baselines_work/cohorte/java/CODE_ESTRU_JAVA_015/CODE_ESTRU_JAVA_015.java,56,baselines_work/cohorte/java/CODE_IDENT_JAVA_008/CODE_IDENT_JAVA_008.java,0.18181818181818182,22,3,14,8
3724,28,baselines_work/cohorte/java/CODE_ESTRU_JAVA_015/CODE_ESTRU_JAVA_015.java,61,baselines_work/cohorte/java/CODE_IDENT_JAVA_008_COPY/CODE_IDENT_JAVA_008.java,0.18181818181818182,22,3,14,8
3779,30,baselines_work/cohorte/java/CODE_FUN_JAVA_001/CODE_FUN_JAVA_001.java,68,baselines_work/cohorte/java/CODE_IDENT_JAVA_014/CODE_IDENT_JAVA_014.java,0.205607476635514,22,4,8,14
3780,30,baselines_work/cohorte/java/CODE_FUN_JAVA_001/CODE_FUN_JAVA_001.java,72,baselines_work/cohorte/java/CODE_IDENT_JAVA_014_COPY/CODE_IDENT_JAVA_014.java,0.205607476635514,22,4,8,14
3827,32,baselines_work/cohorte/java/CODE_FUN_JAVA_003/CODE_FUN_JAVA_003.java,33,baselines_work/cohorte/java/CODE_FUN_JAVA_005/CODE_FUN_JAVA_005.java,0.20754716981132076,22,3,12,10
3878,35,baselines_work/cohorte/java/CODE_FUN_JAVA_004/CODE_FUN_JAVA_004.java,44,baselines_work/cohorte/java/CODE_FUN_JAVA_015/CODE_FUN_JAVA_015.java,0.13095238095238096,22,6,8,14
3915,33,baselines_work/cohorte/java/CODE_FUN_JAVA_005/CODE_FUN_JAVA_005.java,41,baselines_work/cohorte/java/CODE_FUN_JAVA_012/CODE_FUN_JAVA_012.java,0.1732283464566929,22,4,12,10
4030,38,baselines_work/cohorte/java/CODE_FUN_JAVA_008/CODE_FUN_JAVA_008.java,40,baselines_work/cohorte/java/CODE_FUN_JAVA_013/CODE_FUN_JAVA_013.java,0.1774193548387097,22,4,10,12
4063,39,baselines_work/cohorte/java/CODE_FUN_JAVA_009/CODE_FUN_JAVA_009.java,36,baselines_work/cohorte/java/CODE_FUN_JAVA_010/CODE_FUN_JAVA_010.java,0.1134020618556701,22,4,9,13
4077,39,baselines_work/cohorte/java/CODE_FUN_JAVA_009/CODE_FUN_JAVA_009.java,52,baselines_work/cohorte/java/CODE_IDENT_JAVA_005/CODE_IDENT_JAVA_005.java,0.16176470588235295,22,5,9,13
4078,39,baselines_work/cohorte/java/CODE_FUN_JAVA_009/CODE_FUN_JAVA_009.java,54,baselines_work/cohorte/java/CODE_IDENT_JAVA_005_COPY/CODE_IDENT_JAVA_005.java,0.16176470588235295,22,5,9,13
4089,39,baselines_work/cohorte/java/CODE_FUN_JAVA_009/CODE_FUN_JAVA_009.java,66,baselines_work/cohorte/java/CODE_IDENT_JAVA_011/CODE_IDENT_JAVA_011.java,0.15942028985507245,22,2,12,10
4090,39,baselines_work/cohorte/java/CODE_FUN_JAVA_009/CODE_FUN_JAVA_009.java,67,baselines_work/cohorte/java/CODE_IDENT_JAVA_011_COPY/CODE_IDENT_JAVA_011.java,0.15942028985507245,22,2,12,10
4154,42,baselines_work/cohorte/java/CODE_FUN_JAVA_011/CODE_FUN_JAVA_011.java,60,baselines_work/cohorte/java/CODE_IDENT_JAVA_009/CODE_IDENT_JAVA_009.java,0.16541353383458646,22,4,11,11
4155,42,baselines_work/cohorte/java/CODE_FUN_JAVA_011/CODE_FUN_JAVA_011.java,63,baselines_work/cohorte/java/CODE_IDENT_JAVA_009_COPY/CODE_IDENT_JAVA_009.java,0.16541353383458646,22,4,11,11
4276,44,baselines_work/cohorte/java/CODE_FUN_JAVA_015/CODE_FUN_JAVA_015.java,59,baselines_work/cohorte/java/CODE_IDENT_JAVA_007/CODE_IDENT_JAVA_007.java,0.15172413793103448,22,3,13,9
4277,44,baselines_work/cohorte/java/CODE_FUN_JAVA_015/CODE_FUN_JAVA_015.java,57,baselines_work/cohorte/java/CODE_IDENT_JAVA_007_COPY/CODE_IDENT_JAVA_007.java,0.15172413793103448,22,3,13,9
4286,44,baselines_work/cohorte/java/CODE_FUN_JAVA_015/CODE_FUN_JAVA_015.java,64,baselines_work/cohorte/java/CODE_IDENT_JAVA_012/CODE_IDENT_JAVA_012.java,0.15714285714285714,22,2,14,8
4287,44,baselines_work/cohorte/java/CODE_FUN_JAVA_015/CODE_FUN_JAVA_015.java,71,baselines_work/cohorte/java/CODE_IDENT_JAVA_012_COPY/CODE_IDENT_JAVA_012.java,0.15714285714285714,22,2,14,8
4288,44,baselines_work/cohorte/java/CODE_FUN_JAVA_015/CODE_FUN_JAVA_015.java,69,baselines_work/cohorte/java/CODE_IDENT_JAVA_013/CODE_IDENT_JAVA_013.java,0.14965986394557823,22,2,14,8
4289,44,baselines_work/cohorte/java/CODE_FUN_JAVA_015/CODE_FUN_JAVA_015.java,70,baselines_work/cohorte/java/CODE_IDENT_JAVA_013_COPY/CODE_IDENT_JAVA_013.java,0.14965986394557823,22,2,14,8
4515,52,baselines_work/cohorte/java/CODE_IDENT_JAVA_005/CODE_IDENT_JAVA_005.java,68,baselines_work/cohorte/java/CODE_IDENT_JAVA_014/CODE_IDENT_JAVA_014.java,0.22448979591836735,22,3,13,9
4516,52,baselines_work/cohorte/java/CODE_IDENT_JAVA_005/CODE_IDENT_JAVA_005.java,72,baselines_work/cohorte/java/CODE_IDENT_JAVA_014_COPY/CODE_IDENT_JAVA_014.java,0.22448979591836735,22,3,13,9
4535,54,baselines_work/cohorte/java/CODE_IDENT_JAVA_005_COPY/CODE_IDENT_JAVA_005.java,68,baselines_work/cohorte/java/CODE_IDENT_JAVA_014/CODE_IDENT_JAVA_014.java,0.22448979591836735,22,3,13,9
4536,54,baselines_work/cohorte/java/CODE_IDENT_JAVA_005_COPY/CODE_IDENT_JAVA_005.java,72,baselines_work/cohorte/java/CODE_IDENT_JAVA_014_COPY/CODE_IDENT_JAVA_014.java,0.22448979591836735,22,3,13,9
1958,1,baselines_work/cohorte/java/CODE_DIF_JAVA_001/CODE_DIF_JAVA_001.java,7,baselines_work/cohorte/java/CODE_DIF_JAVA_006/CODE_DIF_JAVA_006.java,0.10606060606060606,21,5,11,10
1996,1,baselines_work/cohorte/java/CODE_DIF_JAVA_001/CODE_DIF_JAVA_001.java,43,baselines_work/cohorte/java/CODE_FUN_JAVA_014/CODE_FUN_JAVA_014.java,0.11731843575418995,21,1,11,10
2179,4,baselines_work/cohorte/java/CODE_DIF_JAVA_004/CODE_DIF_JAVA_004.java,10,baselines_work/cohorte/java/CODE_DIF_JAVA_011/CODE_DIF_JAVA_011.java,0.1,21,2,8,13
2213,4,baselines_work/cohorte/java/CODE_DIF_JAVA_004/CODE_DIF_JAVA_004.java,44,baselines_work/cohorte/java/CODE_FUN_JAVA_015/CODE_FUN_JAVA_015.java,0.11602209944751381,21,3,9,12
2260,8,baselines_work/cohorte/java/CODE_DIF_JAVA_005/CODE_DIF_JAVA_005.java,22,baselines_work/cohorte/java/CODE_ESTRU_JAVA_007/CODE_ESTRU_JAVA_007.java,0.1044776119402985,21,4,11,10
2278,8,baselines_work/cohorte/java/CODE_DIF_JAVA_005/CODE_DIF_JAVA_005.java,36,baselines_work/cohorte/java/CODE_FUN_JAVA_010/CODE_FUN_JAVA_010.java,0.08571428571428572,21,4,10,11
2282,8,baselines_work/cohorte/java/CODE_DIF_JAVA_005/CODE_DIF_JAVA_005.java,43,baselines_work/cohorte/java/CODE_FUN_JAVA_014/CODE_FUN_JAVA_014.java,0.09210526315789473,21,3,12,9
2406,3,baselines_work/cohorte/java/CODE_DIF_JAVA_007/CODE_DIF_JAVA_007.java,30,baselines_work/cohorte/java/CODE_FUN_JAVA_001/CODE_FUN_JAVA_001.java,0.11864406779661017,21,4,13,8
2733,11,baselines_work/cohorte/java/CODE_DIF_JAVA_012/CODE_DIF_JAVA_012.java,32,baselines_work/cohorte/java/CODE_FUN_JAVA_003/CODE_FUN_JAVA_003.java,0.14685314685314685,21,5,10,11
2806,12,baselines_work/cohorte/java/CODE_DIF_JAVA_013/CODE_DIF_JAVA_013.java,43,baselines_work/cohorte/java/CODE_FUN_JAVA_014/CODE_FUN_JAVA_014.java,0.09130434782608696,21,4,10,11
2861,13,baselines_work/cohorte/java/CODE_DIF_JAVA_014/CODE_DIF_JAVA_014.java,38,baselines_work/cohorte/java/CODE_FUN_JAVA_008/CODE_FUN_JAVA_008.java,0.109375,21,3,11,10
2927,14,baselines_work/cohorte/java/CODE_DIF_JAVA_015/CODE_DIF_JAVA_015.java,43,baselines_work/cohorte/java/CODE_FUN_JAVA_014/CODE_FUN_JAVA_014.java,0.0711864406779661,21,4,13,8
3207,19,baselines_work/cohorte/java/CODE_ESTRU_JAVA_005/CODE_ESTRU_JAVA_005.java,39,baselines_work/cohorte/java/CODE_FUN_JAVA_009/CODE_FUN_JAVA_009.java,0.15671641791044777,21,5,12,9
3242,19,baselines_work/cohorte/java/CODE_ESTRU_JAVA_005/CODE_ESTRU_JAVA_005.java,73,baselines_work/cohorte/java/CODE_IDENT_JAVA_015/CODE_IDENT_JAVA_015.java,0.18421052631578946,21,3,9,12
3243,19,baselines_work/cohorte/java/CODE_ESTRU_JAVA_005/CODE_ESTRU_JAVA_005.java,74,baselines_work/cohorte/java/CODE_IDENT_JAVA_015_COPY/CODE_IDENT_JAVA_015.java,0.18421052631578946,21,3,9,12
3319,22,baselines_work/cohorte/java/CODE_ESTRU_JAVA_007/CODE_ESTRU_JAVA_007.java,43,baselines_work/cohorte/java/CODE_FUN_JAVA_014/CODE_FUN_JAVA_014.java,0.1510791366906475,21,3,11,10
3401,23,baselines_work/cohorte/java/CODE_ESTRU_JAVA_008/CODE_ESTRU_JAVA_008.java,73,baselines_work/cohorte/java/CODE_IDENT_JAVA_015/CODE_IDENT_JAVA_015.java,0.18421052631578946,21,3,8,13
3402,23,baselines_work/cohorte/java/CODE_ESTRU_JAVA_008/CODE_ESTRU_JAVA_008.java,74,baselines_work/cohorte/java/CODE_IDENT_JAVA_015_COPY/CODE_IDENT_JAVA_015.java,0.18421052631578946,21,3,8,13
3403,21,baselines_work/cohorte/java/CODE_ESTRU_JAVA_009/CODE_ESTRU_JAVA_009.java,27,baselines_work/cohorte/java/CODE_ESTRU_JAVA_010/CODE_ESTRU_JAVA_010.java,0.15328467153284672,21,3,10,11
3442,21,baselines_work/cohorte/java/CODE_ESTRU_JAVA_009/CODE_ESTRU_JAVA_009.java,62,baselines_work/cohorte/java/CODE_IDENT_JAVA_010/CODE_IDENT_JAVA_010.java,0.15441176470588236,21,3,10,11
3443,21,baselines_work/cohorte/java/CODE_ESTRU_JAVA_009/CODE_ESTRU_JAVA_009.java,65,baselines_work/cohorte/java/CODE_IDENT_JAVA_010_COPY/CODE_IDENT_JAVA_010.java,0.15441176470588236,21,3,10,11
3469,27,baselines_work/cohorte/java/CODE_ESTRU_JAVA_010/CODE_ESTRU_JAVA_010.java,42,baselines_work/cohorte/java/CODE_FUN_JAVA_011/CODE_FUN_JAVA_011.java,0.15441176470588236,21,2,14,7
3490,27,baselines_work/cohorte/java/CODE_ESTRU_JAVA_010/CODE_ESTRU_JAVA_010.java,60,baselines_work/cohorte/java/CODE_IDENT_JAVA_009/CODE_IDENT_JAVA_009.java,0.15328467153284672,21,3,11,10
3491,27,baselines_work/cohorte/java/CODE_ESTRU_JAVA_010/CODE_ESTRU_JAVA_010.java,63,baselines_work/cohorte/java/CODE_IDENT_JAVA_009_COPY/CODE_IDENT_JAVA_009.java,0.15328467153284672,21,3,11,10
3516,26,baselines_work/cohorte/java/CODE_ESTRU_JAVA_011/CODE_ESTRU_JAVA_011.java,39,baselines_work/cohorte/java/CODE_FUN_JAVA_009/CODE_FUN_JAVA_009.java,0.15328467153284672,21,2,9,12
3649,24,baselines_work/cohorte/java/CODE_ESTRU_JAVA_014/CODE_ESTRU_JAVA_014.java,30,baselines_work/cohorte/java/CODE_FUN_JAVA_001/CODE_FUN_JAVA_001.java,0.17355371900826447,21,4,13,8
3660,24,baselines_work/cohorte/java/CODE_ESTRU_JAVA_014/CODE_ESTRU_JAVA_014.java,41,baselines_work/cohorte/java/CODE_FUN_JAVA_012/CODE_FUN_JAVA_012.java,0.16279069767441862,21,3,12,9
3661,24,baselines_work/cohorte/java/CODE_ESTRU_JAVA_014/CODE_ESTRU_JAVA_014.java,40,baselines_work/cohorte/java/CODE_FUN_JAVA_013/CODE_FUN_JAVA_013.java,0.1590909090909091,21,3,12,9
3927,33,baselines_work/cohorte/java/CODE_FUN_JAVA_005/CODE_FUN_JAVA_005.java,52,baselines_work/cohorte/java/CODE_IDENT_JAVA_005/CODE_IDENT_JAVA_005.java,0.19090909090909092,21,3,7,14
3928,33,baselines_work/cohorte/java/CODE_FUN_JAVA_005/CODE_FUN_JAVA_005.java,54,baselines_work/cohorte/java/CODE_IDENT_JAVA_005_COPY/CODE_IDENT_JAVA_005.java,0.19090909090909092,21,3,7,14
4028,38,baselines_work/cohorte/java/CODE_FUN_JAVA_008/CODE_FUN_JAVA_008.java,42,baselines_work/cohorte/java/CODE_FUN_JAVA_011/CODE_FUN_JAVA_011.java,0.1640625,21,4,9,12
4156,42,baselines_work/cohorte/java/CODE_FUN_JAVA_011/CODE_FUN_JAVA_011.java,62,baselines_work/cohorte/java/CODE_IDENT_JAVA_010/CODE_IDENT_JAVA_010.java,0.15555555555555556,21,2,7,14
4157,42,baselines_work/cohorte/java/CODE_FUN_JAVA_011/CODE_FUN_JAVA_011.java,65,baselines_work/cohorte/java/CODE_IDENT_JAVA_010_COPY/CODE_IDENT_JAVA_010.java,0.15555555555555556,21,2,7,14
4215,40,baselines_work/cohorte/java/CODE_FUN_JAVA_013/CODE_FUN_JAVA_013.java,59,baselines_work/cohorte/java/CODE_IDENT_JAVA_007/CODE_IDENT_JAVA_007.java,0.20388349514563106,21,3,10,11
4216,40,baselines_work/cohorte/java/CODE_FUN_JAVA_013/CODE_FUN_JAVA_013.java,57,baselines_work/cohorte/java/CODE_IDENT_JAVA_007_COPY/CODE_IDENT_JAVA_007.java,0.20388349514563106,21,3,10,11
4256,43,baselines_work/cohorte/java/CODE_FUN_JAVA_014/CODE_FUN_JAVA_014.java,64,baselines_work/cohorte/java/CODE_IDENT_JAVA_012/CODE_IDENT_JAVA_012.java,0.17647058823529413,21,3,11,10
4257,43,baselines_work/cohorte/java/CODE_FUN_JAVA_014/CODE_FUN_JAVA_014.java,71,baselines_work/cohorte/java/CODE_IDENT_JAVA_012_COPY/CODE_IDENT_JAVA_012.java,0.17647058823529413,21,3,11,10
4258,43,baselines_work/cohorte/java/CODE_FUN_JAVA_014/CODE_FUN_JAVA_014.java,69,baselines_work/cohorte/java/CODE_IDENT_JAVA_013/CODE_IDENT_JAVA_013.java,0.16666666666666666,21,3,11,10
4259,43,baselines_work/cohorte/java/CODE_FUN_JAVA_014/CODE_FUN_JAVA_014.java,70,baselines_work/cohorte/java/CODE_IDENT_JAVA_013_COPY/CODE_IDENT_JAVA_013.java,0.16666666666666666,21,3,11,10
4417,48,baselines_work/cohorte/java/CODE_IDENT_JAVA_003/CODE_IDENT_JAVA_003.java,62,baselines_work/cohorte/java/CODE_IDENT_JAVA_010/CODE_IDENT_JAVA_010.java,0.19444444444444445,21,7,9,12
4418,48,baselines_work/cohorte/java/CODE_IDENT_JAVA_003/CODE_IDENT_JAVA_003.java,65,baselines_work/cohorte/java/CODE_IDENT_JAVA_010_COPY/CODE_IDENT_JAVA_010.java,0.19444444444444445,21,7,9,12
4441,49,baselines_work/cohorte/java/CODE_IDENT_JAVA_003_COPY/CODE_IDENT_JAVA_003.java,62,baselines_work/cohorte/java/CODE_IDENT_JAVA_010/CODE_IDENT_JAVA_010.java,0.19444444444444445,21,7,9,12
4442,49,baselines_work/cohorte/java/CODE_IDENT_JAVA_003_COPY/CODE_IDENT_JAVA_003.java,65,baselines_work/cohorte/java/CODE_IDENT_JAVA_010_COPY/CODE_IDENT_JAVA_010.java,0.19444444444444445,21,7,9,12
4622,56,baselines_work/cohorte/java/CODE_IDENT_JAVA_008/CODE_IDENT_JAVA_008.java,73,baselines_work/cohorte/java/CODE_IDENT_JAVA_015/CODE_IDENT_JAVA_015.java,0.18421052631578946,21,3,8,13
4623,56,baselines_work/cohorte/java/CODE_IDENT_JAVA_008/CODE_IDENT_JAVA_008.java,74,baselines_work/cohorte/java/CODE_IDENT_JAVA_015_COPY/CODE_IDENT_JAVA_015.java,0.18421052631578946,21,3,8,13
4636,61,baselines_work/cohorte/java/CODE_IDENT_JAVA_008_COPY/CODE_IDENT_JAVA_008.java,73,baselines_work/cohorte/java/CODE_IDENT_JAVA_015/CODE_IDENT_JAVA_015.java,0.18421052631578946,21,3,8,13
4637,61,baselines_work/cohorte/java/CODE_IDENT_JAVA_008_COPY/CODE_IDENT_JAVA_008.java,74,baselines_work/cohorte/java/CODE_IDENT_JAVA_015_COPY/CODE_IDENT_JAVA_015.java,0.18421052631578946,21,3,8,13
4639,60,baselines_work/cohorte/java/CODE_IDENT_JAVA_009/CODE_IDENT_JAVA_009.java,62,baselines_work/cohorte/java/CODE_IDENT_JAVA_010/CODE_IDENT_JAVA_010.java,0.15441176470588236,21,3,10,11
4640,60,baselines_work/cohorte/java/CODE_IDENT_JAVA_009/CODE_IDENT_JAVA_009.java,65,baselines_work/cohorte/java/CODE_IDENT_JAVA_010_COPY/CODE_IDENT_JAVA_010.java,0.15441176470588236,21,3,10,11
4651,63,baselines_work/cohorte/java/CODE_IDENT_JAVA_009_COPY/CODE_IDENT_JAVA_009.java,62,baselines_work/cohorte/java/CODE_IDENT_JAVA_010/CODE_IDENT_JAVA_010.java,0.15441176470588236,21,3,10,11
4652,63,baselines_work/cohorte/java/CODE_IDENT_JAVA_009_COPY/CODE_IDENT_JAVA_009.java,65,baselines_work/cohorte/java/CODE_IDENT_JAVA_010_COPY/CODE_IDENT_JAVA_010.java,0.15441176470588236,21,3,10,11
1964,1,baselines_work/cohorte/java/CODE_DIF_JAVA_001/CODE_DIF_JAVA_001.java,11,baselines_work/cohorte/java/CODE_DIF_JAVA_012/CODE_DIF_JAVA_012.java,0.09950248756218906,20,3,11,9
2020,1,baselines_work/cohorte/java/CODE_DIF_JAVA_001/CODE_DIF_JAVA_001.java,64,baselines_work/cohorte/java/CODE_IDENT_JAVA_012/CODE_IDENT_JAVA_012.java,0.15151515151515152,20,3,12,8
2021,1,baselines_work/cohorte/java/CODE_DIF_JAVA_001/CODE_DIF_JAVA_001.java,71,baselines_work/cohorte/java/CODE_IDENT_JAVA_012_COPY/CODE_IDENT_JAVA_012.java,0.15151515151515152,20,3,12,8
2022,1,baselines_work/cohorte/java/CODE_DIF_JAVA_001/CODE_DIF_JAVA_001.java,69,baselines_work/cohorte/java/CODE_IDENT_JAVA_013/CODE_IDENT_JAVA_013.java,0.14388489208633093,20,3,12,8
2023,1,baselines_work/cohorte/java/CODE_DIF_JAVA_001/CODE_DIF_JAVA_001.java,70,baselines_work/cohorte/java/CODE_IDENT_JAVA_013_COPY/CODE_IDENT_JAVA_013.java,0.14388489208633093,20,3,12,8
2101,2,baselines_work/cohorte/java/CODE_DIF_JAVA_003/CODE_DIF_JAVA_003.java,4,baselines_work/cohorte/java/CODE_DIF_JAVA_004/CODE_DIF_JAVA_004.java,0.11627906976744186,20,3,10,10
2203,4,baselines_work/cohorte/java/CODE_DIF_JAVA_004/CODE_DIF_JAVA_004.java,33,baselines_work/cohorte/java/CODE_FUN_JAVA_005/CODE_FUN_JAVA_005.java,0.13793103448275862,20,2,10,10
2258,8,baselines_work/cohorte/java/CODE_DIF_JAVA_005/CODE_DIF_JAVA_005.java,19,baselines_work/cohorte/java/CODE_ESTRU_JAVA_005/CODE_ESTRU_JAVA_005.java,0.10810810810810811,20,4,8,12
2379,7,baselines_work/cohorte/java/CODE_DIF_JAVA_006/CODE_DIF_JAVA_006.java,68,baselines_work/cohorte/java/CODE_IDENT_JAVA_014/CODE_IDENT_JAVA_014.java,0.12658227848101267,20,3,9,11
2380,7,baselines_work/cohorte/java/CODE_DIF_JAVA_006/CODE_DIF_JAVA_006.java,72,baselines_work/cohorte/java/CODE_IDENT_JAVA_014_COPY/CODE_IDENT_JAVA_014.java,0.12658227848101267,20,3,9,11
2460,6,baselines_work/cohorte/java/CODE_DIF_JAVA_008/CODE_DIF_JAVA_008.java,17,baselines_work/cohorte/java/CODE_ESTRU_JAVA_003/CODE_ESTRU_JAVA_003.java,0.09345794392523364,20,5,12,8
2639,9,baselines_work/cohorte/java/CODE_DIF_JAVA_010/CODE_DIF_JAVA_010.java,66,baselines_work/cohorte/java/CODE_IDENT_JAVA_011/CODE_IDENT_JAVA_011.java,0.09174311926605505,20,1,12,8
2640,9,baselines_work/cohorte/java/CODE_DIF_JAVA_010/CODE_DIF_JAVA_010.java,67,baselines_work/cohorte/java/CODE_IDENT_JAVA_011_COPY/CODE_IDENT_JAVA_011.java,0.09174311926605505,20,1,12,8
2645,9,baselines_work/cohorte/java/CODE_DIF_JAVA_010/CODE_DIF_JAVA_010.java,68,baselines_work/cohorte/java/CODE_IDENT_JAVA_014/CODE_IDENT_JAVA_014.java,0.08695652173913043,20,2,10,10
2646,9,baselines_work/cohorte/java/CODE_DIF_JAVA_010/CODE_DIF_JAVA_010.java,72,baselines_work/cohorte/java/CODE_IDENT_JAVA_014_COPY/CODE_IDENT_JAVA_014.java,0.08695652173913043,20,2,10,10
2741,11,baselines_work/cohorte/java/CODE_DIF_JAVA_012/CODE_DIF_JAVA_012.java,42,baselines_work/cohorte/java/CODE_FUN_JAVA_011/CODE_FUN_JAVA_011.java,0.11695906432748537,20,4,9,11
2744,11,baselines_work/cohorte/java/CODE_DIF_JAVA_012/CODE_DIF_JAVA_012.java,43,baselines_work/cohorte/java/CODE_FUN_JAVA_014/CODE_FUN_JAVA_014.java,0.10638297872340426,20,4,9,11
2854,13,baselines_work/cohorte/java/CODE_DIF_JAVA_014/CODE_DIF_JAVA_014.java,30,baselines_work/cohorte/java/CODE_FUN_JAVA_001/CODE_FUN_JAVA_001.java,0.11049723756906077,20,3,11,9
2912,14,baselines_work/cohorte/java/CODE_DIF_JAVA_015/CODE_DIF_JAVA_015.java,24,baselines_work/cohorte/java/CODE_ESTRU_JAVA_014/CODE_ESTRU_JAVA_014.java,0.07092198581560284,20,2,12,8
2992,15,baselines_work/cohorte/java/CODE_ESTRU_JAVA_001/CODE_ESTRU_JAVA_001.java,48,baselines_work/cohorte/java/CODE_IDENT_JAVA_003/CODE_IDENT_JAVA_003.java,0.28169014084507044,20,8,10,10
2993,15,baselines_work/cohorte/java/CODE_ESTRU_JAVA_001/CODE_ESTRU_JAVA_001.java,49,baselines_work/cohorte/java/CODE_IDENT_JAVA_003_COPY/CODE_IDENT_JAVA_003.java,0.28169014084507044,20,8,10,10
3193,19,baselines_work/cohorte/java/CODE_ESTRU_JAVA_005/CODE_ESTRU_JAVA_005.java,27,baselines_work/cohorte/java/CODE_ESTRU_JAVA_010/CODE_ESTRU_JAVA_010.java,0.18181818181818182,20,5,11,9
3203,19,baselines_work/cohorte/java/CODE_ESTRU_JAVA_005/CODE_ESTRU_JAVA_005.java,33,baselines_work/cohorte/java/CODE_FUN_JAVA_005/CODE_FUN_JAVA_005.java,0.18518518518518517,20,3,13,7
3212,19,baselines_work/cohorte/java/CODE_ESTRU_JAVA_005/CODE_ESTRU_JAVA_005.java,43,baselines_work/cohorte/java/CODE_FUN_JAVA_014/CODE_FUN_JAVA_014.java,0.16260162601626016,20,2,12,8
3247,20,baselines_work/cohorte/java/CODE_ESTRU_JAVA_006/CODE_ESTRU_JAVA_006.java,27,baselines_work/cohorte/java/CODE_ESTRU_JAVA_010/CODE_ESTRU_JAVA_010.java,0.18518518518518517,20,8,9,11
3470,27,baselines_work/cohorte/java/CODE_ESTRU_JAVA_010/CODE_ESTRU_JAVA_010.java,41,baselines_work/cohorte/java/CODE_FUN_JAVA_012/CODE_FUN_JAVA_012.java,0.15503875968992248,20,2,14,6
3482,27,baselines_work/cohorte/java/CODE_ESTRU_JAVA_010/CODE_ESTRU_JAVA_010.java,52,baselines_work/cohorte/java/CODE_IDENT_JAVA_005/CODE_IDENT_JAVA_005.java,0.17857142857142858,20,5,9,11
3483,27,baselines_work/cohorte/java/CODE_ESTRU_JAVA_010/CODE_ESTRU_JAVA_010.java,54,baselines_work/cohorte/java/CODE_IDENT_JAVA_005_COPY/CODE_IDENT_JAVA_005.java,0.17857142857142858,20,5,9,11
3564,25,baselines_work/cohorte/java/CODE_ESTRU_JAVA_012/CODE_ESTRU_JAVA_012.java,39,baselines_work/cohorte/java/CODE_FUN_JAVA_009/CODE_FUN_JAVA_009.java,0.14814814814814814,20,2,8,12
3611,29,baselines_work/cohorte/java/CODE_ESTRU_JAVA_013/CODE_ESTRU_JAVA_013.java,39,baselines_work/cohorte/java/CODE_FUN_JAVA_009/CODE_FUN_JAVA_009.java,0.14492753623188406,20,2,8,12
3717,28,baselines_work/cohorte/java/CODE_ESTRU_JAVA_015/CODE_ESTRU_JAVA_015.java,52,baselines_work/cohorte/java/CODE_IDENT_JAVA_005/CODE_IDENT_JAVA_005.java,0.16260162601626016,20,3,12,8
3718,28,baselines_work/cohorte/java/CODE_ESTRU_JAVA_015/CODE_ESTRU_JAVA_015.java,54,baselines_work/cohorte/java/CODE_IDENT_JAVA_005_COPY/CODE_IDENT_JAVA_005.java,0.16260162601626016,20,3,12,8
3832,32,baselines_work/cohorte/java/CODE_FUN_JAVA_003/CODE_FUN_JAVA_003.java,36,baselines_work/cohorte/java/CODE_FUN_JAVA_010/CODE_FUN_JAVA_010.java,0.14492753623188406,20,4,8,12
3885,35,baselines_work/cohorte/java/CODE_FUN_JAVA_004/CODE_FUN_JAVA_004.java,50,baselines_work/cohorte/java/CODE_IDENT_JAVA_004/CODE_IDENT_JAVA_004.java,0.17391304347826086,20,8,10,10
3886,35,baselines_work/cohorte/java/CODE_FUN_JAVA_004/CODE_FUN_JAVA_004.java,55,baselines_work/cohorte/java/CODE_IDENT_JAVA_004_COPY/CODE_IDENT_JAVA_004.java,0.17391304347826086,20,8,10,10
3982,34,baselines_work/cohorte/java/CODE_FUN_JAVA_006/CODE_FUN_JAVA_006.java,69,baselines_work/cohorte/java/CODE_IDENT_JAVA_013/CODE_IDENT_JAVA_013.java,0.18181818181818182,20,4,12,8
3983,34,baselines_work/cohorte/java/CODE_FUN_JAVA_006/CODE_FUN_JAVA_006.java,70,baselines_work/cohorte/java/CODE_IDENT_JAVA_013_COPY/CODE_IDENT_JAVA_013.java,0.18181818181818182,20,4,12,8
4091,39,baselines_work/cohorte/java/CODE_FUN_JAVA_009/CODE_FUN_JAVA_009.java,64,baselines_work/cohorte/java/CODE_IDENT_JAVA_012/CODE_IDENT_JAVA_012.java,0.15384615384615385,20,2,12,8
4092,39,baselines_work/cohorte/java/CODE_FUN_JAVA_009/CODE_FUN_JAVA_009.java,71,baselines_work/cohorte/java/CODE_IDENT_JAVA_012_COPY/CODE_IDENT_JAVA_012.java,0.15384615384615385,20,2,12,8
4093,39,baselines_work/cohorte/java/CODE_FUN_JAVA_009/CODE_FUN_JAVA_009.java,69,baselines_work/cohorte/java/CODE_IDENT_JAVA_013/CODE_IDENT_JAVA_013.java,0.145985401459854,20,2,12,8
4094,39,baselines_work/cohorte/java/CODE_FUN_JAVA_009/CODE_FUN_JAVA_009.java,70,baselines_work/cohorte/java/CODE_IDENT_JAVA_013_COPY/CODE_IDENT_JAVA_013.java,0.145985401459854,20,2,12,8
4146,42,baselines_work/cohorte/java/CODE_FUN_JAVA_011/CODE_FUN_JAVA_011.java,52,baselines_work/cohorte/java/CODE_IDENT_JAVA_005/CODE_IDENT_JAVA_005.java,0.18518518518518517,20,5,7,13
4147,42,baselines_work/cohorte/java/CODE_FUN_JAVA_011/CODE_FUN_JAVA_011.java,54,baselines_work/cohorte/java/CODE_IDENT_JAVA_005_COPY/CODE_IDENT_JAVA_005.java,0.18518518518518517,20,5,7,13
4189,41,baselines_work/cohorte/java/CODE_FUN_JAVA_012/CODE_FUN_JAVA_012.java,62,baselines_work/cohorte/java/CODE_IDENT_JAVA_010/CODE_IDENT_JAVA_010.java,0.15625,20,2,6,14
4190,41,baselines_work/cohorte/java/CODE_FUN_JAVA_012/CODE_FUN_JAVA_012.java,65,baselines_work/cohorte/java/CODE_IDENT_JAVA_010_COPY/CODE_IDENT_JAVA_010.java,0.15625,20,2,6,14
4246,43,baselines_work/cohorte/java/CODE_FUN_JAVA_014/CODE_FUN_JAVA_014.java,59,baselines_work/cohorte/java/CODE_IDENT_JAVA_007/CODE_IDENT_JAVA_007.java,0.16129032258064516,20,3,10,10
4247,43,baselines_work/cohorte/java/CODE_FUN_JAVA_014/CODE_FUN_JAVA_014.java,57,baselines_work/cohorte/java/CODE_IDENT_JAVA_007_COPY/CODE_IDENT_JAVA_007.java,0.16129032258064516,20,3,10,10
4297,46,baselines_work/cohorte/java/CODE_IDENT_JAVA_001/CODE_IDENT_JAVA_001.java,48,baselines_work/cohorte/java/CODE_IDENT_JAVA_003/CODE_IDENT_JAVA_003.java,0.28169014084507044,20,8,10,10
4298,46,baselines_work/cohorte/java/CODE_IDENT_JAVA_001/CODE_IDENT_JAVA_001.java,49,baselines_work/cohorte/java/CODE_IDENT_JAVA_003_COPY/CODE_IDENT_JAVA_003.java,0.28169014084507044,20,8,10,10
4325,45,baselines_work/cohorte/java/CODE_IDENT_JAVA_001_COPY/CODE_IDENT_JAVA_001.java,48,baselines_work/cohorte/java/CODE_IDENT_JAVA_003/CODE_IDENT_JAVA_003.java,0.28169014084507044,20,8,10,10
4326,45,baselines_work/cohorte/java/CODE_IDENT_JAVA_001_COPY/CODE_IDENT_JAVA_001.java,49,baselines_work/cohorte/java/CODE_IDENT_JAVA_003_COPY/CODE_IDENT_JAVA_003.java,0.28169014084507044,20,8,10,10
4511,52,baselines_work/cohorte/java/CODE_IDENT_JAVA_005/CODE_IDENT_JAVA_005.java,64,baselines_work/cohorte/java/CODE_IDENT_JAVA_012/CODE_IDENT_JAVA_012.java,0.2564102564102564,20,3,13,7
4512,52,baselines_work/cohorte/java/CODE_IDENT_JAVA_005/CODE_IDENT_JAVA_005.java,71,baselines_work/cohorte/java/CODE_IDENT_JAVA_012_COPY/CODE_IDENT_JAVA_012.java,0.2564102564102564,20,3,13,7
4531,54,baselines_work/cohorte/java/CODE_IDENT_JAVA_005_COPY/CODE_IDENT_JAVA_005.java,64,baselines_work/cohorte/java/CODE_IDENT_JAVA_012/CODE_IDENT_JAVA_012.java,0.2564102564102564,20,3,13,7
4532,54,baselines_work/cohorte/java/CODE_IDENT_JAVA_005_COPY/CODE_IDENT_JAVA_005.java,71,baselines_work/cohorte/java/CODE_IDENT_JAVA_012_COPY/CODE_IDENT_JAVA_012.java,0.2564102564102564,20,3,13,7
2029,0,baselines_work/cohorte/java/CODE_DIF_JAVA_002/CODE_DIF_JAVA_002.java,4,baselines_work/cohorte/java/CODE_DIF_JAVA_004/CODE_DIF_JAVA_004.java,0.13013698630136986,19,6,9,10
2102,2,baselines_work/cohorte/java/CODE_DIF_JAVA_003/CODE_DIF_JAVA_003.java,8,baselines_work/cohorte/java/CODE_DIF_JAVA_005/CODE_DIF_JAVA_005.java,0.07916666666666666,19,2,9,10
2105,2,baselines_work/cohorte/java/CODE_DIF_JAVA_003/CODE_DIF_JAVA_003.java,6,baselines_work/cohorte/java/CODE_DIF_JAVA_008/CODE_DIF_JAVA_008.java,0.07335907335907337,19,4,9,10
2111,2,baselines_work/cohorte/java/CODE_DIF_JAVA_003/CODE_DIF_JAVA_003.java,13,baselines_work/cohorte/java/CODE_DIF_JAVA_014/CODE_DIF_JAVA_014.java,0.08444444444444445,19,5,9,10
2207,4,baselines_work/cohorte/java/CODE_DIF_JAVA_004/CODE_DIF_JAVA_004.java,39,baselines_work/cohorte/java/CODE_FUN_JAVA_009/CODE_FUN_JAVA_009.java,0.1111111111111111,19,2,8,11
2310,8,baselines_work/cohorte/java/CODE_DIF_JAVA_005/CODE_DIF_JAVA_005.java,68,baselines_work/cohorte/java/CODE_IDENT_JAVA_014/CODE_IDENT_JAVA_014.java,0.0945273631840796,19,2,10,9
2311,8,baselines_work/cohorte/java/CODE_DIF_JAVA_005/CODE_DIF_JAVA_005.java,72,baselines_work/cohorte/java/CODE_IDENT_JAVA_014_COPY/CODE_IDENT_JAVA_014.java,0.0945273631840796,19,2,10,9
2314,7,baselines_work/cohorte/java/CODE_DIF_JAVA_006/CODE_DIF_JAVA_006.java,3,baselines_work/cohorte/java/CODE_DIF_JAVA_007/CODE_DIF_JAVA_007.java,0.08333333333333333,19,2,11,8
2415,3,baselines_work/cohorte/java/CODE_DIF_JAVA_007/CODE_DIF_JAVA_007.java,36,baselines_work/cohorte/java/CODE_FUN_JAVA_010/CODE_FUN_JAVA_010.java,0.084070796460177,19,4,8,11
2464,6,baselines_work/cohorte/java/CODE_DIF_JAVA_008/CODE_DIF_JAVA_008.java,22,baselines_work/cohorte/java/CODE_ESTRU_JAVA_007/CODE_ESTRU_JAVA_007.java,0.08636363636363636,19,1,10,9
2506,6,baselines_work/cohorte/java/CODE_DIF_JAVA_008/CODE_DIF_JAVA_008.java,62,baselines_work/cohorte/java/CODE_IDENT_JAVA_010/CODE_IDENT_JAVA_010.java,0.0815450643776824,19,2,9,10
2507,6,baselines_work/cohorte/java/CODE_DIF_JAVA_008/CODE_DIF_JAVA_008.java,65,baselines_work/cohorte/java/CODE_IDENT_JAVA_010_COPY/CODE_IDENT_JAVA_010.java,0.0815450643776824,19,2,9,10
2547,5,baselines_work/cohorte/java/CODE_DIF_JAVA_009/CODE_DIF_JAVA_009.java,39,baselines_work/cohorte/java/CODE_FUN_JAVA_009/CODE_FUN_JAVA_009.java,0.07723577235772358,19,3,10,9
2599,9,baselines_work/cohorte/java/CODE_DIF_JAVA_010/CODE_DIF_JAVA_010.java,26,baselines_work/cohorte/java/CODE_ESTRU_JAVA_011/CODE_ESTRU_JAVA_011.java,0.08755760368663594,19,1,12,7
2617,9,baselines_work/cohorte/java/CODE_DIF_JAVA_010/CODE_DIF_JAVA_010.java,43,baselines_work/cohorte/java/CODE_FUN_JAVA_014/CODE_FUN_JAVA_014.java,0.07392996108949416,19,1,11,8
2863,13,baselines_work/cohorte/java/CODE_DIF_JAVA_014/CODE_DIF_JAVA_014.java,36,baselines_work/cohorte/java/CODE_FUN_JAVA_010/CODE_FUN_JAVA_010.java,0.08260869565217391,19,3,9,10
2867,13,baselines_work/cohorte/java/CODE_DIF_JAVA_014/CODE_DIF_JAVA_014.java,43,baselines_work/cohorte/java/CODE_FUN_JAVA_014/CODE_FUN_JAVA_014.java,0.0892018779342723,19,4,9,10
2917,14,baselines_work/cohorte/java/CODE_DIF_JAVA_015/CODE_DIF_JAVA_015.java,35,baselines_work/cohorte/java/CODE_FUN_JAVA_004/CODE_FUN_JAVA_004.java,0.06884057971014493,19,3,13,6
2949,14,baselines_work/cohorte/java/CODE_DIF_JAVA_015/CODE_DIF_JAVA_015.java,66,baselines_work/cohorte/java/CODE_IDENT_JAVA_011/CODE_IDENT_JAVA_011.java,0.07421875,19,2,12,7
2950,14,baselines_work/cohorte/java/CODE_DIF_JAVA_015/CODE_DIF_JAVA_015.java,67,baselines_work/cohorte/java/CODE_IDENT_JAVA_011_COPY/CODE_IDENT_JAVA_011.java,0.07421875,19,2,12,7
2955,14,baselines_work/cohorte/java/CODE_DIF_JAVA_015/CODE_DIF_JAVA_015.java,68,baselines_work/cohorte/java/CODE_IDENT_JAVA_014/CODE_IDENT_JAVA_014.java,0.0708955223880597,19,2,11,8
2956,14,baselines_work/cohorte/java/CODE_DIF_JAVA_015/CODE_DIF_JAVA_015.java,72,baselines_work/cohorte/java/CODE_IDENT_JAVA_014_COPY/CODE_IDENT_JAVA_014.java,0.0708955223880597,19,2,11,8
3024,16,baselines_work/cohorte/java/CODE_ESTRU_JAVA_002/CODE_ESTRU_JAVA_002.java,21,baselines_work/cohorte/java/CODE_ESTRU_JAVA_009/CODE_ESTRU_JAVA_009.java,0.17272727272727273,19,3,10,9
3062,16,baselines_work/cohorte/java/CODE_ESTRU_JAVA_002/CODE_ESTRU_JAVA_002.java,60,baselines_work/cohorte/java/CODE_IDENT_JAVA_009/CODE_IDENT_JAVA_009.java,0.17272727272727273,19,3,10,9
3063,16,baselines_work/cohorte/java/CODE_ESTRU_JAVA_002/CODE_ESTRU_JAVA_002.java,63,baselines_work/cohorte/java/CODE_IDENT_JAVA_009_COPY/CODE_IDENT_JAVA_009.java,0.17272727272727273,19,3,10,9
3209,19,baselines_work/cohorte/java/CODE_ESTRU_JAVA_005/CODE_ESTRU_JAVA_005.java,42,baselines_work/cohorte/java/CODE_FUN_JAVA_011/CODE_FUN_JAVA_011.java,0.1792452830188679,19,5,12,7
3240,19,baselines_work/cohorte/java/CODE_ESTRU_JAVA_005/CODE_ESTRU_JAVA_005.java,68,baselines_work/cohorte/java/CODE_IDENT_JAVA_014/CODE_IDENT_JAVA_014.java,0.19791666666666666,19,3,11,8
3241,19,baselines_work/cohorte/java/CODE_ESTRU_JAVA_005/CODE_ESTRU_JAVA_005.java,72,baselines_work/cohorte/java/CODE_IDENT_JAVA_014_COPY/CODE_IDENT_JAVA_014.java,0.19791666666666666,19,3,11,8
3310,22,baselines_work/cohorte/java/CODE_ESTRU_JAVA_007/CODE_ESTRU_JAVA_007.java,33,baselines_work/cohorte/java/CODE_FUN_JAVA_005/CODE_FUN_JAVA_005.java,0.1532258064516129,19,3,10,9
3422,21,baselines_work/cohorte/java/CODE_ESTRU_JAVA_009/CODE_ESTRU_JAVA_009.java,43,baselines_work/cohorte/java/CODE_FUN_JAVA_014/CODE_FUN_JAVA_014.java,0.12666666666666668,19,3,10,9
3426,21,baselines_work/cohorte/java/CODE_ESTRU_JAVA_009/CODE_ESTRU_JAVA_009.java,47,baselines_work/cohorte/java/CODE_IDENT_JAVA_002/CODE_IDENT_JAVA_002.java,0.16964285714285715,19,3,9,10
3427,21,baselines_work/cohorte/java/CODE_ESTRU_JAVA_009/CODE_ESTRU_JAVA_009.java,51,baselines_work/cohorte/java/CODE_IDENT_JAVA_002_COPY/CODE_IDENT_JAVA_002.java,0.16964285714285715,19,3,9,10
3994,37,baselines_work/cohorte/java/CODE_FUN_JAVA_007/CODE_FUN_JAVA_007.java,43,baselines_work/cohorte/java/CODE_FUN_JAVA_014/CODE_FUN_JAVA_014.java,0.11585365853658537,19,6,9,10
4242,43,baselines_work/cohorte/java/CODE_FUN_JAVA_014/CODE_FUN_JAVA_014.java,52,baselines_work/cohorte/java/CODE_IDENT_JAVA_005/CODE_IDENT_JAVA_005.java,0.152,19,2,7,12
4243,43,baselines_work/cohorte/java/CODE_FUN_JAVA_014/CODE_FUN_JAVA_014.java,54,baselines_work/cohorte/java/CODE_IDENT_JAVA_005_COPY/CODE_IDENT_JAVA_005.java,0.152,19,2,7,12
4250,43,baselines_work/cohorte/java/CODE_FUN_JAVA_014/CODE_FUN_JAVA_014.java,60,baselines_work/cohorte/java/CODE_IDENT_JAVA_009/CODE_IDENT_JAVA_009.java,0.12666666666666668,19,3,9,10
4251,43,baselines_work/cohorte/java/CODE_FUN_JAVA_014/CODE_FUN_JAVA_014.java,63,baselines_work/cohorte/java/CODE_IDENT_JAVA_009_COPY/CODE_IDENT_JAVA_009.java,0.12666666666666668,19,3,9,10
4364,47,baselines_work/cohorte/java/CODE_IDENT_JAVA_002/CODE_IDENT_JAVA_002.java,60,baselines_work/cohorte/java/CODE_IDENT_JAVA_009/CODE_IDENT_JAVA_009.java,0.16964285714285715,19,3,10,9
4365,47,baselines_work/cohorte/java/CODE_IDENT_JAVA_002/CODE_IDENT_JAVA_002.java,63,baselines_work/cohorte/java/CODE_IDENT_JAVA_009_COPY/CODE_IDENT_JAVA_009.java,0.16964285714285715,19,3,10,9
4390,51,baselines_work/cohorte/java/CODE_IDENT_JAVA_002_COPY/CODE_IDENT_JAVA_002.java,60,baselines_work/cohorte/java/CODE_IDENT_JAVA_009/CODE_IDENT_JAVA_009.java,0.16964285714285715,19,3,10,9
4391,51,baselines_work/cohorte/java/CODE_IDENT_JAVA_002_COPY/CODE_IDENT_JAVA_002.java,63,baselines_work/cohorte/java/CODE_IDENT_JAVA_009_COPY/CODE_IDENT_JAVA_009.java,0.16964285714285715,19,3,10,9
4501,52,baselines_work/cohorte/java/CODE_IDENT_JAVA_005/CODE_IDENT_JAVA_005.java,59,baselines_work/cohorte/java/CODE_IDENT_JAVA_007/CODE_IDENT_JAVA_007.java,0.2289156626506024,19,3,12,7
4502,52,baselines_work/cohorte/java/CODE_IDENT_JAVA_005/CODE_IDENT_JAVA_005.java,57,baselines_work/cohorte/java/CODE_IDENT_JAVA_007_COPY/CODE_IDENT_JAVA_007.java,0.2289156626506024,19,3,12,7
4517,52,baselines_work/cohorte/java/CODE_IDENT_JAVA_005/CODE_IDENT_JAVA_005.java,73,baselines_work/cohorte/java/CODE_IDENT_JAVA_015/CODE_IDENT_JAVA_015.java,0.16379310344827586,19,3,8,11
4518,52,baselines_work/cohorte/java/CODE_IDENT_JAVA_005/CODE_IDENT_JAVA_005.java,74,baselines_work/cohorte/java/CODE_IDENT_JAVA_015_COPY/CODE_IDENT_JAVA_015.java,0.16379310344827586,19,3,8,11
4521,54,baselines_work/cohorte/java/CODE_IDENT_JAVA_005_COPY/CODE_IDENT_JAVA_005.java,59,baselines_work/cohorte/java/CODE_IDENT_JAVA_007/CODE_IDENT_JAVA_007.java,0.2289156626506024,19,3,12,7
4522,54,baselines_work/cohorte/java/CODE_IDENT_JAVA_005_COPY/CODE_IDENT_JAVA_005.java,57,baselines_work/cohorte/java/CODE_IDENT_JAVA_007_COPY/CODE_IDENT_JAVA_007.java,0.2289156626506024,19,3,12,7
4537,54,baselines_work/cohorte/java/CODE_IDENT_JAVA_005_COPY/CODE_IDENT_JAVA_005.java,73,baselines_work/cohorte/java/CODE_IDENT_JAVA_015/CODE_IDENT_JAVA_015.java,0.16379310344827586,19,3,8,11
4538,54,baselines_work/cohorte/java/CODE_IDENT_JAVA_005_COPY/CODE_IDENT_JAVA_005.java,74,baselines_work/cohorte/java/CODE_IDENT_JAVA_015_COPY/CODE_IDENT_JAVA_015.java,0.16379310344827586,19,3,8,11
4552,53,baselines_work/cohorte/java/CODE_IDENT_JAVA_006/CODE_IDENT_JAVA_006.java,69,baselines_work/cohorte/java/CODE_IDENT_JAVA_013/CODE_IDENT_JAVA_013.java,0.24358974358974358,19,6,9,10
4553,53,baselines_work/cohorte/java/CODE_IDENT_JAVA_006/CODE_IDENT_JAVA_006.java,70,baselines_work/cohorte/java/CODE_IDENT_JAVA_013_COPY/CODE_IDENT_JAVA_013.java,0.24358974358974358,19,6,9,10
4570,58,baselines_work/cohorte/java/CODE_IDENT_JAVA_006_COPY/CODE_IDENT_JAVA_006.java,69,baselines_work/cohorte/java/CODE_IDENT_JAVA_013/CODE_IDENT_JAVA_013.java,0.24358974358974358,19,6,9,10
4571,58,baselines_work/cohorte/java/CODE_IDENT_JAVA_006_COPY/CODE_IDENT_JAVA_006.java,70,baselines_work/cohorte/java/CODE_IDENT_JAVA_013_COPY/CODE_IDENT_JAVA_013.java,0.24358974358974358,19,6,9,10
2028,0,baselines_work/cohorte/java/CODE_DIF_JAVA_002/CODE_DIF_JAVA_002.java,2,baselines_work/cohorte/java/CODE_DIF_JAVA_003/CODE_DIF_JAVA_003.java,0.10975609756097561,18,2,8,10
2106,2,baselines_work/cohorte/java/CODE_DIF_JAVA_003/CODE_DIF_JAVA_003.java,5,baselines_work/cohorte/java/CODE_DIF_JAVA_009/CODE_DIF_JAVA_009.java,0.0728744939271255,18,3,9,9
2296,8,baselines_work/cohorte/java/CODE_DIF_JAVA_005/CODE_DIF_JAVA_005.java,59,baselines_work/cohorte/java/CODE_IDENT_JAVA_007/CODE_IDENT_JAVA_007.java,0.0967741935483871,18,2,10,8
2297,8,baselines_work/cohorte/java/CODE_DIF_JAVA_005/CODE_DIF_JAVA_005.java,57,baselines_work/cohorte/java/CODE_IDENT_JAVA_007_COPY/CODE_IDENT_JAVA_007.java,0.0967741935483871,18,2,10,8
2320,7,baselines_work/cohorte/java/CODE_DIF_JAVA_006/CODE_DIF_JAVA_006.java,12,baselines_work/cohorte/java/CODE_DIF_JAVA_013/CODE_DIF_JAVA_013.java,0.07228915662650602,18,3,10,8
2338,7,baselines_work/cohorte/java/CODE_DIF_JAVA_006/CODE_DIF_JAVA_006.java,30,baselines_work/cohorte/java/CODE_FUN_JAVA_001/CODE_FUN_JAVA_001.java,0.11764705882352941,18,3,10,8
2405,3,baselines_work/cohorte/java/CODE_DIF_JAVA_007/CODE_DIF_JAVA_007.java,28,baselines_work/cohorte/java/CODE_ESTRU_JAVA_015/CODE_ESTRU_JAVA_015.java,0.08695652173913043,18,2,7,11
2595,9,baselines_work/cohorte/java/CODE_DIF_JAVA_010/CODE_DIF_JAVA_010.java,22,baselines_work/cohorte/java/CODE_ESTRU_JAVA_007/CODE_ESTRU_JAVA_007.java,0.0782608695652174,18,4,9,9
2600,9,baselines_work/cohorte/java/CODE_DIF_JAVA_010/CODE_DIF_JAVA_010.java,25,baselines_work/cohorte/java/CODE_ESTRU_JAVA_012/CODE_ESTRU_JAVA_012.java,0.08372093023255814,18,2,11,7
2601,9,baselines_work/cohorte/java/CODE_DIF_JAVA_010/CODE_DIF_JAVA_010.java,29,baselines_work/cohorte/java/CODE_ESTRU_JAVA_013/CODE_ESTRU_JAVA_013.java,0.08256880733944955,18,2,11,7
2602,9,baselines_work/cohorte/java/CODE_DIF_JAVA_010/CODE_DIF_JAVA_010.java,24,baselines_work/cohorte/java/CODE_ESTRU_JAVA_014/CODE_ESTRU_JAVA_014.java,0.07377049180327869,18,1,9,9
2641,9,baselines_work/cohorte/java/CODE_DIF_JAVA_010/CODE_DIF_JAVA_010.java,64,baselines_work/cohorte/java/CODE_IDENT_JAVA_012/CODE_IDENT_JAVA_012.java,0.08571428571428572,18,2,11,7
2642,9,baselines_work/cohorte/java/CODE_DIF_JAVA_010/CODE_DIF_JAVA_010.java,71,baselines_work/cohorte/java/CODE_IDENT_JAVA_012_COPY/CODE_IDENT_JAVA_012.java,0.08571428571428572,18,2,11,7
2643,9,baselines_work/cohorte/java/CODE_DIF_JAVA_010/CODE_DIF_JAVA_010.java,69,baselines_work/cohorte/java/CODE_IDENT_JAVA_013/CODE_IDENT_JAVA_013.java,0.08294930875576037,18,2,11,7
2644,9,baselines_work/cohorte/java/CODE_DIF_JAVA_010/CODE_DIF_JAVA_010.java,70,baselines_work/cohorte/java/CODE_IDENT_JAVA_013_COPY/CODE_IDENT_JAVA_013.java,0.08294930875576037,18,2,11,7
2656,10,baselines_work/cohorte/java/CODE_DIF_JAVA_011/CODE_DIF_JAVA_011.java,18,baselines_work/cohorte/java/CODE_ESTRU_JAVA_004/CODE_ESTRU_JAVA_004.java,0.0972972972972973,18,2,14,4
2689,10,baselines_work/cohorte/java/CODE_DIF_JAVA_011/CODE_DIF_JAVA_011.java,50,baselines_work/cohorte/java/CODE_IDENT_JAVA_004/CODE_IDENT_JAVA_004.java,0.09782608695652174,18,2,14,4
2690,10,baselines_work/cohorte/java/CODE_DIF_JAVA_011/CODE_DIF_JAVA_011.java,55,baselines_work/cohorte/java/CODE_IDENT_JAVA_004_COPY/CODE_IDENT_JAVA_004.java,0.09782608695652174,18,2,14,4
2742,11,baselines_work/cohorte/java/CODE_DIF_JAVA_012/CODE_DIF_JAVA_012.java,41,baselines_work/cohorte/java/CODE_FUN_JAVA_012/CODE_FUN_JAVA_012.java,0.10975609756097561,18,4,9,9
2909,14,baselines_work/cohorte/java/CODE_DIF_JAVA_015/CODE_DIF_JAVA_015.java,26,baselines_work/cohorte/java/CODE_ESTRU_JAVA_011/CODE_ESTRU_JAVA_011.java,0.07058823529411765,18,2,12,6
2963,15,baselines_work/cohorte/java/CODE_ESTRU_JAVA_001/CODE_ESTRU_JAVA_001.java,20,baselines_work/cohorte/java/CODE_ESTRU_JAVA_006/CODE_ESTRU_JAVA_006.java,0.2571428571428571,18,5,9,9
2972,15,baselines_work/cohorte/java/CODE_ESTRU_JAVA_001/CODE_ESTRU_JAVA_001.java,28,baselines_work/cohorte/java/CODE_ESTRU_JAVA_015/CODE_ESTRU_JAVA_015.java,0.1592920353982301,18,3,8,10
3006,15,baselines_work/cohorte/java/CODE_ESTRU_JAVA_001/CODE_ESTRU_JAVA_001.java,62,baselines_work/cohorte/java/CODE_IDENT_JAVA_010/CODE_IDENT_JAVA_010.java,0.1782178217821782,18,7,8,10
3007,15,baselines_work/cohorte/java/CODE_ESTRU_JAVA_001/CODE_ESTRU_JAVA_001.java,65,baselines_work/cohorte/java/CODE_IDENT_JAVA_010_COPY/CODE_IDENT_JAVA_010.java,0.1782178217821782,18,7,8,10
3016,15,baselines_work/cohorte/java/CODE_ESTRU_JAVA_001/CODE_ESTRU_JAVA_001.java,73,baselines_work/cohorte/java/CODE_IDENT_JAVA_015/CODE_IDENT_JAVA_015.java,0.16981132075471697,18,3,8,10
3017,15,baselines_work/cohorte/java/CODE_ESTRU_JAVA_001/CODE_ESTRU_JAVA_001.java,74,baselines_work/cohorte/java/CODE_IDENT_JAVA_015_COPY/CODE_IDENT_JAVA_015.java,0.16981132075471697,18,3,8,10
3023,16,baselines_work/cohorte/java/CODE_ESTRU_JAVA_002/CODE_ESTRU_JAVA_002.java,23,baselines_work/cohorte/java/CODE_ESTRU_JAVA_008/CODE_ESTRU_JAVA_008.java,0.21686746987951808,18,5,9,9
3060,16,baselines_work/cohorte/java/CODE_ESTRU_JAVA_002/CODE_ESTRU_JAVA_002.java,56,baselines_work/cohorte/java/CODE_IDENT_JAVA_008/CODE_IDENT_JAVA_008.java,0.21686746987951808,18,5,9,9
3061,16,baselines_work/cohorte/java/CODE_ESTRU_JAVA_002/CODE_ESTRU_JAVA_002.java,61,baselines_work/cohorte/java/CODE_IDENT_JAVA_008_COPY/CODE_IDENT_JAVA_008.java,0.21686746987951808,18,5,9,9
3085,17,baselines_work/cohorte/java/CODE_ESTRU_JAVA_003/CODE_ESTRU_JAVA_003.java,29,baselines_work/cohorte/java/CODE_ESTRU_JAVA_013/CODE_ESTRU_JAVA_013.java,0.19148936170212766,18,3,8,10
3143,18,baselines_work/cohorte/java/CODE_ESTRU_JAVA_004/CODE_ESTRU_JAVA_004.java,28,baselines_work/cohorte/java/CODE_ESTRU_JAVA_015/CODE_ESTRU_JAVA_015.java,0.13533834586466165,18,3,6,12
3226,19,baselines_work/cohorte/java/CODE_ESTRU_JAVA_005/CODE_ESTRU_JAVA_005.java,59,baselines_work/cohorte/java/CODE_IDENT_JAVA_007/CODE_IDENT_JAVA_007.java,0.2222222222222222,18,3,11,7
3227,19,baselines_work/cohorte/java/CODE_ESTRU_JAVA_005/CODE_ESTRU_JAVA_005.java,57,baselines_work/cohorte/java/CODE_IDENT_JAVA_007_COPY/CODE_IDENT_JAVA_007.java,0.2222222222222222,18,3,11,7
3232,19,baselines_work/cohorte/java/CODE_ESTRU_JAVA_005/CODE_ESTRU_JAVA_005.java,62,baselines_work/cohorte/java/CODE_IDENT_JAVA_010/CODE_IDENT_JAVA_010.java,0.1651376146788991,18,5,10,8
3233,19,baselines_work/cohorte/java/CODE_ESTRU_JAVA_005/CODE_ESTRU_JAVA_005.java,65,baselines_work/cohorte/java/CODE_IDENT_JAVA_010_COPY/CODE_IDENT_JAVA_010.java,0.1651376146788991,18,5,10,8
3268,20,baselines_work/cohorte/java/CODE_ESTRU_JAVA_006/CODE_ESTRU_JAVA_006.java,46,baselines_work/cohorte/java/CODE_IDENT_JAVA_001/CODE_IDENT_JAVA_001.java,0.2571428571428571,18,5,9,9
3269,20,baselines_work/cohorte/java/CODE_ESTRU_JAVA_006/CODE_ESTRU_JAVA_006.java,45,baselines_work/cohorte/java/CODE_IDENT_JAVA_001_COPY/CODE_IDENT_JAVA_001.java,0.2571428571428571,18,5,9,9
3351,23,baselines_work/cohorte/java/CODE_ESTRU_JAVA_008/CODE_ESTRU_JAVA_008.java,21,baselines_work/cohorte/java/CODE_ESTRU_JAVA_009/CODE_ESTRU_JAVA_009.java,0.16822429906542055,18,3,8,10
3375,23,baselines_work/cohorte/java/CODE_ESTRU_JAVA_008/CODE_ESTRU_JAVA_008.java,47,baselines_work/cohorte/java/CODE_IDENT_JAVA_002/CODE_IDENT_JAVA_002.java,0.21176470588235294,18,5,9,9
3376,23,baselines_work/cohorte/java/CODE_ESTRU_JAVA_008/CODE_ESTRU_JAVA_008.java,51,baselines_work/cohorte/java/CODE_IDENT_JAVA_002_COPY/CODE_IDENT_JAVA_002.java,0.21176470588235294,18,5,9,9
3389,23,baselines_work/cohorte/java/CODE_ESTRU_JAVA_008/CODE_ESTRU_JAVA_008.java,60,baselines_work/cohorte/java/CODE_IDENT_JAVA_009/CODE_IDENT_JAVA_009.java,0.16822429906542055,18,3,8,10
3390,23,baselines_work/cohorte/java/CODE_ESTRU_JAVA_008/CODE_ESTRU_JAVA_008.java,63,baselines_work/cohorte/java/CODE_IDENT_JAVA_009_COPY/CODE_IDENT_JAVA_009.java,0.16822429906542055,18,3,8,10
3399,23,baselines_work/cohorte/java/CODE_ESTRU_JAVA_008/CODE_ESTRU_JAVA_008.java,68,baselines_work/cohorte/java/CODE_IDENT_JAVA_014/CODE_IDENT_JAVA_014.java,0.1875,18,3,7,11
3400,23,baselines_work/cohorte/java/CODE_ESTRU_JAVA_008/CODE_ESTRU_JAVA_008.java,72,baselines_work/cohorte/java/CODE_IDENT_JAVA_014_COPY/CODE_IDENT_JAVA_014.java,0.1875,18,3,7,11
3420,21,baselines_work/cohorte/java/CODE_ESTRU_JAVA_009/CODE_ESTRU_JAVA_009.java,41,baselines_work/cohorte/java/CODE_FUN_JAVA_012/CODE_FUN_JAVA_012.java,0.14285714285714285,18,2,10,8
3438,21,baselines_work/cohorte/java/CODE_ESTRU_JAVA_009/CODE_ESTRU_JAVA_009.java,56,baselines_work/cohorte/java/CODE_IDENT_JAVA_008/CODE_IDENT_JAVA_008.java,0.16822429906542055,18,3,10,8
3439,21,baselines_work/cohorte/java/CODE_ESTRU_JAVA_009/CODE_ESTRU_JAVA_009.java,61,baselines_work/cohorte/java/CODE_IDENT_JAVA_008_COPY/CODE_IDENT_JAVA_008.java,0.16822429906542055,18,3,10,8
3579,25,baselines_work/cohorte/java/CODE_ESTRU_JAVA_012/CODE_ESTRU_JAVA_012.java,52,baselines_work/cohorte/java/CODE_IDENT_JAVA_005/CODE_IDENT_JAVA_005.java,0.21686746987951808,18,3,6,12
3580,25,baselines_work/cohorte/java/CODE_ESTRU_JAVA_012/CODE_ESTRU_JAVA_012.java,54,baselines_work/cohorte/java/CODE_IDENT_JAVA_005_COPY/CODE_IDENT_JAVA_005.java,0.21686746987951808,18,3,6,12
3626,29,baselines_work/cohorte/java/CODE_ESTRU_JAVA_013/CODE_ESTRU_JAVA_013.java,52,baselines_work/cohorte/java/CODE_IDENT_JAVA_005/CODE_IDENT_JAVA_005.java,0.20930232558139536,18,3,6,12
3627,29,baselines_work/cohorte/java/CODE_ESTRU_JAVA_013/CODE_ESTRU_JAVA_013.java,54,baselines_work/cohorte/java/CODE_IDENT_JAVA_005_COPY/CODE_IDENT_JAVA_005.java,0.20930232558139536,18,3,6,12
3709,28,baselines_work/cohorte/java/CODE_ESTRU_JAVA_015/CODE_ESTRU_JAVA_015.java,46,baselines_work/cohorte/java/CODE_IDENT_JAVA_001/CODE_IDENT_JAVA_001.java,0.1592920353982301,18,3,10,8
3710,28,baselines_work/cohorte/java/CODE_ESTRU_JAVA_015/CODE_ESTRU_JAVA_015.java,45,baselines_work/cohorte/java/CODE_IDENT_JAVA_001_COPY/CODE_IDENT_JAVA_001.java,0.1592920353982301,18,3,10,8
3715,28,baselines_work/cohorte/java/CODE_ESTRU_JAVA_015/CODE_ESTRU_JAVA_015.java,50,baselines_work/cohorte/java/CODE_IDENT_JAVA_004/CODE_IDENT_JAVA_004.java,0.13636363636363635,18,3,12,6
3716,28,baselines_work/cohorte/java/CODE_ESTRU_JAVA_015/CODE_ESTRU_JAVA_015.java,55,baselines_work/cohorte/java/CODE_IDENT_JAVA_004_COPY/CODE_IDENT_JAVA_004.java,0.13636363636363635,18,3,12,6
3751,30,baselines_work/cohorte/java/CODE_FUN_JAVA_001/CODE_FUN_JAVA_001.java,43,baselines_work/cohorte/java/CODE_FUN_JAVA_014/CODE_FUN_JAVA_014.java,0.13432835820895522,18,4,8,10
3785,31,baselines_work/cohorte/java/CODE_FUN_JAVA_002/CODE_FUN_JAVA_002.java,33,baselines_work/cohorte/java/CODE_FUN_JAVA_005/CODE_FUN_JAVA_005.java,0.14634146341463414,18,4,8,10
3830,32,baselines_work/cohorte/java/CODE_FUN_JAVA_003/CODE_FUN_JAVA_003.java,38,baselines_work/cohorte/java/CODE_FUN_JAVA_008/CODE_FUN_JAVA_008.java,0.18,18,4,10,8
3877,35,baselines_work/cohorte/java/CODE_FUN_JAVA_004/CODE_FUN_JAVA_004.java,43,baselines_work/cohorte/java/CODE_FUN_JAVA_014/CODE_FUN_JAVA_014.java,0.12244897959183673,18,4,8,10
3917,33,baselines_work/cohorte/java/CODE_FUN_JAVA_005/CODE_FUN_JAVA_005.java,43,baselines_work/cohorte/java/CODE_FUN_JAVA_014/CODE_FUN_JAVA_014.java,0.11920529801324503,18,2,9,9
4029,38,baselines_work/cohorte/java/CODE_FUN_JAVA_008/CODE_FUN_JAVA_008.java,41,baselines_work/cohorte/java/CODE_FUN_JAVA_012/CODE_FUN_JAVA_012.java,0.1487603305785124,18,5,9,9
4187,41,baselines_work/cohorte/java/CODE_FUN_JAVA_012/CODE_FUN_JAVA_012.java,60,baselines_work/cohorte/java/CODE_IDENT_JAVA_009/CODE_IDENT_JAVA_009.java,0.14285714285714285,18,2,8,10
4188,41,baselines_work/cohorte/java/CODE_FUN_JAVA_012/CODE_FUN_JAVA_012.java,63,baselines_work/cohorte/java/CODE_IDENT_JAVA_009_COPY/CODE_IDENT_JAVA_009.java,0.14285714285714285,18,2,8,10
4311,46,baselines_work/cohorte/java/CODE_IDENT_JAVA_001/CODE_IDENT_JAVA_001.java,62,baselines_work/cohorte/java/CODE_IDENT_JAVA_010/CODE_IDENT_JAVA_010.java,0.1782178217821782,18,7,8,10
4312,46,baselines_work/cohorte/java/CODE_IDENT_JAVA_001/CODE_IDENT_JAVA_001.java,65,baselines_work/cohorte/java/CODE_IDENT_JAVA_010_COPY/CODE_IDENT_JAVA_010.java,0.1782178217821782,18,7,8,10
4321,46,baselines_work/cohorte/java/CODE_IDENT_JAVA_001/CODE_IDENT_JAVA_001.java,73,baselines_work/cohorte/java/CODE_IDENT_JAVA_015/CODE_IDENT_JAVA_015.java,0.16981132075471697,18,3,8,10
4322,46,baselines_work/cohorte/java/CODE_IDENT_JAVA_001/CODE_IDENT_JAVA_001.java,74,baselines_work/cohorte/java/CODE_IDENT_JAVA_015_COPY/CODE_IDENT_JAVA_015.java,0.16981132075471697,18,3,8,10
4339,45,baselines_work/cohorte/java/CODE_IDENT_JAVA_001_COPY/CODE_IDENT_JAVA_001.java,62,baselines_work/cohorte/java/CODE_IDENT_JAVA_010/CODE_IDENT_JAVA_010.java,0.1782178217821782,18,7,8,10
4340,45,baselines_work/cohorte/java/CODE_IDENT_JAVA_001_COPY/CODE_IDENT_JAVA_001.java,65,baselines_work/cohorte/java/CODE_IDENT_JAVA_010_COPY/CODE_IDENT_JAVA_010.java,0.1782178217821782,18,7,8,10
4349,45,baselines_work/cohorte/java/CODE_IDENT_JAVA_001_COPY/CODE_IDENT_JAVA_001.java,73,baselines_work/cohorte/java/CODE_IDENT_JAVA_015/CODE_IDENT_JAVA_015.java,0.16981132075471697,18,3,8,10
4350,45,baselines_work/cohorte/java/CODE_IDENT_JAVA_001_COPY/CODE_IDENT_JAVA_001.java,74,baselines_work/cohorte/java/CODE_IDENT_JAVA_015_COPY/CODE_IDENT_JAVA_015.java,0.16981132075471697,18,3,8,10
4362,47,baselines_work/cohorte/java/CODE_IDENT_JAVA_002/CODE_IDENT_JAVA_002.java,56,baselines_work/cohorte/java/CODE_IDENT_JAVA_008/CODE_IDENT_JAVA_008.java,0.21176470588235294,18,5,9,9
4363,47,baselines_work/cohorte/java/CODE_IDENT_JAVA_002/CODE_IDENT_JAVA_002.java,61,baselines_work/cohorte/java/CODE_IDENT_JAVA_008_COPY/CODE_IDENT_JAVA_008.java,0.21176470588235294,18,5,9,9
4388,51,baselines_work/cohorte/java/CODE_IDENT_JAVA_002_COPY/CODE_IDENT_JAVA_002.java,56,baselines_work/cohorte/java/CODE_IDENT_JAVA_008/CODE_IDENT_JAVA_008.java,0.21176470588235294,18,5,9,9
4389,51,baselines_work/cohorte/java/CODE_IDENT_JAVA_002_COPY/CODE_IDENT_JAVA_002.java,61,baselines_work/cohorte/java/CODE_IDENT_JAVA_008_COPY/CODE_IDENT_JAVA_008.java,0.21176470588235294,18,5,9,9
4507,52,baselines_work/cohorte/java/CODE_IDENT_JAVA_005/CODE_IDENT_JAVA_005.java,62,baselines_work/cohorte/java/CODE_IDENT_JAVA_010/CODE_IDENT_JAVA_010.java,0.16216216216216217,18,5,10,8
4508,52,baselines_work/cohorte/java/CODE_IDENT_JAVA_005/CODE_IDENT_JAVA_005.java,65,baselines_work/cohorte/java/CODE_IDENT_JAVA_010_COPY/CODE_IDENT_JAVA_010.java,0.16216216216216217,18,5,10,8
4513,52,baselines_work/cohorte/java/CODE_IDENT_JAVA_005/CODE_IDENT_JAVA_005.java,69,baselines_work/cohorte/java/CODE_IDENT_JAVA_013/CODE_IDENT_JAVA_013.java,0.21176470588235294,18,3,12,6
4514,52,baselines_work/cohorte/java/CODE_IDENT_JAVA_005/CODE_IDENT_JAVA_005.java,70,baselines_work/cohorte/java/CODE_IDENT_JAVA_013_COPY/CODE_IDENT_JAVA_013.java,0.21176470588235294,18,3,12,6
4527,54,baselines_work/cohorte/java/CODE_IDENT_JAVA_005_COPY/CODE_IDENT_JAVA_005.java,62,baselines_work/cohorte/java/CODE_IDENT_JAVA_010/CODE_IDENT_JAVA_010.java,0.16216216216216217,18,5,10,8
4528,54,baselines_work/cohorte/java/CODE_IDENT_JAVA_005_COPY/CODE_IDENT_JAVA_005.java,65,baselines_work/cohorte/java/CODE_IDENT_JAVA_010_COPY/CODE_IDENT_JAVA_010.java,0.16216216216216217,18,5,10,8
4533,54,baselines_work/cohorte/java/CODE_IDENT_JAVA_005_COPY/CODE_IDENT_JAVA_005.java,69,baselines_work/cohorte/java/CODE_IDENT_JAVA_013/CODE_IDENT_JAVA_013.java,0.21176470588235294,18,3,12,6
4534,54,baselines_work/cohorte/java/CODE_IDENT_JAVA_005_COPY/CODE_IDENT_JAVA_005.java,70,baselines_work/cohorte/java/CODE_IDENT_JAVA_013_COPY/CODE_IDENT_JAVA_013.java,0.21176470588235294,18,3,12,6
4546,53,baselines_work/cohorte/java/CODE_IDENT_JAVA_006/CODE_IDENT_JAVA_006.java,62,baselines_work/cohorte/java/CODE_IDENT_JAVA_010/CODE_IDENT_JAVA_010.java,0.17307692307692307,18,7,8,10
4547,53,baselines_work/cohorte/java/CODE_IDENT_JAVA_006/CODE_IDENT_JAVA_006.java,65,baselines_work/cohorte/java/CODE_IDENT_JAVA_010_COPY/CODE_IDENT_JAVA_010.java,0.17307692307692307,18,7,8,10
4564,58,baselines_work/cohorte/java/CODE_IDENT_JAVA_006_COPY/CODE_IDENT_JAVA_006.java,62,baselines_work/cohorte/java/CODE_IDENT_JAVA_010/CODE_IDENT_JAVA_010.java,0.17307692307692307,18,7,8,10
4565,58,baselines_work/cohorte/java/CODE_IDENT_JAVA_006_COPY/CODE_IDENT_JAVA_006.java,65,baselines_work/cohorte/java/CODE_IDENT_JAVA_010_COPY/CODE_IDENT_JAVA_010.java,0.17307692307692307,18,7,8,10
4610,56,baselines_work/cohorte/java/CODE_IDENT_JAVA_008/CODE_IDENT_JAVA_008.java,60,baselines_work/cohorte/java/CODE_IDENT_JAVA_009/CODE_IDENT_JAVA_009.java,0.16822429906542055,18,3,8,10
4611,56,baselines_work/cohorte/java/CODE_IDENT_JAVA_008/CODE_IDENT_JAVA_008.java,63,baselines_work/cohorte/java/CODE_IDENT_JAVA_009_COPY/CODE_IDENT_JAVA_009.java,0.16822429906542055,18,3,8,10
4620,56,baselines_work/cohorte/java/CODE_IDENT_JAVA_008/CODE_IDENT_JAVA_008.java,68,baselines_work/cohorte/java/CODE_IDENT_JAVA_014/CODE_IDENT_JAVA_014.java,0.1875,18,3,7,11
4621,56,baselines_work/cohorte/java/CODE_IDENT_JAVA_008/CODE_IDENT_JAVA_008.java,72,baselines_work/cohorte/java/CODE_IDENT_JAVA_014_COPY/CODE_IDENT_JAVA_014.java,0.1875,18,3,7,11
4624,61,baselines_work/cohorte/java/CODE_IDENT_JAVA_008_COPY/CODE_IDENT_JAVA_008.java,60,baselines_work/cohorte/java/CODE_IDENT_JAVA_009/CODE_IDENT_JAVA_009.java,0.16822429906542055,18,3,8,10
4625,61,baselines_work/cohorte/java/CODE_IDENT_JAVA_008_COPY/CODE_IDENT_JAVA_008.java,63,baselines_work/cohorte/java/CODE_IDENT_JAVA_009_COPY/CODE_IDENT_JAVA_009.java,0.16822429906542055,18,3,8,10
4634,61,baselines_work/cohorte/java/CODE_IDENT_JAVA_008_COPY/CODE_IDENT_JAVA_008.java,68,baselines_work/cohorte/java/CODE_IDENT_JAVA_014/CODE_IDENT_JAVA_014.java,0.1875,18,3,7,11
4635,61,baselines_work/cohorte/java/CODE_IDENT_JAVA_008_COPY/CODE_IDENT_JAVA_008.java,72,baselines_work/cohorte/java/CODE_IDENT_JAVA_014_COPY/CODE_IDENT_JAVA_014.java,0.1875,18,3,7,11
1974,1,baselines_work/cohorte/java/CODE_DIF_JAVA_001/CODE_DIF_JAVA_001.java,22,baselines_work/cohorte/java/CODE_ESTRU_JAVA_007/CODE_ESTRU_JAVA_007.java,0.1118421052631579,17,1,10,7
1983,1,baselines_work/cohorte/java/CODE_DIF_JAVA_001/CODE_DIF_JAVA_001.java,30,baselines_work/cohorte/java/CODE_FUN_JAVA_001/CODE_FUN_JAVA_001.java,0.11564625850340136,17,5,10,7
1986,1,baselines_work/cohorte/java/CODE_DIF_JAVA_001/CODE_DIF_JAVA_001.java,35,baselines_work/cohorte/java/CODE_FUN_JAVA_004/CODE_FUN_JAVA_004.java,0.10625,17,4,10,7
1992,1,baselines_work/cohorte/java/CODE_DIF_JAVA_001/CODE_DIF_JAVA_001.java,36,baselines_work/cohorte/java/CODE_FUN_JAVA_010/CODE_FUN_JAVA_010.java,0.08673469387755102,17,3,7,10
2010,1,baselines_work/cohorte/java/CODE_DIF_JAVA_001/CODE_DIF_JAVA_001.java,59,baselines_work/cohorte/java/CODE_IDENT_JAVA_007/CODE_IDENT_JAVA_007.java,0.12408759124087591,17,1,10,7
2011,1,baselines_work/cohorte/java/CODE_DIF_JAVA_001/CODE_DIF_JAVA_001.java,57,baselines_work/cohorte/java/CODE_IDENT_JAVA_007_COPY/CODE_IDENT_JAVA_007.java,0.12408759124087591,17,1,10,7
2065,0,baselines_work/cohorte/java/CODE_DIF_JAVA_002/CODE_DIF_JAVA_002.java,36,baselines_work/cohorte/java/CODE_FUN_JAVA_010/CODE_FUN_JAVA_010.java,0.10059171597633136,17,5,7,10
2103,2,baselines_work/cohorte/java/CODE_DIF_JAVA_003/CODE_DIF_JAVA_003.java,7,baselines_work/cohorte/java/CODE_DIF_JAVA_006/CODE_DIF_JAVA_006.java,0.08629441624365482,17,3,8,9
2222,4,baselines_work/cohorte/java/CODE_DIF_JAVA_004/CODE_DIF_JAVA_004.java,52,baselines_work/cohorte/java/CODE_IDENT_JAVA_005/CODE_IDENT_JAVA_005.java,0.14285714285714285,17,2,6,11
2223,4,baselines_work/cohorte/java/CODE_DIF_JAVA_004/CODE_DIF_JAVA_004.java,54,baselines_work/cohorte/java/CODE_IDENT_JAVA_005_COPY/CODE_IDENT_JAVA_005.java,0.14285714285714285,17,2,6,11
2240,4,baselines_work/cohorte/java/CODE_DIF_JAVA_004/CODE_DIF_JAVA_004.java,68,baselines_work/cohorte/java/CODE_IDENT_JAVA_014/CODE_IDENT_JAVA_014.java,0.12781954887218044,17,2,8,9
2241,4,baselines_work/cohorte/java/CODE_DIF_JAVA_004/CODE_DIF_JAVA_004.java,72,baselines_work/cohorte/java/CODE_IDENT_JAVA_014_COPY/CODE_IDENT_JAVA_014.java,0.12781954887218044,17,2,8,9
2265,8,baselines_work/cohorte/java/CODE_DIF_JAVA_005/CODE_DIF_JAVA_005.java,25,baselines_work/cohorte/java/CODE_ESTRU_JAVA_012/CODE_ESTRU_JAVA_012.java,0.0913978494623656,17,2,10,7
2266,8,baselines_work/cohorte/java/CODE_DIF_JAVA_005/CODE_DIF_JAVA_005.java,29,baselines_work/cohorte/java/CODE_ESTRU_JAVA_013/CODE_ESTRU_JAVA_013.java,0.08994708994708994,17,2,10,7
2267,8,baselines_work/cohorte/java/CODE_DIF_JAVA_005/CODE_DIF_JAVA_005.java,24,baselines_work/cohorte/java/CODE_ESTRU_JAVA_014/CODE_ESTRU_JAVA_014.java,0.07906976744186046,17,2,9,8
2306,8,baselines_work/cohorte/java/CODE_DIF_JAVA_005/CODE_DIF_JAVA_005.java,64,baselines_work/cohorte/java/CODE_IDENT_JAVA_012/CODE_IDENT_JAVA_012.java,0.09392265193370165,17,2,10,7
2307,8,baselines_work/cohorte/java/CODE_DIF_JAVA_005/CODE_DIF_JAVA_005.java,71,baselines_work/cohorte/java/CODE_IDENT_JAVA_012_COPY/CODE_IDENT_JAVA_012.java,0.09392265193370165,17,2,10,7
2308,8,baselines_work/cohorte/java/CODE_DIF_JAVA_005/CODE_DIF_JAVA_005.java,69,baselines_work/cohorte/java/CODE_IDENT_JAVA_013/CODE_IDENT_JAVA_013.java,0.09042553191489362,17,2,10,7
2309,8,baselines_work/cohorte/java/CODE_DIF_JAVA_005/CODE_DIF_JAVA_005.java,70,baselines_work/cohorte/java/CODE_IDENT_JAVA_013_COPY/CODE_IDENT_JAVA_013.java,0.09042553191489362,17,2,10,7
2449,3,baselines_work/cohorte/java/CODE_DIF_JAVA_007/CODE_DIF_JAVA_007.java,73,baselines_work/cohorte/java/CODE_IDENT_JAVA_015/CODE_IDENT_JAVA_015.java,0.085,17,2,7,10
2450,3,baselines_work/cohorte/java/CODE_DIF_JAVA_007/CODE_DIF_JAVA_007.java,74,baselines_work/cohorte/java/CODE_IDENT_JAVA_015_COPY/CODE_IDENT_JAVA_015.java,0.085,17,2,7,10
2468,6,baselines_work/cohorte/java/CODE_DIF_JAVA_008/CODE_DIF_JAVA_008.java,26,baselines_work/cohorte/java/CODE_ESTRU_JAVA_011/CODE_ESTRU_JAVA_011.java,0.0821256038647343,17,1,10,7
2498,6,baselines_work/cohorte/java/CODE_DIF_JAVA_008/CODE_DIF_JAVA_008.java,53,baselines_work/cohorte/java/CODE_IDENT_JAVA_006/CODE_IDENT_JAVA_006.java,0.08542713567839195,17,3,10,7
2499,6,baselines_work/cohorte/java/CODE_DIF_JAVA_008/CODE_DIF_JAVA_008.java,58,baselines_work/cohorte/java/CODE_IDENT_JAVA_006_COPY/CODE_IDENT_JAVA_006.java,0.08542713567839195,17,3,10,7
2508,6,baselines_work/cohorte/java/CODE_DIF_JAVA_008/CODE_DIF_JAVA_008.java,66,baselines_work/cohorte/java/CODE_IDENT_JAVA_011/CODE_IDENT_JAVA_011.java,0.08173076923076923,17,1,10,7
2509,6,baselines_work/cohorte/java/CODE_DIF_JAVA_008/CODE_DIF_JAVA_008.java,67,baselines_work/cohorte/java/CODE_IDENT_JAVA_011_COPY/CODE_IDENT_JAVA_011.java,0.08173076923076923,17,1,10,7
2514,6,baselines_work/cohorte/java/CODE_DIF_JAVA_008/CODE_DIF_JAVA_008.java,68,baselines_work/cohorte/java/CODE_IDENT_JAVA_014/CODE_IDENT_JAVA_014.java,0.07727272727272727,17,1,8,9
2515,6,baselines_work/cohorte/java/CODE_DIF_JAVA_008/CODE_DIF_JAVA_008.java,72,baselines_work/cohorte/java/CODE_IDENT_JAVA_014_COPY/CODE_IDENT_JAVA_014.java,0.07727272727272727,17,1,8,9
2521,5,baselines_work/cohorte/java/CODE_DIF_JAVA_009/CODE_DIF_JAVA_009.java,12,baselines_work/cohorte/java/CODE_DIF_JAVA_013/CODE_DIF_JAVA_013.java,0.056856187290969896,17,3,8,9
2740,11,baselines_work/cohorte/java/CODE_DIF_JAVA_012/CODE_DIF_JAVA_012.java,36,baselines_work/cohorte/java/CODE_FUN_JAVA_010/CODE_FUN_JAVA_010.java,0.08292682926829269,17,4,7,10
2743,11,baselines_work/cohorte/java/CODE_DIF_JAVA_012/CODE_DIF_JAVA_012.java,40,baselines_work/cohorte/java/CODE_FUN_JAVA_013/CODE_FUN_JAVA_013.java,0.10179640718562874,17,4,8,9
2788,12,baselines_work/cohorte/java/CODE_DIF_JAVA_013/CODE_DIF_JAVA_013.java,26,baselines_work/cohorte/java/CODE_ESTRU_JAVA_011/CODE_ESTRU_JAVA_011.java,0.08947368421052632,17,2,8,9
2857,13,baselines_work/cohorte/java/CODE_DIF_JAVA_014/CODE_DIF_JAVA_014.java,35,baselines_work/cohorte/java/CODE_FUN_JAVA_004/CODE_FUN_JAVA_004.java,0.08762886597938144,17,3,9,8
2905,14,baselines_work/cohorte/java/CODE_DIF_JAVA_015/CODE_DIF_JAVA_015.java,22,baselines_work/cohorte/java/CODE_ESTRU_JAVA_007/CODE_ESTRU_JAVA_007.java,0.06343283582089553,17,3,11,6
2916,14,baselines_work/cohorte/java/CODE_DIF_JAVA_015/CODE_DIF_JAVA_015.java,32,baselines_work/cohorte/java/CODE_FUN_JAVA_003/CODE_FUN_JAVA_003.java,0.068,17,5,9,8
2941,14,baselines_work/cohorte/java/CODE_DIF_JAVA_015/CODE_DIF_JAVA_015.java,59,baselines_work/cohorte/java/CODE_IDENT_JAVA_007/CODE_IDENT_JAVA_007.java,0.06719367588932806,17,3,11,6
2942,14,baselines_work/cohorte/java/CODE_DIF_JAVA_015/CODE_DIF_JAVA_015.java,57,baselines_work/cohorte/java/CODE_IDENT_JAVA_007_COPY/CODE_IDENT_JAVA_007.java,0.06719367588932806,17,3,11,6
2968,15,baselines_work/cohorte/java/CODE_ESTRU_JAVA_001/CODE_ESTRU_JAVA_001.java,26,baselines_work/cohorte/java/CODE_ESTRU_JAVA_011/CODE_ESTRU_JAVA_011.java,0.22666666666666666,17,3,9,8
3010,15,baselines_work/cohorte/java/CODE_ESTRU_JAVA_001/CODE_ESTRU_JAVA_001.java,64,baselines_work/cohorte/java/CODE_IDENT_JAVA_012/CODE_IDENT_JAVA_012.java,0.25,17,4,9,8
3011,15,baselines_work/cohorte/java/CODE_ESTRU_JAVA_001/CODE_ESTRU_JAVA_001.java,71,baselines_work/cohorte/java/CODE_IDENT_JAVA_012_COPY/CODE_IDENT_JAVA_012.java,0.25,17,4,9,8
3121,17,baselines_work/cohorte/java/CODE_ESTRU_JAVA_003/CODE_ESTRU_JAVA_003.java,62,baselines_work/cohorte/java/CODE_IDENT_JAVA_010/CODE_IDENT_JAVA_010.java,0.14285714285714285,17,5,7,10
3122,17,baselines_work/cohorte/java/CODE_ESTRU_JAVA_003/CODE_ESTRU_JAVA_003.java,65,baselines_work/cohorte/java/CODE_IDENT_JAVA_010_COPY/CODE_IDENT_JAVA_010.java,0.14285714285714285,17,5,7,10
3142,18,baselines_work/cohorte/java/CODE_ESTRU_JAVA_004/CODE_ESTRU_JAVA_004.java,24,baselines_work/cohorte/java/CODE_ESTRU_JAVA_014/CODE_ESTRU_JAVA_014.java,0.13934426229508196,17,3,7,10
3185,18,baselines_work/cohorte/java/CODE_ESTRU_JAVA_004/CODE_ESTRU_JAVA_004.java,68,baselines_work/cohorte/java/CODE_IDENT_JAVA_014/CODE_IDENT_JAVA_014.java,0.1574074074074074,17,3,6,11
3186,18,baselines_work/cohorte/java/CODE_ESTRU_JAVA_004/CODE_ESTRU_JAVA_004.java,72,baselines_work/cohorte/java/CODE_IDENT_JAVA_014_COPY/CODE_IDENT_JAVA_014.java,0.1574074074074074,17,3,6,11
3187,18,baselines_work/cohorte/java/CODE_ESTRU_JAVA_004/CODE_ESTRU_JAVA_004.java,73,baselines_work/cohorte/java/CODE_IDENT_JAVA_015/CODE_IDENT_JAVA_015.java,0.1349206349206349,17,3,6,11
3188,18,baselines_work/cohorte/java/CODE_ESTRU_JAVA_004/CODE_ESTRU_JAVA_004.java,74,baselines_work/cohorte/java/CODE_IDENT_JAVA_015_COPY/CODE_IDENT_JAVA_015.java,0.1349206349206349,17,3,6,11
3195,19,baselines_work/cohorte/java/CODE_ESTRU_JAVA_005/CODE_ESTRU_JAVA_005.java,25,baselines_work/cohorte/java/CODE_ESTRU_JAVA_012/CODE_ESTRU_JAVA_012.java,0.20987654320987653,17,3,11,6
3196,19,baselines_work/cohorte/java/CODE_ESTRU_JAVA_005/CODE_ESTRU_JAVA_005.java,29,baselines_work/cohorte/java/CODE_ESTRU_JAVA_013/CODE_ESTRU_JAVA_013.java,0.20238095238095238,17,3,11,6
3236,19,baselines_work/cohorte/java/CODE_ESTRU_JAVA_005/CODE_ESTRU_JAVA_005.java,64,baselines_work/cohorte/java/CODE_IDENT_JAVA_012/CODE_IDENT_JAVA_012.java,0.2236842105263158,17,3,11,6
3237,19,baselines_work/cohorte/java/CODE_ESTRU_JAVA_005/CODE_ESTRU_JAVA_005.java,71,baselines_work/cohorte/java/CODE_IDENT_JAVA_012_COPY/CODE_IDENT_JAVA_012.java,0.2236842105263158,17,3,11,6
3238,19,baselines_work/cohorte/java/CODE_ESTRU_JAVA_005/CODE_ESTRU_JAVA_005.java,69,baselines_work/cohorte/java/CODE_IDENT_JAVA_013/CODE_IDENT_JAVA_013.java,0.20481927710843373,17,3,11,6
3239,19,baselines_work/cohorte/java/CODE_ESTRU_JAVA_005/CODE_ESTRU_JAVA_005.java,70,baselines_work/cohorte/java/CODE_IDENT_JAVA_013_COPY/CODE_IDENT_JAVA_013.java,0.20481927710843373,17,3,11,6
3413,21,baselines_work/cohorte/java/CODE_ESTRU_JAVA_009/CODE_ESTRU_JAVA_009.java,33,baselines_work/cohorte/java/CODE_FUN_JAVA_005/CODE_FUN_JAVA_005.java,0.1259259259259259,17,3,9,8
3415,21,baselines_work/cohorte/java/CODE_ESTRU_JAVA_009/CODE_ESTRU_JAVA_009.java,37,baselines_work/cohorte/java/CODE_FUN_JAVA_007/CODE_FUN_JAVA_007.java,0.11486486486486487,17,2,11,6
3478,27,baselines_work/cohorte/java/CODE_ESTRU_JAVA_010/CODE_ESTRU_JAVA_010.java,48,baselines_work/cohorte/java/CODE_IDENT_JAVA_003/CODE_IDENT_JAVA_003.java,0.1559633027522936,17,5,10,7
3479,27,baselines_work/cohorte/java/CODE_ESTRU_JAVA_010/CODE_ESTRU_JAVA_010.java,49,baselines_work/cohorte/java/CODE_IDENT_JAVA_003_COPY/CODE_IDENT_JAVA_003.java,0.1559633027522936,17,5,10,7
3523,26,baselines_work/cohorte/java/CODE_ESTRU_JAVA_011/CODE_ESTRU_JAVA_011.java,46,baselines_work/cohorte/java/CODE_IDENT_JAVA_001/CODE_IDENT_JAVA_001.java,0.22666666666666666,17,3,8,9
3524,26,baselines_work/cohorte/java/CODE_ESTRU_JAVA_011/CODE_ESTRU_JAVA_011.java,45,baselines_work/cohorte/java/CODE_IDENT_JAVA_001_COPY/CODE_IDENT_JAVA_001.java,0.22666666666666666,17,3,8,9
3670,24,baselines_work/cohorte/java/CODE_ESTRU_JAVA_014/CODE_ESTRU_JAVA_014.java,50,baselines_work/cohorte/java/CODE_IDENT_JAVA_004/CODE_IDENT_JAVA_004.java,0.14049586776859505,17,3,10,7
3671,24,baselines_work/cohorte/java/CODE_ESTRU_JAVA_014/CODE_ESTRU_JAVA_014.java,55,baselines_work/cohorte/java/CODE_IDENT_JAVA_004_COPY/CODE_IDENT_JAVA_004.java,0.14049586776859505,17,3,10,7
3745,30,baselines_work/cohorte/java/CODE_FUN_JAVA_001/CODE_FUN_JAVA_001.java,38,baselines_work/cohorte/java/CODE_FUN_JAVA_008/CODE_FUN_JAVA_008.java,0.1504424778761062,17,5,8,9
3873,35,baselines_work/cohorte/java/CODE_FUN_JAVA_004/CODE_FUN_JAVA_004.java,36,baselines_work/cohorte/java/CODE_FUN_JAVA_010/CODE_FUN_JAVA_010.java,0.10365853658536585,17,2,8,9
3935,33,baselines_work/cohorte/java/CODE_FUN_JAVA_005/CODE_FUN_JAVA_005.java,60,baselines_work/cohorte/java/CODE_IDENT_JAVA_009/CODE_IDENT_JAVA_009.java,0.1259259259259259,17,3,8,9
3936,33,baselines_work/cohorte/java/CODE_FUN_JAVA_005/CODE_FUN_JAVA_005.java,63,baselines_work/cohorte/java/CODE_IDENT_JAVA_009_COPY/CODE_IDENT_JAVA_009.java,0.1259259259259259,17,3,8,9
3945,33,baselines_work/cohorte/java/CODE_FUN_JAVA_005/CODE_FUN_JAVA_005.java,68,baselines_work/cohorte/java/CODE_IDENT_JAVA_014/CODE_IDENT_JAVA_014.java,0.13709677419354838,17,2,8,9
3946,33,baselines_work/cohorte/java/CODE_FUN_JAVA_005/CODE_FUN_JAVA_005.java,72,baselines_work/cohorte/java/CODE_IDENT_JAVA_014_COPY/CODE_IDENT_JAVA_014.java,0.13709677419354838,17,2,8,9
3988,37,baselines_work/cohorte/java/CODE_FUN_JAVA_007/CODE_FUN_JAVA_007.java,38,baselines_work/cohorte/java/CODE_FUN_JAVA_008/CODE_FUN_JAVA_008.java,0.11888111888111888,17,3,9,8
4012,37,baselines_work/cohorte/java/CODE_FUN_JAVA_007/CODE_FUN_JAVA_007.java,60,baselines_work/cohorte/java/CODE_IDENT_JAVA_009/CODE_IDENT_JAVA_009.java,0.11486486486486487,17,2,6,11
4013,37,baselines_work/cohorte/java/CODE_FUN_JAVA_007/CODE_FUN_JAVA_007.java,63,baselines_work/cohorte/java/CODE_IDENT_JAVA_009_COPY/CODE_IDENT_JAVA_009.java,0.11486486486486487,17,2,6,11
4315,46,baselines_work/cohorte/java/CODE_IDENT_JAVA_001/CODE_IDENT_JAVA_001.java,64,baselines_work/cohorte/java/CODE_IDENT_JAVA_012/CODE_IDENT_JAVA_012.java,0.25,17,4,9,8
4316,46,baselines_work/cohorte/java/CODE_IDENT_JAVA_001/CODE_IDENT_JAVA_001.java,71,baselines_work/cohorte/java/CODE_IDENT_JAVA_012_COPY/CODE_IDENT_JAVA_012.java,0.25,17,4,9,8
4343,45,baselines_work/cohorte/java/CODE_IDENT_JAVA_001_COPY/CODE_IDENT_JAVA_001.java,64,baselines_work/cohorte/java/CODE_IDENT_JAVA_012/CODE_IDENT_JAVA_012.java,0.25,17,4,9,8
4344,45,baselines_work/cohorte/java/CODE_IDENT_JAVA_001_COPY/CODE_IDENT_JAVA_001.java,71,baselines_work/cohorte/java/CODE_IDENT_JAVA_012_COPY/CODE_IDENT_JAVA_012.java,0.25,17,4,9,8
4474,50,baselines_work/cohorte/java/CODE_IDENT_JAVA_004/CODE_IDENT_JAVA_004.java,73,baselines_work/cohorte/java/CODE_IDENT_JAVA_015/CODE_IDENT_JAVA_015.java,0.136,17,3,6,11
4475,50,baselines_work/cohorte/java/CODE_IDENT_JAVA_004/CODE_IDENT_JAVA_004.java,74,baselines_work/cohorte/java/CODE_IDENT_JAVA_015_COPY/CODE_IDENT_JAVA_015.java,0.136,17,3,6,11
4496,55,baselines_work/cohorte/java/CODE_IDENT_JAVA_004_COPY/CODE_IDENT_JAVA_004.java,73,baselines_work/cohorte/java/CODE_IDENT_JAVA_015/CODE_IDENT_JAVA_015.java,0.136,17,3,6,11
4497,55,baselines_work/cohorte/java/CODE_IDENT_JAVA_004_COPY/CODE_IDENT_JAVA_004.java,74,baselines_work/cohorte/java/CODE_IDENT_JAVA_015_COPY/CODE_IDENT_JAVA_015.java,0.136,17,3,6,11
2063,0,baselines_work/cohorte/java/CODE_DIF_JAVA_002/CODE_DIF_JAVA_002.java,38,baselines_work/cohorte/java/CODE_FUN_JAVA_008/CODE_FUN_JAVA_008.java,0.12213740458015267,16,2,8,8
2069,0,baselines_work/cohorte/java/CODE_DIF_JAVA_002/CODE_DIF_JAVA_002.java,43,baselines_work/cohorte/java/CODE_FUN_JAVA_014/CODE_FUN_JAVA_014.java,0.10526315789473684,16,5,8,8
2181,4,baselines_work/cohorte/java/CODE_DIF_JAVA_004/CODE_DIF_JAVA_004.java,12,baselines_work/cohorte/java/CODE_DIF_JAVA_013/CODE_DIF_JAVA_013.java,0.07142857142857142,16,3,8,8
2188,4,baselines_work/cohorte/java/CODE_DIF_JAVA_004/CODE_DIF_JAVA_004.java,19,baselines_work/cohorte/java/CODE_ESTRU_JAVA_005/CODE_ESTRU_JAVA_005.java,0.13675213675213677,16,2,6,10
2212,4,baselines_work/cohorte/java/CODE_DIF_JAVA_004/CODE_DIF_JAVA_004.java,43,baselines_work/cohorte/java/CODE_FUN_JAVA_014/CODE_FUN_JAVA_014.java,0.1,16,2,8,8
2247,8,baselines_work/cohorte/java/CODE_DIF_JAVA_005/CODE_DIF_JAVA_005.java,5,baselines_work/cohorte/java/CODE_DIF_JAVA_009/CODE_DIF_JAVA_009.java,0.05387205387205387,16,4,8,8
2318,7,baselines_work/cohorte/java/CODE_DIF_JAVA_006/CODE_DIF_JAVA_006.java,10,baselines_work/cohorte/java/CODE_DIF_JAVA_011/CODE_DIF_JAVA_011.java,0.06808510638297872,16,2,6,10
2331,7,baselines_work/cohorte/java/CODE_DIF_JAVA_006/CODE_DIF_JAVA_006.java,21,baselines_work/cohorte/java/CODE_ESTRU_JAVA_009/CODE_ESTRU_JAVA_009.java,0.09467455621301775,16,3,8,8
2340,7,baselines_work/cohorte/java/CODE_DIF_JAVA_006/CODE_DIF_JAVA_006.java,32,baselines_work/cohorte/java/CODE_FUN_JAVA_003/CODE_FUN_JAVA_003.java,0.11428571428571428,16,3,8,8
2361,7,baselines_work/cohorte/java/CODE_DIF_JAVA_006/CODE_DIF_JAVA_006.java,52,baselines_work/cohorte/java/CODE_IDENT_JAVA_005/CODE_IDENT_JAVA_005.java,0.1111111111111111,16,2,6,10
2362,7,baselines_work/cohorte/java/CODE_DIF_JAVA_006/CODE_DIF_JAVA_006.java,54,baselines_work/cohorte/java/CODE_IDENT_JAVA_005_COPY/CODE_IDENT_JAVA_005.java,0.1111111111111111,16,2,6,10
2369,7,baselines_work/cohorte/java/CODE_DIF_JAVA_006/CODE_DIF_JAVA_006.java,60,baselines_work/cohorte/java/CODE_IDENT_JAVA_009/CODE_IDENT_JAVA_009.java,0.09467455621301775,16,3,8,8
2370,7,baselines_work/cohorte/java/CODE_DIF_JAVA_006/CODE_DIF_JAVA_006.java,63,baselines_work/cohorte/java/CODE_IDENT_JAVA_009_COPY/CODE_IDENT_JAVA_009.java,0.09467455621301775,16,3,8,8
2407,3,baselines_work/cohorte/java/CODE_DIF_JAVA_007/CODE_DIF_JAVA_007.java,31,baselines_work/cohorte/java/CODE_FUN_JAVA_002/CODE_FUN_JAVA_002.java,0.08839779005524862,16,4,8,8
2467,6,baselines_work/cohorte/java/CODE_DIF_JAVA_008/CODE_DIF_JAVA_008.java,27,baselines_work/cohorte/java/CODE_ESTRU_JAVA_010/CODE_ESTRU_JAVA_010.java,0.06837606837606838,16,1,8,8
2655,10,baselines_work/cohorte/java/CODE_DIF_JAVA_011/CODE_DIF_JAVA_011.java,17,baselines_work/cohorte/java/CODE_ESTRU_JAVA_003/CODE_ESTRU_JAVA_003.java,0.08743169398907104,16,2,13,3
2718,11,baselines_work/cohorte/java/CODE_DIF_JAVA_012/CODE_DIF_JAVA_012.java,17,baselines_work/cohorte/java/CODE_ESTRU_JAVA_003/CODE_ESTRU_JAVA_003.java,0.1032258064516129,16,3,8,8
2738,11,baselines_work/cohorte/java/CODE_DIF_JAVA_012/CODE_DIF_JAVA_012.java,38,baselines_work/cohorte/java/CODE_FUN_JAVA_008/CODE_FUN_JAVA_008.java,0.09580838323353294,16,3,8,8
2784,12,baselines_work/cohorte/java/CODE_DIF_JAVA_013/CODE_DIF_JAVA_013.java,22,baselines_work/cohorte/java/CODE_ESTRU_JAVA_007/CODE_ESTRU_JAVA_007.java,0.07881773399014778,16,3,7,9
2820,12,baselines_work/cohorte/java/CODE_DIF_JAVA_013/CODE_DIF_JAVA_013.java,59,baselines_work/cohorte/java/CODE_IDENT_JAVA_007/CODE_IDENT_JAVA_007.java,0.0851063829787234,16,3,7,9
2821,12,baselines_work/cohorte/java/CODE_DIF_JAVA_013/CODE_DIF_JAVA_013.java,57,baselines_work/cohorte/java/CODE_IDENT_JAVA_007_COPY/CODE_IDENT_JAVA_007.java,0.0851063829787234,16,3,7,9
2828,12,baselines_work/cohorte/java/CODE_DIF_JAVA_013/CODE_DIF_JAVA_013.java,66,baselines_work/cohorte/java/CODE_IDENT_JAVA_011/CODE_IDENT_JAVA_011.java,0.08376963350785341,16,2,7,9
2829,12,baselines_work/cohorte/java/CODE_DIF_JAVA_013/CODE_DIF_JAVA_013.java,67,baselines_work/cohorte/java/CODE_IDENT_JAVA_011_COPY/CODE_IDENT_JAVA_011.java,0.08376963350785341,16,2,7,9
2834,12,baselines_work/cohorte/java/CODE_DIF_JAVA_013/CODE_DIF_JAVA_013.java,68,baselines_work/cohorte/java/CODE_IDENT_JAVA_014/CODE_IDENT_JAVA_014.java,0.07881773399014778,16,2,6,10
2835,12,baselines_work/cohorte/java/CODE_DIF_JAVA_013/CODE_DIF_JAVA_013.java,72,baselines_work/cohorte/java/CODE_IDENT_JAVA_014_COPY/CODE_IDENT_JAVA_014.java,0.07881773399014778,16,2,6,10
2847,13,baselines_work/cohorte/java/CODE_DIF_JAVA_014/CODE_DIF_JAVA_014.java,21,baselines_work/cohorte/java/CODE_ESTRU_JAVA_009/CODE_ESTRU_JAVA_009.java,0.08121827411167512,16,1,7,9
2885,13,baselines_work/cohorte/java/CODE_DIF_JAVA_014/CODE_DIF_JAVA_014.java,60,baselines_work/cohorte/java/CODE_IDENT_JAVA_009/CODE_IDENT_JAVA_009.java,0.08121827411167512,16,1,7,9
2886,13,baselines_work/cohorte/java/CODE_DIF_JAVA_014/CODE_DIF_JAVA_014.java,63,baselines_work/cohorte/java/CODE_IDENT_JAVA_009_COPY/CODE_IDENT_JAVA_009.java,0.08121827411167512,16,1,7,9
2951,14,baselines_work/cohorte/java/CODE_DIF_JAVA_015/CODE_DIF_JAVA_015.java,64,baselines_work/cohorte/java/CODE_IDENT_JAVA_012/CODE_IDENT_JAVA_012.java,0.06451612903225806,16,2,11,5
2952,14,baselines_work/cohorte/java/CODE_DIF_JAVA_015/CODE_DIF_JAVA_015.java,71,baselines_work/cohorte/java/CODE_IDENT_JAVA_012_COPY/CODE_IDENT_JAVA_012.java,0.06451612903225806,16,2,11,5
2970,15,baselines_work/cohorte/java/CODE_ESTRU_JAVA_001/CODE_ESTRU_JAVA_001.java,29,baselines_work/cohorte/java/CODE_ESTRU_JAVA_013/CODE_ESTRU_JAVA_013.java,0.21052631578947367,16,3,8,8
2978,15,baselines_work/cohorte/java/CODE_ESTRU_JAVA_001/CODE_ESTRU_JAVA_001.java,34,baselines_work/cohorte/java/CODE_FUN_JAVA_006/CODE_FUN_JAVA_006.java,0.16161616161616163,16,4,7,9
3012,15,baselines_work/cohorte/java/CODE_ESTRU_JAVA_001/CODE_ESTRU_JAVA_001.java,69,baselines_work/cohorte/java/CODE_IDENT_JAVA_013/CODE_IDENT_JAVA_013.java,0.21333333333333335,16,3,8,8
3013,15,baselines_work/cohorte/java/CODE_ESTRU_JAVA_001/CODE_ESTRU_JAVA_001.java,70,baselines_work/cohorte/java/CODE_IDENT_JAVA_013_COPY/CODE_IDENT_JAVA_013.java,0.21333333333333335,16,3,8,8
3021,16,baselines_work/cohorte/java/CODE_ESTRU_JAVA_002/CODE_ESTRU_JAVA_002.java,20,baselines_work/cohorte/java/CODE_ESTRU_JAVA_006/CODE_ESTRU_JAVA_006.java,0.19753086419753085,16,5,8,8
3030,16,baselines_work/cohorte/java/CODE_ESTRU_JAVA_002/CODE_ESTRU_JAVA_002.java,28,baselines_work/cohorte/java/CODE_ESTRU_JAVA_015/CODE_ESTRU_JAVA_015.java,0.12903225806451613,16,3,7,9
3066,16,baselines_work/cohorte/java/CODE_ESTRU_JAVA_002/CODE_ESTRU_JAVA_002.java,66,baselines_work/cohorte/java/CODE_IDENT_JAVA_011/CODE_IDENT_JAVA_011.java,0.1839080459770115,16,4,8,8
3067,16,baselines_work/cohorte/java/CODE_ESTRU_JAVA_002/CODE_ESTRU_JAVA_002.java,67,baselines_work/cohorte/java/CODE_IDENT_JAVA_011_COPY/CODE_IDENT_JAVA_011.java,0.1839080459770115,16,4,8,8
3074,16,baselines_work/cohorte/java/CODE_ESTRU_JAVA_002/CODE_ESTRU_JAVA_002.java,73,baselines_work/cohorte/java/CODE_IDENT_JAVA_015/CODE_IDENT_JAVA_015.java,0.13675213675213677,16,3,7,9
3075,16,baselines_work/cohorte/java/CODE_ESTRU_JAVA_002/CODE_ESTRU_JAVA_002.java,74,baselines_work/cohorte/java/CODE_IDENT_JAVA_015_COPY/CODE_IDENT_JAVA_015.java,0.13675213675213677,16,3,7,9
3194,19,baselines_work/cohorte/java/CODE_ESTRU_JAVA_005/CODE_ESTRU_JAVA_005.java,26,baselines_work/cohorte/java/CODE_ESTRU_JAVA_011/CODE_ESTRU_JAVA_011.java,0.1927710843373494,16,3,9,7
3270,20,baselines_work/cohorte/java/CODE_ESTRU_JAVA_006/CODE_ESTRU_JAVA_006.java,47,baselines_work/cohorte/java/CODE_IDENT_JAVA_002/CODE_IDENT_JAVA_002.java,0.1927710843373494,16,5,8,8
3271,20,baselines_work/cohorte/java/CODE_ESTRU_JAVA_006/CODE_ESTRU_JAVA_006.java,51,baselines_work/cohorte/java/CODE_IDENT_JAVA_002_COPY/CODE_IDENT_JAVA_002.java,0.1927710843373494,16,5,8,8
3327,22,baselines_work/cohorte/java/CODE_ESTRU_JAVA_007/CODE_ESTRU_JAVA_007.java,50,baselines_work/cohorte/java/CODE_IDENT_JAVA_004/CODE_IDENT_JAVA_004.java,0.14953271028037382,16,3,9,7
3328,22,baselines_work/cohorte/java/CODE_ESTRU_JAVA_007/CODE_ESTRU_JAVA_007.java,55,baselines_work/cohorte/java/CODE_IDENT_JAVA_004_COPY/CODE_IDENT_JAVA_004.java,0.14953271028037382,16,3,9,7
3353,23,baselines_work/cohorte/java/CODE_ESTRU_JAVA_008/CODE_ESTRU_JAVA_008.java,26,baselines_work/cohorte/java/CODE_ESTRU_JAVA_011/CODE_ESTRU_JAVA_011.java,0.1927710843373494,16,3,8,8
3356,23,baselines_work/cohorte/java/CODE_ESTRU_JAVA_008/CODE_ESTRU_JAVA_008.java,24,baselines_work/cohorte/java/CODE_ESTRU_JAVA_014/CODE_ESTRU_JAVA_014.java,0.14545454545454545,16,3,7,9
3421,21,baselines_work/cohorte/java/CODE_ESTRU_JAVA_009/CODE_ESTRU_JAVA_009.java,40,baselines_work/cohorte/java/CODE_FUN_JAVA_013/CODE_FUN_JAVA_013.java,0.12403100775193798,16,2,9,7
3537,26,baselines_work/cohorte/java/CODE_ESTRU_JAVA_011/CODE_ESTRU_JAVA_011.java,56,baselines_work/cohorte/java/CODE_IDENT_JAVA_008/CODE_IDENT_JAVA_008.java,0.1927710843373494,16,3,8,8
3538,26,baselines_work/cohorte/java/CODE_ESTRU_JAVA_011/CODE_ESTRU_JAVA_011.java,61,baselines_work/cohorte/java/CODE_IDENT_JAVA_008_COPY/CODE_IDENT_JAVA_008.java,0.1927710843373494,16,3,8,8
3618,29,baselines_work/cohorte/java/CODE_ESTRU_JAVA_013/CODE_ESTRU_JAVA_013.java,46,baselines_work/cohorte/java/CODE_IDENT_JAVA_001/CODE_IDENT_JAVA_001.java,0.21052631578947367,16,3,8,8
3619,29,baselines_work/cohorte/java/CODE_ESTRU_JAVA_013/CODE_ESTRU_JAVA_013.java,45,baselines_work/cohorte/java/CODE_IDENT_JAVA_001_COPY/CODE_IDENT_JAVA_001.java,0.21052631578947367,16,3,8,8
3654,24,baselines_work/cohorte/java/CODE_ESTRU_JAVA_014/CODE_ESTRU_JAVA_014.java,34,baselines_work/cohorte/java/CODE_FUN_JAVA_006/CODE_FUN_JAVA_006.java,0.11678832116788321,16,3,8,8
3678,24,baselines_work/cohorte/java/CODE_ESTRU_JAVA_014/CODE_ESTRU_JAVA_014.java,56,baselines_work/cohorte/java/CODE_IDENT_JAVA_008/CODE_IDENT_JAVA_008.java,0.14545454545454545,16,3,9,7
3679,24,baselines_work/cohorte/java/CODE_ESTRU_JAVA_014/CODE_ESTRU_JAVA_014.java,61,baselines_work/cohorte/java/CODE_IDENT_JAVA_008_COPY/CODE_IDENT_JAVA_008.java,0.14545454545454545,16,3,9,7
3698,28,baselines_work/cohorte/java/CODE_ESTRU_JAVA_015/CODE_ESTRU_JAVA_015.java,33,baselines_work/cohorte/java/CODE_FUN_JAVA_005/CODE_FUN_JAVA_005.java,0.10738255033557047,16,2,9,7
3703,28,baselines_work/cohorte/java/CODE_ESTRU_JAVA_015/CODE_ESTRU_JAVA_015.java,36,baselines_work/cohorte/java/CODE_FUN_JAVA_010/CODE_FUN_JAVA_010.java,0.08839779005524862,16,3,5,11
3711,28,baselines_work/cohorte/java/CODE_ESTRU_JAVA_015/CODE_ESTRU_JAVA_015.java,47,baselines_work/cohorte/java/CODE_IDENT_JAVA_002/CODE_IDENT_JAVA_002.java,0.12698412698412698,16,3,9,7
3712,28,baselines_work/cohorte/java/CODE_ESTRU_JAVA_015/CODE_ESTRU_JAVA_015.java,51,baselines_work/cohorte/java/CODE_IDENT_JAVA_002_COPY/CODE_IDENT_JAVA_002.java,0.12698412698412698,16,3,9,7
3742,30,baselines_work/cohorte/java/CODE_FUN_JAVA_001/CODE_FUN_JAVA_001.java,33,baselines_work/cohorte/java/CODE_FUN_JAVA_005/CODE_FUN_JAVA_005.java,0.13445378151260504,16,4,7,9
3868,35,baselines_work/cohorte/java/CODE_FUN_JAVA_004/CODE_FUN_JAVA_004.java,33,baselines_work/cohorte/java/CODE_FUN_JAVA_005/CODE_FUN_JAVA_005.java,0.12121212121212122,16,3,7,9
3931,33,baselines_work/cohorte/java/CODE_FUN_JAVA_005/CODE_FUN_JAVA_005.java,59,baselines_work/cohorte/java/CODE_IDENT_JAVA_007/CODE_IDENT_JAVA_007.java,0.14678899082568808,16,2,8,8
3932,33,baselines_work/cohorte/java/CODE_FUN_JAVA_005/CODE_FUN_JAVA_005.java,57,baselines_work/cohorte/java/CODE_IDENT_JAVA_007_COPY/CODE_IDENT_JAVA_007.java,0.14678899082568808,16,2,8,8
3958,34,baselines_work/cohorte/java/CODE_FUN_JAVA_006/CODE_FUN_JAVA_006.java,46,baselines_work/cohorte/java/CODE_IDENT_JAVA_001/CODE_IDENT_JAVA_001.java,0.16161616161616163,16,4,9,7
3959,34,baselines_work/cohorte/java/CODE_FUN_JAVA_006/CODE_FUN_JAVA_006.java,45,baselines_work/cohorte/java/CODE_IDENT_JAVA_001_COPY/CODE_IDENT_JAVA_001.java,0.16161616161616163,16,4,9,7
4132,36,baselines_work/cohorte/java/CODE_FUN_JAVA_010/CODE_FUN_JAVA_010.java,73,baselines_work/cohorte/java/CODE_IDENT_JAVA_015/CODE_IDENT_JAVA_015.java,0.09195402298850575,16,3,11,5
4133,36,baselines_work/cohorte/java/CODE_FUN_JAVA_010/CODE_FUN_JAVA_010.java,74,baselines_work/cohorte/java/CODE_IDENT_JAVA_015_COPY/CODE_IDENT_JAVA_015.java,0.09195402298850575,16,3,11,5
4219,40,baselines_work/cohorte/java/CODE_FUN_JAVA_013/CODE_FUN_JAVA_013.java,60,baselines_work/cohorte/java/CODE_IDENT_JAVA_009/CODE_IDENT_JAVA_009.java,0.12403100775193798,16,2,7,9
4220,40,baselines_work/cohorte/java/CODE_FUN_JAVA_013/CODE_FUN_JAVA_013.java,63,baselines_work/cohorte/java/CODE_IDENT_JAVA_009_COPY/CODE_IDENT_JAVA_009.java,0.12403100775193798,16,2,7,9
4317,46,baselines_work/cohorte/java/CODE_IDENT_JAVA_001/CODE_IDENT_JAVA_001.java,69,baselines_work/cohorte/java/CODE_IDENT_JAVA_013/CODE_IDENT_JAVA_013.java,0.21333333333333335,16,3,8,8
4318,46,baselines_work/cohorte/java/CODE_IDENT_JAVA_001/CODE_IDENT_JAVA_001.java,70,baselines_work/cohorte/java/CODE_IDENT_JAVA_013_COPY/CODE_IDENT_JAVA_013.java,0.21333333333333335,16,3,8,8
4345,45,baselines_work/cohorte/java/CODE_IDENT_JAVA_001_COPY/CODE_IDENT_JAVA_001.java,69,baselines_work/cohorte/java/CODE_IDENT_JAVA_013/CODE_IDENT_JAVA_013.java,0.21333333333333335,16,3,8,8
4346,45,baselines_work/cohorte/java/CODE_IDENT_JAVA_001_COPY/CODE_IDENT_JAVA_001.java,70,baselines_work/cohorte/java/CODE_IDENT_JAVA_013_COPY/CODE_IDENT_JAVA_013.java,0.21333333333333335,16,3,8,8
4368,47,baselines_work/cohorte/java/CODE_IDENT_JAVA_002/CODE_IDENT_JAVA_002.java,66,baselines_work/cohorte/java/CODE_IDENT_JAVA_011/CODE_IDENT_JAVA_011.java,0.1797752808988764,16,4,8,8
4369,47,baselines_work/cohorte/java/CODE_IDENT_JAVA_002/CODE_IDENT_JAVA_002.java,67,baselines_work/cohorte/java/CODE_IDENT_JAVA_011_COPY/CODE_IDENT_JAVA_011.java,0.1797752808988764,16,4,8,8
4376,47,baselines_work/cohorte/java/CODE_IDENT_JAVA_002/CODE_IDENT_JAVA_002.java,73,baselines_work/cohorte/java/CODE_IDENT_JAVA_015/CODE_IDENT_JAVA_015.java,0.13445378151260504,16,3,7,9
4377,47,baselines_work/cohorte/java/CODE_IDENT_JAVA_002/CODE_IDENT_JAVA_002.java,74,baselines_work/cohorte/java/CODE_IDENT_JAVA_015_COPY/CODE_IDENT_JAVA_015.java,0.13445378151260504,16,3,7,9
4394,51,baselines_work/cohorte/java/CODE_IDENT_JAVA_002_COPY/CODE_IDENT_JAVA_002.java,66,baselines_work/cohorte/java/CODE_IDENT_JAVA_011/CODE_IDENT_JAVA_011.java,0.1797752808988764,16,4,8,8
4395,51,baselines_work/cohorte/java/CODE_IDENT_JAVA_002_COPY/CODE_IDENT_JAVA_002.java,67,baselines_work/cohorte/java/CODE_IDENT_JAVA_011_COPY/CODE_IDENT_JAVA_011.java,0.1797752808988764,16,4,8,8
4402,51,baselines_work/cohorte/java/CODE_IDENT_JAVA_002_COPY/CODE_IDENT_JAVA_002.java,73,baselines_work/cohorte/java/CODE_IDENT_JAVA_015/CODE_IDENT_JAVA_015.java,0.13445378151260504,16,3,7,9
4403,51,baselines_work/cohorte/java/CODE_IDENT_JAVA_002_COPY/CODE_IDENT_JAVA_002.java,74,baselines_work/cohorte/java/CODE_IDENT_JAVA_015_COPY/CODE_IDENT_JAVA_015.java,0.13445378151260504,16,3,7,9
2049,0,baselines_work/cohorte/java/CODE_DIF_JAVA_002/CODE_DIF_JAVA_002.java,21,baselines_work/cohorte/java/CODE_ESTRU_JAVA_009/CODE_ESTRU_JAVA_009.java,0.11029411764705882,15,2,6,9
2087,0,baselines_work/cohorte/java/CODE_DIF_JAVA_002/CODE_DIF_JAVA_002.java,60,baselines_work/cohorte/java/CODE_IDENT_JAVA_009/CODE_IDENT_JAVA_009.java,0.11029411764705882,15,2,6,9
2088,0,baselines_work/cohorte/java/CODE_DIF_JAVA_002/CODE_DIF_JAVA_002.java,63,baselines_work/cohorte/java/CODE_IDENT_JAVA_009_COPY/CODE_IDENT_JAVA_009.java,0.11029411764705882,15,2,6,9
2134,2,baselines_work/cohorte/java/CODE_DIF_JAVA_003/CODE_DIF_JAVA_003.java,37,baselines_work/cohorte/java/CODE_FUN_JAVA_007/CODE_FUN_JAVA_007.java,0.08522727272727272,15,2,7,8
2142,2,baselines_work/cohorte/java/CODE_DIF_JAVA_003/CODE_DIF_JAVA_003.java,44,baselines_work/cohorte/java/CODE_FUN_JAVA_015/CODE_FUN_JAVA_015.java,0.07537688442211055,15,4,7,8
2190,4,baselines_work/cohorte/java/CODE_DIF_JAVA_004/CODE_DIF_JAVA_004.java,22,baselines_work/cohorte/java/CODE_ESTRU_JAVA_007/CODE_ESTRU_JAVA_007.java,0.11278195488721804,15,2,7,8
2192,4,baselines_work/cohorte/java/CODE_DIF_JAVA_004/CODE_DIF_JAVA_004.java,21,baselines_work/cohorte/java/CODE_ESTRU_JAVA_009/CODE_ESTRU_JAVA_009.java,0.10416666666666667,15,2,7,8
2195,4,baselines_work/cohorte/java/CODE_DIF_JAVA_004/CODE_DIF_JAVA_004.java,25,baselines_work/cohorte/java/CODE_ESTRU_JAVA_012/CODE_ESTRU_JAVA_012.java,0.1271186440677966,15,2,8,7
2196,4,baselines_work/cohorte/java/CODE_DIF_JAVA_004/CODE_DIF_JAVA_004.java,29,baselines_work/cohorte/java/CODE_ESTRU_JAVA_013/CODE_ESTRU_JAVA_013.java,0.12396694214876033,15,2,8,7
2200,4,baselines_work/cohorte/java/CODE_DIF_JAVA_004/CODE_DIF_JAVA_004.java,31,baselines_work/cohorte/java/CODE_FUN_JAVA_002/CODE_FUN_JAVA_002.java,0.11363636363636363,15,3,8,7
2230,4,baselines_work/cohorte/java/CODE_DIF_JAVA_004/CODE_DIF_JAVA_004.java,60,baselines_work/cohorte/java/CODE_IDENT_JAVA_009/CODE_IDENT_JAVA_009.java,0.10416666666666667,15,2,7,8
2231,4,baselines_work/cohorte/java/CODE_DIF_JAVA_004/CODE_DIF_JAVA_004.java,63,baselines_work/cohorte/java/CODE_IDENT_JAVA_009_COPY/CODE_IDENT_JAVA_009.java,0.10416666666666667,15,2,7,8
2236,4,baselines_work/cohorte/java/CODE_DIF_JAVA_004/CODE_DIF_JAVA_004.java,64,baselines_work/cohorte/java/CODE_IDENT_JAVA_012/CODE_IDENT_JAVA_012.java,0.13274336283185842,15,2,8,7
2237,4,baselines_work/cohorte/java/CODE_DIF_JAVA_004/CODE_DIF_JAVA_004.java,71,baselines_work/cohorte/java/CODE_IDENT_JAVA_012_COPY/CODE_IDENT_JAVA_012.java,0.13274336283185842,15,2,8,7
2238,4,baselines_work/cohorte/java/CODE_DIF_JAVA_004/CODE_DIF_JAVA_004.java,69,baselines_work/cohorte/java/CODE_IDENT_JAVA_013/CODE_IDENT_JAVA_013.java,0.125,15,2,8,7
2239,4,baselines_work/cohorte/java/CODE_DIF_JAVA_004/CODE_DIF_JAVA_004.java,70,baselines_work/cohorte/java/CODE_IDENT_JAVA_013_COPY/CODE_IDENT_JAVA_013.java,0.125,15,2,8,7
2264,8,baselines_work/cohorte/java/CODE_DIF_JAVA_005/CODE_DIF_JAVA_005.java,26,baselines_work/cohorte/java/CODE_ESTRU_JAVA_011/CODE_ESTRU_JAVA_011.java,0.0797872340425532,15,2,9,6
2304,8,baselines_work/cohorte/java/CODE_DIF_JAVA_005/CODE_DIF_JAVA_005.java,66,baselines_work/cohorte/java/CODE_IDENT_JAVA_011/CODE_IDENT_JAVA_011.java,0.07936507936507936,15,2,9,6
2305,8,baselines_work/cohorte/java/CODE_DIF_JAVA_005/CODE_DIF_JAVA_005.java,67,baselines_work/cohorte/java/CODE_IDENT_JAVA_011_COPY/CODE_IDENT_JAVA_011.java,0.07936507936507936,15,2,9,6
2327,7,baselines_work/cohorte/java/CODE_DIF_JAVA_006/CODE_DIF_JAVA_006.java,19,baselines_work/cohorte/java/CODE_ESTRU_JAVA_005/CODE_ESTRU_JAVA_005.java,0.1056338028169014,15,2,6,9
2336,7,baselines_work/cohorte/java/CODE_DIF_JAVA_006/CODE_DIF_JAVA_006.java,24,baselines_work/cohorte/java/CODE_ESTRU_JAVA_014/CODE_ESTRU_JAVA_014.java,0.0872093023255814,15,3,6,9
2342,7,baselines_work/cohorte/java/CODE_DIF_JAVA_006/CODE_DIF_JAVA_006.java,33,baselines_work/cohorte/java/CODE_FUN_JAVA_005/CODE_FUN_JAVA_005.java,0.08823529411764706,15,2,8,7
2351,7,baselines_work/cohorte/java/CODE_DIF_JAVA_006/CODE_DIF_JAVA_006.java,43,baselines_work/cohorte/java/CODE_FUN_JAVA_014/CODE_FUN_JAVA_014.java,0.08108108108108109,15,2,8,7
2399,3,baselines_work/cohorte/java/CODE_DIF_JAVA_007/CODE_DIF_JAVA_007.java,21,baselines_work/cohorte/java/CODE_ESTRU_JAVA_009/CODE_ESTRU_JAVA_009.java,0.07772020725388601,15,1,6,9
2437,3,baselines_work/cohorte/java/CODE_DIF_JAVA_007/CODE_DIF_JAVA_007.java,60,baselines_work/cohorte/java/CODE_IDENT_JAVA_009/CODE_IDENT_JAVA_009.java,0.07772020725388601,15,1,6,9
2438,3,baselines_work/cohorte/java/CODE_DIF_JAVA_007/CODE_DIF_JAVA_007.java,63,baselines_work/cohorte/java/CODE_IDENT_JAVA_009_COPY/CODE_IDENT_JAVA_009.java,0.07772020725388601,15,1,6,9
2470,6,baselines_work/cohorte/java/CODE_DIF_JAVA_008/CODE_DIF_JAVA_008.java,29,baselines_work/cohorte/java/CODE_ESTRU_JAVA_013/CODE_ESTRU_JAVA_013.java,0.07211538461538461,15,1,8,7
2500,6,baselines_work/cohorte/java/CODE_DIF_JAVA_008/CODE_DIF_JAVA_008.java,59,baselines_work/cohorte/java/CODE_IDENT_JAVA_007/CODE_IDENT_JAVA_007.java,0.07317073170731707,15,1,8,7
2501,6,baselines_work/cohorte/java/CODE_DIF_JAVA_008/CODE_DIF_JAVA_008.java,57,baselines_work/cohorte/java/CODE_IDENT_JAVA_007_COPY/CODE_IDENT_JAVA_007.java,0.07317073170731707,15,1,8,7
2512,6,baselines_work/cohorte/java/CODE_DIF_JAVA_008/CODE_DIF_JAVA_008.java,69,baselines_work/cohorte/java/CODE_IDENT_JAVA_013/CODE_IDENT_JAVA_013.java,0.07246376811594203,15,1,8,7
2513,6,baselines_work/cohorte/java/CODE_DIF_JAVA_008/CODE_DIF_JAVA_008.java,70,baselines_work/cohorte/java/CODE_IDENT_JAVA_013_COPY/CODE_IDENT_JAVA_013.java,0.07246376811594203,15,1,8,7
2605,9,baselines_work/cohorte/java/CODE_DIF_JAVA_010/CODE_DIF_JAVA_010.java,31,baselines_work/cohorte/java/CODE_FUN_JAVA_002/CODE_FUN_JAVA_002.java,0.06550218340611354,15,3,9,6
2631,9,baselines_work/cohorte/java/CODE_DIF_JAVA_010/CODE_DIF_JAVA_010.java,59,baselines_work/cohorte/java/CODE_IDENT_JAVA_007/CODE_IDENT_JAVA_007.java,0.06976744186046512,15,2,8,7
2632,9,baselines_work/cohorte/java/CODE_DIF_JAVA_010/CODE_DIF_JAVA_010.java,57,baselines_work/cohorte/java/CODE_IDENT_JAVA_007_COPY/CODE_IDENT_JAVA_007.java,0.06976744186046512,15,2,8,7
2657,10,baselines_work/cohorte/java/CODE_DIF_JAVA_011/CODE_DIF_JAVA_011.java,19,baselines_work/cohorte/java/CODE_ESTRU_JAVA_005/CODE_ESTRU_JAVA_005.java,0.08670520231213873,15,1,9,6
2691,10,baselines_work/cohorte/java/CODE_DIF_JAVA_011/CODE_DIF_JAVA_011.java,52,baselines_work/cohorte/java/CODE_IDENT_JAVA_005/CODE_IDENT_JAVA_005.java,0.08571428571428572,15,1,9,6
2692,10,baselines_work/cohorte/java/CODE_DIF_JAVA_011/CODE_DIF_JAVA_011.java,54,baselines_work/cohorte/java/CODE_IDENT_JAVA_005_COPY/CODE_IDENT_JAVA_005.java,0.08571428571428572,15,1,9,6
2722,11,baselines_work/cohorte/java/CODE_DIF_JAVA_012/CODE_DIF_JAVA_012.java,22,baselines_work/cohorte/java/CODE_ESTRU_JAVA_007/CODE_ESTRU_JAVA_007.java,0.09316770186335403,15,3,7,8
2730,11,baselines_work/cohorte/java/CODE_DIF_JAVA_012/CODE_DIF_JAVA_012.java,28,baselines_work/cohorte/java/CODE_ESTRU_JAVA_015/CODE_ESTRU_JAVA_015.java,0.08064516129032258,15,2,6,9
2758,11,baselines_work/cohorte/java/CODE_DIF_JAVA_012/CODE_DIF_JAVA_012.java,59,baselines_work/cohorte/java/CODE_IDENT_JAVA_007/CODE_IDENT_JAVA_007.java,0.10273972602739725,15,3,7,8
2759,11,baselines_work/cohorte/java/CODE_DIF_JAVA_012/CODE_DIF_JAVA_012.java,57,baselines_work/cohorte/java/CODE_IDENT_JAVA_007_COPY/CODE_IDENT_JAVA_007.java,0.10273972602739725,15,3,7,8
2791,12,baselines_work/cohorte/java/CODE_DIF_JAVA_013/CODE_DIF_JAVA_013.java,24,baselines_work/cohorte/java/CODE_ESTRU_JAVA_014/CODE_ESTRU_JAVA_014.java,0.06912442396313365,15,2,6,9
2889,13,baselines_work/cohorte/java/CODE_DIF_JAVA_014/CODE_DIF_JAVA_014.java,66,baselines_work/cohorte/java/CODE_IDENT_JAVA_011/CODE_IDENT_JAVA_011.java,0.08620689655172414,15,2,7,8
2890,13,baselines_work/cohorte/java/CODE_DIF_JAVA_014/CODE_DIF_JAVA_014.java,67,baselines_work/cohorte/java/CODE_IDENT_JAVA_011_COPY/CODE_IDENT_JAVA_011.java,0.08620689655172414,15,2,7,8
2895,13,baselines_work/cohorte/java/CODE_DIF_JAVA_014/CODE_DIF_JAVA_014.java,68,baselines_work/cohorte/java/CODE_IDENT_JAVA_014/CODE_IDENT_JAVA_014.java,0.08064516129032258,15,2,6,9
2896,13,baselines_work/cohorte/java/CODE_DIF_JAVA_014/CODE_DIF_JAVA_014.java,72,baselines_work/cohorte/java/CODE_IDENT_JAVA_014_COPY/CODE_IDENT_JAVA_014.java,0.08064516129032258,15,2,6,9
2914,14,baselines_work/cohorte/java/CODE_DIF_JAVA_015/CODE_DIF_JAVA_015.java,30,baselines_work/cohorte/java/CODE_FUN_JAVA_001/CODE_FUN_JAVA_001.java,0.057034220532319393,15,3,11,4
2969,15,baselines_work/cohorte/java/CODE_ESTRU_JAVA_001/CODE_ESTRU_JAVA_001.java,25,baselines_work/cohorte/java/CODE_ESTRU_JAVA_012/CODE_ESTRU_JAVA_012.java,0.2054794520547945,15,3,8,7
3019,16,baselines_work/cohorte/java/CODE_ESTRU_JAVA_002/CODE_ESTRU_JAVA_002.java,18,baselines_work/cohorte/java/CODE_ESTRU_JAVA_004/CODE_ESTRU_JAVA_004.java,0.15789473684210525,15,5,8,7
3026,16,baselines_work/cohorte/java/CODE_ESTRU_JAVA_002/CODE_ESTRU_JAVA_002.java,26,baselines_work/cohorte/java/CODE_ESTRU_JAVA_011/CODE_ESTRU_JAVA_011.java,0.1744186046511628,15,3,8,7
3052,16,baselines_work/cohorte/java/CODE_ESTRU_JAVA_002/CODE_ESTRU_JAVA_002.java,50,baselines_work/cohorte/java/CODE_IDENT_JAVA_004/CODE_IDENT_JAVA_004.java,0.1595744680851064,15,5,8,7
3053,16,baselines_work/cohorte/java/CODE_ESTRU_JAVA_002/CODE_ESTRU_JAVA_002.java,55,baselines_work/cohorte/java/CODE_IDENT_JAVA_004_COPY/CODE_IDENT_JAVA_004.java,0.1595744680851064,15,5,8,7
3077,17,baselines_work/cohorte/java/CODE_ESTRU_JAVA_003/CODE_ESTRU_JAVA_003.java,19,baselines_work/cohorte/java/CODE_ESTRU_JAVA_005/CODE_ESTRU_JAVA_005.java,0.16666666666666666,15,5,6,9
3084,17,baselines_work/cohorte/java/CODE_ESTRU_JAVA_003/CODE_ESTRU_JAVA_003.java,25,baselines_work/cohorte/java/CODE_ESTRU_JAVA_012/CODE_ESTRU_JAVA_012.java,0.16483516483516483,15,3,7,8
3087,17,baselines_work/cohorte/java/CODE_ESTRU_JAVA_003/CODE_ESTRU_JAVA_003.java,28,baselines_work/cohorte/java/CODE_ESTRU_JAVA_015/CODE_ESTRU_JAVA_015.java,0.11450381679389313,15,3,5,10
3111,17,baselines_work/cohorte/java/CODE_ESTRU_JAVA_003/CODE_ESTRU_JAVA_003.java,52,baselines_work/cohorte/java/CODE_IDENT_JAVA_005/CODE_IDENT_JAVA_005.java,0.16304347826086957,15,5,6,9
3112,17,baselines_work/cohorte/java/CODE_ESTRU_JAVA_003/CODE_ESTRU_JAVA_003.java,54,baselines_work/cohorte/java/CODE_IDENT_JAVA_005_COPY/CODE_IDENT_JAVA_005.java,0.16304347826086957,15,5,6,9
3133,18,baselines_work/cohorte/java/CODE_ESTRU_JAVA_004/CODE_ESTRU_JAVA_004.java,19,baselines_work/cohorte/java/CODE_ESTRU_JAVA_005/CODE_ESTRU_JAVA_005.java,0.16304347826086957,15,5,6,9
3137,18,baselines_work/cohorte/java/CODE_ESTRU_JAVA_004/CODE_ESTRU_JAVA_004.java,21,baselines_work/cohorte/java/CODE_ESTRU_JAVA_009/CODE_ESTRU_JAVA_009.java,0.12605042016806722,15,3,6,9
3161,18,baselines_work/cohorte/java/CODE_ESTRU_JAVA_004/CODE_ESTRU_JAVA_004.java,47,baselines_work/cohorte/java/CODE_IDENT_JAVA_002/CODE_IDENT_JAVA_002.java,0.15463917525773196,15,5,7,8
3162,18,baselines_work/cohorte/java/CODE_ESTRU_JAVA_004/CODE_ESTRU_JAVA_004.java,51,baselines_work/cohorte/java/CODE_IDENT_JAVA_002_COPY/CODE_IDENT_JAVA_002.java,0.15463917525773196,15,5,7,8
3167,18,baselines_work/cohorte/java/CODE_ESTRU_JAVA_004/CODE_ESTRU_JAVA_004.java,52,baselines_work/cohorte/java/CODE_IDENT_JAVA_005/CODE_IDENT_JAVA_005.java,0.1595744680851064,15,5,6,9
3168,18,baselines_work/cohorte/java/CODE_ESTRU_JAVA_004/CODE_ESTRU_JAVA_004.java,54,baselines_work/cohorte/java/CODE_IDENT_JAVA_005_COPY/CODE_IDENT_JAVA_005.java,0.1595744680851064,15,5,6,9
3175,18,baselines_work/cohorte/java/CODE_ESTRU_JAVA_004/CODE_ESTRU_JAVA_004.java,60,baselines_work/cohorte/java/CODE_IDENT_JAVA_009/CODE_IDENT_JAVA_009.java,0.12605042016806722,15,3,6,9
3176,18,baselines_work/cohorte/java/CODE_ESTRU_JAVA_004/CODE_ESTRU_JAVA_004.java,63,baselines_work/cohorte/java/CODE_IDENT_JAVA_009_COPY/CODE_IDENT_JAVA_009.java,0.12605042016806722,15,3,6,9
3191,19,baselines_work/cohorte/java/CODE_ESTRU_JAVA_005/CODE_ESTRU_JAVA_005.java,23,baselines_work/cohorte/java/CODE_ESTRU_JAVA_008/CODE_ESTRU_JAVA_008.java,0.1875,15,5,9,6
3210,19,baselines_work/cohorte/java/CODE_ESTRU_JAVA_005/CODE_ESTRU_JAVA_005.java,41,baselines_work/cohorte/java/CODE_FUN_JAVA_012/CODE_FUN_JAVA_012.java,0.15151515151515152,15,2,10,5
3218,19,baselines_work/cohorte/java/CODE_ESTRU_JAVA_005/CODE_ESTRU_JAVA_005.java,48,baselines_work/cohorte/java/CODE_IDENT_JAVA_003/CODE_IDENT_JAVA_003.java,0.189873417721519,15,5,9,6
3219,19,baselines_work/cohorte/java/CODE_ESTRU_JAVA_005/CODE_ESTRU_JAVA_005.java,49,baselines_work/cohorte/java/CODE_IDENT_JAVA_003_COPY/CODE_IDENT_JAVA_003.java,0.189873417721519,15,5,9,6
3220,19,baselines_work/cohorte/java/CODE_ESTRU_JAVA_005/CODE_ESTRU_JAVA_005.java,50,baselines_work/cohorte/java/CODE_IDENT_JAVA_004/CODE_IDENT_JAVA_004.java,0.16483516483516483,15,5,9,6
3221,19,baselines_work/cohorte/java/CODE_ESTRU_JAVA_005/CODE_ESTRU_JAVA_005.java,55,baselines_work/cohorte/java/CODE_IDENT_JAVA_004_COPY/CODE_IDENT_JAVA_004.java,0.16483516483516483,15,5,9,6
3228,19,baselines_work/cohorte/java/CODE_ESTRU_JAVA_005/CODE_ESTRU_JAVA_005.java,56,baselines_work/cohorte/java/CODE_IDENT_JAVA_008/CODE_IDENT_JAVA_008.java,0.1875,15,5,9,6
3229,19,baselines_work/cohorte/java/CODE_ESTRU_JAVA_005/CODE_ESTRU_JAVA_005.java,61,baselines_work/cohorte/java/CODE_IDENT_JAVA_008_COPY/CODE_IDENT_JAVA_008.java,0.1875,15,5,9,6
3366,23,baselines_work/cohorte/java/CODE_ESTRU_JAVA_008/CODE_ESTRU_JAVA_008.java,39,baselines_work/cohorte/java/CODE_FUN_JAVA_009/CODE_FUN_JAVA_009.java,0.11194029850746269,15,3,6,9
3381,23,baselines_work/cohorte/java/CODE_ESTRU_JAVA_008/CODE_ESTRU_JAVA_008.java,52,baselines_work/cohorte/java/CODE_IDENT_JAVA_005/CODE_IDENT_JAVA_005.java,0.18292682926829268,15,5,6,9
3382,23,baselines_work/cohorte/java/CODE_ESTRU_JAVA_008/CODE_ESTRU_JAVA_008.java,54,baselines_work/cohorte/java/CODE_IDENT_JAVA_005_COPY/CODE_IDENT_JAVA_005.java,0.18292682926829268,15,5,6,9
3409,21,baselines_work/cohorte/java/CODE_ESTRU_JAVA_009/CODE_ESTRU_JAVA_009.java,30,baselines_work/cohorte/java/CODE_FUN_JAVA_001/CODE_FUN_JAVA_001.java,0.1271186440677966,15,3,9,6
3430,21,baselines_work/cohorte/java/CODE_ESTRU_JAVA_009/CODE_ESTRU_JAVA_009.java,50,baselines_work/cohorte/java/CODE_IDENT_JAVA_004/CODE_IDENT_JAVA_004.java,0.1271186440677966,15,3,9,6
3431,21,baselines_work/cohorte/java/CODE_ESTRU_JAVA_009/CODE_ESTRU_JAVA_009.java,55,baselines_work/cohorte/java/CODE_IDENT_JAVA_004_COPY/CODE_IDENT_JAVA_004.java,0.1271186440677966,15,3,9,6
3525,26,baselines_work/cohorte/java/CODE_ESTRU_JAVA_011/CODE_ESTRU_JAVA_011.java,47,baselines_work/cohorte/java/CODE_IDENT_JAVA_002/CODE_IDENT_JAVA_002.java,0.17045454545454544,15,3,7,8
3526,26,baselines_work/cohorte/java/CODE_ESTRU_JAVA_011/CODE_ESTRU_JAVA_011.java,51,baselines_work/cohorte/java/CODE_IDENT_JAVA_002_COPY/CODE_IDENT_JAVA_002.java,0.17045454545454544,15,3,7,8
3560,25,baselines_work/cohorte/java/CODE_ESTRU_JAVA_012/CODE_ESTRU_JAVA_012.java,33,baselines_work/cohorte/java/CODE_FUN_JAVA_005/CODE_FUN_JAVA_005.java,0.13761467889908258,15,2,7,8
3571,25,baselines_work/cohorte/java/CODE_ESTRU_JAVA_012/CODE_ESTRU_JAVA_012.java,46,baselines_work/cohorte/java/CODE_IDENT_JAVA_001/CODE_IDENT_JAVA_001.java,0.2054794520547945,15,3,7,8
3572,25,baselines_work/cohorte/java/CODE_ESTRU_JAVA_012/CODE_ESTRU_JAVA_012.java,45,baselines_work/cohorte/java/CODE_IDENT_JAVA_001_COPY/CODE_IDENT_JAVA_001.java,0.2054794520547945,15,3,7,8
3607,29,baselines_work/cohorte/java/CODE_ESTRU_JAVA_013/CODE_ESTRU_JAVA_013.java,33,baselines_work/cohorte/java/CODE_FUN_JAVA_005/CODE_FUN_JAVA_005.java,0.13392857142857142,15,2,7,8
3653,24,baselines_work/cohorte/java/CODE_ESTRU_JAVA_014/CODE_ESTRU_JAVA_014.java,33,baselines_work/cohorte/java/CODE_FUN_JAVA_005/CODE_FUN_JAVA_005.java,0.10869565217391304,15,2,8,7
3701,28,baselines_work/cohorte/java/CODE_ESTRU_JAVA_015/CODE_ESTRU_JAVA_015.java,38,baselines_work/cohorte/java/CODE_FUN_JAVA_008/CODE_FUN_JAVA_008.java,0.1048951048951049,15,2,9,6
3769,30,baselines_work/cohorte/java/CODE_FUN_JAVA_001/CODE_FUN_JAVA_001.java,60,baselines_work/cohorte/java/CODE_IDENT_JAVA_009/CODE_IDENT_JAVA_009.java,0.1271186440677966,15,3,6,9
3770,30,baselines_work/cohorte/java/CODE_FUN_JAVA_001/CODE_FUN_JAVA_001.java,63,baselines_work/cohorte/java/CODE_IDENT_JAVA_009_COPY/CODE_IDENT_JAVA_009.java,0.1271186440677966,15,3,6,9
3941,33,baselines_work/cohorte/java/CODE_FUN_JAVA_005/CODE_FUN_JAVA_005.java,64,baselines_work/cohorte/java/CODE_IDENT_JAVA_012/CODE_IDENT_JAVA_012.java,0.14423076923076922,15,2,8,7
3942,33,baselines_work/cohorte/java/CODE_FUN_JAVA_005/CODE_FUN_JAVA_005.java,71,baselines_work/cohorte/java/CODE_IDENT_JAVA_012_COPY/CODE_IDENT_JAVA_012.java,0.14423076923076922,15,2,8,7
3943,33,baselines_work/cohorte/java/CODE_FUN_JAVA_005/CODE_FUN_JAVA_005.java,69,baselines_work/cohorte/java/CODE_IDENT_JAVA_013/CODE_IDENT_JAVA_013.java,0.13513513513513514,15,2,8,7
3944,33,baselines_work/cohorte/java/CODE_FUN_JAVA_005/CODE_FUN_JAVA_005.java,70,baselines_work/cohorte/java/CODE_IDENT_JAVA_013_COPY/CODE_IDENT_JAVA_013.java,0.13513513513513514,15,2,8,7
3947,33,baselines_work/cohorte/java/CODE_FUN_JAVA_005/CODE_FUN_JAVA_005.java,73,baselines_work/cohorte/java/CODE_IDENT_JAVA_015/CODE_IDENT_JAVA_015.java,0.1056338028169014,15,2,7,8
3948,33,baselines_work/cohorte/java/CODE_FUN_JAVA_005/CODE_FUN_JAVA_005.java,74,baselines_work/cohorte/java/CODE_IDENT_JAVA_015_COPY/CODE_IDENT_JAVA_015.java,0.1056338028169014,15,2,7,8
4083,39,baselines_work/cohorte/java/CODE_FUN_JAVA_009/CODE_FUN_JAVA_009.java,56,baselines_work/cohorte/java/CODE_IDENT_JAVA_008/CODE_IDENT_JAVA_008.java,0.11194029850746269,15,3,9,6
4084,39,baselines_work/cohorte/java/CODE_FUN_JAVA_009/CODE_FUN_JAVA_009.java,61,baselines_work/cohorte/java/CODE_IDENT_JAVA_008_COPY/CODE_IDENT_JAVA_008.java,0.11194029850746269,15,3,9,6
4354,47,baselines_work/cohorte/java/CODE_IDENT_JAVA_002/CODE_IDENT_JAVA_002.java,50,baselines_work/cohorte/java/CODE_IDENT_JAVA_004/CODE_IDENT_JAVA_004.java,0.15625,15,5,8,7
4355,47,baselines_work/cohorte/java/CODE_IDENT_JAVA_002/CODE_IDENT_JAVA_002.java,55,baselines_work/cohorte/java/CODE_IDENT_JAVA_004_COPY/CODE_IDENT_JAVA_004.java,0.15625,15,5,8,7
4380,51,baselines_work/cohorte/java/CODE_IDENT_JAVA_002_COPY/CODE_IDENT_JAVA_002.java,50,baselines_work/cohorte/java/CODE_IDENT_JAVA_004/CODE_IDENT_JAVA_004.java,0.15625,15,5,8,7
4381,51,baselines_work/cohorte/java/CODE_IDENT_JAVA_002_COPY/CODE_IDENT_JAVA_002.java,55,baselines_work/cohorte/java/CODE_IDENT_JAVA_004_COPY/CODE_IDENT_JAVA_004.java,0.15625,15,5,8,7
4407,48,baselines_work/cohorte/java/CODE_IDENT_JAVA_003/CODE_IDENT_JAVA_003.java,52,baselines_work/cohorte/java/CODE_IDENT_JAVA_005/CODE_IDENT_JAVA_005.java,0.18518518518518517,15,5,6,9
4408,48,baselines_work/cohorte/java/CODE_IDENT_JAVA_003/CODE_IDENT_JAVA_003.java,54,baselines_work/cohorte/java/CODE_IDENT_JAVA_005_COPY/CODE_IDENT_JAVA_005.java,0.18518518518518517,15,5,6,9
4431,49,baselines_work/cohorte/java/CODE_IDENT_JAVA_003_COPY/CODE_IDENT_JAVA_003.java,52,baselines_work/cohorte/java/CODE_IDENT_JAVA_005/CODE_IDENT_JAVA_005.java,0.18518518518518517,15,5,6,9
4432,49,baselines_work/cohorte/java/CODE_IDENT_JAVA_003_COPY/CODE_IDENT_JAVA_003.java,54,baselines_work/cohorte/java/CODE_IDENT_JAVA_005_COPY/CODE_IDENT_JAVA_005.java,0.18518518518518517,15,5,6,9
4454,50,baselines_work/cohorte/java/CODE_IDENT_JAVA_004/CODE_IDENT_JAVA_004.java,52,baselines_work/cohorte/java/CODE_IDENT_JAVA_005/CODE_IDENT_JAVA_005.java,0.16129032258064516,15,5,6,9
4455,50,baselines_work/cohorte/java/CODE_IDENT_JAVA_004/CODE_IDENT_JAVA_004.java,54,baselines_work/cohorte/java/CODE_IDENT_JAVA_005_COPY/CODE_IDENT_JAVA_005.java,0.16129032258064516,15,5,6,9
4462,50,baselines_work/cohorte/java/CODE_IDENT_JAVA_004/CODE_IDENT_JAVA_004.java,60,baselines_work/cohorte/java/CODE_IDENT_JAVA_009/CODE_IDENT_JAVA_009.java,0.1271186440677966,15,3,6,9
4463,50,baselines_work/cohorte/java/CODE_IDENT_JAVA_004/CODE_IDENT_JAVA_004.java,63,baselines_work/cohorte/java/CODE_IDENT_JAVA_009_COPY/CODE_IDENT_JAVA_009.java,0.1271186440677966,15,3,6,9
4476,55,baselines_work/cohorte/java/CODE_IDENT_JAVA_004_COPY/CODE_IDENT_JAVA_004.java,52,baselines_work/cohorte/java/CODE_IDENT_JAVA_005/CODE_IDENT_JAVA_005.java,0.16129032258064516,15,5,6,9
4477,55,baselines_work/cohorte/java/CODE_IDENT_JAVA_004_COPY/CODE_IDENT_JAVA_004.java,54,baselines_work/cohorte/java/CODE_IDENT_JAVA_005_COPY/CODE_IDENT_JAVA_005.java,0.16129032258064516,15,5,6,9
4484,55,baselines_work/cohorte/java/CODE_IDENT_JAVA_004_COPY/CODE_IDENT_JAVA_004.java,60,baselines_work/cohorte/java/CODE_IDENT_JAVA_009/CODE_IDENT_JAVA_009.java,0.1271186440677966,15,3,6,9
4485,55,baselines_work/cohorte/java/CODE_IDENT_JAVA_004_COPY/CODE_IDENT_JAVA_004.java,63,baselines_work/cohorte/java/CODE_IDENT_JAVA_009_COPY/CODE_IDENT_JAVA_009.java,0.1271186440677966,15,3,6,9
4503,52,baselines_work/cohorte/java/CODE_IDENT_JAVA_005/CODE_IDENT_JAVA_005.java,56,baselines_work/cohorte/java/CODE_IDENT_JAVA_008/CODE_IDENT_JAVA_008.java,0.18292682926829268,15,5,9,6
4504,52,baselines_work/cohorte/java/CODE_IDENT_JAVA_005/CODE_IDENT_JAVA_005.java,61,baselines_work/cohorte/java/CODE_IDENT_JAVA_008_COPY/CODE_IDENT_JAVA_008.java,0.18292682926829268,15,5,9,6
4523,54,baselines_work/cohorte/java/CODE_IDENT_JAVA_005_COPY/CODE_IDENT_JAVA_005.java,56,baselines_work/cohorte/java/CODE_IDENT_JAVA_008/CODE_IDENT_JAVA_008.java,0.18292682926829268,15,5,9,6
4524,54,baselines_work/cohorte/java/CODE_IDENT_JAVA_005_COPY/CODE_IDENT_JAVA_005.java,61,baselines_work/cohorte/java/CODE_IDENT_JAVA_008_COPY/CODE_IDENT_JAVA_008.java,0.18292682926829268,15,5,9,6
1955,1,baselines_work/cohorte/java/CODE_DIF_JAVA_001/CODE_DIF_JAVA_001.java,2,baselines_work/cohorte/java/CODE_DIF_JAVA_003/CODE_DIF_JAVA_003.java,0.07329842931937172,14,5,7,7
2133,2,baselines_work/cohorte/java/CODE_DIF_JAVA_003/CODE_DIF_JAVA_003.java,34,baselines_work/cohorte/java/CODE_FUN_JAVA_006/CODE_FUN_JAVA_006.java,0.08641975308641975,14,5,7,7
2204,4,baselines_work/cohorte/java/CODE_DIF_JAVA_004/CODE_DIF_JAVA_004.java,34,baselines_work/cohorte/java/CODE_FUN_JAVA_006/CODE_FUN_JAVA_006.java,0.09722222222222222,14,2,7,7
2226,4,baselines_work/cohorte/java/CODE_DIF_JAVA_004/CODE_DIF_JAVA_004.java,59,baselines_work/cohorte/java/CODE_IDENT_JAVA_007/CODE_IDENT_JAVA_007.java,0.11864406779661017,14,2,7,7
2227,4,baselines_work/cohorte/java/CODE_DIF_JAVA_004/CODE_DIF_JAVA_004.java,57,baselines_work/cohorte/java/CODE_IDENT_JAVA_007_COPY/CODE_IDENT_JAVA_007.java,0.11864406779661017,14,2,7,7
2419,3,baselines_work/cohorte/java/CODE_DIF_JAVA_007/CODE_DIF_JAVA_007.java,43,baselines_work/cohorte/java/CODE_FUN_JAVA_014/CODE_FUN_JAVA_014.java,0.06698564593301436,14,2,6,8
2459,6,baselines_work/cohorte/java/CODE_DIF_JAVA_008/CODE_DIF_JAVA_008.java,16,baselines_work/cohorte/java/CODE_ESTRU_JAVA_002/CODE_ESTRU_JAVA_002.java,0.06763285024154589,14,3,9,5
2469,6,baselines_work/cohorte/java/CODE_DIF_JAVA_008/CODE_DIF_JAVA_008.java,25,baselines_work/cohorte/java/CODE_ESTRU_JAVA_012/CODE_ESTRU_JAVA_012.java,0.06829268292682927,14,1,8,6
2476,6,baselines_work/cohorte/java/CODE_DIF_JAVA_008/CODE_DIF_JAVA_008.java,35,baselines_work/cohorte/java/CODE_FUN_JAVA_004/CODE_FUN_JAVA_004.java,0.06140350877192982,14,3,8,6
2486,6,baselines_work/cohorte/java/CODE_DIF_JAVA_008/CODE_DIF_JAVA_008.java,43,baselines_work/cohorte/java/CODE_FUN_JAVA_014/CODE_FUN_JAVA_014.java,0.05668016194331984,14,1,7,7
2490,6,baselines_work/cohorte/java/CODE_DIF_JAVA_008/CODE_DIF_JAVA_008.java,47,baselines_work/cohorte/java/CODE_IDENT_JAVA_002/CODE_IDENT_JAVA_002.java,0.06698564593301436,14,3,9,5
2491,6,baselines_work/cohorte/java/CODE_DIF_JAVA_008/CODE_DIF_JAVA_008.java,51,baselines_work/cohorte/java/CODE_IDENT_JAVA_002_COPY/CODE_IDENT_JAVA_002.java,0.06698564593301436,14,3,9,5
2510,6,baselines_work/cohorte/java/CODE_DIF_JAVA_008/CODE_DIF_JAVA_008.java,64,baselines_work/cohorte/java/CODE_IDENT_JAVA_012/CODE_IDENT_JAVA_012.java,0.07,14,1,8,6
2511,6,baselines_work/cohorte/java/CODE_DIF_JAVA_008/CODE_DIF_JAVA_008.java,71,baselines_work/cohorte/java/CODE_IDENT_JAVA_012_COPY/CODE_IDENT_JAVA_012.java,0.07,14,1,8,6
2543,5,baselines_work/cohorte/java/CODE_DIF_JAVA_009/CODE_DIF_JAVA_009.java,33,baselines_work/cohorte/java/CODE_FUN_JAVA_005/CODE_FUN_JAVA_005.java,0.06363636363636363,14,7,7,7
2654,10,baselines_work/cohorte/java/CODE_DIF_JAVA_011/CODE_DIF_JAVA_011.java,16,baselines_work/cohorte/java/CODE_ESTRU_JAVA_002/CODE_ESTRU_JAVA_002.java,0.07954545454545454,14,4,9,5
2669,10,baselines_work/cohorte/java/CODE_DIF_JAVA_011/CODE_DIF_JAVA_011.java,31,baselines_work/cohorte/java/CODE_FUN_JAVA_002/CODE_FUN_JAVA_002.java,0.07446808510638298,14,2,10,4
2685,10,baselines_work/cohorte/java/CODE_DIF_JAVA_011/CODE_DIF_JAVA_011.java,47,baselines_work/cohorte/java/CODE_IDENT_JAVA_002/CODE_IDENT_JAVA_002.java,0.07865168539325842,14,4,9,5
2686,10,baselines_work/cohorte/java/CODE_DIF_JAVA_011/CODE_DIF_JAVA_011.java,51,baselines_work/cohorte/java/CODE_IDENT_JAVA_002_COPY/CODE_IDENT_JAVA_002.java,0.07865168539325842,14,4,9,5
2734,11,baselines_work/cohorte/java/CODE_DIF_JAVA_012/CODE_DIF_JAVA_012.java,35,baselines_work/cohorte/java/CODE_FUN_JAVA_004/CODE_FUN_JAVA_004.java,0.08284023668639054,14,3,8,6
2774,11,baselines_work/cohorte/java/CODE_DIF_JAVA_012/CODE_DIF_JAVA_012.java,73,baselines_work/cohorte/java/CODE_IDENT_JAVA_015/CODE_IDENT_JAVA_015.java,0.0782122905027933,14,2,6,8
2775,11,baselines_work/cohorte/java/CODE_DIF_JAVA_012/CODE_DIF_JAVA_012.java,74,baselines_work/cohorte/java/CODE_IDENT_JAVA_015_COPY/CODE_IDENT_JAVA_015.java,0.0782122905027933,14,2,6,8
2790,12,baselines_work/cohorte/java/CODE_DIF_JAVA_013/CODE_DIF_JAVA_013.java,29,baselines_work/cohorte/java/CODE_ESTRU_JAVA_013/CODE_ESTRU_JAVA_013.java,0.07329842931937172,14,2,6,8
2832,12,baselines_work/cohorte/java/CODE_DIF_JAVA_013/CODE_DIF_JAVA_013.java,69,baselines_work/cohorte/java/CODE_IDENT_JAVA_013/CODE_IDENT_JAVA_013.java,0.07368421052631578,14,2,6,8
2833,12,baselines_work/cohorte/java/CODE_DIF_JAVA_013/CODE_DIF_JAVA_013.java,70,baselines_work/cohorte/java/CODE_IDENT_JAVA_013_COPY/CODE_IDENT_JAVA_013.java,0.07368421052631578,14,2,6,8
2849,13,baselines_work/cohorte/java/CODE_DIF_JAVA_014/CODE_DIF_JAVA_014.java,26,baselines_work/cohorte/java/CODE_ESTRU_JAVA_011/CODE_ESTRU_JAVA_011.java,0.08092485549132948,14,2,7,7
2852,13,baselines_work/cohorte/java/CODE_DIF_JAVA_014/CODE_DIF_JAVA_014.java,24,baselines_work/cohorte/java/CODE_ESTRU_JAVA_014/CODE_ESTRU_JAVA_014.java,0.07,14,2,6,8
2903,14,baselines_work/cohorte/java/CODE_DIF_JAVA_015/CODE_DIF_JAVA_015.java,19,baselines_work/cohorte/java/CODE_ESTRU_JAVA_005/CODE_ESTRU_JAVA_005.java,0.05555555555555555,14,1,9,5
2906,14,baselines_work/cohorte/java/CODE_DIF_JAVA_015/CODE_DIF_JAVA_015.java,23,baselines_work/cohorte/java/CODE_ESTRU_JAVA_008/CODE_ESTRU_JAVA_008.java,0.05555555555555555,14,1,10,4
2910,14,baselines_work/cohorte/java/CODE_DIF_JAVA_015/CODE_DIF_JAVA_015.java,25,baselines_work/cohorte/java/CODE_ESTRU_JAVA_012/CODE_ESTRU_JAVA_012.java,0.05533596837944664,14,2,10,4
2911,14,baselines_work/cohorte/java/CODE_DIF_JAVA_015/CODE_DIF_JAVA_015.java,29,baselines_work/cohorte/java/CODE_ESTRU_JAVA_013/CODE_ESTRU_JAVA_013.java,0.0546875,14,2,10,4
2937,14,baselines_work/cohorte/java/CODE_DIF_JAVA_015/CODE_DIF_JAVA_015.java,52,baselines_work/cohorte/java/CODE_IDENT_JAVA_005/CODE_IDENT_JAVA_005.java,0.05511811023622047,14,1,9,5
2938,14,baselines_work/cohorte/java/CODE_DIF_JAVA_015/CODE_DIF_JAVA_015.java,54,baselines_work/cohorte/java/CODE_IDENT_JAVA_005_COPY/CODE_IDENT_JAVA_005.java,0.05511811023622047,14,1,9,5
2943,14,baselines_work/cohorte/java/CODE_DIF_JAVA_015/CODE_DIF_JAVA_015.java,56,baselines_work/cohorte/java/CODE_IDENT_JAVA_008/CODE_IDENT_JAVA_008.java,0.05555555555555555,14,1,10,4
2944,14,baselines_work/cohorte/java/CODE_DIF_JAVA_015/CODE_DIF_JAVA_015.java,61,baselines_work/cohorte/java/CODE_IDENT_JAVA_008_COPY/CODE_IDENT_JAVA_008.java,0.05555555555555555,14,1,10,4
2953,14,baselines_work/cohorte/java/CODE_DIF_JAVA_015/CODE_DIF_JAVA_015.java,69,baselines_work/cohorte/java/CODE_IDENT_JAVA_013/CODE_IDENT_JAVA_013.java,0.054901960784313725,14,2,10,4
2954,14,baselines_work/cohorte/java/CODE_DIF_JAVA_015/CODE_DIF_JAVA_015.java,70,baselines_work/cohorte/java/CODE_IDENT_JAVA_013_COPY/CODE_IDENT_JAVA_013.java,0.054901960784313725,14,2,10,4
2959,15,baselines_work/cohorte/java/CODE_ESTRU_JAVA_001/CODE_ESTRU_JAVA_001.java,16,baselines_work/cohorte/java/CODE_ESTRU_JAVA_002/CODE_ESTRU_JAVA_002.java,0.18666666666666668,14,5,7,7
2967,15,baselines_work/cohorte/java/CODE_ESTRU_JAVA_001/CODE_ESTRU_JAVA_001.java,27,baselines_work/cohorte/java/CODE_ESTRU_JAVA_010/CODE_ESTRU_JAVA_010.java,0.13725490196078433,14,5,6,8
2990,15,baselines_work/cohorte/java/CODE_ESTRU_JAVA_001/CODE_ESTRU_JAVA_001.java,47,baselines_work/cohorte/java/CODE_IDENT_JAVA_002/CODE_IDENT_JAVA_002.java,0.18181818181818182,14,5,7,7
2991,15,baselines_work/cohorte/java/CODE_ESTRU_JAVA_001/CODE_ESTRU_JAVA_001.java,51,baselines_work/cohorte/java/CODE_IDENT_JAVA_002_COPY/CODE_IDENT_JAVA_002.java,0.18181818181818182,14,5,7,7
3008,15,baselines_work/cohorte/java/CODE_ESTRU_JAVA_001/CODE_ESTRU_JAVA_001.java,66,baselines_work/cohorte/java/CODE_IDENT_JAVA_011/CODE_IDENT_JAVA_011.java,0.18421052631578946,14,3,7,7
3009,15,baselines_work/cohorte/java/CODE_ESTRU_JAVA_001/CODE_ESTRU_JAVA_001.java,67,baselines_work/cohorte/java/CODE_IDENT_JAVA_011_COPY/CODE_IDENT_JAVA_011.java,0.18421052631578946,14,3,7,7
3020,16,baselines_work/cohorte/java/CODE_ESTRU_JAVA_002/CODE_ESTRU_JAVA_002.java,19,baselines_work/cohorte/java/CODE_ESTRU_JAVA_005/CODE_ESTRU_JAVA_005.java,0.1686746987951807,14,6,7,7
3025,16,baselines_work/cohorte/java/CODE_ESTRU_JAVA_002/CODE_ESTRU_JAVA_002.java,27,baselines_work/cohorte/java/CODE_ESTRU_JAVA_010/CODE_ESTRU_JAVA_010.java,0.12389380530973451,14,5,6,8
3046,16,baselines_work/cohorte/java/CODE_ESTRU_JAVA_002/CODE_ESTRU_JAVA_002.java,46,baselines_work/cohorte/java/CODE_IDENT_JAVA_001/CODE_IDENT_JAVA_001.java,0.18666666666666668,14,5,7,7
3047,16,baselines_work/cohorte/java/CODE_ESTRU_JAVA_002/CODE_ESTRU_JAVA_002.java,45,baselines_work/cohorte/java/CODE_IDENT_JAVA_001_COPY/CODE_IDENT_JAVA_001.java,0.18666666666666668,14,5,7,7
3056,16,baselines_work/cohorte/java/CODE_ESTRU_JAVA_002/CODE_ESTRU_JAVA_002.java,53,baselines_work/cohorte/java/CODE_IDENT_JAVA_006/CODE_IDENT_JAVA_006.java,0.1794871794871795,14,5,7,7
3057,16,baselines_work/cohorte/java/CODE_ESTRU_JAVA_002/CODE_ESTRU_JAVA_002.java,58,baselines_work/cohorte/java/CODE_IDENT_JAVA_006_COPY/CODE_IDENT_JAVA_006.java,0.1794871794871795,14,5,7,7
3064,16,baselines_work/cohorte/java/CODE_ESTRU_JAVA_002/CODE_ESTRU_JAVA_002.java,62,baselines_work/cohorte/java/CODE_IDENT_JAVA_010/CODE_IDENT_JAVA_010.java,0.125,14,5,6,8
3065,16,baselines_work/cohorte/java/CODE_ESTRU_JAVA_002/CODE_ESTRU_JAVA_002.java,65,baselines_work/cohorte/java/CODE_IDENT_JAVA_010_COPY/CODE_IDENT_JAVA_010.java,0.125,14,5,6,8
3079,17,baselines_work/cohorte/java/CODE_ESTRU_JAVA_003/CODE_ESTRU_JAVA_003.java,22,baselines_work/cohorte/java/CODE_ESTRU_JAVA_007/CODE_ESTRU_JAVA_007.java,0.1320754716981132,14,3,6,8
3086,17,baselines_work/cohorte/java/CODE_ESTRU_JAVA_003/CODE_ESTRU_JAVA_003.java,24,baselines_work/cohorte/java/CODE_ESTRU_JAVA_014/CODE_ESTRU_JAVA_014.java,0.11666666666666667,14,3,5,9
3115,17,baselines_work/cohorte/java/CODE_ESTRU_JAVA_003/CODE_ESTRU_JAVA_003.java,59,baselines_work/cohorte/java/CODE_IDENT_JAVA_007/CODE_IDENT_JAVA_007.java,0.15384615384615385,14,3,6,8
3116,17,baselines_work/cohorte/java/CODE_ESTRU_JAVA_003/CODE_ESTRU_JAVA_003.java,57,baselines_work/cohorte/java/CODE_IDENT_JAVA_007_COPY/CODE_IDENT_JAVA_007.java,0.15384615384615385,14,3,6,8
3127,17,baselines_work/cohorte/java/CODE_ESTRU_JAVA_003/CODE_ESTRU_JAVA_003.java,69,baselines_work/cohorte/java/CODE_IDENT_JAVA_013/CODE_IDENT_JAVA_013.java,0.15053763440860216,14,3,6,8
3128,17,baselines_work/cohorte/java/CODE_ESTRU_JAVA_003/CODE_ESTRU_JAVA_003.java,70,baselines_work/cohorte/java/CODE_IDENT_JAVA_013_COPY/CODE_IDENT_JAVA_013.java,0.15053763440860216,14,3,6,8
3131,17,baselines_work/cohorte/java/CODE_ESTRU_JAVA_003/CODE_ESTRU_JAVA_003.java,73,baselines_work/cohorte/java/CODE_IDENT_JAVA_015/CODE_IDENT_JAVA_015.java,0.11290322580645161,14,3,5,9
3132,17,baselines_work/cohorte/java/CODE_ESTRU_JAVA_003/CODE_ESTRU_JAVA_003.java,74,baselines_work/cohorte/java/CODE_IDENT_JAVA_015_COPY/CODE_IDENT_JAVA_015.java,0.11290322580645161,14,3,5,9
3179,18,baselines_work/cohorte/java/CODE_ESTRU_JAVA_004/CODE_ESTRU_JAVA_004.java,66,baselines_work/cohorte/java/CODE_IDENT_JAVA_011/CODE_IDENT_JAVA_011.java,0.14583333333333334,14,3,6,8
3180,18,baselines_work/cohorte/java/CODE_ESTRU_JAVA_004/CODE_ESTRU_JAVA_004.java,67,baselines_work/cohorte/java/CODE_IDENT_JAVA_011_COPY/CODE_IDENT_JAVA_011.java,0.14583333333333334,14,3,6,8
3197,19,baselines_work/cohorte/java/CODE_ESTRU_JAVA_005/CODE_ESTRU_JAVA_005.java,24,baselines_work/cohorte/java/CODE_ESTRU_JAVA_014/CODE_ESTRU_JAVA_014.java,0.12727272727272726,14,3,7,7
3216,19,baselines_work/cohorte/java/CODE_ESTRU_JAVA_005/CODE_ESTRU_JAVA_005.java,47,baselines_work/cohorte/java/CODE_IDENT_JAVA_002/CODE_IDENT_JAVA_002.java,0.16470588235294117,14,6,7,7
3217,19,baselines_work/cohorte/java/CODE_ESTRU_JAVA_005/CODE_ESTRU_JAVA_005.java,51,baselines_work/cohorte/java/CODE_IDENT_JAVA_002_COPY/CODE_IDENT_JAVA_002.java,0.16470588235294117,14,6,7,7
3251,20,baselines_work/cohorte/java/CODE_ESTRU_JAVA_006/CODE_ESTRU_JAVA_006.java,24,baselines_work/cohorte/java/CODE_ESTRU_JAVA_014/CODE_ESTRU_JAVA_014.java,0.12962962962962962,14,3,7,7
3286,20,baselines_work/cohorte/java/CODE_ESTRU_JAVA_006/CODE_ESTRU_JAVA_006.java,62,baselines_work/cohorte/java/CODE_IDENT_JAVA_010/CODE_IDENT_JAVA_010.java,0.1308411214953271,14,5,6,8
3287,20,baselines_work/cohorte/java/CODE_ESTRU_JAVA_006/CODE_ESTRU_JAVA_006.java,65,baselines_work/cohorte/java/CODE_IDENT_JAVA_010_COPY/CODE_IDENT_JAVA_010.java,0.1308411214953271,14,5,6,8
3306,22,baselines_work/cohorte/java/CODE_ESTRU_JAVA_007/CODE_ESTRU_JAVA_007.java,30,baselines_work/cohorte/java/CODE_FUN_JAVA_001/CODE_FUN_JAVA_001.java,0.1308411214953271,14,3,8,6
3309,22,baselines_work/cohorte/java/CODE_ESTRU_JAVA_007/CODE_ESTRU_JAVA_007.java,35,baselines_work/cohorte/java/CODE_FUN_JAVA_004/CODE_FUN_JAVA_004.java,0.11666666666666667,14,2,8,6
3372,23,baselines_work/cohorte/java/CODE_ESTRU_JAVA_008/CODE_ESTRU_JAVA_008.java,44,baselines_work/cohorte/java/CODE_FUN_JAVA_015/CODE_FUN_JAVA_015.java,0.09722222222222222,14,1,5,9
3416,21,baselines_work/cohorte/java/CODE_ESTRU_JAVA_009/CODE_ESTRU_JAVA_009.java,38,baselines_work/cohorte/java/CODE_FUN_JAVA_008/CODE_FUN_JAVA_008.java,0.10852713178294573,14,1,8,6
3474,27,baselines_work/cohorte/java/CODE_ESTRU_JAVA_010/CODE_ESTRU_JAVA_010.java,46,baselines_work/cohorte/java/CODE_IDENT_JAVA_001/CODE_IDENT_JAVA_001.java,0.13725490196078433,14,5,8,6
3475,27,baselines_work/cohorte/java/CODE_ESTRU_JAVA_010/CODE_ESTRU_JAVA_010.java,45,baselines_work/cohorte/java/CODE_IDENT_JAVA_001_COPY/CODE_IDENT_JAVA_001.java,0.13725490196078433,14,5,8,6
3476,27,baselines_work/cohorte/java/CODE_ESTRU_JAVA_010/CODE_ESTRU_JAVA_010.java,47,baselines_work/cohorte/java/CODE_IDENT_JAVA_002/CODE_IDENT_JAVA_002.java,0.12173913043478261,14,5,8,6
3477,27,baselines_work/cohorte/java/CODE_ESTRU_JAVA_010/CODE_ESTRU_JAVA_010.java,51,baselines_work/cohorte/java/CODE_IDENT_JAVA_002_COPY/CODE_IDENT_JAVA_002.java,0.12173913043478261,14,5,8,6
3484,27,baselines_work/cohorte/java/CODE_ESTRU_JAVA_010/CODE_ESTRU_JAVA_010.java,53,baselines_work/cohorte/java/CODE_IDENT_JAVA_006/CODE_IDENT_JAVA_006.java,0.13333333333333333,14,5,8,6
3485,27,baselines_work/cohorte/java/CODE_ESTRU_JAVA_010/CODE_ESTRU_JAVA_010.java,58,baselines_work/cohorte/java/CODE_IDENT_JAVA_006_COPY/CODE_IDENT_JAVA_006.java,0.13333333333333333,14,5,8,6
3531,26,baselines_work/cohorte/java/CODE_ESTRU_JAVA_011/CODE_ESTRU_JAVA_011.java,52,baselines_work/cohorte/java/CODE_IDENT_JAVA_005/CODE_IDENT_JAVA_005.java,0.16470588235294117,14,3,6,8
3532,26,baselines_work/cohorte/java/CODE_ESTRU_JAVA_011/CODE_ESTRU_JAVA_011.java,54,baselines_work/cohorte/java/CODE_IDENT_JAVA_005_COPY/CODE_IDENT_JAVA_005.java,0.16470588235294117,14,3,6,8
3608,29,baselines_work/cohorte/java/CODE_ESTRU_JAVA_013/CODE_ESTRU_JAVA_013.java,34,baselines_work/cohorte/java/CODE_FUN_JAVA_006/CODE_FUN_JAVA_006.java,0.12612612612612611,14,3,6,8
3656,24,baselines_work/cohorte/java/CODE_ESTRU_JAVA_014/CODE_ESTRU_JAVA_014.java,38,baselines_work/cohorte/java/CODE_FUN_JAVA_008/CODE_FUN_JAVA_008.java,0.10606060606060606,14,2,8,6
3672,24,baselines_work/cohorte/java/CODE_ESTRU_JAVA_014/CODE_ESTRU_JAVA_014.java,52,baselines_work/cohorte/java/CODE_IDENT_JAVA_005/CODE_IDENT_JAVA_005.java,0.125,14,3,7,7
3673,24,baselines_work/cohorte/java/CODE_ESTRU_JAVA_014/CODE_ESTRU_JAVA_014.java,54,baselines_work/cohorte/java/CODE_IDENT_JAVA_005_COPY/CODE_IDENT_JAVA_005.java,0.125,14,3,7,7
3674,24,baselines_work/cohorte/java/CODE_ESTRU_JAVA_014/CODE_ESTRU_JAVA_014.java,53,baselines_work/cohorte/java/CODE_IDENT_JAVA_006/CODE_IDENT_JAVA_006.java,0.13333333333333333,14,3,7,7
3675,24,baselines_work/cohorte/java/CODE_ESTRU_JAVA_014/CODE_ESTRU_JAVA_014.java,58,baselines_work/cohorte/java/CODE_IDENT_JAVA_006_COPY/CODE_IDENT_JAVA_006.java,0.13333333333333333,14,3,7,7
3694,28,baselines_work/cohorte/java/CODE_ESTRU_JAVA_015/CODE_ESTRU_JAVA_015.java,30,baselines_work/cohorte/java/CODE_FUN_JAVA_001/CODE_FUN_JAVA_001.java,0.10606060606060606,14,2,9,5
3765,30,baselines_work/cohorte/java/CODE_FUN_JAVA_001/CODE_FUN_JAVA_001.java,59,baselines_work/cohorte/java/CODE_IDENT_JAVA_007/CODE_IDENT_JAVA_007.java,0.15217391304347827,14,3,6,8
3766,30,baselines_work/cohorte/java/CODE_FUN_JAVA_001/CODE_FUN_JAVA_001.java,57,baselines_work/cohorte/java/CODE_IDENT_JAVA_007_COPY/CODE_IDENT_JAVA_007.java,0.15217391304347827,14,3,6,8
3872,35,baselines_work/cohorte/java/CODE_FUN_JAVA_004/CODE_FUN_JAVA_004.java,39,baselines_work/cohorte/java/CODE_FUN_JAVA_009/CODE_FUN_JAVA_009.java,0.08860759493670886,14,3,5,9
4004,37,baselines_work/cohorte/java/CODE_FUN_JAVA_007/CODE_FUN_JAVA_007.java,52,baselines_work/cohorte/java/CODE_IDENT_JAVA_005/CODE_IDENT_JAVA_005.java,0.11382113821138211,14,2,4,10
4005,37,baselines_work/cohorte/java/CODE_FUN_JAVA_007/CODE_FUN_JAVA_007.java,54,baselines_work/cohorte/java/CODE_IDENT_JAVA_005_COPY/CODE_IDENT_JAVA_005.java,0.11382113821138211,14,2,4,10
4022,37,baselines_work/cohorte/java/CODE_FUN_JAVA_007/CODE_FUN_JAVA_007.java,68,baselines_work/cohorte/java/CODE_IDENT_JAVA_014/CODE_IDENT_JAVA_014.java,0.10218978102189781,14,2,6,8
4023,37,baselines_work/cohorte/java/CODE_FUN_JAVA_007/CODE_FUN_JAVA_007.java,72,baselines_work/cohorte/java/CODE_IDENT_JAVA_014_COPY/CODE_IDENT_JAVA_014.java,0.10218978102189781,14,2,6,8
4049,38,baselines_work/cohorte/java/CODE_FUN_JAVA_008/CODE_FUN_JAVA_008.java,60,baselines_work/cohorte/java/CODE_IDENT_JAVA_009/CODE_IDENT_JAVA_009.java,0.10852713178294573,14,1,6,8
4050,38,baselines_work/cohorte/java/CODE_FUN_JAVA_008/CODE_FUN_JAVA_008.java,63,baselines_work/cohorte/java/CODE_IDENT_JAVA_009_COPY/CODE_IDENT_JAVA_009.java,0.10852713178294573,14,1,6,8
4059,38,baselines_work/cohorte/java/CODE_FUN_JAVA_008/CODE_FUN_JAVA_008.java,68,baselines_work/cohorte/java/CODE_IDENT_JAVA_014/CODE_IDENT_JAVA_014.java,0.11864406779661017,14,2,6,8
4060,38,baselines_work/cohorte/java/CODE_FUN_JAVA_008/CODE_FUN_JAVA_008.java,72,baselines_work/cohorte/java/CODE_IDENT_JAVA_014_COPY/CODE_IDENT_JAVA_014.java,0.11864406779661017,14,2,6,8
4061,38,baselines_work/cohorte/java/CODE_FUN_JAVA_008/CODE_FUN_JAVA_008.java,73,baselines_work/cohorte/java/CODE_IDENT_JAVA_015/CODE_IDENT_JAVA_015.java,0.10294117647058823,14,2,6,8
4062,38,baselines_work/cohorte/java/CODE_FUN_JAVA_008/CODE_FUN_JAVA_008.java,74,baselines_work/cohorte/java/CODE_IDENT_JAVA_015_COPY/CODE_IDENT_JAVA_015.java,0.10294117647058823,14,2,6,8
4179,41,baselines_work/cohorte/java/CODE_FUN_JAVA_012/CODE_FUN_JAVA_012.java,52,baselines_work/cohorte/java/CODE_IDENT_JAVA_005/CODE_IDENT_JAVA_005.java,0.13861386138613863,14,2,4,10
4180,41,baselines_work/cohorte/java/CODE_FUN_JAVA_012/CODE_FUN_JAVA_012.java,54,baselines_work/cohorte/java/CODE_IDENT_JAVA_005_COPY/CODE_IDENT_JAVA_005.java,0.13861386138613863,14,2,4,10
4211,40,baselines_work/cohorte/java/CODE_FUN_JAVA_013/CODE_FUN_JAVA_013.java,52,baselines_work/cohorte/java/CODE_IDENT_JAVA_005/CODE_IDENT_JAVA_005.java,0.1346153846153846,14,2,4,10
4212,40,baselines_work/cohorte/java/CODE_FUN_JAVA_013/CODE_FUN_JAVA_013.java,54,baselines_work/cohorte/java/CODE_IDENT_JAVA_005_COPY/CODE_IDENT_JAVA_005.java,0.1346153846153846,14,2,4,10
4278,44,baselines_work/cohorte/java/CODE_FUN_JAVA_015/CODE_FUN_JAVA_015.java,56,baselines_work/cohorte/java/CODE_IDENT_JAVA_008/CODE_IDENT_JAVA_008.java,0.09722222222222222,14,1,9,5
4279,44,baselines_work/cohorte/java/CODE_FUN_JAVA_015/CODE_FUN_JAVA_015.java,61,baselines_work/cohorte/java/CODE_IDENT_JAVA_008_COPY/CODE_IDENT_JAVA_008.java,0.09722222222222222,14,1,9,5
4295,46,baselines_work/cohorte/java/CODE_IDENT_JAVA_001/CODE_IDENT_JAVA_001.java,47,baselines_work/cohorte/java/CODE_IDENT_JAVA_002/CODE_IDENT_JAVA_002.java,0.18181818181818182,14,5,7,7
4296,46,baselines_work/cohorte/java/CODE_IDENT_JAVA_001/CODE_IDENT_JAVA_001.java,51,baselines_work/cohorte/java/CODE_IDENT_JAVA_002_COPY/CODE_IDENT_JAVA_002.java,0.18181818181818182,14,5,7,7
4313,46,baselines_work/cohorte/java/CODE_IDENT_JAVA_001/CODE_IDENT_JAVA_001.java,66,baselines_work/cohorte/java/CODE_IDENT_JAVA_011/CODE_IDENT_JAVA_011.java,0.18421052631578946,14,3,7,7
4314,46,baselines_work/cohorte/java/CODE_IDENT_JAVA_001/CODE_IDENT_JAVA_001.java,67,baselines_work/cohorte/java/CODE_IDENT_JAVA_011_COPY/CODE_IDENT_JAVA_011.java,0.18421052631578946,14,3,7,7
4323,45,baselines_work/cohorte/java/CODE_IDENT_JAVA_001_COPY/CODE_IDENT_JAVA_001.java,47,baselines_work/cohorte/java/CODE_IDENT_JAVA_002/CODE_IDENT_JAVA_002.java,0.18181818181818182,14,5,7,7
4324,45,baselines_work/cohorte/java/CODE_IDENT_JAVA_001_COPY/CODE_IDENT_JAVA_001.java,51,baselines_work/cohorte/java/CODE_IDENT_JAVA_002_COPY/CODE_IDENT_JAVA_002.java,0.18181818181818182,14,5,7,7
4341,45,baselines_work/cohorte/java/CODE_IDENT_JAVA_001_COPY/CODE_IDENT_JAVA_001.java,66,baselines_work/cohorte/java/CODE_IDENT_JAVA_011/CODE_IDENT_JAVA_011.java,0.18421052631578946,14,3,7,7
4342,45,baselines_work/cohorte/java/CODE_IDENT_JAVA_001_COPY/CODE_IDENT_JAVA_001.java,67,baselines_work/cohorte/java/CODE_IDENT_JAVA_011_COPY/CODE_IDENT_JAVA_011.java,0.18421052631578946,14,3,7,7
4358,47,baselines_work/cohorte/java/CODE_IDENT_JAVA_002/CODE_IDENT_JAVA_002.java,53,baselines_work/cohorte/java/CODE_IDENT_JAVA_006/CODE_IDENT_JAVA_006.java,0.175,14,5,7,7
4359,47,baselines_work/cohorte/java/CODE_IDENT_JAVA_002/CODE_IDENT_JAVA_002.java,58,baselines_work/cohorte/java/CODE_IDENT_JAVA_006_COPY/CODE_IDENT_JAVA_006.java,0.175,14,5,7,7
4366,47,baselines_work/cohorte/java/CODE_IDENT_JAVA_002/CODE_IDENT_JAVA_002.java,62,baselines_work/cohorte/java/CODE_IDENT_JAVA_010/CODE_IDENT_JAVA_010.java,0.12280701754385964,14,5,6,8
4367,47,baselines_work/cohorte/java/CODE_IDENT_JAVA_002/CODE_IDENT_JAVA_002.java,65,baselines_work/cohorte/java/CODE_IDENT_JAVA_010_COPY/CODE_IDENT_JAVA_010.java,0.12280701754385964,14,5,6,8
4384,51,baselines_work/cohorte/java/CODE_IDENT_JAVA_002_COPY/CODE_IDENT_JAVA_002.java,53,baselines_work/cohorte/java/CODE_IDENT_JAVA_006/CODE_IDENT_JAVA_006.java,0.175,14,5,7,7
4385,51,baselines_work/cohorte/java/CODE_IDENT_JAVA_002_COPY/CODE_IDENT_JAVA_002.java,58,baselines_work/cohorte/java/CODE_IDENT_JAVA_006_COPY/CODE_IDENT_JAVA_006.java,0.175,14,5,7,7
4392,51,baselines_work/cohorte/java/CODE_IDENT_JAVA_002_COPY/CODE_IDENT_JAVA_002.java,62,baselines_work/cohorte/java/CODE_IDENT_JAVA_010/CODE_IDENT_JAVA_010.java,0.12280701754385964,14,5,6,8
4393,51,baselines_work/cohorte/java/CODE_IDENT_JAVA_002_COPY/CODE_IDENT_JAVA_002.java,65,baselines_work/cohorte/java/CODE_IDENT_JAVA_010_COPY/CODE_IDENT_JAVA_010.java,0.12280701754385964,14,5,6,8
4466,50,baselines_work/cohorte/java/CODE_IDENT_JAVA_004/CODE_IDENT_JAVA_004.java,66,baselines_work/cohorte/java/CODE_IDENT_JAVA_011/CODE_IDENT_JAVA_011.java,0.14736842105263157,14,3,6,8
4467,50,baselines_work/cohorte/java/CODE_IDENT_JAVA_004/CODE_IDENT_JAVA_004.java,67,baselines_work/cohorte/java/CODE_IDENT_JAVA_011_COPY/CODE_IDENT_JAVA_011.java,0.14736842105263157,14,3,6,8
4488,55,baselines_work/cohorte/java/CODE_IDENT_JAVA_004_COPY/CODE_IDENT_JAVA_004.java,66,baselines_work/cohorte/java/CODE_IDENT_JAVA_011/CODE_IDENT_JAVA_011.java,0.14736842105263157,14,3,6,8
4489,55,baselines_work/cohorte/java/CODE_IDENT_JAVA_004_COPY/CODE_IDENT_JAVA_004.java,67,baselines_work/cohorte/java/CODE_IDENT_JAVA_011_COPY/CODE_IDENT_JAVA_011.java,0.14736842105263157,14,3,6,8
2031,0,baselines_work/cohorte/java/CODE_DIF_JAVA_002/CODE_DIF_JAVA_002.java,7,baselines_work/cohorte/java/CODE_DIF_JAVA_006/CODE_DIF_JAVA_006.java,0.07602339181286549,13,3,6,7
2108,2,baselines_work/cohorte/java/CODE_DIF_JAVA_003/CODE_DIF_JAVA_003.java,10,baselines_work/cohorte/java/CODE_DIF_JAVA_011/CODE_DIF_JAVA_011.java,0.05701754385964912,13,3,6,7
2130,2,baselines_work/cohorte/java/CODE_DIF_JAVA_003/CODE_DIF_JAVA_003.java,32,baselines_work/cohorte/java/CODE_FUN_JAVA_003/CODE_FUN_JAVA_003.java,0.09774436090225563,13,4,6,7
2198,4,baselines_work/cohorte/java/CODE_DIF_JAVA_004/CODE_DIF_JAVA_004.java,28,baselines_work/cohorte/java/CODE_ESTRU_JAVA_015/CODE_ESTRU_JAVA_015.java,0.08227848101265822,13,2,5,8
2209,4,baselines_work/cohorte/java/CODE_DIF_JAVA_004/CODE_DIF_JAVA_004.java,42,baselines_work/cohorte/java/CODE_FUN_JAVA_011/CODE_FUN_JAVA_011.java,0.09090909090909091,13,2,6,7
2401,3,baselines_work/cohorte/java/CODE_DIF_JAVA_007/CODE_DIF_JAVA_007.java,26,baselines_work/cohorte/java/CODE_ESTRU_JAVA_011/CODE_ESTRU_JAVA_011.java,0.07692307692307693,13,2,6,7
2402,3,baselines_work/cohorte/java/CODE_DIF_JAVA_007/CODE_DIF_JAVA_007.java,25,baselines_work/cohorte/java/CODE_ESTRU_JAVA_012/CODE_ESTRU_JAVA_012.java,0.07784431137724551,13,2,6,7
2403,3,baselines_work/cohorte/java/CODE_DIF_JAVA_007/CODE_DIF_JAVA_007.java,29,baselines_work/cohorte/java/CODE_ESTRU_JAVA_013/CODE_ESTRU_JAVA_013.java,0.07647058823529412,13,2,6,7
2404,3,baselines_work/cohorte/java/CODE_DIF_JAVA_007/CODE_DIF_JAVA_007.java,24,baselines_work/cohorte/java/CODE_ESTRU_JAVA_014/CODE_ESTRU_JAVA_014.java,0.0663265306122449,13,2,5,8
2441,3,baselines_work/cohorte/java/CODE_DIF_JAVA_007/CODE_DIF_JAVA_007.java,66,baselines_work/cohorte/java/CODE_IDENT_JAVA_011/CODE_IDENT_JAVA_011.java,0.07647058823529412,13,2,6,7
2442,3,baselines_work/cohorte/java/CODE_DIF_JAVA_007/CODE_DIF_JAVA_007.java,67,baselines_work/cohorte/java/CODE_IDENT_JAVA_011_COPY/CODE_IDENT_JAVA_011.java,0.07647058823529412,13,2,6,7
2443,3,baselines_work/cohorte/java/CODE_DIF_JAVA_007/CODE_DIF_JAVA_007.java,64,baselines_work/cohorte/java/CODE_IDENT_JAVA_012/CODE_IDENT_JAVA_012.java,0.08024691358024691,13,2,6,7
2444,3,baselines_work/cohorte/java/CODE_DIF_JAVA_007/CODE_DIF_JAVA_007.java,71,baselines_work/cohorte/java/CODE_IDENT_JAVA_012_COPY/CODE_IDENT_JAVA_012.java,0.08024691358024691,13,2,6,7
2445,3,baselines_work/cohorte/java/CODE_DIF_JAVA_007/CODE_DIF_JAVA_007.java,69,baselines_work/cohorte/java/CODE_IDENT_JAVA_013/CODE_IDENT_JAVA_013.java,0.07692307692307693,13,2,6,7
2446,3,baselines_work/cohorte/java/CODE_DIF_JAVA_007/CODE_DIF_JAVA_007.java,70,baselines_work/cohorte/java/CODE_IDENT_JAVA_013_COPY/CODE_IDENT_JAVA_013.java,0.07692307692307693,13,2,6,7
2447,3,baselines_work/cohorte/java/CODE_DIF_JAVA_007/CODE_DIF_JAVA_007.java,68,baselines_work/cohorte/java/CODE_IDENT_JAVA_014/CODE_IDENT_JAVA_014.java,0.07142857142857142,13,2,5,8
2448,3,baselines_work/cohorte/java/CODE_DIF_JAVA_007/CODE_DIF_JAVA_007.java,72,baselines_work/cohorte/java/CODE_IDENT_JAVA_014_COPY/CODE_IDENT_JAVA_014.java,0.07142857142857142,13,2,5,8
2533,5,baselines_work/cohorte/java/CODE_DIF_JAVA_009/CODE_DIF_JAVA_009.java,27,baselines_work/cohorte/java/CODE_ESTRU_JAVA_010/CODE_ESTRU_JAVA_010.java,0.05855855855855856,13,2,3,10
2548,5,baselines_work/cohorte/java/CODE_DIF_JAVA_009/CODE_DIF_JAVA_009.java,36,baselines_work/cohorte/java/CODE_FUN_JAVA_010/CODE_FUN_JAVA_010.java,0.051587301587301584,13,2,5,8
2550,5,baselines_work/cohorte/java/CODE_DIF_JAVA_009/CODE_DIF_JAVA_009.java,41,baselines_work/cohorte/java/CODE_FUN_JAVA_012/CODE_FUN_JAVA_012.java,0.061611374407582936,13,2,7,6
2551,5,baselines_work/cohorte/java/CODE_DIF_JAVA_009/CODE_DIF_JAVA_009.java,40,baselines_work/cohorte/java/CODE_FUN_JAVA_013/CODE_FUN_JAVA_013.java,0.06074766355140187,13,2,7,6
2572,5,baselines_work/cohorte/java/CODE_DIF_JAVA_009/CODE_DIF_JAVA_009.java,62,baselines_work/cohorte/java/CODE_IDENT_JAVA_010/CODE_IDENT_JAVA_010.java,0.058823529411764705,13,2,3,10
2573,5,baselines_work/cohorte/java/CODE_DIF_JAVA_009/CODE_DIF_JAVA_009.java,65,baselines_work/cohorte/java/CODE_IDENT_JAVA_010_COPY/CODE_IDENT_JAVA_010.java,0.058823529411764705,13,2,3,10
2598,9,baselines_work/cohorte/java/CODE_DIF_JAVA_010/CODE_DIF_JAVA_010.java,27,baselines_work/cohorte/java/CODE_ESTRU_JAVA_010/CODE_ESTRU_JAVA_010.java,0.05327868852459016,13,1,8,5
2637,9,baselines_work/cohorte/java/CODE_DIF_JAVA_010/CODE_DIF_JAVA_010.java,62,baselines_work/cohorte/java/CODE_IDENT_JAVA_010/CODE_IDENT_JAVA_010.java,0.053497942386831275,13,1,8,5
2638,9,baselines_work/cohorte/java/CODE_DIF_JAVA_010/CODE_DIF_JAVA_010.java,65,baselines_work/cohorte/java/CODE_IDENT_JAVA_010_COPY/CODE_IDENT_JAVA_010.java,0.053497942386831275,13,1,8,5
2662,10,baselines_work/cohorte/java/CODE_DIF_JAVA_011/CODE_DIF_JAVA_011.java,27,baselines_work/cohorte/java/CODE_ESTRU_JAVA_010/CODE_ESTRU_JAVA_010.java,0.06403940886699508,13,2,9,4
2673,10,baselines_work/cohorte/java/CODE_DIF_JAVA_011/CODE_DIF_JAVA_011.java,34,baselines_work/cohorte/java/CODE_FUN_JAVA_006/CODE_FUN_JAVA_006.java,0.065,13,3,7,6
2701,10,baselines_work/cohorte/java/CODE_DIF_JAVA_011/CODE_DIF_JAVA_011.java,62,baselines_work/cohorte/java/CODE_IDENT_JAVA_010/CODE_IDENT_JAVA_010.java,0.06435643564356436,13,2,9,4
2702,10,baselines_work/cohorte/java/CODE_DIF_JAVA_011/CODE_DIF_JAVA_011.java,65,baselines_work/cohorte/java/CODE_IDENT_JAVA_010_COPY/CODE_IDENT_JAVA_010.java,0.06435643564356436,13,2,9,4
2721,11,baselines_work/cohorte/java/CODE_DIF_JAVA_012/CODE_DIF_JAVA_012.java,20,baselines_work/cohorte/java/CODE_ESTRU_JAVA_006/CODE_ESTRU_JAVA_006.java,0.09090909090909091,13,3,6,7
2728,11,baselines_work/cohorte/java/CODE_DIF_JAVA_012/CODE_DIF_JAVA_012.java,29,baselines_work/cohorte/java/CODE_ESTRU_JAVA_013/CODE_ESTRU_JAVA_013.java,0.087248322147651,13,2,6,7
2731,11,baselines_work/cohorte/java/CODE_DIF_JAVA_012/CODE_DIF_JAVA_012.java,30,baselines_work/cohorte/java/CODE_FUN_JAVA_001/CODE_FUN_JAVA_001.java,0.08333333333333333,13,3,7,6
2770,11,baselines_work/cohorte/java/CODE_DIF_JAVA_012/CODE_DIF_JAVA_012.java,69,baselines_work/cohorte/java/CODE_IDENT_JAVA_013/CODE_IDENT_JAVA_013.java,0.08783783783783784,13,2,6,7
2771,11,baselines_work/cohorte/java/CODE_DIF_JAVA_012/CODE_DIF_JAVA_012.java,70,baselines_work/cohorte/java/CODE_IDENT_JAVA_013_COPY/CODE_IDENT_JAVA_013.java,0.08783783783783784,13,2,6,7
2789,12,baselines_work/cohorte/java/CODE_DIF_JAVA_013/CODE_DIF_JAVA_013.java,25,baselines_work/cohorte/java/CODE_ESTRU_JAVA_012/CODE_ESTRU_JAVA_012.java,0.06914893617021277,13,2,6,7
2830,12,baselines_work/cohorte/java/CODE_DIF_JAVA_013/CODE_DIF_JAVA_013.java,64,baselines_work/cohorte/java/CODE_IDENT_JAVA_012/CODE_IDENT_JAVA_012.java,0.07103825136612021,13,2,6,7
2831,12,baselines_work/cohorte/java/CODE_DIF_JAVA_013/CODE_DIF_JAVA_013.java,71,baselines_work/cohorte/java/CODE_IDENT_JAVA_012_COPY/CODE_IDENT_JAVA_012.java,0.07103825136612021,13,2,6,7
2845,13,baselines_work/cohorte/java/CODE_DIF_JAVA_014/CODE_DIF_JAVA_014.java,22,baselines_work/cohorte/java/CODE_ESTRU_JAVA_007/CODE_ESTRU_JAVA_007.java,0.06989247311827956,13,3,6,7
2881,13,baselines_work/cohorte/java/CODE_DIF_JAVA_014/CODE_DIF_JAVA_014.java,59,baselines_work/cohorte/java/CODE_IDENT_JAVA_007/CODE_IDENT_JAVA_007.java,0.07602339181286549,13,3,6,7
2882,13,baselines_work/cohorte/java/CODE_DIF_JAVA_014/CODE_DIF_JAVA_014.java,57,baselines_work/cohorte/java/CODE_IDENT_JAVA_007_COPY/CODE_IDENT_JAVA_007.java,0.07602339181286549,13,3,6,7
2902,14,baselines_work/cohorte/java/CODE_DIF_JAVA_015/CODE_DIF_JAVA_015.java,18,baselines_work/cohorte/java/CODE_ESTRU_JAVA_004/CODE_ESTRU_JAVA_004.java,0.04924242424242424,13,1,10,3
2904,14,baselines_work/cohorte/java/CODE_DIF_JAVA_015/CODE_DIF_JAVA_015.java,20,baselines_work/cohorte/java/CODE_ESTRU_JAVA_006/CODE_ESTRU_JAVA_006.java,0.052,13,3,7,6
2935,14,baselines_work/cohorte/java/CODE_DIF_JAVA_015/CODE_DIF_JAVA_015.java,50,baselines_work/cohorte/java/CODE_IDENT_JAVA_004/CODE_IDENT_JAVA_004.java,0.049429657794676805,13,1,10,3
2936,14,baselines_work/cohorte/java/CODE_DIF_JAVA_015/CODE_DIF_JAVA_015.java,55,baselines_work/cohorte/java/CODE_IDENT_JAVA_004_COPY/CODE_IDENT_JAVA_004.java,0.049429657794676805,13,1,10,3
2966,15,baselines_work/cohorte/java/CODE_ESTRU_JAVA_001/CODE_ESTRU_JAVA_001.java,21,baselines_work/cohorte/java/CODE_ESTRU_JAVA_009/CODE_ESTRU_JAVA_009.java,0.13131313131313133,13,3,7,6
3004,15,baselines_work/cohorte/java/CODE_ESTRU_JAVA_001/CODE_ESTRU_JAVA_001.java,60,baselines_work/cohorte/java/CODE_IDENT_JAVA_009/CODE_IDENT_JAVA_009.java,0.13131313131313133,13,3,7,6
3005,15,baselines_work/cohorte/java/CODE_ESTRU_JAVA_001/CODE_ESTRU_JAVA_001.java,63,baselines_work/cohorte/java/CODE_IDENT_JAVA_009_COPY/CODE_IDENT_JAVA_009.java,0.13131313131313133,13,3,7,6
3072,16,baselines_work/cohorte/java/CODE_ESTRU_JAVA_002/CODE_ESTRU_JAVA_002.java,68,baselines_work/cohorte/java/CODE_IDENT_JAVA_014/CODE_IDENT_JAVA_014.java,0.13131313131313133,13,3,6,7
3073,16,baselines_work/cohorte/java/CODE_ESTRU_JAVA_002/CODE_ESTRU_JAVA_002.java,72,baselines_work/cohorte/java/CODE_IDENT_JAVA_014_COPY/CODE_IDENT_JAVA_014.java,0.13131313131313133,13,3,6,7
3081,17,baselines_work/cohorte/java/CODE_ESTRU_JAVA_003/CODE_ESTRU_JAVA_003.java,21,baselines_work/cohorte/java/CODE_ESTRU_JAVA_009/CODE_ESTRU_JAVA_009.java,0.1111111111111111,13,3,5,8
3083,17,baselines_work/cohorte/java/CODE_ESTRU_JAVA_003/CODE_ESTRU_JAVA_003.java,26,baselines_work/cohorte/java/CODE_ESTRU_JAVA_011/CODE_ESTRU_JAVA_011.java,0.13978494623655913,13,3,6,7
3119,17,baselines_work/cohorte/java/CODE_ESTRU_JAVA_003/CODE_ESTRU_JAVA_003.java,60,baselines_work/cohorte/java/CODE_IDENT_JAVA_009/CODE_IDENT_JAVA_009.java,0.1111111111111111,13,3,5,8
3120,17,baselines_work/cohorte/java/CODE_ESTRU_JAVA_003/CODE_ESTRU_JAVA_003.java,63,baselines_work/cohorte/java/CODE_IDENT_JAVA_009_COPY/CODE_IDENT_JAVA_009.java,0.1111111111111111,13,3,5,8
3123,17,baselines_work/cohorte/java/CODE_ESTRU_JAVA_003/CODE_ESTRU_JAVA_003.java,66,baselines_work/cohorte/java/CODE_IDENT_JAVA_011/CODE_IDENT_JAVA_011.java,0.13829787234042554,13,3,6,7
3124,17,baselines_work/cohorte/java/CODE_ESTRU_JAVA_003/CODE_ESTRU_JAVA_003.java,67,baselines_work/cohorte/java/CODE_IDENT_JAVA_011_COPY/CODE_IDENT_JAVA_011.java,0.13829787234042554,13,3,6,7
3125,17,baselines_work/cohorte/java/CODE_ESTRU_JAVA_003/CODE_ESTRU_JAVA_003.java,64,baselines_work/cohorte/java/CODE_IDENT_JAVA_012/CODE_IDENT_JAVA_012.java,0.1511627906976744,13,3,6,7
3126,17,baselines_work/cohorte/java/CODE_ESTRU_JAVA_003/CODE_ESTRU_JAVA_003.java,71,baselines_work/cohorte/java/CODE_IDENT_JAVA_012_COPY/CODE_IDENT_JAVA_012.java,0.1511627906976744,13,3,6,7
3129,17,baselines_work/cohorte/java/CODE_ESTRU_JAVA_003/CODE_ESTRU_JAVA_003.java,68,baselines_work/cohorte/java/CODE_IDENT_JAVA_014/CODE_IDENT_JAVA_014.java,0.12264150943396226,13,3,5,8
3130,17,baselines_work/cohorte/java/CODE_ESTRU_JAVA_003/CODE_ESTRU_JAVA_003.java,72,baselines_work/cohorte/java/CODE_IDENT_JAVA_014_COPY/CODE_IDENT_JAVA_014.java,0.12264150943396226,13,3,5,8
3138,18,baselines_work/cohorte/java/CODE_ESTRU_JAVA_004/CODE_ESTRU_JAVA_004.java,27,baselines_work/cohorte/java/CODE_ESTRU_JAVA_010/CODE_ESTRU_JAVA_010.java,0.10655737704918032,13,5,6,7
3139,18,baselines_work/cohorte/java/CODE_ESTRU_JAVA_004/CODE_ESTRU_JAVA_004.java,26,baselines_work/cohorte/java/CODE_ESTRU_JAVA_011/CODE_ESTRU_JAVA_011.java,0.1368421052631579,13,3,6,7
3177,18,baselines_work/cohorte/java/CODE_ESTRU_JAVA_004/CODE_ESTRU_JAVA_004.java,62,baselines_work/cohorte/java/CODE_IDENT_JAVA_010/CODE_IDENT_JAVA_010.java,0.10743801652892562,13,5,6,7
3178,18,baselines_work/cohorte/java/CODE_ESTRU_JAVA_004/CODE_ESTRU_JAVA_004.java,65,baselines_work/cohorte/java/CODE_IDENT_JAVA_010_COPY/CODE_IDENT_JAVA_010.java,0.10743801652892562,13,5,6,7
3205,19,baselines_work/cohorte/java/CODE_ESTRU_JAVA_005/CODE_ESTRU_JAVA_005.java,37,baselines_work/cohorte/java/CODE_FUN_JAVA_007/CODE_FUN_JAVA_007.java,0.10743801652892562,13,2,9,4
3211,19,baselines_work/cohorte/java/CODE_ESTRU_JAVA_005/CODE_ESTRU_JAVA_005.java,40,baselines_work/cohorte/java/CODE_FUN_JAVA_013/CODE_FUN_JAVA_013.java,0.12745098039215685,13,2,9,4
3250,20,baselines_work/cohorte/java/CODE_ESTRU_JAVA_006/CODE_ESTRU_JAVA_006.java,29,baselines_work/cohorte/java/CODE_ESTRU_JAVA_013/CODE_ESTRU_JAVA_013.java,0.15853658536585366,13,3,6,7
3292,20,baselines_work/cohorte/java/CODE_ESTRU_JAVA_006/CODE_ESTRU_JAVA_006.java,69,baselines_work/cohorte/java/CODE_IDENT_JAVA_013/CODE_IDENT_JAVA_013.java,0.16049382716049382,13,3,6,7
3293,20,baselines_work/cohorte/java/CODE_ESTRU_JAVA_006/CODE_ESTRU_JAVA_006.java,70,baselines_work/cohorte/java/CODE_IDENT_JAVA_013_COPY/CODE_IDENT_JAVA_013.java,0.16049382716049382,13,3,6,7
3313,22,baselines_work/cohorte/java/CODE_ESTRU_JAVA_007/CODE_ESTRU_JAVA_007.java,38,baselines_work/cohorte/java/CODE_FUN_JAVA_008/CODE_FUN_JAVA_008.java,0.11016949152542373,13,2,7,6
3352,23,baselines_work/cohorte/java/CODE_ESTRU_JAVA_008/CODE_ESTRU_JAVA_008.java,27,baselines_work/cohorte/java/CODE_ESTRU_JAVA_010/CODE_ESTRU_JAVA_010.java,0.11818181818181818,13,5,6,7
3391,23,baselines_work/cohorte/java/CODE_ESTRU_JAVA_008/CODE_ESTRU_JAVA_008.java,62,baselines_work/cohorte/java/CODE_IDENT_JAVA_010/CODE_IDENT_JAVA_010.java,0.11926605504587157,13,5,6,7
3392,23,baselines_work/cohorte/java/CODE_ESTRU_JAVA_008/CODE_ESTRU_JAVA_008.java,65,baselines_work/cohorte/java/CODE_IDENT_JAVA_010_COPY/CODE_IDENT_JAVA_010.java,0.11926605504587157,13,5,6,7
3424,21,baselines_work/cohorte/java/CODE_ESTRU_JAVA_009/CODE_ESTRU_JAVA_009.java,46,baselines_work/cohorte/java/CODE_IDENT_JAVA_001/CODE_IDENT_JAVA_001.java,0.13131313131313133,13,3,6,7
3425,21,baselines_work/cohorte/java/CODE_ESTRU_JAVA_009/CODE_ESTRU_JAVA_009.java,45,baselines_work/cohorte/java/CODE_IDENT_JAVA_001_COPY/CODE_IDENT_JAVA_001.java,0.13131313131313133,13,3,6,7
3428,21,baselines_work/cohorte/java/CODE_ESTRU_JAVA_009/CODE_ESTRU_JAVA_009.java,48,baselines_work/cohorte/java/CODE_IDENT_JAVA_003/CODE_IDENT_JAVA_003.java,0.12264150943396226,13,3,8,5
3429,21,baselines_work/cohorte/java/CODE_ESTRU_JAVA_009/CODE_ESTRU_JAVA_009.java,49,baselines_work/cohorte/java/CODE_IDENT_JAVA_003_COPY/CODE_IDENT_JAVA_003.java,0.12264150943396226,13,3,8,5
3473,27,baselines_work/cohorte/java/CODE_ESTRU_JAVA_010/CODE_ESTRU_JAVA_010.java,44,baselines_work/cohorte/java/CODE_FUN_JAVA_015/CODE_FUN_JAVA_015.java,0.07471264367816093,13,1,5,8
3480,27,baselines_work/cohorte/java/CODE_ESTRU_JAVA_010/CODE_ESTRU_JAVA_010.java,50,baselines_work/cohorte/java/CODE_IDENT_JAVA_004/CODE_IDENT_JAVA_004.java,0.10743801652892562,13,5,7,6
3481,27,baselines_work/cohorte/java/CODE_ESTRU_JAVA_010/CODE_ESTRU_JAVA_010.java,55,baselines_work/cohorte/java/CODE_IDENT_JAVA_004_COPY/CODE_IDENT_JAVA_004.java,0.10743801652892562,13,5,7,6
3488,27,baselines_work/cohorte/java/CODE_ESTRU_JAVA_010/CODE_ESTRU_JAVA_010.java,56,baselines_work/cohorte/java/CODE_IDENT_JAVA_008/CODE_IDENT_JAVA_008.java,0.11818181818181818,13,5,7,6
3489,27,baselines_work/cohorte/java/CODE_ESTRU_JAVA_010/CODE_ESTRU_JAVA_010.java,61,baselines_work/cohorte/java/CODE_IDENT_JAVA_008_COPY/CODE_IDENT_JAVA_008.java,0.11818181818181818,13,5,7,6
3508,26,baselines_work/cohorte/java/CODE_ESTRU_JAVA_011/CODE_ESTRU_JAVA_011.java,30,baselines_work/cohorte/java/CODE_FUN_JAVA_001/CODE_FUN_JAVA_001.java,0.13829787234042554,13,2,7,6
3512,26,baselines_work/cohorte/java/CODE_ESTRU_JAVA_011/CODE_ESTRU_JAVA_011.java,33,baselines_work/cohorte/java/CODE_FUN_JAVA_005/CODE_FUN_JAVA_005.java,0.11711711711711711,13,2,6,7
3529,26,baselines_work/cohorte/java/CODE_ESTRU_JAVA_011/CODE_ESTRU_JAVA_011.java,50,baselines_work/cohorte/java/CODE_IDENT_JAVA_004/CODE_IDENT_JAVA_004.java,0.13829787234042554,13,3,7,6
3530,26,baselines_work/cohorte/java/CODE_ESTRU_JAVA_011/CODE_ESTRU_JAVA_011.java,55,baselines_work/cohorte/java/CODE_IDENT_JAVA_004_COPY/CODE_IDENT_JAVA_004.java,0.13829787234042554,13,3,7,6
3575,25,baselines_work/cohorte/java/CODE_ESTRU_JAVA_012/CODE_ESTRU_JAVA_012.java,48,baselines_work/cohorte/java/CODE_IDENT_JAVA_003/CODE_IDENT_JAVA_003.java,0.1625,13,3,7,6
3576,25,baselines_work/cohorte/java/CODE_ESTRU_JAVA_012/CODE_ESTRU_JAVA_012.java,49,baselines_work/cohorte/java/CODE_IDENT_JAVA_003_COPY/CODE_IDENT_JAVA_003.java,0.1625,13,3,7,6
3628,29,baselines_work/cohorte/java/CODE_ESTRU_JAVA_013/CODE_ESTRU_JAVA_013.java,53,baselines_work/cohorte/java/CODE_IDENT_JAVA_006/CODE_IDENT_JAVA_006.java,0.16455696202531644,13,3,7,6
3629,29,baselines_work/cohorte/java/CODE_ESTRU_JAVA_013/CODE_ESTRU_JAVA_013.java,58,baselines_work/cohorte/java/CODE_IDENT_JAVA_006_COPY/CODE_IDENT_JAVA_006.java,0.16455696202531644,13,3,7,6
3700,28,baselines_work/cohorte/java/CODE_ESTRU_JAVA_015/CODE_ESTRU_JAVA_015.java,37,baselines_work/cohorte/java/CODE_FUN_JAVA_007/CODE_FUN_JAVA_007.java,0.08024691358024691,13,2,8,5
3773,30,baselines_work/cohorte/java/CODE_FUN_JAVA_001/CODE_FUN_JAVA_001.java,66,baselines_work/cohorte/java/CODE_IDENT_JAVA_011/CODE_IDENT_JAVA_011.java,0.1368421052631579,13,2,6,7
3774,30,baselines_work/cohorte/java/CODE_FUN_JAVA_001/CODE_FUN_JAVA_001.java,67,baselines_work/cohorte/java/CODE_IDENT_JAVA_011_COPY/CODE_IDENT_JAVA_011.java,0.1368421052631579,13,2,6,7
3781,30,baselines_work/cohorte/java/CODE_FUN_JAVA_001/CODE_FUN_JAVA_001.java,73,baselines_work/cohorte/java/CODE_IDENT_JAVA_015/CODE_IDENT_JAVA_015.java,0.104,13,2,5,8
3782,30,baselines_work/cohorte/java/CODE_FUN_JAVA_001/CODE_FUN_JAVA_001.java,74,baselines_work/cohorte/java/CODE_IDENT_JAVA_015_COPY/CODE_IDENT_JAVA_015.java,0.104,13,2,5,8
3871,35,baselines_work/cohorte/java/CODE_FUN_JAVA_004/CODE_FUN_JAVA_004.java,38,baselines_work/cohorte/java/CODE_FUN_JAVA_008/CODE_FUN_JAVA_008.java,0.10317460317460317,13,3,6,7
3909,33,baselines_work/cohorte/java/CODE_FUN_JAVA_005/CODE_FUN_JAVA_005.java,34,baselines_work/cohorte/java/CODE_FUN_JAVA_006/CODE_FUN_JAVA_006.java,0.0962962962962963,13,2,7,6
3939,33,baselines_work/cohorte/java/CODE_FUN_JAVA_005/CODE_FUN_JAVA_005.java,66,baselines_work/cohorte/java/CODE_IDENT_JAVA_011/CODE_IDENT_JAVA_011.java,0.11607142857142858,13,2,7,6
3940,33,baselines_work/cohorte/java/CODE_FUN_JAVA_005/CODE_FUN_JAVA_005.java,67,baselines_work/cohorte/java/CODE_IDENT_JAVA_011_COPY/CODE_IDENT_JAVA_011.java,0.11607142857142858,13,2,7,6
4031,38,baselines_work/cohorte/java/CODE_FUN_JAVA_008/CODE_FUN_JAVA_008.java,43,baselines_work/cohorte/java/CODE_FUN_JAVA_014/CODE_FUN_JAVA_014.java,0.0896551724137931,13,2,6,7
4045,38,baselines_work/cohorte/java/CODE_FUN_JAVA_008/CODE_FUN_JAVA_008.java,59,baselines_work/cohorte/java/CODE_IDENT_JAVA_007/CODE_IDENT_JAVA_007.java,0.1262135922330097,13,2,6,7
4046,38,baselines_work/cohorte/java/CODE_FUN_JAVA_008/CODE_FUN_JAVA_008.java,57,baselines_work/cohorte/java/CODE_IDENT_JAVA_007_COPY/CODE_IDENT_JAVA_007.java,0.1262135922330097,13,2,6,7
4282,44,baselines_work/cohorte/java/CODE_FUN_JAVA_015/CODE_FUN_JAVA_015.java,62,baselines_work/cohorte/java/CODE_IDENT_JAVA_010/CODE_IDENT_JAVA_010.java,0.07514450867052024,13,1,8,5
4283,44,baselines_work/cohorte/java/CODE_FUN_JAVA_015/CODE_FUN_JAVA_015.java,65,baselines_work/cohorte/java/CODE_IDENT_JAVA_010_COPY/CODE_IDENT_JAVA_010.java,0.07514450867052024,13,1,8,5
4309,46,baselines_work/cohorte/java/CODE_IDENT_JAVA_001/CODE_IDENT_JAVA_001.java,60,baselines_work/cohorte/java/CODE_IDENT_JAVA_009/CODE_IDENT_JAVA_009.java,0.13131313131313133,13,3,7,6
4310,46,baselines_work/cohorte/java/CODE_IDENT_JAVA_001/CODE_IDENT_JAVA_001.java,63,baselines_work/cohorte/java/CODE_IDENT_JAVA_009_COPY/CODE_IDENT_JAVA_009.java,0.13131313131313133,13,3,7,6
4337,45,baselines_work/cohorte/java/CODE_IDENT_JAVA_001_COPY/CODE_IDENT_JAVA_001.java,60,baselines_work/cohorte/java/CODE_IDENT_JAVA_009/CODE_IDENT_JAVA_009.java,0.13131313131313133,13,3,7,6
4338,45,baselines_work/cohorte/java/CODE_IDENT_JAVA_001_COPY/CODE_IDENT_JAVA_001.java,63,baselines_work/cohorte/java/CODE_IDENT_JAVA_009_COPY/CODE_IDENT_JAVA_009.java,0.13131313131313133,13,3,7,6
4374,47,baselines_work/cohorte/java/CODE_IDENT_JAVA_002/CODE_IDENT_JAVA_002.java,68,baselines_work/cohorte/java/CODE_IDENT_JAVA_014/CODE_IDENT_JAVA_014.java,0.12871287128712872,13,3,6,7
4375,47,baselines_work/cohorte/java/CODE_IDENT_JAVA_002/CODE_IDENT_JAVA_002.java,72,baselines_work/cohorte/java/CODE_IDENT_JAVA_014_COPY/CODE_IDENT_JAVA_014.java,0.12871287128712872,13,3,6,7
4400,51,baselines_work/cohorte/java/CODE_IDENT_JAVA_002_COPY/CODE_IDENT_JAVA_002.java,68,baselines_work/cohorte/java/CODE_IDENT_JAVA_014/CODE_IDENT_JAVA_014.java,0.12871287128712872,13,3,6,7
4401,51,baselines_work/cohorte/java/CODE_IDENT_JAVA_002_COPY/CODE_IDENT_JAVA_002.java,72,baselines_work/cohorte/java/CODE_IDENT_JAVA_014_COPY/CODE_IDENT_JAVA_014.java,0.12871287128712872,13,3,6,7
4415,48,baselines_work/cohorte/java/CODE_IDENT_JAVA_003/CODE_IDENT_JAVA_003.java,60,baselines_work/cohorte/java/CODE_IDENT_JAVA_009/CODE_IDENT_JAVA_009.java,0.12264150943396226,13,3,5,8
4416,48,baselines_work/cohorte/java/CODE_IDENT_JAVA_003/CODE_IDENT_JAVA_003.java,63,baselines_work/cohorte/java/CODE_IDENT_JAVA_009_COPY/CODE_IDENT_JAVA_009.java,0.12264150943396226,13,3,5,8
4439,49,baselines_work/cohorte/java/CODE_IDENT_JAVA_003_COPY/CODE_IDENT_JAVA_003.java,60,baselines_work/cohorte/java/CODE_IDENT_JAVA_009/CODE_IDENT_JAVA_009.java,0.12264150943396226,13,3,5,8
4440,49,baselines_work/cohorte/java/CODE_IDENT_JAVA_003_COPY/CODE_IDENT_JAVA_003.java,63,baselines_work/cohorte/java/CODE_IDENT_JAVA_009_COPY/CODE_IDENT_JAVA_009.java,0.12264150943396226,13,3,5,8
4464,50,baselines_work/cohorte/java/CODE_IDENT_JAVA_004/CODE_IDENT_JAVA_004.java,62,baselines_work/cohorte/java/CODE_IDENT_JAVA_010/CODE_IDENT_JAVA_010.java,0.10833333333333334,13,5,6,7
4465,50,baselines_work/cohorte/java/CODE_IDENT_JAVA_004/CODE_IDENT_JAVA_004.java,65,baselines_work/cohorte/java/CODE_IDENT_JAVA_010_COPY/CODE_IDENT_JAVA_010.java,0.10833333333333334,13,5,6,7
4486,55,baselines_work/cohorte/java/CODE_IDENT_JAVA_004_COPY/CODE_IDENT_JAVA_004.java,62,baselines_work/cohorte/java/CODE_IDENT_JAVA_010/CODE_IDENT_JAVA_010.java,0.10833333333333334,13,5,6,7
4487,55,baselines_work/cohorte/java/CODE_IDENT_JAVA_004_COPY/CODE_IDENT_JAVA_004.java,65,baselines_work/cohorte/java/CODE_IDENT_JAVA_010_COPY/CODE_IDENT_JAVA_010.java,0.10833333333333334,13,5,6,7
4612,56,baselines_work/cohorte/java/CODE_IDENT_JAVA_008/CODE_IDENT_JAVA_008.java,62,baselines_work/cohorte/java/CODE_IDENT_JAVA_010/CODE_IDENT_JAVA_010.java,0.11926605504587157,13,5,6,7
4613,56,baselines_work/cohorte/java/CODE_IDENT_JAVA_008/CODE_IDENT_JAVA_008.java,65,baselines_work/cohorte/java/CODE_IDENT_JAVA_010_COPY/CODE_IDENT_JAVA_010.java,0.11926605504587157,13,5,6,7
4626,61,baselines_work/cohorte/java/CODE_IDENT_JAVA_008_COPY/CODE_IDENT_JAVA_008.java,62,baselines_work/cohorte/java/CODE_IDENT_JAVA_010/CODE_IDENT_JAVA_010.java,0.11926605504587157,13,5,6,7
4627,61,baselines_work/cohorte/java/CODE_IDENT_JAVA_008_COPY/CODE_IDENT_JAVA_008.java,65,baselines_work/cohorte/java/CODE_IDENT_JAVA_010_COPY/CODE_IDENT_JAVA_010.java,0.11926605504587157,13,5,6,7
1988,1,baselines_work/cohorte/java/CODE_DIF_JAVA_001/CODE_DIF_JAVA_001.java,34,baselines_work/cohorte/java/CODE_FUN_JAVA_006/CODE_FUN_JAVA_006.java,0.0736196319018405,12,4,6,6
2047,0,baselines_work/cohorte/java/CODE_DIF_JAVA_002/CODE_DIF_JAVA_002.java,22,baselines_work/cohorte/java/CODE_ESTRU_JAVA_007/CODE_ESTRU_JAVA_007.java,0.096,12,3,6,6
2059,0,baselines_work/cohorte/java/CODE_DIF_JAVA_002/CODE_DIF_JAVA_002.java,35,baselines_work/cohorte/java/CODE_FUN_JAVA_004/CODE_FUN_JAVA_004.java,0.09022556390977443,12,3,6,6
2083,0,baselines_work/cohorte/java/CODE_DIF_JAVA_002/CODE_DIF_JAVA_002.java,59,baselines_work/cohorte/java/CODE_IDENT_JAVA_007/CODE_IDENT_JAVA_007.java,0.10909090909090909,12,3,6,6
2084,0,baselines_work/cohorte/java/CODE_DIF_JAVA_002/CODE_DIF_JAVA_002.java,57,baselines_work/cohorte/java/CODE_IDENT_JAVA_007_COPY/CODE_IDENT_JAVA_007.java,0.10909090909090909,12,3,6,6
2110,2,baselines_work/cohorte/java/CODE_DIF_JAVA_003/CODE_DIF_JAVA_003.java,12,baselines_work/cohorte/java/CODE_DIF_JAVA_013/CODE_DIF_JAVA_013.java,0.049586776859504134,12,2,5,7
2131,2,baselines_work/cohorte/java/CODE_DIF_JAVA_003/CODE_DIF_JAVA_003.java,35,baselines_work/cohorte/java/CODE_FUN_JAVA_004/CODE_FUN_JAVA_004.java,0.07547169811320754,12,4,6,6
2132,2,baselines_work/cohorte/java/CODE_DIF_JAVA_003/CODE_DIF_JAVA_003.java,33,baselines_work/cohorte/java/CODE_FUN_JAVA_005/CODE_FUN_JAVA_005.java,0.0736196319018405,12,2,6,6
2197,4,baselines_work/cohorte/java/CODE_DIF_JAVA_004/CODE_DIF_JAVA_004.java,24,baselines_work/cohorte/java/CODE_ESTRU_JAVA_014/CODE_ESTRU_JAVA_014.java,0.08163265306122448,12,2,5,7
2242,4,baselines_work/cohorte/java/CODE_DIF_JAVA_004/CODE_DIF_JAVA_004.java,73,baselines_work/cohorte/java/CODE_IDENT_JAVA_015/CODE_IDENT_JAVA_015.java,0.07947019867549669,12,2,5,7
2243,4,baselines_work/cohorte/java/CODE_DIF_JAVA_004/CODE_DIF_JAVA_004.java,74,baselines_work/cohorte/java/CODE_IDENT_JAVA_015_COPY/CODE_IDENT_JAVA_015.java,0.07947019867549669,12,2,5,7
2329,7,baselines_work/cohorte/java/CODE_DIF_JAVA_006/CODE_DIF_JAVA_006.java,22,baselines_work/cohorte/java/CODE_ESTRU_JAVA_007/CODE_ESTRU_JAVA_007.java,0.0759493670886076,12,2,6,6
2334,7,baselines_work/cohorte/java/CODE_DIF_JAVA_006/CODE_DIF_JAVA_006.java,25,baselines_work/cohorte/java/CODE_ESTRU_JAVA_012/CODE_ESTRU_JAVA_012.java,0.08391608391608392,12,3,7,5
2335,7,baselines_work/cohorte/java/CODE_DIF_JAVA_006/CODE_DIF_JAVA_006.java,29,baselines_work/cohorte/java/CODE_ESTRU_JAVA_013/CODE_ESTRU_JAVA_013.java,0.0821917808219178,12,3,7,5
2339,7,baselines_work/cohorte/java/CODE_DIF_JAVA_006/CODE_DIF_JAVA_006.java,31,baselines_work/cohorte/java/CODE_FUN_JAVA_002/CODE_FUN_JAVA_002.java,0.07643312101910828,12,3,7,5
2341,7,baselines_work/cohorte/java/CODE_DIF_JAVA_006/CODE_DIF_JAVA_006.java,35,baselines_work/cohorte/java/CODE_FUN_JAVA_004/CODE_FUN_JAVA_004.java,0.07228915662650602,12,2,7,5
2375,7,baselines_work/cohorte/java/CODE_DIF_JAVA_006/CODE_DIF_JAVA_006.java,64,baselines_work/cohorte/java/CODE_IDENT_JAVA_012/CODE_IDENT_JAVA_012.java,0.08695652173913043,12,3,7,5
2376,7,baselines_work/cohorte/java/CODE_DIF_JAVA_006/CODE_DIF_JAVA_006.java,71,baselines_work/cohorte/java/CODE_IDENT_JAVA_012_COPY/CODE_IDENT_JAVA_012.java,0.08695652173913043,12,3,7,5
2377,7,baselines_work/cohorte/java/CODE_DIF_JAVA_006/CODE_DIF_JAVA_006.java,69,baselines_work/cohorte/java/CODE_IDENT_JAVA_013/CODE_IDENT_JAVA_013.java,0.08275862068965517,12,3,7,5
2378,7,baselines_work/cohorte/java/CODE_DIF_JAVA_006/CODE_DIF_JAVA_006.java,70,baselines_work/cohorte/java/CODE_IDENT_JAVA_013_COPY/CODE_IDENT_JAVA_013.java,0.08275862068965517,12,3,7,5
2397,3,baselines_work/cohorte/java/CODE_DIF_JAVA_007/CODE_DIF_JAVA_007.java,22,baselines_work/cohorte/java/CODE_ESTRU_JAVA_007/CODE_ESTRU_JAVA_007.java,0.06593406593406594,12,2,5,7
2411,3,baselines_work/cohorte/java/CODE_DIF_JAVA_007/CODE_DIF_JAVA_007.java,34,baselines_work/cohorte/java/CODE_FUN_JAVA_006/CODE_FUN_JAVA_006.java,0.06217616580310881,12,4,6,6
2433,3,baselines_work/cohorte/java/CODE_DIF_JAVA_007/CODE_DIF_JAVA_007.java,59,baselines_work/cohorte/java/CODE_IDENT_JAVA_007/CODE_IDENT_JAVA_007.java,0.0718562874251497,12,2,5,7
2434,3,baselines_work/cohorte/java/CODE_DIF_JAVA_007/CODE_DIF_JAVA_007.java,57,baselines_work/cohorte/java/CODE_IDENT_JAVA_007_COPY/CODE_IDENT_JAVA_007.java,0.0718562874251497,12,2,5,7
2519,5,baselines_work/cohorte/java/CODE_DIF_JAVA_009/CODE_DIF_JAVA_009.java,10,baselines_work/cohorte/java/CODE_DIF_JAVA_011/CODE_DIF_JAVA_011.java,0.042105263157894736,12,3,6,6
2522,5,baselines_work/cohorte/java/CODE_DIF_JAVA_009/CODE_DIF_JAVA_009.java,13,baselines_work/cohorte/java/CODE_DIF_JAVA_014/CODE_DIF_JAVA_014.java,0.0425531914893617,12,4,6,6
2724,11,baselines_work/cohorte/java/CODE_DIF_JAVA_012/CODE_DIF_JAVA_012.java,21,baselines_work/cohorte/java/CODE_ESTRU_JAVA_009/CODE_ESTRU_JAVA_009.java,0.06976744186046512,12,1,5,7
2725,11,baselines_work/cohorte/java/CODE_DIF_JAVA_012/CODE_DIF_JAVA_012.java,27,baselines_work/cohorte/java/CODE_ESTRU_JAVA_010/CODE_ESTRU_JAVA_010.java,0.06857142857142857,12,2,5,7
2726,11,baselines_work/cohorte/java/CODE_DIF_JAVA_012/CODE_DIF_JAVA_012.java,26,baselines_work/cohorte/java/CODE_ESTRU_JAVA_011/CODE_ESTRU_JAVA_011.java,0.08108108108108109,12,2,6,6
2727,11,baselines_work/cohorte/java/CODE_DIF_JAVA_012/CODE_DIF_JAVA_012.java,25,baselines_work/cohorte/java/CODE_ESTRU_JAVA_012/CODE_ESTRU_JAVA_012.java,0.0821917808219178,12,2,6,6
2729,11,baselines_work/cohorte/java/CODE_DIF_JAVA_012/CODE_DIF_JAVA_012.java,24,baselines_work/cohorte/java/CODE_ESTRU_JAVA_014/CODE_ESTRU_JAVA_014.java,0.06857142857142857,12,2,5,7
2732,11,baselines_work/cohorte/java/CODE_DIF_JAVA_012/CODE_DIF_JAVA_012.java,31,baselines_work/cohorte/java/CODE_FUN_JAVA_002/CODE_FUN_JAVA_002.java,0.075,12,2,7,5
2762,11,baselines_work/cohorte/java/CODE_DIF_JAVA_012/CODE_DIF_JAVA_012.java,60,baselines_work/cohorte/java/CODE_IDENT_JAVA_009/CODE_IDENT_JAVA_009.java,0.06976744186046512,12,1,5,7
2763,11,baselines_work/cohorte/java/CODE_DIF_JAVA_012/CODE_DIF_JAVA_012.java,63,baselines_work/cohorte/java/CODE_IDENT_JAVA_009_COPY/CODE_IDENT_JAVA_009.java,0.06976744186046512,12,1,5,7
2764,11,baselines_work/cohorte/java/CODE_DIF_JAVA_012/CODE_DIF_JAVA_012.java,62,baselines_work/cohorte/java/CODE_IDENT_JAVA_010/CODE_IDENT_JAVA_010.java,0.06896551724137931,12,2,5,7
2765,11,baselines_work/cohorte/java/CODE_DIF_JAVA_012/CODE_DIF_JAVA_012.java,65,baselines_work/cohorte/java/CODE_IDENT_JAVA_010_COPY/CODE_IDENT_JAVA_010.java,0.06896551724137931,12,2,5,7
2766,11,baselines_work/cohorte/java/CODE_DIF_JAVA_012/CODE_DIF_JAVA_012.java,66,baselines_work/cohorte/java/CODE_IDENT_JAVA_011/CODE_IDENT_JAVA_011.java,0.08053691275167785,12,2,6,6
2767,11,baselines_work/cohorte/java/CODE_DIF_JAVA_012/CODE_DIF_JAVA_012.java,67,baselines_work/cohorte/java/CODE_IDENT_JAVA_011_COPY/CODE_IDENT_JAVA_011.java,0.08053691275167785,12,2,6,6
2768,11,baselines_work/cohorte/java/CODE_DIF_JAVA_012/CODE_DIF_JAVA_012.java,64,baselines_work/cohorte/java/CODE_IDENT_JAVA_012/CODE_IDENT_JAVA_012.java,0.0851063829787234,12,2,6,6
2769,11,baselines_work/cohorte/java/CODE_DIF_JAVA_012/CODE_DIF_JAVA_012.java,71,baselines_work/cohorte/java/CODE_IDENT_JAVA_012_COPY/CODE_IDENT_JAVA_012.java,0.0851063829787234,12,2,6,6
2772,11,baselines_work/cohorte/java/CODE_DIF_JAVA_012/CODE_DIF_JAVA_012.java,68,baselines_work/cohorte/java/CODE_IDENT_JAVA_014/CODE_IDENT_JAVA_014.java,0.07453416149068323,12,2,5,7
2773,11,baselines_work/cohorte/java/CODE_DIF_JAVA_012/CODE_DIF_JAVA_012.java,72,baselines_work/cohorte/java/CODE_IDENT_JAVA_014_COPY/CODE_IDENT_JAVA_014.java,0.07453416149068323,12,2,5,7
2796,12,baselines_work/cohorte/java/CODE_DIF_JAVA_013/CODE_DIF_JAVA_013.java,35,baselines_work/cohorte/java/CODE_FUN_JAVA_004/CODE_FUN_JAVA_004.java,0.05687203791469194,12,3,6,6
2798,12,baselines_work/cohorte/java/CODE_DIF_JAVA_013/CODE_DIF_JAVA_013.java,34,baselines_work/cohorte/java/CODE_FUN_JAVA_006/CODE_FUN_JAVA_006.java,0.056074766355140186,12,2,6,6
2850,13,baselines_work/cohorte/java/CODE_DIF_JAVA_014/CODE_DIF_JAVA_014.java,25,baselines_work/cohorte/java/CODE_ESTRU_JAVA_012/CODE_ESTRU_JAVA_012.java,0.07017543859649122,12,2,6,6
2851,13,baselines_work/cohorte/java/CODE_DIF_JAVA_014/CODE_DIF_JAVA_014.java,29,baselines_work/cohorte/java/CODE_ESTRU_JAVA_013/CODE_ESTRU_JAVA_013.java,0.06896551724137931,12,2,6,6
2891,13,baselines_work/cohorte/java/CODE_DIF_JAVA_014/CODE_DIF_JAVA_014.java,64,baselines_work/cohorte/java/CODE_IDENT_JAVA_012/CODE_IDENT_JAVA_012.java,0.07228915662650602,12,2,6,6
2892,13,baselines_work/cohorte/java/CODE_DIF_JAVA_014/CODE_DIF_JAVA_014.java,71,baselines_work/cohorte/java/CODE_IDENT_JAVA_012_COPY/CODE_IDENT_JAVA_012.java,0.07228915662650602,12,2,6,6
2893,13,baselines_work/cohorte/java/CODE_DIF_JAVA_014/CODE_DIF_JAVA_014.java,69,baselines_work/cohorte/java/CODE_IDENT_JAVA_013/CODE_IDENT_JAVA_013.java,0.06936416184971098,12,2,6,6
2894,13,baselines_work/cohorte/java/CODE_DIF_JAVA_014/CODE_DIF_JAVA_014.java,70,baselines_work/cohorte/java/CODE_IDENT_JAVA_013_COPY/CODE_IDENT_JAVA_013.java,0.06936416184971098,12,2,6,6
2908,14,baselines_work/cohorte/java/CODE_DIF_JAVA_015/CODE_DIF_JAVA_015.java,27,baselines_work/cohorte/java/CODE_ESTRU_JAVA_010/CODE_ESTRU_JAVA_010.java,0.0425531914893617,12,1,9,3
2947,14,baselines_work/cohorte/java/CODE_DIF_JAVA_015/CODE_DIF_JAVA_015.java,62,baselines_work/cohorte/java/CODE_IDENT_JAVA_010/CODE_IDENT_JAVA_010.java,0.042704626334519574,12,1,9,3
2948,14,baselines_work/cohorte/java/CODE_DIF_JAVA_015/CODE_DIF_JAVA_015.java,65,baselines_work/cohorte/java/CODE_IDENT_JAVA_010_COPY/CODE_IDENT_JAVA_010.java,0.042704626334519574,12,1,9,3
2960,15,baselines_work/cohorte/java/CODE_ESTRU_JAVA_001/CODE_ESTRU_JAVA_001.java,17,baselines_work/cohorte/java/CODE_ESTRU_JAVA_003/CODE_ESTRU_JAVA_003.java,0.14634146341463414,12,5,6,6
2961,15,baselines_work/cohorte/java/CODE_ESTRU_JAVA_001/CODE_ESTRU_JAVA_001.java,18,baselines_work/cohorte/java/CODE_ESTRU_JAVA_004/CODE_ESTRU_JAVA_004.java,0.14285714285714285,12,5,6,6
2964,15,baselines_work/cohorte/java/CODE_ESTRU_JAVA_001/CODE_ESTRU_JAVA_001.java,22,baselines_work/cohorte/java/CODE_ESTRU_JAVA_007/CODE_ESTRU_JAVA_007.java,0.13636363636363635,12,3,6,6
2965,15,baselines_work/cohorte/java/CODE_ESTRU_JAVA_001/CODE_ESTRU_JAVA_001.java,23,baselines_work/cohorte/java/CODE_ESTRU_JAVA_008/CODE_ESTRU_JAVA_008.java,0.16666666666666666,12,5,6,6
2986,15,baselines_work/cohorte/java/CODE_ESTRU_JAVA_001/CODE_ESTRU_JAVA_001.java,43,baselines_work/cohorte/java/CODE_FUN_JAVA_014/CODE_FUN_JAVA_014.java,0.10434782608695652,12,2,8,4
2994,15,baselines_work/cohorte/java/CODE_ESTRU_JAVA_001/CODE_ESTRU_JAVA_001.java,50,baselines_work/cohorte/java/CODE_IDENT_JAVA_004/CODE_IDENT_JAVA_004.java,0.14457831325301204,12,5,6,6
2995,15,baselines_work/cohorte/java/CODE_ESTRU_JAVA_001/CODE_ESTRU_JAVA_001.java,55,baselines_work/cohorte/java/CODE_IDENT_JAVA_004_COPY/CODE_IDENT_JAVA_004.java,0.14457831325301204,12,5,6,6
3002,15,baselines_work/cohorte/java/CODE_ESTRU_JAVA_001/CODE_ESTRU_JAVA_001.java,56,baselines_work/cohorte/java/CODE_IDENT_JAVA_008/CODE_IDENT_JAVA_008.java,0.16666666666666666,12,5,6,6
3003,15,baselines_work/cohorte/java/CODE_ESTRU_JAVA_001/CODE_ESTRU_JAVA_001.java,61,baselines_work/cohorte/java/CODE_IDENT_JAVA_008_COPY/CODE_IDENT_JAVA_008.java,0.16666666666666666,12,5,6,6
3014,15,baselines_work/cohorte/java/CODE_ESTRU_JAVA_001/CODE_ESTRU_JAVA_001.java,68,baselines_work/cohorte/java/CODE_IDENT_JAVA_014/CODE_IDENT_JAVA_014.java,0.13636363636363635,12,3,6,6
3015,15,baselines_work/cohorte/java/CODE_ESTRU_JAVA_001/CODE_ESTRU_JAVA_001.java,72,baselines_work/cohorte/java/CODE_IDENT_JAVA_014_COPY/CODE_IDENT_JAVA_014.java,0.13636363636363635,12,3,6,6
3018,16,baselines_work/cohorte/java/CODE_ESTRU_JAVA_002/CODE_ESTRU_JAVA_002.java,17,baselines_work/cohorte/java/CODE_ESTRU_JAVA_003/CODE_ESTRU_JAVA_003.java,0.12903225806451613,12,5,6,6
3045,16,baselines_work/cohorte/java/CODE_ESTRU_JAVA_002/CODE_ESTRU_JAVA_002.java,44,baselines_work/cohorte/java/CODE_FUN_JAVA_015/CODE_FUN_JAVA_015.java,0.08163265306122448,12,2,6,6
3050,16,baselines_work/cohorte/java/CODE_ESTRU_JAVA_002/CODE_ESTRU_JAVA_002.java,48,baselines_work/cohorte/java/CODE_IDENT_JAVA_003/CODE_IDENT_JAVA_003.java,0.14634146341463414,12,5,6,6
3051,16,baselines_work/cohorte/java/CODE_ESTRU_JAVA_002/CODE_ESTRU_JAVA_002.java,49,baselines_work/cohorte/java/CODE_IDENT_JAVA_003_COPY/CODE_IDENT_JAVA_003.java,0.14634146341463414,12,5,6,6
3054,16,baselines_work/cohorte/java/CODE_ESTRU_JAVA_002/CODE_ESTRU_JAVA_002.java,52,baselines_work/cohorte/java/CODE_IDENT_JAVA_005/CODE_IDENT_JAVA_005.java,0.1411764705882353,12,6,6,6
3055,16,baselines_work/cohorte/java/CODE_ESTRU_JAVA_002/CODE_ESTRU_JAVA_002.java,54,baselines_work/cohorte/java/CODE_IDENT_JAVA_005_COPY/CODE_IDENT_JAVA_005.java,0.1411764705882353,12,6,6,6
3076,17,baselines_work/cohorte/java/CODE_ESTRU_JAVA_003/CODE_ESTRU_JAVA_003.java,18,baselines_work/cohorte/java/CODE_ESTRU_JAVA_004/CODE_ESTRU_JAVA_004.java,0.11764705882352941,12,5,6,6
3080,17,baselines_work/cohorte/java/CODE_ESTRU_JAVA_003/CODE_ESTRU_JAVA_003.java,23,baselines_work/cohorte/java/CODE_ESTRU_JAVA_008/CODE_ESTRU_JAVA_008.java,0.13333333333333333,12,5,6,6
3102,17,baselines_work/cohorte/java/CODE_ESTRU_JAVA_003/CODE_ESTRU_JAVA_003.java,44,baselines_work/cohorte/java/CODE_FUN_JAVA_015/CODE_FUN_JAVA_015.java,0.07792207792207792,12,2,3,9
3103,17,baselines_work/cohorte/java/CODE_ESTRU_JAVA_003/CODE_ESTRU_JAVA_003.java,46,baselines_work/cohorte/java/CODE_IDENT_JAVA_001/CODE_IDENT_JAVA_001.java,0.14634146341463414,12,5,6,6
3104,17,baselines_work/cohorte/java/CODE_ESTRU_JAVA_003/CODE_ESTRU_JAVA_003.java,45,baselines_work/cohorte/java/CODE_IDENT_JAVA_001_COPY/CODE_IDENT_JAVA_001.java,0.14634146341463414,12,5,6,6
3105,17,baselines_work/cohorte/java/CODE_ESTRU_JAVA_003/CODE_ESTRU_JAVA_003.java,47,baselines_work/cohorte/java/CODE_IDENT_JAVA_002/CODE_IDENT_JAVA_002.java,0.12631578947368421,12,5,6,6
3106,17,baselines_work/cohorte/java/CODE_ESTRU_JAVA_003/CODE_ESTRU_JAVA_003.java,51,baselines_work/cohorte/java/CODE_IDENT_JAVA_002_COPY/CODE_IDENT_JAVA_002.java,0.12631578947368421,12,5,6,6
3109,17,baselines_work/cohorte/java/CODE_ESTRU_JAVA_003/CODE_ESTRU_JAVA_003.java,50,baselines_work/cohorte/java/CODE_IDENT_JAVA_004/CODE_IDENT_JAVA_004.java,0.1188118811881188,12,5,6,6
3110,17,baselines_work/cohorte/java/CODE_ESTRU_JAVA_003/CODE_ESTRU_JAVA_003.java,55,baselines_work/cohorte/java/CODE_IDENT_JAVA_004_COPY/CODE_IDENT_JAVA_004.java,0.1188118811881188,12,5,6,6
3113,17,baselines_work/cohorte/java/CODE_ESTRU_JAVA_003/CODE_ESTRU_JAVA_003.java,53,baselines_work/cohorte/java/CODE_IDENT_JAVA_006/CODE_IDENT_JAVA_006.java,0.1411764705882353,12,5,6,6
3114,17,baselines_work/cohorte/java/CODE_ESTRU_JAVA_003/CODE_ESTRU_JAVA_003.java,58,baselines_work/cohorte/java/CODE_IDENT_JAVA_006_COPY/CODE_IDENT_JAVA_006.java,0.1411764705882353,12,5,6,6
3117,17,baselines_work/cohorte/java/CODE_ESTRU_JAVA_003/CODE_ESTRU_JAVA_003.java,56,baselines_work/cohorte/java/CODE_IDENT_JAVA_008/CODE_IDENT_JAVA_008.java,0.13333333333333333,12,5,6,6
3118,17,baselines_work/cohorte/java/CODE_ESTRU_JAVA_003/CODE_ESTRU_JAVA_003.java,61,baselines_work/cohorte/java/CODE_IDENT_JAVA_008_COPY/CODE_IDENT_JAVA_008.java,0.13333333333333333,12,5,6,6
3134,18,baselines_work/cohorte/java/CODE_ESTRU_JAVA_004/CODE_ESTRU_JAVA_004.java,20,baselines_work/cohorte/java/CODE_ESTRU_JAVA_006/CODE_ESTRU_JAVA_006.java,0.13333333333333333,12,5,6,6
3135,18,baselines_work/cohorte/java/CODE_ESTRU_JAVA_004/CODE_ESTRU_JAVA_004.java,22,baselines_work/cohorte/java/CODE_ESTRU_JAVA_007/CODE_ESTRU_JAVA_007.java,0.1111111111111111,12,3,5,7
3159,18,baselines_work/cohorte/java/CODE_ESTRU_JAVA_004/CODE_ESTRU_JAVA_004.java,46,baselines_work/cohorte/java/CODE_IDENT_JAVA_001/CODE_IDENT_JAVA_001.java,0.14285714285714285,12,5,6,6
3160,18,baselines_work/cohorte/java/CODE_ESTRU_JAVA_004/CODE_ESTRU_JAVA_004.java,45,baselines_work/cohorte/java/CODE_IDENT_JAVA_001_COPY/CODE_IDENT_JAVA_001.java,0.14285714285714285,12,5,6,6
3163,18,baselines_work/cohorte/java/CODE_ESTRU_JAVA_004/CODE_ESTRU_JAVA_004.java,48,baselines_work/cohorte/java/CODE_IDENT_JAVA_003/CODE_IDENT_JAVA_003.java,0.13186813186813187,12,5,6,6
3164,18,baselines_work/cohorte/java/CODE_ESTRU_JAVA_004/CODE_ESTRU_JAVA_004.java,49,baselines_work/cohorte/java/CODE_IDENT_JAVA_003_COPY/CODE_IDENT_JAVA_003.java,0.13186813186813187,12,5,6,6
3169,18,baselines_work/cohorte/java/CODE_ESTRU_JAVA_004/CODE_ESTRU_JAVA_004.java,53,baselines_work/cohorte/java/CODE_IDENT_JAVA_006/CODE_IDENT_JAVA_006.java,0.13793103448275862,12,5,6,6
3170,18,baselines_work/cohorte/java/CODE_ESTRU_JAVA_004/CODE_ESTRU_JAVA_004.java,58,baselines_work/cohorte/java/CODE_IDENT_JAVA_006_COPY/CODE_IDENT_JAVA_006.java,0.13793103448275862,12,5,6,6
3234,19,baselines_work/cohorte/java/CODE_ESTRU_JAVA_005/CODE_ESTRU_JAVA_005.java,66,baselines_work/cohorte/java/CODE_IDENT_JAVA_011/CODE_IDENT_JAVA_011.java,0.14285714285714285,12,3,7,5
3235,19,baselines_work/cohorte/java/CODE_ESTRU_JAVA_005/CODE_ESTRU_JAVA_005.java,67,baselines_work/cohorte/java/CODE_IDENT_JAVA_011_COPY/CODE_IDENT_JAVA_011.java,0.14285714285714285,12,3,7,5
3245,20,baselines_work/cohorte/java/CODE_ESTRU_JAVA_006/CODE_ESTRU_JAVA_006.java,23,baselines_work/cohorte/java/CODE_ESTRU_JAVA_008/CODE_ESTRU_JAVA_008.java,0.15384615384615385,12,5,6,6
3272,20,baselines_work/cohorte/java/CODE_ESTRU_JAVA_006/CODE_ESTRU_JAVA_006.java,48,baselines_work/cohorte/java/CODE_IDENT_JAVA_003/CODE_IDENT_JAVA_003.java,0.15584415584415584,12,5,6,6
3273,20,baselines_work/cohorte/java/CODE_ESTRU_JAVA_006/CODE_ESTRU_JAVA_006.java,49,baselines_work/cohorte/java/CODE_IDENT_JAVA_003_COPY/CODE_IDENT_JAVA_003.java,0.15584415584415584,12,5,6,6
3274,20,baselines_work/cohorte/java/CODE_ESTRU_JAVA_006/CODE_ESTRU_JAVA_006.java,50,baselines_work/cohorte/java/CODE_IDENT_JAVA_004/CODE_IDENT_JAVA_004.java,0.1348314606741573,12,5,6,6
3275,20,baselines_work/cohorte/java/CODE_ESTRU_JAVA_006/CODE_ESTRU_JAVA_006.java,55,baselines_work/cohorte/java/CODE_IDENT_JAVA_004_COPY/CODE_IDENT_JAVA_004.java,0.1348314606741573,12,5,6,6
3282,20,baselines_work/cohorte/java/CODE_ESTRU_JAVA_006/CODE_ESTRU_JAVA_006.java,56,baselines_work/cohorte/java/CODE_IDENT_JAVA_008/CODE_IDENT_JAVA_008.java,0.15384615384615385,12,5,6,6
3283,20,baselines_work/cohorte/java/CODE_ESTRU_JAVA_006/CODE_ESTRU_JAVA_006.java,61,baselines_work/cohorte/java/CODE_IDENT_JAVA_008_COPY/CODE_IDENT_JAVA_008.java,0.15384615384615385,12,5,6,6
3321,22,baselines_work/cohorte/java/CODE_ESTRU_JAVA_007/CODE_ESTRU_JAVA_007.java,46,baselines_work/cohorte/java/CODE_IDENT_JAVA_001/CODE_IDENT_JAVA_001.java,0.13636363636363635,12,3,6,6
3322,22,baselines_work/cohorte/java/CODE_ESTRU_JAVA_007/CODE_ESTRU_JAVA_007.java,45,baselines_work/cohorte/java/CODE_IDENT_JAVA_001_COPY/CODE_IDENT_JAVA_001.java,0.13636363636363635,12,3,6,6
3325,22,baselines_work/cohorte/java/CODE_ESTRU_JAVA_007/CODE_ESTRU_JAVA_007.java,48,baselines_work/cohorte/java/CODE_IDENT_JAVA_003/CODE_IDENT_JAVA_003.java,0.12631578947368421,12,3,7,5
3326,22,baselines_work/cohorte/java/CODE_ESTRU_JAVA_007/CODE_ESTRU_JAVA_007.java,49,baselines_work/cohorte/java/CODE_IDENT_JAVA_003_COPY/CODE_IDENT_JAVA_003.java,0.12631578947368421,12,3,7,5
3373,23,baselines_work/cohorte/java/CODE_ESTRU_JAVA_008/CODE_ESTRU_JAVA_008.java,46,baselines_work/cohorte/java/CODE_IDENT_JAVA_001/CODE_IDENT_JAVA_001.java,0.16666666666666666,12,5,6,6
3374,23,baselines_work/cohorte/java/CODE_ESTRU_JAVA_008/CODE_ESTRU_JAVA_008.java,45,baselines_work/cohorte/java/CODE_IDENT_JAVA_001_COPY/CODE_IDENT_JAVA_001.java,0.16666666666666666,12,5,6,6
3377,23,baselines_work/cohorte/java/CODE_ESTRU_JAVA_008/CODE_ESTRU_JAVA_008.java,48,baselines_work/cohorte/java/CODE_IDENT_JAVA_003/CODE_IDENT_JAVA_003.java,0.1518987341772152,12,5,6,6
3378,23,baselines_work/cohorte/java/CODE_ESTRU_JAVA_008/CODE_ESTRU_JAVA_008.java,49,baselines_work/cohorte/java/CODE_IDENT_JAVA_003_COPY/CODE_IDENT_JAVA_003.java,0.1518987341772152,12,5,6,6
3383,23,baselines_work/cohorte/java/CODE_ESTRU_JAVA_008/CODE_ESTRU_JAVA_008.java,53,baselines_work/cohorte/java/CODE_IDENT_JAVA_006/CODE_IDENT_JAVA_006.java,0.16,12,5,6,6
3384,23,baselines_work/cohorte/java/CODE_ESTRU_JAVA_008/CODE_ESTRU_JAVA_008.java,58,baselines_work/cohorte/java/CODE_IDENT_JAVA_006_COPY/CODE_IDENT_JAVA_006.java,0.16,12,5,6,6
3457,27,baselines_work/cohorte/java/CODE_ESTRU_JAVA_010/CODE_ESTRU_JAVA_010.java,24,baselines_work/cohorte/java/CODE_ESTRU_JAVA_014/CODE_ESTRU_JAVA_014.java,0.08571428571428572,12,3,5,7
3500,27,baselines_work/cohorte/java/CODE_ESTRU_JAVA_010/CODE_ESTRU_JAVA_010.java,68,baselines_work/cohorte/java/CODE_IDENT_JAVA_014/CODE_IDENT_JAVA_014.java,0.09523809523809523,12,3,5,7
3501,27,baselines_work/cohorte/java/CODE_ESTRU_JAVA_010/CODE_ESTRU_JAVA_010.java,72,baselines_work/cohorte/java/CODE_IDENT_JAVA_014_COPY/CODE_IDENT_JAVA_014.java,0.09523809523809523,12,3,5,7
3515,26,baselines_work/cohorte/java/CODE_ESTRU_JAVA_011/CODE_ESTRU_JAVA_011.java,38,baselines_work/cohorte/java/CODE_FUN_JAVA_008/CODE_FUN_JAVA_008.java,0.11428571428571428,12,2,6,6
3562,25,baselines_work/cohorte/java/CODE_ESTRU_JAVA_012/CODE_ESTRU_JAVA_012.java,37,baselines_work/cohorte/java/CODE_FUN_JAVA_007/CODE_FUN_JAVA_007.java,0.09836065573770492,12,2,6,6
3563,25,baselines_work/cohorte/java/CODE_ESTRU_JAVA_012/CODE_ESTRU_JAVA_012.java,38,baselines_work/cohorte/java/CODE_FUN_JAVA_008/CODE_FUN_JAVA_008.java,0.11650485436893204,12,2,6,6
3609,29,baselines_work/cohorte/java/CODE_ESTRU_JAVA_013/CODE_ESTRU_JAVA_013.java,37,baselines_work/cohorte/java/CODE_FUN_JAVA_007/CODE_FUN_JAVA_007.java,0.096,12,2,6,6
3610,29,baselines_work/cohorte/java/CODE_ESTRU_JAVA_013/CODE_ESTRU_JAVA_013.java,38,baselines_work/cohorte/java/CODE_FUN_JAVA_008/CODE_FUN_JAVA_008.java,0.11320754716981132,12,2,6,6
3622,29,baselines_work/cohorte/java/CODE_ESTRU_JAVA_013/CODE_ESTRU_JAVA_013.java,48,baselines_work/cohorte/java/CODE_IDENT_JAVA_003/CODE_IDENT_JAVA_003.java,0.14457831325301204,12,3,7,5
3623,29,baselines_work/cohorte/java/CODE_ESTRU_JAVA_013/CODE_ESTRU_JAVA_013.java,49,baselines_work/cohorte/java/CODE_IDENT_JAVA_003_COPY/CODE_IDENT_JAVA_003.java,0.14457831325301204,12,3,7,5
3652,24,baselines_work/cohorte/java/CODE_ESTRU_JAVA_014/CODE_ESTRU_JAVA_014.java,35,baselines_work/cohorte/java/CODE_FUN_JAVA_004/CODE_FUN_JAVA_004.java,0.08955223880597014,12,2,8,4
3655,24,baselines_work/cohorte/java/CODE_ESTRU_JAVA_014/CODE_ESTRU_JAVA_014.java,37,baselines_work/cohorte/java/CODE_FUN_JAVA_007/CODE_FUN_JAVA_007.java,0.07947019867549669,12,2,7,5
3682,24,baselines_work/cohorte/java/CODE_ESTRU_JAVA_014/CODE_ESTRU_JAVA_014.java,62,baselines_work/cohorte/java/CODE_IDENT_JAVA_010/CODE_IDENT_JAVA_010.java,0.08633093525179857,12,3,7,5
3683,24,baselines_work/cohorte/java/CODE_ESTRU_JAVA_014/CODE_ESTRU_JAVA_014.java,65,baselines_work/cohorte/java/CODE_IDENT_JAVA_010_COPY/CODE_IDENT_JAVA_010.java,0.08633093525179857,12,3,7,5
3697,28,baselines_work/cohorte/java/CODE_ESTRU_JAVA_015/CODE_ESTRU_JAVA_015.java,35,baselines_work/cohorte/java/CODE_FUN_JAVA_004/CODE_FUN_JAVA_004.java,0.08275862068965517,12,2,8,4
3713,28,baselines_work/cohorte/java/CODE_ESTRU_JAVA_015/CODE_ESTRU_JAVA_015.java,48,baselines_work/cohorte/java/CODE_IDENT_JAVA_003/CODE_IDENT_JAVA_003.java,0.1,12,3,8,4
3714,28,baselines_work/cohorte/java/CODE_ESTRU_JAVA_015/CODE_ESTRU_JAVA_015.java,49,baselines_work/cohorte/java/CODE_IDENT_JAVA_003_COPY/CODE_IDENT_JAVA_003.java,0.1,12,3,8,4
3795,31,baselines_work/cohorte/java/CODE_FUN_JAVA_002/CODE_FUN_JAVA_002.java,44,baselines_work/cohorte/java/CODE_FUN_JAVA_015/CODE_FUN_JAVA_015.java,0.07547169811320754,12,2,4,8
3826,32,baselines_work/cohorte/java/CODE_FUN_JAVA_003/CODE_FUN_JAVA_003.java,35,baselines_work/cohorte/java/CODE_FUN_JAVA_004/CODE_FUN_JAVA_004.java,0.11764705882352941,12,6,6,6
3828,32,baselines_work/cohorte/java/CODE_FUN_JAVA_003/CODE_FUN_JAVA_003.java,34,baselines_work/cohorte/java/CODE_FUN_JAVA_006/CODE_FUN_JAVA_006.java,0.11428571428571428,12,4,6,6
3836,32,baselines_work/cohorte/java/CODE_FUN_JAVA_003/CODE_FUN_JAVA_003.java,43,baselines_work/cohorte/java/CODE_FUN_JAVA_014/CODE_FUN_JAVA_014.java,0.09917355371900827,12,4,6,6
3869,35,baselines_work/cohorte/java/CODE_FUN_JAVA_004/CODE_FUN_JAVA_004.java,34,baselines_work/cohorte/java/CODE_FUN_JAVA_006/CODE_FUN_JAVA_006.java,0.0916030534351145,12,4,6,6
3905,35,baselines_work/cohorte/java/CODE_FUN_JAVA_004/CODE_FUN_JAVA_004.java,68,baselines_work/cohorte/java/CODE_IDENT_JAVA_014/CODE_IDENT_JAVA_014.java,0.1,12,2,4,8
3906,35,baselines_work/cohorte/java/CODE_FUN_JAVA_004/CODE_FUN_JAVA_004.java,72,baselines_work/cohorte/java/CODE_IDENT_JAVA_014_COPY/CODE_IDENT_JAVA_014.java,0.1,12,2,4,8
3954,34,baselines_work/cohorte/java/CODE_FUN_JAVA_006/CODE_FUN_JAVA_006.java,41,baselines_work/cohorte/java/CODE_FUN_JAVA_012/CODE_FUN_JAVA_012.java,0.09523809523809523,12,2,6,6
3957,34,baselines_work/cohorte/java/CODE_FUN_JAVA_006/CODE_FUN_JAVA_006.java,44,baselines_work/cohorte/java/CODE_FUN_JAVA_015/CODE_FUN_JAVA_015.java,0.07017543859649122,12,4,6,6
3962,34,baselines_work/cohorte/java/CODE_FUN_JAVA_006/CODE_FUN_JAVA_006.java,48,baselines_work/cohorte/java/CODE_IDENT_JAVA_003/CODE_IDENT_JAVA_003.java,0.11320754716981132,12,6,6,6
3963,34,baselines_work/cohorte/java/CODE_FUN_JAVA_006/CODE_FUN_JAVA_006.java,49,baselines_work/cohorte/java/CODE_IDENT_JAVA_003_COPY/CODE_IDENT_JAVA_003.java,0.11320754716981132,12,6,6,6
4018,37,baselines_work/cohorte/java/CODE_FUN_JAVA_007/CODE_FUN_JAVA_007.java,64,baselines_work/cohorte/java/CODE_IDENT_JAVA_012/CODE_IDENT_JAVA_012.java,0.10256410256410256,12,2,6,6
4019,37,baselines_work/cohorte/java/CODE_FUN_JAVA_007/CODE_FUN_JAVA_007.java,71,baselines_work/cohorte/java/CODE_IDENT_JAVA_012_COPY/CODE_IDENT_JAVA_012.java,0.10256410256410256,12,2,6,6
4020,37,baselines_work/cohorte/java/CODE_FUN_JAVA_007/CODE_FUN_JAVA_007.java,69,baselines_work/cohorte/java/CODE_IDENT_JAVA_013/CODE_IDENT_JAVA_013.java,0.0967741935483871,12,2,6,6
4021,37,baselines_work/cohorte/java/CODE_FUN_JAVA_007/CODE_FUN_JAVA_007.java,70,baselines_work/cohorte/java/CODE_IDENT_JAVA_013_COPY/CODE_IDENT_JAVA_013.java,0.0967741935483871,12,2,6,6
4024,37,baselines_work/cohorte/java/CODE_FUN_JAVA_007/CODE_FUN_JAVA_007.java,73,baselines_work/cohorte/java/CODE_IDENT_JAVA_015/CODE_IDENT_JAVA_015.java,0.07741935483870968,12,2,5,7
4025,37,baselines_work/cohorte/java/CODE_FUN_JAVA_007/CODE_FUN_JAVA_007.java,74,baselines_work/cohorte/java/CODE_IDENT_JAVA_015_COPY/CODE_IDENT_JAVA_015.java,0.07741935483870968,12,2,5,7
4053,38,baselines_work/cohorte/java/CODE_FUN_JAVA_008/CODE_FUN_JAVA_008.java,66,baselines_work/cohorte/java/CODE_IDENT_JAVA_011/CODE_IDENT_JAVA_011.java,0.11320754716981132,12,2,6,6
4054,38,baselines_work/cohorte/java/CODE_FUN_JAVA_008/CODE_FUN_JAVA_008.java,67,baselines_work/cohorte/java/CODE_IDENT_JAVA_011_COPY/CODE_IDENT_JAVA_011.java,0.11320754716981132,12,2,6,6
4055,38,baselines_work/cohorte/java/CODE_FUN_JAVA_008/CODE_FUN_JAVA_008.java,64,baselines_work/cohorte/java/CODE_IDENT_JAVA_012/CODE_IDENT_JAVA_012.java,0.12244897959183673,12,2,6,6
4056,38,baselines_work/cohorte/java/CODE_FUN_JAVA_008/CODE_FUN_JAVA_008.java,71,baselines_work/cohorte/java/CODE_IDENT_JAVA_012_COPY/CODE_IDENT_JAVA_012.java,0.12244897959183673,12,2,6,6
4057,38,baselines_work/cohorte/java/CODE_FUN_JAVA_008/CODE_FUN_JAVA_008.java,69,baselines_work/cohorte/java/CODE_IDENT_JAVA_013/CODE_IDENT_JAVA_013.java,0.11428571428571428,12,2,6,6
4058,38,baselines_work/cohorte/java/CODE_FUN_JAVA_008/CODE_FUN_JAVA_008.java,70,baselines_work/cohorte/java/CODE_IDENT_JAVA_013_COPY/CODE_IDENT_JAVA_013.java,0.11428571428571428,12,2,6,6
4075,39,baselines_work/cohorte/java/CODE_FUN_JAVA_009/CODE_FUN_JAVA_009.java,50,baselines_work/cohorte/java/CODE_IDENT_JAVA_004/CODE_IDENT_JAVA_004.java,0.08275862068965517,12,1,8,4
4076,39,baselines_work/cohorte/java/CODE_FUN_JAVA_009/CODE_FUN_JAVA_009.java,55,baselines_work/cohorte/java/CODE_IDENT_JAVA_004_COPY/CODE_IDENT_JAVA_004.java,0.08275862068965517,12,1,8,4
4100,36,baselines_work/cohorte/java/CODE_FUN_JAVA_010/CODE_FUN_JAVA_010.java,41,baselines_work/cohorte/java/CODE_FUN_JAVA_012/CODE_FUN_JAVA_012.java,0.07547169811320754,12,2,8,4
4234,43,baselines_work/cohorte/java/CODE_FUN_JAVA_014/CODE_FUN_JAVA_014.java,46,baselines_work/cohorte/java/CODE_IDENT_JAVA_001/CODE_IDENT_JAVA_001.java,0.10434782608695652,12,2,4,8
4235,43,baselines_work/cohorte/java/CODE_FUN_JAVA_014/CODE_FUN_JAVA_014.java,45,baselines_work/cohorte/java/CODE_IDENT_JAVA_001_COPY/CODE_IDENT_JAVA_001.java,0.10434782608695652,12,2,4,8
4266,44,baselines_work/cohorte/java/CODE_FUN_JAVA_015/CODE_FUN_JAVA_015.java,47,baselines_work/cohorte/java/CODE_IDENT_JAVA_002/CODE_IDENT_JAVA_002.java,0.08053691275167785,12,2,6,6
4267,44,baselines_work/cohorte/java/CODE_FUN_JAVA_015/CODE_FUN_JAVA_015.java,51,baselines_work/cohorte/java/CODE_IDENT_JAVA_002_COPY/CODE_IDENT_JAVA_002.java,0.08053691275167785,12,2,6,6
4299,46,baselines_work/cohorte/java/CODE_IDENT_JAVA_001/CODE_IDENT_JAVA_001.java,50,baselines_work/cohorte/java/CODE_IDENT_JAVA_004/CODE_IDENT_JAVA_004.java,0.14457831325301204,12,5,6,6
4300,46,baselines_work/cohorte/java/CODE_IDENT_JAVA_001/CODE_IDENT_JAVA_001.java,55,baselines_work/cohorte/java/CODE_IDENT_JAVA_004_COPY/CODE_IDENT_JAVA_004.java,0.14457831325301204,12,5,6,6
4307,46,baselines_work/cohorte/java/CODE_IDENT_JAVA_001/CODE_IDENT_JAVA_001.java,56,baselines_work/cohorte/java/CODE_IDENT_JAVA_008/CODE_IDENT_JAVA_008.java,0.16666666666666666,12,5,6,6
4308,46,baselines_work/cohorte/java/CODE_IDENT_JAVA_001/CODE_IDENT_JAVA_001.java,61,baselines_work/cohorte/java/CODE_IDENT_JAVA_008_COPY/CODE_IDENT_JAVA_008.java,0.16666666666666666,12,5,6,6
4319,46,baselines_work/cohorte/java/CODE_IDENT_JAVA_001/CODE_IDENT_JAVA_001.java,68,baselines_work/cohorte/java/CODE_IDENT_JAVA_014/CODE_IDENT_JAVA_014.java,0.13636363636363635,12,3,6,6
4320,46,baselines_work/cohorte/java/CODE_IDENT_JAVA_001/CODE_IDENT_JAVA_001.java,72,baselines_work/cohorte/java/CODE_IDENT_JAVA_014_COPY/CODE_IDENT_JAVA_014.java,0.13636363636363635,12,3,6,6
4327,45,baselines_work/cohorte/java/CODE_IDENT_JAVA_001_COPY/CODE_IDENT_JAVA_001.java,50,baselines_work/cohorte/java/CODE_IDENT_JAVA_004/CODE_IDENT_JAVA_004.java,0.14457831325301204,12,5,6,6
4328,45,baselines_work/cohorte/java/CODE_IDENT_JAVA_001_COPY/CODE_IDENT_JAVA_001.java,55,baselines_work/cohorte/java/CODE_IDENT_JAVA_004_COPY/CODE_IDENT_JAVA_004.java,0.14457831325301204,12,5,6,6
4335,45,baselines_work/cohorte/java/CODE_IDENT_JAVA_001_COPY/CODE_IDENT_JAVA_001.java,56,baselines_work/cohorte/java/CODE_IDENT_JAVA_008/CODE_IDENT_JAVA_008.java,0.16666666666666666,12,5,6,6
4336,45,baselines_work/cohorte/java/CODE_IDENT_JAVA_001_COPY/CODE_IDENT_JAVA_001.java,61,baselines_work/cohorte/java/CODE_IDENT_JAVA_008_COPY/CODE_IDENT_JAVA_008.java,0.16666666666666666,12,5,6,6
4347,45,baselines_work/cohorte/java/CODE_IDENT_JAVA_001_COPY/CODE_IDENT_JAVA_001.java,68,baselines_work/cohorte/java/CODE_IDENT_JAVA_014/CODE_IDENT_JAVA_014.java,0.13636363636363635,12,3,6,6
4348,45,baselines_work/cohorte/java/CODE_IDENT_JAVA_001_COPY/CODE_IDENT_JAVA_001.java,72,baselines_work/cohorte/java/CODE_IDENT_JAVA_014_COPY/CODE_IDENT_JAVA_014.java,0.13636363636363635,12,3,6,6
4352,47,baselines_work/cohorte/java/CODE_IDENT_JAVA_002/CODE_IDENT_JAVA_002.java,48,baselines_work/cohorte/java/CODE_IDENT_JAVA_003/CODE_IDENT_JAVA_003.java,0.14285714285714285,12,5,6,6
4353,47,baselines_work/cohorte/java/CODE_IDENT_JAVA_002/CODE_IDENT_JAVA_002.java,49,baselines_work/cohorte/java/CODE_IDENT_JAVA_003_COPY/CODE_IDENT_JAVA_003.java,0.14285714285714285,12,5,6,6
4356,47,baselines_work/cohorte/java/CODE_IDENT_JAVA_002/CODE_IDENT_JAVA_002.java,52,baselines_work/cohorte/java/CODE_IDENT_JAVA_005/CODE_IDENT_JAVA_005.java,0.13793103448275862,12,6,6,6
4357,47,baselines_work/cohorte/java/CODE_IDENT_JAVA_002/CODE_IDENT_JAVA_002.java,54,baselines_work/cohorte/java/CODE_IDENT_JAVA_005_COPY/CODE_IDENT_JAVA_005.java,0.13793103448275862,12,6,6,6
4378,51,baselines_work/cohorte/java/CODE_IDENT_JAVA_002_COPY/CODE_IDENT_JAVA_002.java,48,baselines_work/cohorte/java/CODE_IDENT_JAVA_003/CODE_IDENT_JAVA_003.java,0.14285714285714285,12,5,6,6
4379,51,baselines_work/cohorte/java/CODE_IDENT_JAVA_002_COPY/CODE_IDENT_JAVA_002.java,49,baselines_work/cohorte/java/CODE_IDENT_JAVA_003_COPY/CODE_IDENT_JAVA_003.java,0.14285714285714285,12,5,6,6
4382,51,baselines_work/cohorte/java/CODE_IDENT_JAVA_002_COPY/CODE_IDENT_JAVA_002.java,52,baselines_work/cohorte/java/CODE_IDENT_JAVA_005/CODE_IDENT_JAVA_005.java,0.13793103448275862,12,6,6,6
4383,51,baselines_work/cohorte/java/CODE_IDENT_JAVA_002_COPY/CODE_IDENT_JAVA_002.java,54,baselines_work/cohorte/java/CODE_IDENT_JAVA_005_COPY/CODE_IDENT_JAVA_005.java,0.13793103448275862,12,6,6,6
4405,48,baselines_work/cohorte/java/CODE_IDENT_JAVA_003/CODE_IDENT_JAVA_003.java,50,baselines_work/cohorte/java/CODE_IDENT_JAVA_004/CODE_IDENT_JAVA_004.java,0.13333333333333333,12,5,6,6
4406,48,baselines_work/cohorte/java/CODE_IDENT_JAVA_003/CODE_IDENT_JAVA_003.java,55,baselines_work/cohorte/java/CODE_IDENT_JAVA_004_COPY/CODE_IDENT_JAVA_004.java,0.13333333333333333,12,5,6,6
4411,48,baselines_work/cohorte/java/CODE_IDENT_JAVA_003/CODE_IDENT_JAVA_003.java,59,baselines_work/cohorte/java/CODE_IDENT_JAVA_007/CODE_IDENT_JAVA_007.java,0.15,12,3,5,7
4412,48,baselines_work/cohorte/java/CODE_IDENT_JAVA_003/CODE_IDENT_JAVA_003.java,57,baselines_work/cohorte/java/CODE_IDENT_JAVA_007_COPY/CODE_IDENT_JAVA_007.java,0.15,12,3,5,7
4413,48,baselines_work/cohorte/java/CODE_IDENT_JAVA_003/CODE_IDENT_JAVA_003.java,56,baselines_work/cohorte/java/CODE_IDENT_JAVA_008/CODE_IDENT_JAVA_008.java,0.1518987341772152,12,5,6,6
4414,48,baselines_work/cohorte/java/CODE_IDENT_JAVA_003/CODE_IDENT_JAVA_003.java,61,baselines_work/cohorte/java/CODE_IDENT_JAVA_008_COPY/CODE_IDENT_JAVA_008.java,0.1518987341772152,12,5,6,6
4423,48,baselines_work/cohorte/java/CODE_IDENT_JAVA_003/CODE_IDENT_JAVA_003.java,69,baselines_work/cohorte/java/CODE_IDENT_JAVA_013/CODE_IDENT_JAVA_013.java,0.14634146341463414,12,3,5,7
4424,48,baselines_work/cohorte/java/CODE_IDENT_JAVA_003/CODE_IDENT_JAVA_003.java,70,baselines_work/cohorte/java/CODE_IDENT_JAVA_013_COPY/CODE_IDENT_JAVA_013.java,0.14634146341463414,12,3,5,7
4429,49,baselines_work/cohorte/java/CODE_IDENT_JAVA_003_COPY/CODE_IDENT_JAVA_003.java,50,baselines_work/cohorte/java/CODE_IDENT_JAVA_004/CODE_IDENT_JAVA_004.java,0.13333333333333333,12,5,6,6
4430,49,baselines_work/cohorte/java/CODE_IDENT_JAVA_003_COPY/CODE_IDENT_JAVA_003.java,55,baselines_work/cohorte/java/CODE_IDENT_JAVA_004_COPY/CODE_IDENT_JAVA_004.java,0.13333333333333333,12,5,6,6
4435,49,baselines_work/cohorte/java/CODE_IDENT_JAVA_003_COPY/CODE_IDENT_JAVA_003.java,59,baselines_work/cohorte/java/CODE_IDENT_JAVA_007/CODE_IDENT_JAVA_007.java,0.15,12,3,5,7
4436,49,baselines_work/cohorte/java/CODE_IDENT_JAVA_003_COPY/CODE_IDENT_JAVA_003.java,57,baselines_work/cohorte/java/CODE_IDENT_JAVA_007_COPY/CODE_IDENT_JAVA_007.java,0.15,12,3,5,7
4437,49,baselines_work/cohorte/java/CODE_IDENT_JAVA_003_COPY/CODE_IDENT_JAVA_003.java,56,baselines_work/cohorte/java/CODE_IDENT_JAVA_008/CODE_IDENT_JAVA_008.java,0.1518987341772152,12,5,6,6
4438,49,baselines_work/cohorte/java/CODE_IDENT_JAVA_003_COPY/CODE_IDENT_JAVA_003.java,61,baselines_work/cohorte/java/CODE_IDENT_JAVA_008_COPY/CODE_IDENT_JAVA_008.java,0.1518987341772152,12,5,6,6
4447,49,baselines_work/cohorte/java/CODE_IDENT_JAVA_003_COPY/CODE_IDENT_JAVA_003.java,69,baselines_work/cohorte/java/CODE_IDENT_JAVA_013/CODE_IDENT_JAVA_013.java,0.14634146341463414,12,3,5,7
4448,49,baselines_work/cohorte/java/CODE_IDENT_JAVA_003_COPY/CODE_IDENT_JAVA_003.java,70,baselines_work/cohorte/java/CODE_IDENT_JAVA_013_COPY/CODE_IDENT_JAVA_013.java,0.14634146341463414,12,3,5,7
4456,50,baselines_work/cohorte/java/CODE_IDENT_JAVA_004/CODE_IDENT_JAVA_004.java,53,baselines_work/cohorte/java/CODE_IDENT_JAVA_006/CODE_IDENT_JAVA_006.java,0.13953488372093023,12,5,6,6
4457,50,baselines_work/cohorte/java/CODE_IDENT_JAVA_004/CODE_IDENT_JAVA_004.java,58,baselines_work/cohorte/java/CODE_IDENT_JAVA_006_COPY/CODE_IDENT_JAVA_006.java,0.13953488372093023,12,5,6,6
4458,50,baselines_work/cohorte/java/CODE_IDENT_JAVA_004/CODE_IDENT_JAVA_004.java,59,baselines_work/cohorte/java/CODE_IDENT_JAVA_007/CODE_IDENT_JAVA_007.java,0.13043478260869565,12,3,5,7
4459,50,baselines_work/cohorte/java/CODE_IDENT_JAVA_004/CODE_IDENT_JAVA_004.java,57,baselines_work/cohorte/java/CODE_IDENT_JAVA_007_COPY/CODE_IDENT_JAVA_007.java,0.13043478260869565,12,3,5,7
4478,55,baselines_work/cohorte/java/CODE_IDENT_JAVA_004_COPY/CODE_IDENT_JAVA_004.java,53,baselines_work/cohorte/java/CODE_IDENT_JAVA_006/CODE_IDENT_JAVA_006.java,0.13953488372093023,12,5,6,6
4479,55,baselines_work/cohorte/java/CODE_IDENT_JAVA_004_COPY/CODE_IDENT_JAVA_004.java,58,baselines_work/cohorte/java/CODE_IDENT_JAVA_006_COPY/CODE_IDENT_JAVA_006.java,0.13953488372093023,12,5,6,6
4480,55,baselines_work/cohorte/java/CODE_IDENT_JAVA_004_COPY/CODE_IDENT_JAVA_004.java,59,baselines_work/cohorte/java/CODE_IDENT_JAVA_007/CODE_IDENT_JAVA_007.java,0.13043478260869565,12,3,5,7
4481,55,baselines_work/cohorte/java/CODE_IDENT_JAVA_004_COPY/CODE_IDENT_JAVA_004.java,57,baselines_work/cohorte/java/CODE_IDENT_JAVA_007_COPY/CODE_IDENT_JAVA_007.java,0.13043478260869565,12,3,5,7
4509,52,baselines_work/cohorte/java/CODE_IDENT_JAVA_005/CODE_IDENT_JAVA_005.java,66,baselines_work/cohorte/java/CODE_IDENT_JAVA_011/CODE_IDENT_JAVA_011.java,0.13953488372093023,12,3,7,5
4510,52,baselines_work/cohorte/java/CODE_IDENT_JAVA_005/CODE_IDENT_JAVA_005.java,67,baselines_work/cohorte/java/CODE_IDENT_JAVA_011_COPY/CODE_IDENT_JAVA_011.java,0.13953488372093023,12,3,7,5
4529,54,baselines_work/cohorte/java/CODE_IDENT_JAVA_005_COPY/CODE_IDENT_JAVA_005.java,66,baselines_work/cohorte/java/CODE_IDENT_JAVA_011/CODE_IDENT_JAVA_011.java,0.13953488372093023,12,3,7,5
4530,54,baselines_work/cohorte/java/CODE_IDENT_JAVA_005_COPY/CODE_IDENT_JAVA_005.java,67,baselines_work/cohorte/java/CODE_IDENT_JAVA_011_COPY/CODE_IDENT_JAVA_011.java,0.13953488372093023,12,3,7,5
4542,53,baselines_work/cohorte/java/CODE_IDENT_JAVA_006/CODE_IDENT_JAVA_006.java,56,baselines_work/cohorte/java/CODE_IDENT_JAVA_008/CODE_IDENT_JAVA_008.java,0.16,12,5,6,6
4543,53,baselines_work/cohorte/java/CODE_IDENT_JAVA_006/CODE_IDENT_JAVA_006.java,61,baselines_work/cohorte/java/CODE_IDENT_JAVA_008_COPY/CODE_IDENT_JAVA_008.java,0.16,12,5,6,6
4560,58,baselines_work/cohorte/java/CODE_IDENT_JAVA_006_COPY/CODE_IDENT_JAVA_006.java,56,baselines_work/cohorte/java/CODE_IDENT_JAVA_008/CODE_IDENT_JAVA_008.java,0.16,12,5,6,6
4561,58,baselines_work/cohorte/java/CODE_IDENT_JAVA_006_COPY/CODE_IDENT_JAVA_006.java,61,baselines_work/cohorte/java/CODE_IDENT_JAVA_008_COPY/CODE_IDENT_JAVA_008.java,0.16,12,5,6,6
4670,62,baselines_work/cohorte/java/CODE_IDENT_JAVA_010/CODE_IDENT_JAVA_010.java,68,baselines_work/cohorte/java/CODE_IDENT_JAVA_014/CODE_IDENT_JAVA_014.java,0.096,12,3,5,7
4671,62,baselines_work/cohorte/java/CODE_IDENT_JAVA_010/CODE_IDENT_JAVA_010.java,72,baselines_work/cohorte/java/CODE_IDENT_JAVA_014_COPY/CODE_IDENT_JAVA_014.java,0.096,12,3,5,7
4680,65,baselines_work/cohorte/java/CODE_IDENT_JAVA_010_COPY/CODE_IDENT_JAVA_010.java,68,baselines_work/cohorte/java/CODE_IDENT_JAVA_014/CODE_IDENT_JAVA_014.java,0.096,12,3,5,7
4681,65,baselines_work/cohorte/java/CODE_IDENT_JAVA_010_COPY/CODE_IDENT_JAVA_010.java,72,baselines_work/cohorte/java/CODE_IDENT_JAVA_014_COPY/CODE_IDENT_JAVA_014.java,0.096,12,3,5,7
1970,1,baselines_work/cohorte/java/CODE_DIF_JAVA_001/CODE_DIF_JAVA_001.java,17,baselines_work/cohorte/java/CODE_ESTRU_JAVA_003/CODE_ESTRU_JAVA_003.java,0.07534246575342465,11,2,8,3
1977,1,baselines_work/cohorte/java/CODE_DIF_JAVA_001/CODE_DIF_JAVA_001.java,27,baselines_work/cohorte/java/CODE_ESTRU_JAVA_010/CODE_ESTRU_JAVA_010.java,0.06626506024096386,11,1,6,5
2016,1,baselines_work/cohorte/java/CODE_DIF_JAVA_001/CODE_DIF_JAVA_001.java,62,baselines_work/cohorte/java/CODE_IDENT_JAVA_010/CODE_IDENT_JAVA_010.java,0.06666666666666667,11,1,6,5
2017,1,baselines_work/cohorte/java/CODE_DIF_JAVA_001/CODE_DIF_JAVA_001.java,65,baselines_work/cohorte/java/CODE_IDENT_JAVA_010_COPY/CODE_IDENT_JAVA_010.java,0.06666666666666667,11,1,6,5
2208,4,baselines_work/cohorte/java/CODE_DIF_JAVA_004/CODE_DIF_JAVA_004.java,36,baselines_work/cohorte/java/CODE_FUN_JAVA_010/CODE_FUN_JAVA_010.java,0.062146892655367235,11,2,5,6
2210,4,baselines_work/cohorte/java/CODE_DIF_JAVA_004/CODE_DIF_JAVA_004.java,41,baselines_work/cohorte/java/CODE_FUN_JAVA_012/CODE_FUN_JAVA_012.java,0.08088235294117647,11,2,6,5
2211,4,baselines_work/cohorte/java/CODE_DIF_JAVA_004/CODE_DIF_JAVA_004.java,40,baselines_work/cohorte/java/CODE_FUN_JAVA_013/CODE_FUN_JAVA_013.java,0.07913669064748201,11,2,6,5
2345,7,baselines_work/cohorte/java/CODE_DIF_JAVA_006/CODE_DIF_JAVA_006.java,38,baselines_work/cohorte/java/CODE_FUN_JAVA_008/CODE_FUN_JAVA_008.java,0.06707317073170732,11,2,6,5
2365,7,baselines_work/cohorte/java/CODE_DIF_JAVA_006/CODE_DIF_JAVA_006.java,59,baselines_work/cohorte/java/CODE_IDENT_JAVA_007/CODE_IDENT_JAVA_007.java,0.07692307692307693,11,2,6,5
2366,7,baselines_work/cohorte/java/CODE_DIF_JAVA_006/CODE_DIF_JAVA_006.java,57,baselines_work/cohorte/java/CODE_IDENT_JAVA_007_COPY/CODE_IDENT_JAVA_007.java,0.07692307692307693,11,2,6,5
2518,5,baselines_work/cohorte/java/CODE_DIF_JAVA_009/CODE_DIF_JAVA_009.java,9,baselines_work/cohorte/java/CODE_DIF_JAVA_010/CODE_DIF_JAVA_010.java,0.03374233128834356,11,2,6,5
2541,5,baselines_work/cohorte/java/CODE_DIF_JAVA_009/CODE_DIF_JAVA_009.java,32,baselines_work/cohorte/java/CODE_FUN_JAVA_003/CODE_FUN_JAVA_003.java,0.05789473684210526,11,3,6,5
2596,9,baselines_work/cohorte/java/CODE_DIF_JAVA_010/CODE_DIF_JAVA_010.java,23,baselines_work/cohorte/java/CODE_ESTRU_JAVA_008/CODE_ESTRU_JAVA_008.java,0.0514018691588785,11,1,7,4
2633,9,baselines_work/cohorte/java/CODE_DIF_JAVA_010/CODE_DIF_JAVA_010.java,56,baselines_work/cohorte/java/CODE_IDENT_JAVA_008/CODE_IDENT_JAVA_008.java,0.0514018691588785,11,1,7,4
2634,9,baselines_work/cohorte/java/CODE_DIF_JAVA_010/CODE_DIF_JAVA_010.java,61,baselines_work/cohorte/java/CODE_IDENT_JAVA_008_COPY/CODE_IDENT_JAVA_008.java,0.0514018691588785,11,1,7,4
2787,12,baselines_work/cohorte/java/CODE_DIF_JAVA_013/CODE_DIF_JAVA_013.java,27,baselines_work/cohorte/java/CODE_ESTRU_JAVA_010/CODE_ESTRU_JAVA_010.java,0.05069124423963134,11,1,4,7
2826,12,baselines_work/cohorte/java/CODE_DIF_JAVA_013/CODE_DIF_JAVA_013.java,62,baselines_work/cohorte/java/CODE_IDENT_JAVA_010/CODE_IDENT_JAVA_010.java,0.05092592592592592,11,1,4,7
2827,12,baselines_work/cohorte/java/CODE_DIF_JAVA_013/CODE_DIF_JAVA_013.java,65,baselines_work/cohorte/java/CODE_IDENT_JAVA_010_COPY/CODE_IDENT_JAVA_010.java,0.05092592592592592,11,1,4,7
2848,13,baselines_work/cohorte/java/CODE_DIF_JAVA_014/CODE_DIF_JAVA_014.java,27,baselines_work/cohorte/java/CODE_ESTRU_JAVA_010/CODE_ESTRU_JAVA_010.java,0.055,11,2,5,6
2887,13,baselines_work/cohorte/java/CODE_DIF_JAVA_014/CODE_DIF_JAVA_014.java,62,baselines_work/cohorte/java/CODE_IDENT_JAVA_010/CODE_IDENT_JAVA_010.java,0.05527638190954774,11,2,5,6
2888,13,baselines_work/cohorte/java/CODE_DIF_JAVA_014/CODE_DIF_JAVA_014.java,65,baselines_work/cohorte/java/CODE_IDENT_JAVA_010_COPY/CODE_IDENT_JAVA_010.java,0.05527638190954774,11,2,5,6
2933,14,baselines_work/cohorte/java/CODE_DIF_JAVA_015/CODE_DIF_JAVA_015.java,48,baselines_work/cohorte/java/CODE_IDENT_JAVA_003/CODE_IDENT_JAVA_003.java,0.043824701195219126,11,1,9,2
2934,14,baselines_work/cohorte/java/CODE_DIF_JAVA_015/CODE_DIF_JAVA_015.java,49,baselines_work/cohorte/java/CODE_IDENT_JAVA_003_COPY/CODE_IDENT_JAVA_003.java,0.043824701195219126,11,1,9,2
3000,15,baselines_work/cohorte/java/CODE_ESTRU_JAVA_001/CODE_ESTRU_JAVA_001.java,59,baselines_work/cohorte/java/CODE_IDENT_JAVA_007/CODE_IDENT_JAVA_007.java,0.1506849315068493,11,3,6,5
3001,15,baselines_work/cohorte/java/CODE_ESTRU_JAVA_001/CODE_ESTRU_JAVA_001.java,57,baselines_work/cohorte/java/CODE_IDENT_JAVA_007_COPY/CODE_IDENT_JAVA_007.java,0.1506849315068493,11,3,6,5
3029,16,baselines_work/cohorte/java/CODE_ESTRU_JAVA_002/CODE_ESTRU_JAVA_002.java,24,baselines_work/cohorte/java/CODE_ESTRU_JAVA_014/CODE_ESTRU_JAVA_014.java,0.09734513274336283,11,3,6,5
3158,18,baselines_work/cohorte/java/CODE_ESTRU_JAVA_004/CODE_ESTRU_JAVA_004.java,44,baselines_work/cohorte/java/CODE_FUN_JAVA_015/CODE_FUN_JAVA_015.java,0.07051282051282051,11,1,3,8
3202,19,baselines_work/cohorte/java/CODE_ESTRU_JAVA_005/CODE_ESTRU_JAVA_005.java,35,baselines_work/cohorte/java/CODE_FUN_JAVA_004/CODE_FUN_JAVA_004.java,0.10576923076923077,11,1,7,4
3213,19,baselines_work/cohorte/java/CODE_ESTRU_JAVA_005/CODE_ESTRU_JAVA_005.java,44,baselines_work/cohorte/java/CODE_FUN_JAVA_015/CODE_FUN_JAVA_015.java,0.0763888888888889,11,1,5,6
3411,21,baselines_work/cohorte/java/CODE_ESTRU_JAVA_009/CODE_ESTRU_JAVA_009.java,32,baselines_work/cohorte/java/CODE_FUN_JAVA_003/CODE_FUN_JAVA_003.java,0.10476190476190476,11,1,7,4
3412,21,baselines_work/cohorte/java/CODE_ESTRU_JAVA_009/CODE_ESTRU_JAVA_009.java,35,baselines_work/cohorte/java/CODE_FUN_JAVA_004/CODE_FUN_JAVA_004.java,0.08396946564885496,11,2,7,4
3418,21,baselines_work/cohorte/java/CODE_ESTRU_JAVA_009/CODE_ESTRU_JAVA_009.java,36,baselines_work/cohorte/java/CODE_FUN_JAVA_010/CODE_FUN_JAVA_010.java,0.0658682634730539,11,1,7,4
3527,26,baselines_work/cohorte/java/CODE_ESTRU_JAVA_011/CODE_ESTRU_JAVA_011.java,48,baselines_work/cohorte/java/CODE_IDENT_JAVA_003/CODE_IDENT_JAVA_003.java,0.13414634146341464,11,3,6,5
3528,26,baselines_work/cohorte/java/CODE_ESTRU_JAVA_011/CODE_ESTRU_JAVA_011.java,49,baselines_work/cohorte/java/CODE_IDENT_JAVA_003_COPY/CODE_IDENT_JAVA_003.java,0.13414634146341464,11,3,6,5
3556,25,baselines_work/cohorte/java/CODE_ESTRU_JAVA_012/CODE_ESTRU_JAVA_012.java,30,baselines_work/cohorte/java/CODE_FUN_JAVA_001/CODE_FUN_JAVA_001.java,0.11956521739130435,11,2,6,5
3603,29,baselines_work/cohorte/java/CODE_ESTRU_JAVA_013/CODE_ESTRU_JAVA_013.java,30,baselines_work/cohorte/java/CODE_FUN_JAVA_001/CODE_FUN_JAVA_001.java,0.11578947368421053,11,2,6,5
3666,24,baselines_work/cohorte/java/CODE_ESTRU_JAVA_014/CODE_ESTRU_JAVA_014.java,47,baselines_work/cohorte/java/CODE_IDENT_JAVA_002/CODE_IDENT_JAVA_002.java,0.09565217391304348,11,3,5,6
3667,24,baselines_work/cohorte/java/CODE_ESTRU_JAVA_014/CODE_ESTRU_JAVA_014.java,51,baselines_work/cohorte/java/CODE_IDENT_JAVA_002_COPY/CODE_IDENT_JAVA_002.java,0.09565217391304348,11,3,5,6
3668,24,baselines_work/cohorte/java/CODE_ESTRU_JAVA_014/CODE_ESTRU_JAVA_014.java,48,baselines_work/cohorte/java/CODE_IDENT_JAVA_003/CODE_IDENT_JAVA_003.java,0.10091743119266056,11,3,7,4
3669,24,baselines_work/cohorte/java/CODE_ESTRU_JAVA_014/CODE_ESTRU_JAVA_014.java,49,baselines_work/cohorte/java/CODE_IDENT_JAVA_003_COPY/CODE_IDENT_JAVA_003.java,0.10091743119266056,11,3,7,4
3775,30,baselines_work/cohorte/java/CODE_FUN_JAVA_001/CODE_FUN_JAVA_001.java,64,baselines_work/cohorte/java/CODE_IDENT_JAVA_012/CODE_IDENT_JAVA_012.java,0.12643678160919541,11,2,5,6
3776,30,baselines_work/cohorte/java/CODE_FUN_JAVA_001/CODE_FUN_JAVA_001.java,71,baselines_work/cohorte/java/CODE_IDENT_JAVA_012_COPY/CODE_IDENT_JAVA_012.java,0.12643678160919541,11,2,5,6
3777,30,baselines_work/cohorte/java/CODE_FUN_JAVA_001/CODE_FUN_JAVA_001.java,69,baselines_work/cohorte/java/CODE_IDENT_JAVA_013/CODE_IDENT_JAVA_013.java,0.11702127659574468,11,2,5,6
3778,30,baselines_work/cohorte/java/CODE_FUN_JAVA_001/CODE_FUN_JAVA_001.java,70,baselines_work/cohorte/java/CODE_IDENT_JAVA_013_COPY/CODE_IDENT_JAVA_013.java,0.11702127659574468,11,2,5,6
3854,32,baselines_work/cohorte/java/CODE_FUN_JAVA_003/CODE_FUN_JAVA_003.java,60,baselines_work/cohorte/java/CODE_IDENT_JAVA_009/CODE_IDENT_JAVA_009.java,0.10476190476190476,11,1,4,7
3855,32,baselines_work/cohorte/java/CODE_FUN_JAVA_003/CODE_FUN_JAVA_003.java,63,baselines_work/cohorte/java/CODE_IDENT_JAVA_009_COPY/CODE_IDENT_JAVA_009.java,0.10476190476190476,11,1,4,7
3887,35,baselines_work/cohorte/java/CODE_FUN_JAVA_004/CODE_FUN_JAVA_004.java,52,baselines_work/cohorte/java/CODE_IDENT_JAVA_005/CODE_IDENT_JAVA_005.java,0.10377358490566038,11,1,4,7
3888,35,baselines_work/cohorte/java/CODE_FUN_JAVA_004/CODE_FUN_JAVA_004.java,54,baselines_work/cohorte/java/CODE_IDENT_JAVA_005_COPY/CODE_IDENT_JAVA_005.java,0.10377358490566038,11,1,4,7
3895,35,baselines_work/cohorte/java/CODE_FUN_JAVA_004/CODE_FUN_JAVA_004.java,60,baselines_work/cohorte/java/CODE_IDENT_JAVA_009/CODE_IDENT_JAVA_009.java,0.08396946564885496,11,2,4,7
3896,35,baselines_work/cohorte/java/CODE_FUN_JAVA_004/CODE_FUN_JAVA_004.java,63,baselines_work/cohorte/java/CODE_IDENT_JAVA_009_COPY/CODE_IDENT_JAVA_009.java,0.08396946564885496,11,2,4,7
3907,35,baselines_work/cohorte/java/CODE_FUN_JAVA_004/CODE_FUN_JAVA_004.java,73,baselines_work/cohorte/java/CODE_IDENT_JAVA_015/CODE_IDENT_JAVA_015.java,0.07971014492753623,11,2,4,7
3908,35,baselines_work/cohorte/java/CODE_FUN_JAVA_004/CODE_FUN_JAVA_004.java,74,baselines_work/cohorte/java/CODE_IDENT_JAVA_015_COPY/CODE_IDENT_JAVA_015.java,0.07971014492753623,11,2,4,7
3913,33,baselines_work/cohorte/java/CODE_FUN_JAVA_005/CODE_FUN_JAVA_005.java,36,baselines_work/cohorte/java/CODE_FUN_JAVA_010/CODE_FUN_JAVA_010.java,0.06547619047619048,11,2,5,6
3956,34,baselines_work/cohorte/java/CODE_FUN_JAVA_006/CODE_FUN_JAVA_006.java,43,baselines_work/cohorte/java/CODE_FUN_JAVA_014/CODE_FUN_JAVA_014.java,0.07333333333333333,11,3,5,6
3984,34,baselines_work/cohorte/java/CODE_FUN_JAVA_006/CODE_FUN_JAVA_006.java,68,baselines_work/cohorte/java/CODE_IDENT_JAVA_014/CODE_IDENT_JAVA_014.java,0.08943089430894309,11,3,5,6
3985,34,baselines_work/cohorte/java/CODE_FUN_JAVA_006/CODE_FUN_JAVA_006.java,72,baselines_work/cohorte/java/CODE_IDENT_JAVA_014_COPY/CODE_IDENT_JAVA_014.java,0.08943089430894309,11,3,5,6
4120,36,baselines_work/cohorte/java/CODE_FUN_JAVA_010/CODE_FUN_JAVA_010.java,60,baselines_work/cohorte/java/CODE_IDENT_JAVA_009/CODE_IDENT_JAVA_009.java,0.0658682634730539,11,1,4,7
4121,36,baselines_work/cohorte/java/CODE_FUN_JAVA_010/CODE_FUN_JAVA_010.java,63,baselines_work/cohorte/java/CODE_IDENT_JAVA_009_COPY/CODE_IDENT_JAVA_009.java,0.0658682634730539,11,1,4,7
4270,44,baselines_work/cohorte/java/CODE_FUN_JAVA_015/CODE_FUN_JAVA_015.java,50,baselines_work/cohorte/java/CODE_IDENT_JAVA_004/CODE_IDENT_JAVA_004.java,0.07096774193548387,11,1,8,3
4271,44,baselines_work/cohorte/java/CODE_FUN_JAVA_015/CODE_FUN_JAVA_015.java,55,baselines_work/cohorte/java/CODE_IDENT_JAVA_004_COPY/CODE_IDENT_JAVA_004.java,0.07096774193548387,11,1,8,3
4272,44,baselines_work/cohorte/java/CODE_FUN_JAVA_015/CODE_FUN_JAVA_015.java,52,baselines_work/cohorte/java/CODE_IDENT_JAVA_005/CODE_IDENT_JAVA_005.java,0.07534246575342465,11,1,6,5
4273,44,baselines_work/cohorte/java/CODE_FUN_JAVA_015/CODE_FUN_JAVA_015.java,54,baselines_work/cohorte/java/CODE_IDENT_JAVA_005_COPY/CODE_IDENT_JAVA_005.java,0.07534246575342465,11,1,6,5
4305,46,baselines_work/cohorte/java/CODE_IDENT_JAVA_001/CODE_IDENT_JAVA_001.java,59,baselines_work/cohorte/java/CODE_IDENT_JAVA_007/CODE_IDENT_JAVA_007.java,0.1506849315068493,11,3,6,5
4306,46,baselines_work/cohorte/java/CODE_IDENT_JAVA_001/CODE_IDENT_JAVA_001.java,57,baselines_work/cohorte/java/CODE_IDENT_JAVA_007_COPY/CODE_IDENT_JAVA_007.java,0.1506849315068493,11,3,6,5
4333,45,baselines_work/cohorte/java/CODE_IDENT_JAVA_001_COPY/CODE_IDENT_JAVA_001.java,59,baselines_work/cohorte/java/CODE_IDENT_JAVA_007/CODE_IDENT_JAVA_007.java,0.1506849315068493,11,3,6,5
4334,45,baselines_work/cohorte/java/CODE_IDENT_JAVA_001_COPY/CODE_IDENT_JAVA_001.java,57,baselines_work/cohorte/java/CODE_IDENT_JAVA_007_COPY/CODE_IDENT_JAVA_007.java,0.1506849315068493,11,3,6,5
4419,48,baselines_work/cohorte/java/CODE_IDENT_JAVA_003/CODE_IDENT_JAVA_003.java,66,baselines_work/cohorte/java/CODE_IDENT_JAVA_011/CODE_IDENT_JAVA_011.java,0.13253012048192772,11,3,5,6
4420,48,baselines_work/cohorte/java/CODE_IDENT_JAVA_003/CODE_IDENT_JAVA_003.java,67,baselines_work/cohorte/java/CODE_IDENT_JAVA_011_COPY/CODE_IDENT_JAVA_011.java,0.13253012048192772,11,3,5,6
4421,48,baselines_work/cohorte/java/CODE_IDENT_JAVA_003/CODE_IDENT_JAVA_003.java,64,baselines_work/cohorte/java/CODE_IDENT_JAVA_012/CODE_IDENT_JAVA_012.java,0.14666666666666667,11,3,5,6
4422,48,baselines_work/cohorte/java/CODE_IDENT_JAVA_003/CODE_IDENT_JAVA_003.java,71,baselines_work/cohorte/java/CODE_IDENT_JAVA_012_COPY/CODE_IDENT_JAVA_012.java,0.14666666666666667,11,3,5,6
4425,48,baselines_work/cohorte/java/CODE_IDENT_JAVA_003/CODE_IDENT_JAVA_003.java,68,baselines_work/cohorte/java/CODE_IDENT_JAVA_014/CODE_IDENT_JAVA_014.java,0.11578947368421053,11,3,4,7
4426,48,baselines_work/cohorte/java/CODE_IDENT_JAVA_003/CODE_IDENT_JAVA_003.java,72,baselines_work/cohorte/java/CODE_IDENT_JAVA_014_COPY/CODE_IDENT_JAVA_014.java,0.11578947368421053,11,3,4,7
4427,48,baselines_work/cohorte/java/CODE_IDENT_JAVA_003/CODE_IDENT_JAVA_003.java,73,baselines_work/cohorte/java/CODE_IDENT_JAVA_015/CODE_IDENT_JAVA_015.java,0.09734513274336283,11,3,4,7
4428,48,baselines_work/cohorte/java/CODE_IDENT_JAVA_003/CODE_IDENT_JAVA_003.java,74,baselines_work/cohorte/java/CODE_IDENT_JAVA_015_COPY/CODE_IDENT_JAVA_015.java,0.09734513274336283,11,3,4,7
4443,49,baselines_work/cohorte/java/CODE_IDENT_JAVA_003_COPY/CODE_IDENT_JAVA_003.java,66,baselines_work/cohorte/java/CODE_IDENT_JAVA_011/CODE_IDENT_JAVA_011.java,0.13253012048192772,11,3,5,6
4444,49,baselines_work/cohorte/java/CODE_IDENT_JAVA_003_COPY/CODE_IDENT_JAVA_003.java,67,baselines_work/cohorte/java/CODE_IDENT_JAVA_011_COPY/CODE_IDENT_JAVA_011.java,0.13253012048192772,11,3,5,6
4445,49,baselines_work/cohorte/java/CODE_IDENT_JAVA_003_COPY/CODE_IDENT_JAVA_003.java,64,baselines_work/cohorte/java/CODE_IDENT_JAVA_012/CODE_IDENT_JAVA_012.java,0.14666666666666667,11,3,5,6
4446,49,baselines_work/cohorte/java/CODE_IDENT_JAVA_003_COPY/CODE_IDENT_JAVA_003.java,71,baselines_work/cohorte/java/CODE_IDENT_JAVA_012_COPY/CODE_IDENT_JAVA_012.java,0.14666666666666667,11,3,5,6
4449,49,baselines_work/cohorte/java/CODE_IDENT_JAVA_003_COPY/CODE_IDENT_JAVA_003.java,68,baselines_work/cohorte/java/CODE_IDENT_JAVA_014/CODE_IDENT_JAVA_014.java,0.11578947368421053,11,3,4,7
4450,49,baselines_work/cohorte/java/CODE_IDENT_JAVA_003_COPY/CODE_IDENT_JAVA_003.java,72,baselines_work/cohorte/java/CODE_IDENT_JAVA_014_COPY/CODE_IDENT_JAVA_014.java,0.11578947368421053,11,3,4,7
4451,49,baselines_work/cohorte/java/CODE_IDENT_JAVA_003_COPY/CODE_IDENT_JAVA_003.java,73,baselines_work/cohorte/java/CODE_IDENT_JAVA_015/CODE_IDENT_JAVA_015.java,0.09734513274336283,11,3,4,7
4452,49,baselines_work/cohorte/java/CODE_IDENT_JAVA_003_COPY/CODE_IDENT_JAVA_003.java,74,baselines_work/cohorte/java/CODE_IDENT_JAVA_015_COPY/CODE_IDENT_JAVA_015.java,0.09734513274336283,11,3,4,7
1972,1,baselines_work/cohorte/java/CODE_DIF_JAVA_001/CODE_DIF_JAVA_001.java,19,baselines_work/cohorte/java/CODE_ESTRU_JAVA_005/CODE_ESTRU_JAVA_005.java,0.07352941176470588,10,1,5,5
1975,1,baselines_work/cohorte/java/CODE_DIF_JAVA_001/CODE_DIF_JAVA_001.java,23,baselines_work/cohorte/java/CODE_ESTRU_JAVA_008/CODE_ESTRU_JAVA_008.java,0.07352941176470588,10,1,6,4
2006,1,baselines_work/cohorte/java/CODE_DIF_JAVA_001/CODE_DIF_JAVA_001.java,52,baselines_work/cohorte/java/CODE_IDENT_JAVA_005/CODE_IDENT_JAVA_005.java,0.07246376811594203,10,1,5,5
2007,1,baselines_work/cohorte/java/CODE_DIF_JAVA_001/CODE_DIF_JAVA_001.java,54,baselines_work/cohorte/java/CODE_IDENT_JAVA_005_COPY/CODE_IDENT_JAVA_005.java,0.07246376811594203,10,1,5,5
2012,1,baselines_work/cohorte/java/CODE_DIF_JAVA_001/CODE_DIF_JAVA_001.java,56,baselines_work/cohorte/java/CODE_IDENT_JAVA_008/CODE_IDENT_JAVA_008.java,0.07352941176470588,10,1,6,4
2013,1,baselines_work/cohorte/java/CODE_DIF_JAVA_001/CODE_DIF_JAVA_001.java,61,baselines_work/cohorte/java/CODE_IDENT_JAVA_008_COPY/CODE_IDENT_JAVA_008.java,0.07352941176470588,10,1,6,4
2034,0,baselines_work/cohorte/java/CODE_DIF_JAVA_002/CODE_DIF_JAVA_002.java,5,baselines_work/cohorte/java/CODE_DIF_JAVA_009/CODE_DIF_JAVA_009.java,0.04524886877828054,10,2,5,5
2051,0,baselines_work/cohorte/java/CODE_DIF_JAVA_002/CODE_DIF_JAVA_002.java,26,baselines_work/cohorte/java/CODE_ESTRU_JAVA_011/CODE_ESTRU_JAVA_011.java,0.08928571428571429,10,3,5,5
2052,0,baselines_work/cohorte/java/CODE_DIF_JAVA_002/CODE_DIF_JAVA_002.java,25,baselines_work/cohorte/java/CODE_ESTRU_JAVA_012/CODE_ESTRU_JAVA_012.java,0.09090909090909091,10,3,5,5
2053,0,baselines_work/cohorte/java/CODE_DIF_JAVA_002/CODE_DIF_JAVA_002.java,29,baselines_work/cohorte/java/CODE_ESTRU_JAVA_013/CODE_ESTRU_JAVA_013.java,0.08849557522123894,10,3,5,5
2054,0,baselines_work/cohorte/java/CODE_DIF_JAVA_002/CODE_DIF_JAVA_002.java,24,baselines_work/cohorte/java/CODE_ESTRU_JAVA_014/CODE_ESTRU_JAVA_014.java,0.07194244604316546,10,3,5,5
2055,0,baselines_work/cohorte/java/CODE_DIF_JAVA_002/CODE_DIF_JAVA_002.java,28,baselines_work/cohorte/java/CODE_ESTRU_JAVA_015/CODE_ESTRU_JAVA_015.java,0.06666666666666667,10,3,5,5
2057,0,baselines_work/cohorte/java/CODE_DIF_JAVA_002/CODE_DIF_JAVA_002.java,31,baselines_work/cohorte/java/CODE_FUN_JAVA_002/CODE_FUN_JAVA_002.java,0.08064516129032258,10,2,5,5
2091,0,baselines_work/cohorte/java/CODE_DIF_JAVA_002/CODE_DIF_JAVA_002.java,66,baselines_work/cohorte/java/CODE_IDENT_JAVA_011/CODE_IDENT_JAVA_011.java,0.08849557522123894,10,3,5,5
2092,0,baselines_work/cohorte/java/CODE_DIF_JAVA_002/CODE_DIF_JAVA_002.java,67,baselines_work/cohorte/java/CODE_IDENT_JAVA_011_COPY/CODE_IDENT_JAVA_011.java,0.08849557522123894,10,3,5,5
2093,0,baselines_work/cohorte/java/CODE_DIF_JAVA_002/CODE_DIF_JAVA_002.java,64,baselines_work/cohorte/java/CODE_IDENT_JAVA_012/CODE_IDENT_JAVA_012.java,0.09523809523809523,10,3,5,5
2094,0,baselines_work/cohorte/java/CODE_DIF_JAVA_002/CODE_DIF_JAVA_002.java,71,baselines_work/cohorte/java/CODE_IDENT_JAVA_012_COPY/CODE_IDENT_JAVA_012.java,0.09523809523809523,10,3,5,5
2095,0,baselines_work/cohorte/java/CODE_DIF_JAVA_002/CODE_DIF_JAVA_002.java,69,baselines_work/cohorte/java/CODE_IDENT_JAVA_013/CODE_IDENT_JAVA_013.java,0.08928571428571429,10,3,5,5
2096,0,baselines_work/cohorte/java/CODE_DIF_JAVA_002/CODE_DIF_JAVA_002.java,70,baselines_work/cohorte/java/CODE_IDENT_JAVA_013_COPY/CODE_IDENT_JAVA_013.java,0.08928571428571429,10,3,5,5
2097,0,baselines_work/cohorte/java/CODE_DIF_JAVA_002/CODE_DIF_JAVA_002.java,68,baselines_work/cohorte/java/CODE_IDENT_JAVA_014/CODE_IDENT_JAVA_014.java,0.08,10,3,5,5
2098,0,baselines_work/cohorte/java/CODE_DIF_JAVA_002/CODE_DIF_JAVA_002.java,72,baselines_work/cohorte/java/CODE_IDENT_JAVA_014_COPY/CODE_IDENT_JAVA_014.java,0.08,10,3,5,5
2099,0,baselines_work/cohorte/java/CODE_DIF_JAVA_002/CODE_DIF_JAVA_002.java,73,baselines_work/cohorte/java/CODE_IDENT_JAVA_015/CODE_IDENT_JAVA_015.java,0.06993006993006994,10,3,5,5
2100,0,baselines_work/cohorte/java/CODE_DIF_JAVA_002/CODE_DIF_JAVA_002.java,74,baselines_work/cohorte/java/CODE_IDENT_JAVA_015_COPY/CODE_IDENT_JAVA_015.java,0.06993006993006994,10,3,5,5
2135,2,baselines_work/cohorte/java/CODE_DIF_JAVA_003/CODE_DIF_JAVA_003.java,38,baselines_work/cohorte/java/CODE_FUN_JAVA_008/CODE_FUN_JAVA_008.java,0.06369426751592357,10,2,5,5
2136,2,baselines_work/cohorte/java/CODE_DIF_JAVA_003/CODE_DIF_JAVA_003.java,39,baselines_work/cohorte/java/CODE_FUN_JAVA_009/CODE_FUN_JAVA_009.java,0.05291005291005291,10,2,5,5
2184,4,baselines_work/cohorte/java/CODE_DIF_JAVA_004/CODE_DIF_JAVA_004.java,15,baselines_work/cohorte/java/CODE_ESTRU_JAVA_001/CODE_ESTRU_JAVA_001.java,0.09174311926605505,10,2,4,6
2194,4,baselines_work/cohorte/java/CODE_DIF_JAVA_004/CODE_DIF_JAVA_004.java,26,baselines_work/cohorte/java/CODE_ESTRU_JAVA_011/CODE_ESTRU_JAVA_011.java,0.08333333333333333,10,2,5,5
2201,4,baselines_work/cohorte/java/CODE_DIF_JAVA_004/CODE_DIF_JAVA_004.java,32,baselines_work/cohorte/java/CODE_FUN_JAVA_003/CODE_FUN_JAVA_003.java,0.08695652173913043,10,2,5,5
2206,4,baselines_work/cohorte/java/CODE_DIF_JAVA_004/CODE_DIF_JAVA_004.java,38,baselines_work/cohorte/java/CODE_FUN_JAVA_008/CODE_FUN_JAVA_008.java,0.07194244604316546,10,2,5,5
2214,4,baselines_work/cohorte/java/CODE_DIF_JAVA_004/CODE_DIF_JAVA_004.java,46,baselines_work/cohorte/java/CODE_IDENT_JAVA_001/CODE_IDENT_JAVA_001.java,0.09174311926605505,10,2,4,6
2215,4,baselines_work/cohorte/java/CODE_DIF_JAVA_004/CODE_DIF_JAVA_004.java,45,baselines_work/cohorte/java/CODE_IDENT_JAVA_001_COPY/CODE_IDENT_JAVA_001.java,0.09174311926605505,10,2,4,6
2234,4,baselines_work/cohorte/java/CODE_DIF_JAVA_004/CODE_DIF_JAVA_004.java,66,baselines_work/cohorte/java/CODE_IDENT_JAVA_011/CODE_IDENT_JAVA_011.java,0.08264462809917356,10,2,5,5
2235,4,baselines_work/cohorte/java/CODE_DIF_JAVA_004/CODE_DIF_JAVA_004.java,67,baselines_work/cohorte/java/CODE_IDENT_JAVA_011_COPY/CODE_IDENT_JAVA_011.java,0.08264462809917356,10,2,5,5
2337,7,baselines_work/cohorte/java/CODE_DIF_JAVA_006/CODE_DIF_JAVA_006.java,28,baselines_work/cohorte/java/CODE_ESTRU_JAVA_015/CODE_ESTRU_JAVA_015.java,0.0546448087431694,10,1,4,6
2520,5,baselines_work/cohorte/java/CODE_DIF_JAVA_009/CODE_DIF_JAVA_009.java,11,baselines_work/cohorte/java/CODE_DIF_JAVA_012/CODE_DIF_JAVA_012.java,0.038910505836575876,10,3,5,5
2523,5,baselines_work/cohorte/java/CODE_DIF_JAVA_009/CODE_DIF_JAVA_009.java,14,baselines_work/cohorte/java/CODE_DIF_JAVA_015/CODE_DIF_JAVA_015.java,0.027472527472527472,10,3,5,5
2546,5,baselines_work/cohorte/java/CODE_DIF_JAVA_009/CODE_DIF_JAVA_009.java,38,baselines_work/cohorte/java/CODE_FUN_JAVA_008/CODE_FUN_JAVA_008.java,0.04672897196261682,10,3,5,5
2549,5,baselines_work/cohorte/java/CODE_DIF_JAVA_009/CODE_DIF_JAVA_009.java,42,baselines_work/cohorte/java/CODE_FUN_JAVA_011/CODE_FUN_JAVA_011.java,0.045871559633027525,10,2,5,5
2589,9,baselines_work/cohorte/java/CODE_DIF_JAVA_010/CODE_DIF_JAVA_010.java,15,baselines_work/cohorte/java/CODE_ESTRU_JAVA_001/CODE_ESTRU_JAVA_001.java,0.04854368932038835,10,1,4,6
2592,9,baselines_work/cohorte/java/CODE_DIF_JAVA_010/CODE_DIF_JAVA_010.java,18,baselines_work/cohorte/java/CODE_ESTRU_JAVA_004/CODE_ESTRU_JAVA_004.java,0.04424778761061947,10,1,7,3
2609,9,baselines_work/cohorte/java/CODE_DIF_JAVA_010/CODE_DIF_JAVA_010.java,34,baselines_work/cohorte/java/CODE_FUN_JAVA_006/CODE_FUN_JAVA_006.java,0.04149377593360996,10,4,5,5
2619,9,baselines_work/cohorte/java/CODE_DIF_JAVA_010/CODE_DIF_JAVA_010.java,46,baselines_work/cohorte/java/CODE_IDENT_JAVA_001/CODE_IDENT_JAVA_001.java,0.04854368932038835,10,1,4,6
2620,9,baselines_work/cohorte/java/CODE_DIF_JAVA_010/CODE_DIF_JAVA_010.java,45,baselines_work/cohorte/java/CODE_IDENT_JAVA_001_COPY/CODE_IDENT_JAVA_001.java,0.04854368932038835,10,1,4,6
2625,9,baselines_work/cohorte/java/CODE_DIF_JAVA_010/CODE_DIF_JAVA_010.java,50,baselines_work/cohorte/java/CODE_IDENT_JAVA_004/CODE_IDENT_JAVA_004.java,0.044444444444444446,10,1,7,3
2626,9,baselines_work/cohorte/java/CODE_DIF_JAVA_010/CODE_DIF_JAVA_010.java,55,baselines_work/cohorte/java/CODE_IDENT_JAVA_004_COPY/CODE_IDENT_JAVA_004.java,0.044444444444444446,10,1,7,3
2687,10,baselines_work/cohorte/java/CODE_DIF_JAVA_011/CODE_DIF_JAVA_011.java,48,baselines_work/cohorte/java/CODE_IDENT_JAVA_003/CODE_IDENT_JAVA_003.java,0.05813953488372093,10,1,8,2
2688,10,baselines_work/cohorte/java/CODE_DIF_JAVA_011/CODE_DIF_JAVA_011.java,49,baselines_work/cohorte/java/CODE_IDENT_JAVA_003_COPY/CODE_IDENT_JAVA_003.java,0.05813953488372093,10,1,8,2
2736,11,baselines_work/cohorte/java/CODE_DIF_JAVA_012/CODE_DIF_JAVA_012.java,34,baselines_work/cohorte/java/CODE_FUN_JAVA_006/CODE_FUN_JAVA_006.java,0.05813953488372093,10,2,5,5
2843,13,baselines_work/cohorte/java/CODE_DIF_JAVA_014/CODE_DIF_JAVA_014.java,19,baselines_work/cohorte/java/CODE_ESTRU_JAVA_005/CODE_ESTRU_JAVA_005.java,0.058823529411764705,10,1,4,6
2855,13,baselines_work/cohorte/java/CODE_DIF_JAVA_014/CODE_DIF_JAVA_014.java,31,baselines_work/cohorte/java/CODE_FUN_JAVA_002/CODE_FUN_JAVA_002.java,0.05405405405405406,10,2,6,4
2877,13,baselines_work/cohorte/java/CODE_DIF_JAVA_014/CODE_DIF_JAVA_014.java,52,baselines_work/cohorte/java/CODE_IDENT_JAVA_005/CODE_IDENT_JAVA_005.java,0.05813953488372093,10,1,4,6
2878,13,baselines_work/cohorte/java/CODE_DIF_JAVA_014/CODE_DIF_JAVA_014.java,54,baselines_work/cohorte/java/CODE_IDENT_JAVA_005_COPY/CODE_IDENT_JAVA_005.java,0.05813953488372093,10,1,4,6
3096,17,baselines_work/cohorte/java/CODE_ESTRU_JAVA_003/CODE_ESTRU_JAVA_003.java,39,baselines_work/cohorte/java/CODE_FUN_JAVA_009/CODE_FUN_JAVA_009.java,0.06944444444444445,10,1,3,7
3098,17,baselines_work/cohorte/java/CODE_ESTRU_JAVA_003/CODE_ESTRU_JAVA_003.java,42,baselines_work/cohorte/java/CODE_FUN_JAVA_011/CODE_FUN_JAVA_011.java,0.08620689655172414,10,2,4,6
3152,18,baselines_work/cohorte/java/CODE_ESTRU_JAVA_004/CODE_ESTRU_JAVA_004.java,39,baselines_work/cohorte/java/CODE_FUN_JAVA_009/CODE_FUN_JAVA_009.java,0.0684931506849315,10,1,3,7
3171,18,baselines_work/cohorte/java/CODE_ESTRU_JAVA_004/CODE_ESTRU_JAVA_004.java,59,baselines_work/cohorte/java/CODE_IDENT_JAVA_007/CODE_IDENT_JAVA_007.java,0.10752688172043011,10,3,4,6
3172,18,baselines_work/cohorte/java/CODE_ESTRU_JAVA_004/CODE_ESTRU_JAVA_004.java,57,baselines_work/cohorte/java/CODE_IDENT_JAVA_007_COPY/CODE_IDENT_JAVA_007.java,0.10752688172043011,10,3,4,6
3189,19,baselines_work/cohorte/java/CODE_ESTRU_JAVA_005/CODE_ESTRU_JAVA_005.java,20,baselines_work/cohorte/java/CODE_ESTRU_JAVA_006/CODE_ESTRU_JAVA_006.java,0.1282051282051282,10,5,5,5
3224,19,baselines_work/cohorte/java/CODE_ESTRU_JAVA_005/CODE_ESTRU_JAVA_005.java,53,baselines_work/cohorte/java/CODE_IDENT_JAVA_006/CODE_IDENT_JAVA_006.java,0.13333333333333333,10,5,5,5
3225,19,baselines_work/cohorte/java/CODE_ESTRU_JAVA_005/CODE_ESTRU_JAVA_005.java,58,baselines_work/cohorte/java/CODE_IDENT_JAVA_006_COPY/CODE_IDENT_JAVA_006.java,0.13333333333333333,10,5,5,5
3246,20,baselines_work/cohorte/java/CODE_ESTRU_JAVA_006/CODE_ESTRU_JAVA_006.java,21,baselines_work/cohorte/java/CODE_ESTRU_JAVA_009/CODE_ESTRU_JAVA_009.java,0.09523809523809523,10,3,5,5
3248,20,baselines_work/cohorte/java/CODE_ESTRU_JAVA_006/CODE_ESTRU_JAVA_006.java,26,baselines_work/cohorte/java/CODE_ESTRU_JAVA_011/CODE_ESTRU_JAVA_011.java,0.12345679012345678,10,3,5,5
3276,20,baselines_work/cohorte/java/CODE_ESTRU_JAVA_006/CODE_ESTRU_JAVA_006.java,52,baselines_work/cohorte/java/CODE_IDENT_JAVA_005/CODE_IDENT_JAVA_005.java,0.125,10,5,5,5
3277,20,baselines_work/cohorte/java/CODE_ESTRU_JAVA_006/CODE_ESTRU_JAVA_006.java,54,baselines_work/cohorte/java/CODE_IDENT_JAVA_005_COPY/CODE_IDENT_JAVA_005.java,0.125,10,5,5,5
3284,20,baselines_work/cohorte/java/CODE_ESTRU_JAVA_006/CODE_ESTRU_JAVA_006.java,60,baselines_work/cohorte/java/CODE_IDENT_JAVA_009/CODE_IDENT_JAVA_009.java,0.09523809523809523,10,3,5,5
3285,20,baselines_work/cohorte/java/CODE_ESTRU_JAVA_006/CODE_ESTRU_JAVA_006.java,63,baselines_work/cohorte/java/CODE_IDENT_JAVA_009_COPY/CODE_IDENT_JAVA_009.java,0.09523809523809523,10,3,5,5
3288,20,baselines_work/cohorte/java/CODE_ESTRU_JAVA_006/CODE_ESTRU_JAVA_006.java,66,baselines_work/cohorte/java/CODE_IDENT_JAVA_011/CODE_IDENT_JAVA_011.java,0.12195121951219512,10,3,5,5
3289,20,baselines_work/cohorte/java/CODE_ESTRU_JAVA_006/CODE_ESTRU_JAVA_006.java,67,baselines_work/cohorte/java/CODE_IDENT_JAVA_011_COPY/CODE_IDENT_JAVA_011.java,0.12195121951219512,10,3,5,5
3298,22,baselines_work/cohorte/java/CODE_ESTRU_JAVA_007/CODE_ESTRU_JAVA_007.java,23,baselines_work/cohorte/java/CODE_ESTRU_JAVA_008/CODE_ESTRU_JAVA_008.java,0.10416666666666667,10,3,6,4
3308,22,baselines_work/cohorte/java/CODE_ESTRU_JAVA_007/CODE_ESTRU_JAVA_007.java,32,baselines_work/cohorte/java/CODE_FUN_JAVA_003/CODE_FUN_JAVA_003.java,0.10638297872340426,10,3,5,5
3335,22,baselines_work/cohorte/java/CODE_ESTRU_JAVA_007/CODE_ESTRU_JAVA_007.java,56,baselines_work/cohorte/java/CODE_IDENT_JAVA_008/CODE_IDENT_JAVA_008.java,0.10416666666666667,10,3,6,4
3336,22,baselines_work/cohorte/java/CODE_ESTRU_JAVA_007/CODE_ESTRU_JAVA_007.java,61,baselines_work/cohorte/java/CODE_IDENT_JAVA_008_COPY/CODE_IDENT_JAVA_008.java,0.10416666666666667,10,3,6,4
3385,23,baselines_work/cohorte/java/CODE_ESTRU_JAVA_008/CODE_ESTRU_JAVA_008.java,59,baselines_work/cohorte/java/CODE_IDENT_JAVA_007/CODE_IDENT_JAVA_007.java,0.12345679012345678,10,3,4,6
3386,23,baselines_work/cohorte/java/CODE_ESTRU_JAVA_008/CODE_ESTRU_JAVA_008.java,57,baselines_work/cohorte/java/CODE_IDENT_JAVA_007_COPY/CODE_IDENT_JAVA_007.java,0.12345679012345678,10,3,4,6
3414,21,baselines_work/cohorte/java/CODE_ESTRU_JAVA_009/CODE_ESTRU_JAVA_009.java,34,baselines_work/cohorte/java/CODE_FUN_JAVA_006/CODE_FUN_JAVA_006.java,0.07462686567164178,10,3,5,5
3434,21,baselines_work/cohorte/java/CODE_ESTRU_JAVA_009/CODE_ESTRU_JAVA_009.java,53,baselines_work/cohorte/java/CODE_IDENT_JAVA_006/CODE_IDENT_JAVA_006.java,0.09803921568627451,10,3,5,5
3435,21,baselines_work/cohorte/java/CODE_ESTRU_JAVA_009/CODE_ESTRU_JAVA_009.java,58,baselines_work/cohorte/java/CODE_IDENT_JAVA_006_COPY/CODE_IDENT_JAVA_006.java,0.09803921568627451,10,3,5,5
3462,27,baselines_work/cohorte/java/CODE_ESTRU_JAVA_010/CODE_ESTRU_JAVA_010.java,35,baselines_work/cohorte/java/CODE_FUN_JAVA_004/CODE_FUN_JAVA_004.java,0.07462686567164178,10,1,6,4
3513,26,baselines_work/cohorte/java/CODE_ESTRU_JAVA_011/CODE_ESTRU_JAVA_011.java,34,baselines_work/cohorte/java/CODE_FUN_JAVA_006/CODE_FUN_JAVA_006.java,0.09090909090909091,10,3,5,5
3514,26,baselines_work/cohorte/java/CODE_ESTRU_JAVA_011/CODE_ESTRU_JAVA_011.java,37,baselines_work/cohorte/java/CODE_FUN_JAVA_007/CODE_FUN_JAVA_007.java,0.08064516129032258,10,2,5,5
3533,26,baselines_work/cohorte/java/CODE_ESTRU_JAVA_011/CODE_ESTRU_JAVA_011.java,53,baselines_work/cohorte/java/CODE_IDENT_JAVA_006/CODE_IDENT_JAVA_006.java,0.1282051282051282,10,3,5,5
3534,26,baselines_work/cohorte/java/CODE_ESTRU_JAVA_011/CODE_ESTRU_JAVA_011.java,58,baselines_work/cohorte/java/CODE_IDENT_JAVA_006_COPY/CODE_IDENT_JAVA_006.java,0.1282051282051282,10,3,5,5
3695,28,baselines_work/cohorte/java/CODE_ESTRU_JAVA_015/CODE_ESTRU_JAVA_015.java,31,baselines_work/cohorte/java/CODE_FUN_JAVA_002/CODE_FUN_JAVA_002.java,0.07352941176470588,10,2,7,3
3699,28,baselines_work/cohorte/java/CODE_ESTRU_JAVA_015/CODE_ESTRU_JAVA_015.java,34,baselines_work/cohorte/java/CODE_FUN_JAVA_006/CODE_FUN_JAVA_006.java,0.06756756756756757,10,3,5,5
3789,31,baselines_work/cohorte/java/CODE_FUN_JAVA_002/CODE_FUN_JAVA_002.java,39,baselines_work/cohorte/java/CODE_FUN_JAVA_009/CODE_FUN_JAVA_009.java,0.06711409395973154,10,2,3,7
3850,32,baselines_work/cohorte/java/CODE_FUN_JAVA_003/CODE_FUN_JAVA_003.java,59,baselines_work/cohorte/java/CODE_IDENT_JAVA_007/CODE_IDENT_JAVA_007.java,0.12658227848101267,10,3,5,5
3851,32,baselines_work/cohorte/java/CODE_FUN_JAVA_003/CODE_FUN_JAVA_003.java,57,baselines_work/cohorte/java/CODE_IDENT_JAVA_007_COPY/CODE_IDENT_JAVA_007.java,0.12658227848101267,10,3,5,5
3874,35,baselines_work/cohorte/java/CODE_FUN_JAVA_004/CODE_FUN_JAVA_004.java,42,baselines_work/cohorte/java/CODE_FUN_JAVA_011/CODE_FUN_JAVA_011.java,0.07692307692307693,10,2,4,6
3891,35,baselines_work/cohorte/java/CODE_FUN_JAVA_004/CODE_FUN_JAVA_004.java,59,baselines_work/cohorte/java/CODE_IDENT_JAVA_007/CODE_IDENT_JAVA_007.java,0.09523809523809523,10,2,4,6
3892,35,baselines_work/cohorte/java/CODE_FUN_JAVA_004/CODE_FUN_JAVA_004.java,57,baselines_work/cohorte/java/CODE_IDENT_JAVA_007_COPY/CODE_IDENT_JAVA_007.java,0.09523809523809523,10,2,4,6
3897,35,baselines_work/cohorte/java/CODE_FUN_JAVA_004/CODE_FUN_JAVA_004.java,62,baselines_work/cohorte/java/CODE_IDENT_JAVA_010/CODE_IDENT_JAVA_010.java,0.07518796992481203,10,1,4,6
3898,35,baselines_work/cohorte/java/CODE_FUN_JAVA_004/CODE_FUN_JAVA_004.java,65,baselines_work/cohorte/java/CODE_IDENT_JAVA_010_COPY/CODE_IDENT_JAVA_010.java,0.07518796992481203,10,1,4,6
3951,34,baselines_work/cohorte/java/CODE_FUN_JAVA_006/CODE_FUN_JAVA_006.java,39,baselines_work/cohorte/java/CODE_FUN_JAVA_009/CODE_FUN_JAVA_009.java,0.062111801242236024,10,2,5,5
3955,34,baselines_work/cohorte/java/CODE_FUN_JAVA_006/CODE_FUN_JAVA_006.java,40,baselines_work/cohorte/java/CODE_FUN_JAVA_013/CODE_FUN_JAVA_013.java,0.07751937984496124,10,2,5,5
3974,34,baselines_work/cohorte/java/CODE_FUN_JAVA_006/CODE_FUN_JAVA_006.java,60,baselines_work/cohorte/java/CODE_IDENT_JAVA_009/CODE_IDENT_JAVA_009.java,0.07462686567164178,10,3,5,5
3975,34,baselines_work/cohorte/java/CODE_FUN_JAVA_006/CODE_FUN_JAVA_006.java,63,baselines_work/cohorte/java/CODE_IDENT_JAVA_009_COPY/CODE_IDENT_JAVA_009.java,0.07462686567164178,10,3,5,5
3978,34,baselines_work/cohorte/java/CODE_FUN_JAVA_006/CODE_FUN_JAVA_006.java,66,baselines_work/cohorte/java/CODE_IDENT_JAVA_011/CODE_IDENT_JAVA_011.java,0.09009009009009009,10,3,5,5
3979,34,baselines_work/cohorte/java/CODE_FUN_JAVA_006/CODE_FUN_JAVA_006.java,67,baselines_work/cohorte/java/CODE_IDENT_JAVA_011_COPY/CODE_IDENT_JAVA_011.java,0.09009009009009009,10,3,5,5
3986,34,baselines_work/cohorte/java/CODE_FUN_JAVA_006/CODE_FUN_JAVA_006.java,73,baselines_work/cohorte/java/CODE_IDENT_JAVA_015/CODE_IDENT_JAVA_015.java,0.07092198581560284,10,3,5,5
3987,34,baselines_work/cohorte/java/CODE_FUN_JAVA_006/CODE_FUN_JAVA_006.java,74,baselines_work/cohorte/java/CODE_IDENT_JAVA_015_COPY/CODE_IDENT_JAVA_015.java,0.07092198581560284,10,3,5,5
4016,37,baselines_work/cohorte/java/CODE_FUN_JAVA_007/CODE_FUN_JAVA_007.java,66,baselines_work/cohorte/java/CODE_IDENT_JAVA_011/CODE_IDENT_JAVA_011.java,0.08,10,2,5,5
4017,37,baselines_work/cohorte/java/CODE_FUN_JAVA_007/CODE_FUN_JAVA_007.java,67,baselines_work/cohorte/java/CODE_IDENT_JAVA_011_COPY/CODE_IDENT_JAVA_011.java,0.08,10,2,5,5
4499,52,baselines_work/cohorte/java/CODE_IDENT_JAVA_005/CODE_IDENT_JAVA_005.java,53,baselines_work/cohorte/java/CODE_IDENT_JAVA_006/CODE_IDENT_JAVA_006.java,0.12987012987012986,10,5,5,5
4500,52,baselines_work/cohorte/java/CODE_IDENT_JAVA_005/CODE_IDENT_JAVA_005.java,58,baselines_work/cohorte/java/CODE_IDENT_JAVA_006_COPY/CODE_IDENT_JAVA_006.java,0.12987012987012986,10,5,5,5
4519,54,baselines_work/cohorte/java/CODE_IDENT_JAVA_005_COPY/CODE_IDENT_JAVA_005.java,53,baselines_work/cohorte/java/CODE_IDENT_JAVA_006/CODE_IDENT_JAVA_006.java,0.12987012987012986,10,5,5,5
4520,54,baselines_work/cohorte/java/CODE_IDENT_JAVA_005_COPY/CODE_IDENT_JAVA_005.java,58,baselines_work/cohorte/java/CODE_IDENT_JAVA_006_COPY/CODE_IDENT_JAVA_006.java,0.12987012987012986,10,5,5,5
4544,53,baselines_work/cohorte/java/CODE_IDENT_JAVA_006/CODE_IDENT_JAVA_006.java,60,baselines_work/cohorte/java/CODE_IDENT_JAVA_009/CODE_IDENT_JAVA_009.java,0.09803921568627451,10,3,5,5
4545,53,baselines_work/cohorte/java/CODE_IDENT_JAVA_006/CODE_IDENT_JAVA_006.java,63,baselines_work/cohorte/java/CODE_IDENT_JAVA_009_COPY/CODE_IDENT_JAVA_009.java,0.09803921568627451,10,3,5,5
4548,53,baselines_work/cohorte/java/CODE_IDENT_JAVA_006/CODE_IDENT_JAVA_006.java,66,baselines_work/cohorte/java/CODE_IDENT_JAVA_011/CODE_IDENT_JAVA_011.java,0.12658227848101267,10,3,5,5
4549,53,baselines_work/cohorte/java/CODE_IDENT_JAVA_006/CODE_IDENT_JAVA_006.java,67,baselines_work/cohorte/java/CODE_IDENT_JAVA_011_COPY/CODE_IDENT_JAVA_011.java,0.12658227848101267,10,3,5,5
4562,58,baselines_work/cohorte/java/CODE_IDENT_JAVA_006_COPY/CODE_IDENT_JAVA_006.java,60,baselines_work/cohorte/java/CODE_IDENT_JAVA_009/CODE_IDENT_JAVA_009.java,0.09803921568627451,10,3,5,5
4563,58,baselines_work/cohorte/java/CODE_IDENT_JAVA_006_COPY/CODE_IDENT_JAVA_006.java,63,baselines_work/cohorte/java/CODE_IDENT_JAVA_009_COPY/CODE_IDENT_JAVA_009.java,0.09803921568627451,10,3,5,5
4566,58,baselines_work/cohorte/java/CODE_IDENT_JAVA_006_COPY/CODE_IDENT_JAVA_006.java,66,baselines_work/cohorte/java/CODE_IDENT_JAVA_011/CODE_IDENT_JAVA_011.java,0.12658227848101267,10,3,5,5
4567,58,baselines_work/cohorte/java/CODE_IDENT_JAVA_006_COPY/CODE_IDENT_JAVA_006.java,67,baselines_work/cohorte/java/CODE_IDENT_JAVA_011_COPY/CODE_IDENT_JAVA_011.java,0.12658227848101267,10,3,5,5
4577,59,baselines_work/cohorte/java/CODE_IDENT_JAVA_007/CODE_IDENT_JAVA_007.java,56,baselines_work/cohorte/java/CODE_IDENT_JAVA_008/CODE_IDENT_JAVA_008.java,0.12345679012345678,10,3,6,4
4578,59,baselines_work/cohorte/java/CODE_IDENT_JAVA_007/CODE_IDENT_JAVA_007.java,61,baselines_work/cohorte/java/CODE_IDENT_JAVA_008_COPY/CODE_IDENT_JAVA_008.java,0.12345679012345678,10,3,6,4
4593,57,baselines_work/cohorte/java/CODE_IDENT_JAVA_007_COPY/CODE_IDENT_JAVA_007.java,56,baselines_work/cohorte/java/CODE_IDENT_JAVA_008/CODE_IDENT_JAVA_008.java,0.12345679012345678,10,3,6,4
4594,57,baselines_work/cohorte/java/CODE_IDENT_JAVA_007_COPY/CODE_IDENT_JAVA_007.java,61,baselines_work/cohorte/java/CODE_IDENT_JAVA_008_COPY/CODE_IDENT_JAVA_008.java,0.12345679012345678,10,3,6,4
1971,1,baselines_work/cohorte/java/CODE_DIF_JAVA_001/CODE_DIF_JAVA_001.java,18,baselines_work/cohorte/java/CODE_ESTRU_JAVA_004/CODE_ESTRU_JAVA_004.java,0.060810810810810814,9,1,6,3
2004,1,baselines_work/cohorte/java/CODE_DIF_JAVA_001/CODE_DIF_JAVA_001.java,50,baselines_work/cohorte/java/CODE_IDENT_JAVA_004/CODE_IDENT_JAVA_004.java,0.061224489795918366,9,1,6,3
2005,1,baselines_work/cohorte/java/CODE_DIF_JAVA_001/CODE_DIF_JAVA_001.java,55,baselines_work/cohorte/java/CODE_IDENT_JAVA_004_COPY/CODE_IDENT_JAVA_004.java,0.061224489795918366,9,1,6,3
2137,2,baselines_work/cohorte/java/CODE_DIF_JAVA_003/CODE_DIF_JAVA_003.java,36,baselines_work/cohorte/java/CODE_FUN_JAVA_010/CODE_FUN_JAVA_010.java,0.046153846153846156,9,2,4,5
2140,2,baselines_work/cohorte/java/CODE_DIF_JAVA_003/CODE_DIF_JAVA_003.java,40,baselines_work/cohorte/java/CODE_FUN_JAVA_013/CODE_FUN_JAVA_013.java,0.05732484076433121,9,2,4,5
2263,8,baselines_work/cohorte/java/CODE_DIF_JAVA_005/CODE_DIF_JAVA_005.java,27,baselines_work/cohorte/java/CODE_ESTRU_JAVA_010/CODE_ESTRU_JAVA_010.java,0.04186046511627907,9,1,6,3
2302,8,baselines_work/cohorte/java/CODE_DIF_JAVA_005/CODE_DIF_JAVA_005.java,62,baselines_work/cohorte/java/CODE_IDENT_JAVA_010/CODE_IDENT_JAVA_010.java,0.04205607476635514,9,1,6,3
2303,8,baselines_work/cohorte/java/CODE_DIF_JAVA_005/CODE_DIF_JAVA_005.java,65,baselines_work/cohorte/java/CODE_IDENT_JAVA_010_COPY/CODE_IDENT_JAVA_010.java,0.04205607476635514,9,1,6,3
2316,7,baselines_work/cohorte/java/CODE_DIF_JAVA_006/CODE_DIF_JAVA_006.java,5,baselines_work/cohorte/java/CODE_DIF_JAVA_009/CODE_DIF_JAVA_009.java,0.03543307086614173,9,2,4,5
2381,7,baselines_work/cohorte/java/CODE_DIF_JAVA_006/CODE_DIF_JAVA_006.java,73,baselines_work/cohorte/java/CODE_IDENT_JAVA_015/CODE_IDENT_JAVA_015.java,0.05113636363636364,9,1,4,5
2382,7,baselines_work/cohorte/java/CODE_DIF_JAVA_006/CODE_DIF_JAVA_006.java,74,baselines_work/cohorte/java/CODE_IDENT_JAVA_015_COPY/CODE_IDENT_JAVA_015.java,0.05113636363636364,9,1,4,5
2395,3,baselines_work/cohorte/java/CODE_DIF_JAVA_007/CODE_DIF_JAVA_007.java,19,baselines_work/cohorte/java/CODE_ESTRU_JAVA_005/CODE_ESTRU_JAVA_005.java,0.05421686746987952,9,1,3,6
2429,3,baselines_work/cohorte/java/CODE_DIF_JAVA_007/CODE_DIF_JAVA_007.java,52,baselines_work/cohorte/java/CODE_IDENT_JAVA_005/CODE_IDENT_JAVA_005.java,0.05357142857142857,9,1,3,6
2430,3,baselines_work/cohorte/java/CODE_DIF_JAVA_007/CODE_DIF_JAVA_007.java,54,baselines_work/cohorte/java/CODE_IDENT_JAVA_005_COPY/CODE_IDENT_JAVA_005.java,0.05357142857142857,9,1,3,6
2461,6,baselines_work/cohorte/java/CODE_DIF_JAVA_008/CODE_DIF_JAVA_008.java,18,baselines_work/cohorte/java/CODE_ESTRU_JAVA_004/CODE_ESTRU_JAVA_004.java,0.041666666666666664,9,1,6,3
2462,6,baselines_work/cohorte/java/CODE_DIF_JAVA_008/CODE_DIF_JAVA_008.java,19,baselines_work/cohorte/java/CODE_ESTRU_JAVA_005/CODE_ESTRU_JAVA_005.java,0.04411764705882353,9,1,4,5
2465,6,baselines_work/cohorte/java/CODE_DIF_JAVA_008/CODE_DIF_JAVA_008.java,23,baselines_work/cohorte/java/CODE_ESTRU_JAVA_008/CODE_ESTRU_JAVA_008.java,0.04411764705882353,9,1,6,3
2492,6,baselines_work/cohorte/java/CODE_DIF_JAVA_008/CODE_DIF_JAVA_008.java,48,baselines_work/cohorte/java/CODE_IDENT_JAVA_003/CODE_IDENT_JAVA_003.java,0.04433497536945813,9,1,6,3
2493,6,baselines_work/cohorte/java/CODE_DIF_JAVA_008/CODE_DIF_JAVA_008.java,49,baselines_work/cohorte/java/CODE_IDENT_JAVA_003_COPY/CODE_IDENT_JAVA_003.java,0.04433497536945813,9,1,6,3
2494,6,baselines_work/cohorte/java/CODE_DIF_JAVA_008/CODE_DIF_JAVA_008.java,50,baselines_work/cohorte/java/CODE_IDENT_JAVA_004/CODE_IDENT_JAVA_004.java,0.04186046511627907,9,1,6,3
2495,6,baselines_work/cohorte/java/CODE_DIF_JAVA_008/CODE_DIF_JAVA_008.java,55,baselines_work/cohorte/java/CODE_IDENT_JAVA_004_COPY/CODE_IDENT_JAVA_004.java,0.04186046511627907,9,1,6,3
2496,6,baselines_work/cohorte/java/CODE_DIF_JAVA_008/CODE_DIF_JAVA_008.java,52,baselines_work/cohorte/java/CODE_IDENT_JAVA_005/CODE_IDENT_JAVA_005.java,0.043689320388349516,9,1,4,5
2497,6,baselines_work/cohorte/java/CODE_DIF_JAVA_008/CODE_DIF_JAVA_008.java,54,baselines_work/cohorte/java/CODE_IDENT_JAVA_005_COPY/CODE_IDENT_JAVA_005.java,0.043689320388349516,9,1,4,5
2502,6,baselines_work/cohorte/java/CODE_DIF_JAVA_008/CODE_DIF_JAVA_008.java,56,baselines_work/cohorte/java/CODE_IDENT_JAVA_008/CODE_IDENT_JAVA_008.java,0.04411764705882353,9,1,6,3
2503,6,baselines_work/cohorte/java/CODE_DIF_JAVA_008/CODE_DIF_JAVA_008.java,61,baselines_work/cohorte/java/CODE_IDENT_JAVA_008_COPY/CODE_IDENT_JAVA_008.java,0.04411764705882353,9,1,6,3
2536,5,baselines_work/cohorte/java/CODE_DIF_JAVA_009/CODE_DIF_JAVA_009.java,29,baselines_work/cohorte/java/CODE_ESTRU_JAVA_013/CODE_ESTRU_JAVA_013.java,0.04591836734693878,9,2,4,5
2545,5,baselines_work/cohorte/java/CODE_DIF_JAVA_009/CODE_DIF_JAVA_009.java,37,baselines_work/cohorte/java/CODE_FUN_JAVA_007/CODE_FUN_JAVA_007.java,0.03862660944206009,9,2,5,4
2578,5,baselines_work/cohorte/java/CODE_DIF_JAVA_009/CODE_DIF_JAVA_009.java,69,baselines_work/cohorte/java/CODE_IDENT_JAVA_013/CODE_IDENT_JAVA_013.java,0.046153846153846156,9,2,4,5
2579,5,baselines_work/cohorte/java/CODE_DIF_JAVA_009/CODE_DIF_JAVA_009.java,70,baselines_work/cohorte/java/CODE_IDENT_JAVA_013_COPY/CODE_IDENT_JAVA_013.java,0.046153846153846156,9,2,4,5
2591,9,baselines_work/cohorte/java/CODE_DIF_JAVA_010/CODE_DIF_JAVA_010.java,17,baselines_work/cohorte/java/CODE_ESTRU_JAVA_003/CODE_ESTRU_JAVA_003.java,0.04017857142857143,9,2,6,3
2653,10,baselines_work/cohorte/java/CODE_DIF_JAVA_011/CODE_DIF_JAVA_011.java,15,baselines_work/cohorte/java/CODE_ESTRU_JAVA_001/CODE_ESTRU_JAVA_001.java,0.05454545454545454,9,1,4,5
2683,10,baselines_work/cohorte/java/CODE_DIF_JAVA_011/CODE_DIF_JAVA_011.java,46,baselines_work/cohorte/java/CODE_IDENT_JAVA_001/CODE_IDENT_JAVA_001.java,0.05454545454545454,9,1,4,5
2684,10,baselines_work/cohorte/java/CODE_DIF_JAVA_011/CODE_DIF_JAVA_011.java,45,baselines_work/cohorte/java/CODE_IDENT_JAVA_001_COPY/CODE_IDENT_JAVA_001.java,0.05454545454545454,9,1,4,5
2782,12,baselines_work/cohorte/java/CODE_DIF_JAVA_013/CODE_DIF_JAVA_013.java,19,baselines_work/cohorte/java/CODE_ESTRU_JAVA_005/CODE_ESTRU_JAVA_005.java,0.0481283422459893,9,1,3,6
2816,12,baselines_work/cohorte/java/CODE_DIF_JAVA_013/CODE_DIF_JAVA_013.java,52,baselines_work/cohorte/java/CODE_IDENT_JAVA_005/CODE_IDENT_JAVA_005.java,0.047619047619047616,9,1,3,6
2817,12,baselines_work/cohorte/java/CODE_DIF_JAVA_013/CODE_DIF_JAVA_013.java,54,baselines_work/cohorte/java/CODE_IDENT_JAVA_005_COPY/CODE_IDENT_JAVA_005.java,0.047619047619047616,9,1,3,6
2919,14,baselines_work/cohorte/java/CODE_DIF_JAVA_015/CODE_DIF_JAVA_015.java,34,baselines_work/cohorte/java/CODE_FUN_JAVA_006/CODE_FUN_JAVA_006.java,0.03225806451612903,9,2,5,4
2977,15,baselines_work/cohorte/java/CODE_ESTRU_JAVA_001/CODE_ESTRU_JAVA_001.java,33,baselines_work/cohorte/java/CODE_FUN_JAVA_005/CODE_FUN_JAVA_005.java,0.09,9,2,6,3
3028,16,baselines_work/cohorte/java/CODE_ESTRU_JAVA_002/CODE_ESTRU_JAVA_002.java,29,baselines_work/cohorte/java/CODE_ESTRU_JAVA_013/CODE_ESTRU_JAVA_013.java,0.10344827586206896,9,3,4,5
3070,16,baselines_work/cohorte/java/CODE_ESTRU_JAVA_002/CODE_ESTRU_JAVA_002.java,69,baselines_work/cohorte/java/CODE_IDENT_JAVA_013/CODE_IDENT_JAVA_013.java,0.10465116279069768,9,3,4,5
3071,16,baselines_work/cohorte/java/CODE_ESTRU_JAVA_002/CODE_ESTRU_JAVA_002.java,70,baselines_work/cohorte/java/CODE_IDENT_JAVA_013_COPY/CODE_IDENT_JAVA_013.java,0.10465116279069768,9,3,4,5
3099,17,baselines_work/cohorte/java/CODE_ESTRU_JAVA_003/CODE_ESTRU_JAVA_003.java,41,baselines_work/cohorte/java/CODE_FUN_JAVA_012/CODE_FUN_JAVA_012.java,0.08256880733944955,9,2,4,5
3140,18,baselines_work/cohorte/java/CODE_ESTRU_JAVA_004/CODE_ESTRU_JAVA_004.java,25,baselines_work/cohorte/java/CODE_ESTRU_JAVA_012/CODE_ESTRU_JAVA_012.java,0.0967741935483871,9,3,4,5
3141,18,baselines_work/cohorte/java/CODE_ESTRU_JAVA_004/CODE_ESTRU_JAVA_004.java,29,baselines_work/cohorte/java/CODE_ESTRU_JAVA_013/CODE_ESTRU_JAVA_013.java,0.09375,9,3,4,5
3181,18,baselines_work/cohorte/java/CODE_ESTRU_JAVA_004/CODE_ESTRU_JAVA_004.java,64,baselines_work/cohorte/java/CODE_IDENT_JAVA_012/CODE_IDENT_JAVA_012.java,0.10227272727272728,9,3,4,5
3182,18,baselines_work/cohorte/java/CODE_ESTRU_JAVA_004/CODE_ESTRU_JAVA_004.java,71,baselines_work/cohorte/java/CODE_IDENT_JAVA_012_COPY/CODE_IDENT_JAVA_012.java,0.10227272727272728,9,3,4,5
3183,18,baselines_work/cohorte/java/CODE_ESTRU_JAVA_004/CODE_ESTRU_JAVA_004.java,69,baselines_work/cohorte/java/CODE_IDENT_JAVA_013/CODE_IDENT_JAVA_013.java,0.09473684210526316,9,3,4,5
3184,18,baselines_work/cohorte/java/CODE_ESTRU_JAVA_004/CODE_ESTRU_JAVA_004.java,70,baselines_work/cohorte/java/CODE_IDENT_JAVA_013_COPY/CODE_IDENT_JAVA_013.java,0.09473684210526316,9,3,4,5
3294,20,baselines_work/cohorte/java/CODE_ESTRU_JAVA_006/CODE_ESTRU_JAVA_006.java,68,baselines_work/cohorte/java/CODE_IDENT_JAVA_014/CODE_IDENT_JAVA_014.java,0.09574468085106383,9,3,4,5
3295,20,baselines_work/cohorte/java/CODE_ESTRU_JAVA_006/CODE_ESTRU_JAVA_006.java,72,baselines_work/cohorte/java/CODE_IDENT_JAVA_014_COPY/CODE_IDENT_JAVA_014.java,0.09574468085106383,9,3,4,5
3354,23,baselines_work/cohorte/java/CODE_ESTRU_JAVA_008/CODE_ESTRU_JAVA_008.java,25,baselines_work/cohorte/java/CODE_ESTRU_JAVA_012/CODE_ESTRU_JAVA_012.java,0.1111111111111111,9,3,4,5
3355,23,baselines_work/cohorte/java/CODE_ESTRU_JAVA_008/CODE_ESTRU_JAVA_008.java,29,baselines_work/cohorte/java/CODE_ESTRU_JAVA_013/CODE_ESTRU_JAVA_013.java,0.10714285714285714,9,3,4,5
3365,23,baselines_work/cohorte/java/CODE_ESTRU_JAVA_008/CODE_ESTRU_JAVA_008.java,38,baselines_work/cohorte/java/CODE_FUN_JAVA_008/CODE_FUN_JAVA_008.java,0.08823529411764706,9,3,4,5
3371,23,baselines_work/cohorte/java/CODE_ESTRU_JAVA_008/CODE_ESTRU_JAVA_008.java,43,baselines_work/cohorte/java/CODE_FUN_JAVA_014/CODE_FUN_JAVA_014.java,0.07317073170731707,9,1,4,5
3395,23,baselines_work/cohorte/java/CODE_ESTRU_JAVA_008/CODE_ESTRU_JAVA_008.java,64,baselines_work/cohorte/java/CODE_IDENT_JAVA_012/CODE_IDENT_JAVA_012.java,0.11842105263157894,9,3,4,5
3396,23,baselines_work/cohorte/java/CODE_ESTRU_JAVA_008/CODE_ESTRU_JAVA_008.java,71,baselines_work/cohorte/java/CODE_IDENT_JAVA_012_COPY/CODE_IDENT_JAVA_012.java,0.11842105263157894,9,3,4,5
3397,23,baselines_work/cohorte/java/CODE_ESTRU_JAVA_008/CODE_ESTRU_JAVA_008.java,69,baselines_work/cohorte/java/CODE_IDENT_JAVA_013/CODE_IDENT_JAVA_013.java,0.10843373493975904,9,3,4,5
3398,23,baselines_work/cohorte/java/CODE_ESTRU_JAVA_008/CODE_ESTRU_JAVA_008.java,70,baselines_work/cohorte/java/CODE_IDENT_JAVA_013_COPY/CODE_IDENT_JAVA_013.java,0.10843373493975904,9,3,4,5
3467,27,baselines_work/cohorte/java/CODE_ESTRU_JAVA_010/CODE_ESTRU_JAVA_010.java,39,baselines_work/cohorte/java/CODE_FUN_JAVA_009/CODE_FUN_JAVA_009.java,0.054878048780487805,9,1,3,6
3511,26,baselines_work/cohorte/java/CODE_ESTRU_JAVA_011/CODE_ESTRU_JAVA_011.java,35,baselines_work/cohorte/java/CODE_FUN_JAVA_004/CODE_FUN_JAVA_004.java,0.08411214953271028,9,2,5,4
3517,26,baselines_work/cohorte/java/CODE_ESTRU_JAVA_011/CODE_ESTRU_JAVA_011.java,36,baselines_work/cohorte/java/CODE_FUN_JAVA_010/CODE_FUN_JAVA_010.java,0.06293706293706294,9,2,3,6
3559,25,baselines_work/cohorte/java/CODE_ESTRU_JAVA_012/CODE_ESTRU_JAVA_012.java,35,baselines_work/cohorte/java/CODE_FUN_JAVA_004/CODE_FUN_JAVA_004.java,0.08571428571428572,9,2,5,4
3565,25,baselines_work/cohorte/java/CODE_ESTRU_JAVA_012/CODE_ESTRU_JAVA_012.java,36,baselines_work/cohorte/java/CODE_FUN_JAVA_010/CODE_FUN_JAVA_010.java,0.06382978723404255,9,2,3,6
3577,25,baselines_work/cohorte/java/CODE_ESTRU_JAVA_012/CODE_ESTRU_JAVA_012.java,50,baselines_work/cohorte/java/CODE_IDENT_JAVA_004/CODE_IDENT_JAVA_004.java,0.09782608695652174,9,3,5,4
3578,25,baselines_work/cohorte/java/CODE_ESTRU_JAVA_012/CODE_ESTRU_JAVA_012.java,55,baselines_work/cohorte/java/CODE_IDENT_JAVA_004_COPY/CODE_IDENT_JAVA_004.java,0.09782608695652174,9,3,5,4
3585,25,baselines_work/cohorte/java/CODE_ESTRU_JAVA_012/CODE_ESTRU_JAVA_012.java,56,baselines_work/cohorte/java/CODE_IDENT_JAVA_008/CODE_IDENT_JAVA_008.java,0.1111111111111111,9,3,5,4
3586,25,baselines_work/cohorte/java/CODE_ESTRU_JAVA_012/CODE_ESTRU_JAVA_012.java,61,baselines_work/cohorte/java/CODE_IDENT_JAVA_008_COPY/CODE_IDENT_JAVA_008.java,0.1111111111111111,9,3,5,4
3606,29,baselines_work/cohorte/java/CODE_ESTRU_JAVA_013/CODE_ESTRU_JAVA_013.java,35,baselines_work/cohorte/java/CODE_FUN_JAVA_004/CODE_FUN_JAVA_004.java,0.08333333333333333,9,2,5,4
3612,29,baselines_work/cohorte/java/CODE_ESTRU_JAVA_013/CODE_ESTRU_JAVA_013.java,36,baselines_work/cohorte/java/CODE_FUN_JAVA_010/CODE_FUN_JAVA_010.java,0.0625,9,2,3,6
3620,29,baselines_work/cohorte/java/CODE_ESTRU_JAVA_013/CODE_ESTRU_JAVA_013.java,47,baselines_work/cohorte/java/CODE_IDENT_JAVA_002/CODE_IDENT_JAVA_002.java,0.10112359550561797,9,3,5,4
3621,29,baselines_work/cohorte/java/CODE_ESTRU_JAVA_013/CODE_ESTRU_JAVA_013.java,51,baselines_work/cohorte/java/CODE_IDENT_JAVA_002_COPY/CODE_IDENT_JAVA_002.java,0.10112359550561797,9,3,5,4
3624,29,baselines_work/cohorte/java/CODE_ESTRU_JAVA_013/CODE_ESTRU_JAVA_013.java,50,baselines_work/cohorte/java/CODE_IDENT_JAVA_004/CODE_IDENT_JAVA_004.java,0.09473684210526316,9,3,5,4
3625,29,baselines_work/cohorte/java/CODE_ESTRU_JAVA_013/CODE_ESTRU_JAVA_013.java,55,baselines_work/cohorte/java/CODE_IDENT_JAVA_004_COPY/CODE_IDENT_JAVA_004.java,0.09473684210526316,9,3,5,4
3632,29,baselines_work/cohorte/java/CODE_ESTRU_JAVA_013/CODE_ESTRU_JAVA_013.java,56,baselines_work/cohorte/java/CODE_IDENT_JAVA_008/CODE_IDENT_JAVA_008.java,0.10714285714285714,9,3,5,4
3633,29,baselines_work/cohorte/java/CODE_ESTRU_JAVA_013/CODE_ESTRU_JAVA_013.java,61,baselines_work/cohorte/java/CODE_IDENT_JAVA_008_COPY/CODE_IDENT_JAVA_008.java,0.10714285714285714,9,3,5,4
3650,24,baselines_work/cohorte/java/CODE_ESTRU_JAVA_014/CODE_ESTRU_JAVA_014.java,31,baselines_work/cohorte/java/CODE_FUN_JAVA_002/CODE_FUN_JAVA_002.java,0.072,9,2,6,3
3787,31,baselines_work/cohorte/java/CODE_FUN_JAVA_002/CODE_FUN_JAVA_002.java,37,baselines_work/cohorte/java/CODE_FUN_JAVA_007/CODE_FUN_JAVA_007.java,0.0661764705882353,9,2,4,5
3822,31,baselines_work/cohorte/java/CODE_FUN_JAVA_002/CODE_FUN_JAVA_002.java,68,baselines_work/cohorte/java/CODE_IDENT_JAVA_014/CODE_IDENT_JAVA_014.java,0.08108108108108109,9,2,3,6
3823,31,baselines_work/cohorte/java/CODE_FUN_JAVA_002/CODE_FUN_JAVA_002.java,72,baselines_work/cohorte/java/CODE_IDENT_JAVA_014_COPY/CODE_IDENT_JAVA_014.java,0.08108108108108109,9,2,3,6
3824,31,baselines_work/cohorte/java/CODE_FUN_JAVA_002/CODE_FUN_JAVA_002.java,73,baselines_work/cohorte/java/CODE_IDENT_JAVA_015/CODE_IDENT_JAVA_015.java,0.06976744186046512,9,2,3,6
3825,31,baselines_work/cohorte/java/CODE_FUN_JAVA_002/CODE_FUN_JAVA_002.java,74,baselines_work/cohorte/java/CODE_IDENT_JAVA_015_COPY/CODE_IDENT_JAVA_015.java,0.06976744186046512,9,2,3,6
3875,35,baselines_work/cohorte/java/CODE_FUN_JAVA_004/CODE_FUN_JAVA_004.java,41,baselines_work/cohorte/java/CODE_FUN_JAVA_012/CODE_FUN_JAVA_012.java,0.07317073170731707,9,2,4,5
3876,35,baselines_work/cohorte/java/CODE_FUN_JAVA_004/CODE_FUN_JAVA_004.java,40,baselines_work/cohorte/java/CODE_FUN_JAVA_013/CODE_FUN_JAVA_013.java,0.07142857142857142,9,2,4,5
3899,35,baselines_work/cohorte/java/CODE_FUN_JAVA_004/CODE_FUN_JAVA_004.java,66,baselines_work/cohorte/java/CODE_IDENT_JAVA_011/CODE_IDENT_JAVA_011.java,0.08333333333333333,9,2,4,5
3900,35,baselines_work/cohorte/java/CODE_FUN_JAVA_004/CODE_FUN_JAVA_004.java,67,baselines_work/cohorte/java/CODE_IDENT_JAVA_011_COPY/CODE_IDENT_JAVA_011.java,0.08333333333333333,9,2,4,5
3901,35,baselines_work/cohorte/java/CODE_FUN_JAVA_004/CODE_FUN_JAVA_004.java,64,baselines_work/cohorte/java/CODE_IDENT_JAVA_012/CODE_IDENT_JAVA_012.java,0.09,9,2,4,5
3902,35,baselines_work/cohorte/java/CODE_FUN_JAVA_004/CODE_FUN_JAVA_004.java,71,baselines_work/cohorte/java/CODE_IDENT_JAVA_012_COPY/CODE_IDENT_JAVA_012.java,0.09,9,2,4,5
3903,35,baselines_work/cohorte/java/CODE_FUN_JAVA_004/CODE_FUN_JAVA_004.java,69,baselines_work/cohorte/java/CODE_IDENT_JAVA_013/CODE_IDENT_JAVA_013.java,0.08411214953271028,9,2,4,5
3904,35,baselines_work/cohorte/java/CODE_FUN_JAVA_004/CODE_FUN_JAVA_004.java,70,baselines_work/cohorte/java/CODE_IDENT_JAVA_013_COPY/CODE_IDENT_JAVA_013.java,0.08411214953271028,9,2,4,5
3919,33,baselines_work/cohorte/java/CODE_FUN_JAVA_005/CODE_FUN_JAVA_005.java,46,baselines_work/cohorte/java/CODE_IDENT_JAVA_001/CODE_IDENT_JAVA_001.java,0.09,9,2,3,6
3920,33,baselines_work/cohorte/java/CODE_FUN_JAVA_005/CODE_FUN_JAVA_005.java,45,baselines_work/cohorte/java/CODE_IDENT_JAVA_001_COPY/CODE_IDENT_JAVA_001.java,0.09,9,2,3,6
4047,38,baselines_work/cohorte/java/CODE_FUN_JAVA_008/CODE_FUN_JAVA_008.java,56,baselines_work/cohorte/java/CODE_IDENT_JAVA_008/CODE_IDENT_JAVA_008.java,0.08823529411764706,9,3,5,4
4048,38,baselines_work/cohorte/java/CODE_FUN_JAVA_008/CODE_FUN_JAVA_008.java,61,baselines_work/cohorte/java/CODE_IDENT_JAVA_008_COPY/CODE_IDENT_JAVA_008.java,0.08823529411764706,9,3,5,4
4087,39,baselines_work/cohorte/java/CODE_FUN_JAVA_009/CODE_FUN_JAVA_009.java,62,baselines_work/cohorte/java/CODE_IDENT_JAVA_010/CODE_IDENT_JAVA_010.java,0.05521472392638037,9,1,6,3
4088,39,baselines_work/cohorte/java/CODE_FUN_JAVA_009/CODE_FUN_JAVA_009.java,65,baselines_work/cohorte/java/CODE_IDENT_JAVA_010_COPY/CODE_IDENT_JAVA_010.java,0.05521472392638037,9,1,6,3
4099,36,baselines_work/cohorte/java/CODE_FUN_JAVA_010/CODE_FUN_JAVA_010.java,42,baselines_work/cohorte/java/CODE_FUN_JAVA_011/CODE_FUN_JAVA_011.java,0.05421686746987952,9,2,6,3
4124,36,baselines_work/cohorte/java/CODE_FUN_JAVA_010/CODE_FUN_JAVA_010.java,66,baselines_work/cohorte/java/CODE_IDENT_JAVA_011/CODE_IDENT_JAVA_011.java,0.0625,9,2,6,3
4125,36,baselines_work/cohorte/java/CODE_FUN_JAVA_010/CODE_FUN_JAVA_010.java,67,baselines_work/cohorte/java/CODE_IDENT_JAVA_011_COPY/CODE_IDENT_JAVA_011.java,0.0625,9,2,6,3
4126,36,baselines_work/cohorte/java/CODE_FUN_JAVA_010/CODE_FUN_JAVA_010.java,64,baselines_work/cohorte/java/CODE_IDENT_JAVA_012/CODE_IDENT_JAVA_012.java,0.0661764705882353,9,2,6,3
4127,36,baselines_work/cohorte/java/CODE_FUN_JAVA_010/CODE_FUN_JAVA_010.java,71,baselines_work/cohorte/java/CODE_IDENT_JAVA_012_COPY/CODE_IDENT_JAVA_012.java,0.0661764705882353,9,2,6,3
4128,36,baselines_work/cohorte/java/CODE_FUN_JAVA_010/CODE_FUN_JAVA_010.java,69,baselines_work/cohorte/java/CODE_IDENT_JAVA_013/CODE_IDENT_JAVA_013.java,0.06293706293706294,9,2,6,3
4129,36,baselines_work/cohorte/java/CODE_FUN_JAVA_010/CODE_FUN_JAVA_010.java,70,baselines_work/cohorte/java/CODE_IDENT_JAVA_013_COPY/CODE_IDENT_JAVA_013.java,0.06293706293706294,9,2,6,3
4248,43,baselines_work/cohorte/java/CODE_FUN_JAVA_014/CODE_FUN_JAVA_014.java,56,baselines_work/cohorte/java/CODE_IDENT_JAVA_008/CODE_IDENT_JAVA_008.java,0.07317073170731707,9,1,5,4
4249,43,baselines_work/cohorte/java/CODE_FUN_JAVA_014/CODE_FUN_JAVA_014.java,61,baselines_work/cohorte/java/CODE_IDENT_JAVA_008_COPY/CODE_IDENT_JAVA_008.java,0.07317073170731707,9,1,5,4
4372,47,baselines_work/cohorte/java/CODE_IDENT_JAVA_002/CODE_IDENT_JAVA_002.java,69,baselines_work/cohorte/java/CODE_IDENT_JAVA_013/CODE_IDENT_JAVA_013.java,0.10227272727272728,9,3,4,5
4373,47,baselines_work/cohorte/java/CODE_IDENT_JAVA_002/CODE_IDENT_JAVA_002.java,70,baselines_work/cohorte/java/CODE_IDENT_JAVA_013_COPY/CODE_IDENT_JAVA_013.java,0.10227272727272728,9,3,4,5
4398,51,baselines_work/cohorte/java/CODE_IDENT_JAVA_002_COPY/CODE_IDENT_JAVA_002.java,69,baselines_work/cohorte/java/CODE_IDENT_JAVA_013/CODE_IDENT_JAVA_013.java,0.10227272727272728,9,3,4,5
4399,51,baselines_work/cohorte/java/CODE_IDENT_JAVA_002_COPY/CODE_IDENT_JAVA_002.java,70,baselines_work/cohorte/java/CODE_IDENT_JAVA_013_COPY/CODE_IDENT_JAVA_013.java,0.10227272727272728,9,3,4,5
4468,50,baselines_work/cohorte/java/CODE_IDENT_JAVA_004/CODE_IDENT_JAVA_004.java,64,baselines_work/cohorte/java/CODE_IDENT_JAVA_012/CODE_IDENT_JAVA_012.java,0.10344827586206896,9,3,4,5
4469,50,baselines_work/cohorte/java/CODE_IDENT_JAVA_004/CODE_IDENT_JAVA_004.java,71,baselines_work/cohorte/java/CODE_IDENT_JAVA_012_COPY/CODE_IDENT_JAVA_012.java,0.10344827586206896,9,3,4,5
4470,50,baselines_work/cohorte/java/CODE_IDENT_JAVA_004/CODE_IDENT_JAVA_004.java,69,baselines_work/cohorte/java/CODE_IDENT_JAVA_013/CODE_IDENT_JAVA_013.java,0.09574468085106383,9,3,4,5
4471,50,baselines_work/cohorte/java/CODE_IDENT_JAVA_004/CODE_IDENT_JAVA_004.java,70,baselines_work/cohorte/java/CODE_IDENT_JAVA_013_COPY/CODE_IDENT_JAVA_013.java,0.09574468085106383,9,3,4,5
4490,55,baselines_work/cohorte/java/CODE_IDENT_JAVA_004_COPY/CODE_IDENT_JAVA_004.java,64,baselines_work/cohorte/java/CODE_IDENT_JAVA_012/CODE_IDENT_JAVA_012.java,0.10344827586206896,9,3,4,5
4491,55,baselines_work/cohorte/java/CODE_IDENT_JAVA_004_COPY/CODE_IDENT_JAVA_004.java,71,baselines_work/cohorte/java/CODE_IDENT_JAVA_012_COPY/CODE_IDENT_JAVA_012.java,0.10344827586206896,9,3,4,5
4492,55,baselines_work/cohorte/java/CODE_IDENT_JAVA_004_COPY/CODE_IDENT_JAVA_004.java,69,baselines_work/cohorte/java/CODE_IDENT_JAVA_013/CODE_IDENT_JAVA_013.java,0.09574468085106383,9,3,4,5
4493,55,baselines_work/cohorte/java/CODE_IDENT_JAVA_004_COPY/CODE_IDENT_JAVA_004.java,70,baselines_work/cohorte/java/CODE_IDENT_JAVA_013_COPY/CODE_IDENT_JAVA_013.java,0.09574468085106383,9,3,4,5
4554,53,baselines_work/cohorte/java/CODE_IDENT_JAVA_006/CODE_IDENT_JAVA_006.java,68,baselines_work/cohorte/java/CODE_IDENT_JAVA_014/CODE_IDENT_JAVA_014.java,0.0989010989010989,9,3,4,5
4555,53,baselines_work/cohorte/java/CODE_IDENT_JAVA_006/CODE_IDENT_JAVA_006.java,72,baselines_work/cohorte/java/CODE_IDENT_JAVA_014_COPY/CODE_IDENT_JAVA_014.java,0.0989010989010989,9,3,4,5
4572,58,baselines_work/cohorte/java/CODE_IDENT_JAVA_006_COPY/CODE_IDENT_JAVA_006.java,68,baselines_work/cohorte/java/CODE_IDENT_JAVA_014/CODE_IDENT_JAVA_014.java,0.0989010989010989,9,3,4,5
4573,58,baselines_work/cohorte/java/CODE_IDENT_JAVA_006_COPY/CODE_IDENT_JAVA_006.java,72,baselines_work/cohorte/java/CODE_IDENT_JAVA_014_COPY/CODE_IDENT_JAVA_014.java,0.0989010989010989,9,3,4,5
4616,56,baselines_work/cohorte/java/CODE_IDENT_JAVA_008/CODE_IDENT_JAVA_008.java,64,baselines_work/cohorte/java/CODE_IDENT_JAVA_012/CODE_IDENT_JAVA_012.java,0.11842105263157894,9,3,4,5
4617,56,baselines_work/cohorte/java/CODE_IDENT_JAVA_008/CODE_IDENT_JAVA_008.java,71,baselines_work/cohorte/java/CODE_IDENT_JAVA_012_COPY/CODE_IDENT_JAVA_012.java,0.11842105263157894,9,3,4,5
4618,56,baselines_work/cohorte/java/CODE_IDENT_JAVA_008/CODE_IDENT_JAVA_008.java,69,baselines_work/cohorte/java/CODE_IDENT_JAVA_013/CODE_IDENT_JAVA_013.java,0.10843373493975904,9,3,4,5
4619,56,baselines_work/cohorte/java/CODE_IDENT_JAVA_008/CODE_IDENT_JAVA_008.java,70,baselines_work/cohorte/java/CODE_IDENT_JAVA_013_COPY/CODE_IDENT_JAVA_013.java,0.10843373493975904,9,3,4,5
4630,61,baselines_work/cohorte/java/CODE_IDENT_JAVA_008_COPY/CODE_IDENT_JAVA_008.java,64,baselines_work/cohorte/java/CODE_IDENT_JAVA_012/CODE_IDENT_JAVA_012.java,0.11842105263157894,9,3,4,5
4631,61,baselines_work/cohorte/java/CODE_IDENT_JAVA_008_COPY/CODE_IDENT_JAVA_008.java,71,baselines_work/cohorte/java/CODE_IDENT_JAVA_012_COPY/CODE_IDENT_JAVA_012.java,0.11842105263157894,9,3,4,5
4632,61,baselines_work/cohorte/java/CODE_IDENT_JAVA_008_COPY/CODE_IDENT_JAVA_008.java,69,baselines_work/cohorte/java/CODE_IDENT_JAVA_013/CODE_IDENT_JAVA_013.java,0.10843373493975904,9,3,4,5
4633,61,baselines_work/cohorte/java/CODE_IDENT_JAVA_008_COPY/CODE_IDENT_JAVA_008.java,70,baselines_work/cohorte/java/CODE_IDENT_JAVA_013_COPY/CODE_IDENT_JAVA_013.java,0.10843373493975904,9,3,4,5
2061,0,baselines_work/cohorte/java/CODE_DIF_JAVA_002/CODE_DIF_JAVA_002.java,34,baselines_work/cohorte/java/CODE_FUN_JAVA_006/CODE_FUN_JAVA_006.java,0.058823529411764705,8,3,4,4
2177,4,baselines_work/cohorte/java/CODE_DIF_JAVA_004/CODE_DIF_JAVA_004.java,5,baselines_work/cohorte/java/CODE_DIF_JAVA_009/CODE_DIF_JAVA_009.java,0.034934497816593885,8,2,4,4
2256,8,baselines_work/cohorte/java/CODE_DIF_JAVA_005/CODE_DIF_JAVA_005.java,17,baselines_work/cohorte/java/CODE_ESTRU_JAVA_003/CODE_ESTRU_JAVA_003.java,0.041025641025641026,8,1,6,2
2257,8,baselines_work/cohorte/java/CODE_DIF_JAVA_005/CODE_DIF_JAVA_005.java,18,baselines_work/cohorte/java/CODE_ESTRU_JAVA_004/CODE_ESTRU_JAVA_004.java,0.04060913705583756,8,1,6,2
2261,8,baselines_work/cohorte/java/CODE_DIF_JAVA_005/CODE_DIF_JAVA_005.java,23,baselines_work/cohorte/java/CODE_ESTRU_JAVA_008/CODE_ESTRU_JAVA_008.java,0.043243243243243246,8,1,6,2
2274,8,baselines_work/cohorte/java/CODE_DIF_JAVA_005/CODE_DIF_JAVA_005.java,34,baselines_work/cohorte/java/CODE_FUN_JAVA_006/CODE_FUN_JAVA_006.java,0.03773584905660377,8,1,4,4
2288,8,baselines_work/cohorte/java/CODE_DIF_JAVA_005/CODE_DIF_JAVA_005.java,48,baselines_work/cohorte/java/CODE_IDENT_JAVA_003/CODE_IDENT_JAVA_003.java,0.043478260869565216,8,1,6,2
2289,8,baselines_work/cohorte/java/CODE_DIF_JAVA_005/CODE_DIF_JAVA_005.java,49,baselines_work/cohorte/java/CODE_IDENT_JAVA_003_COPY/CODE_IDENT_JAVA_003.java,0.043478260869565216,8,1,6,2
2290,8,baselines_work/cohorte/java/CODE_DIF_JAVA_005/CODE_DIF_JAVA_005.java,50,baselines_work/cohorte/java/CODE_IDENT_JAVA_004/CODE_IDENT_JAVA_004.java,0.04081632653061224,8,1,6,2
2291,8,baselines_work/cohorte/java/CODE_DIF_JAVA_005/CODE_DIF_JAVA_005.java,55,baselines_work/cohorte/java/CODE_IDENT_JAVA_004_COPY/CODE_IDENT_JAVA_004.java,0.04081632653061224,8,1,6,2
2298,8,baselines_work/cohorte/java/CODE_DIF_JAVA_005/CODE_DIF_JAVA_005.java,56,baselines_work/cohorte/java/CODE_IDENT_JAVA_008/CODE_IDENT_JAVA_008.java,0.043243243243243246,8,1,6,2
2299,8,baselines_work/cohorte/java/CODE_DIF_JAVA_005/CODE_DIF_JAVA_005.java,61,baselines_work/cohorte/java/CODE_IDENT_JAVA_008_COPY/CODE_IDENT_JAVA_008.java,0.043243243243243246,8,1,6,2
2343,7,baselines_work/cohorte/java/CODE_DIF_JAVA_006/CODE_DIF_JAVA_006.java,34,baselines_work/cohorte/java/CODE_FUN_JAVA_006/CODE_FUN_JAVA_006.java,0.047337278106508875,8,2,4,4
2400,3,baselines_work/cohorte/java/CODE_DIF_JAVA_007/CODE_DIF_JAVA_007.java,27,baselines_work/cohorte/java/CODE_ESTRU_JAVA_010/CODE_ESTRU_JAVA_010.java,0.04081632653061224,8,1,3,5
2439,3,baselines_work/cohorte/java/CODE_DIF_JAVA_007/CODE_DIF_JAVA_007.java,62,baselines_work/cohorte/java/CODE_IDENT_JAVA_010/CODE_IDENT_JAVA_010.java,0.041025641025641026,8,1,3,5
2440,3,baselines_work/cohorte/java/CODE_DIF_JAVA_007/CODE_DIF_JAVA_007.java,65,baselines_work/cohorte/java/CODE_IDENT_JAVA_010_COPY/CODE_IDENT_JAVA_010.java,0.041025641025641026,8,1,3,5
2458,6,baselines_work/cohorte/java/CODE_DIF_JAVA_008/CODE_DIF_JAVA_008.java,15,baselines_work/cohorte/java/CODE_ESTRU_JAVA_001/CODE_ESTRU_JAVA_001.java,0.04081632653061224,8,1,5,3
2488,6,baselines_work/cohorte/java/CODE_DIF_JAVA_008/CODE_DIF_JAVA_008.java,46,baselines_work/cohorte/java/CODE_IDENT_JAVA_001/CODE_IDENT_JAVA_001.java,0.04081632653061224,8,1,5,3
2489,6,baselines_work/cohorte/java/CODE_DIF_JAVA_008/CODE_DIF_JAVA_008.java,45,baselines_work/cohorte/java/CODE_IDENT_JAVA_001_COPY/CODE_IDENT_JAVA_001.java,0.04081632653061224,8,1,5,3
2530,5,baselines_work/cohorte/java/CODE_DIF_JAVA_009/CODE_DIF_JAVA_009.java,22,baselines_work/cohorte/java/CODE_ESTRU_JAVA_007/CODE_ESTRU_JAVA_007.java,0.038461538461538464,8,2,4,4
2534,5,baselines_work/cohorte/java/CODE_DIF_JAVA_009/CODE_DIF_JAVA_009.java,26,baselines_work/cohorte/java/CODE_ESTRU_JAVA_011/CODE_ESTRU_JAVA_011.java,0.041025641025641026,8,2,4,4
2535,5,baselines_work/cohorte/java/CODE_DIF_JAVA_009/CODE_DIF_JAVA_009.java,25,baselines_work/cohorte/java/CODE_ESTRU_JAVA_012/CODE_ESTRU_JAVA_012.java,0.04145077720207254,8,2,4,4
2540,5,baselines_work/cohorte/java/CODE_DIF_JAVA_009/CODE_DIF_JAVA_009.java,31,baselines_work/cohorte/java/CODE_FUN_JAVA_002/CODE_FUN_JAVA_002.java,0.03864734299516908,8,4,4,4
2553,5,baselines_work/cohorte/java/CODE_DIF_JAVA_009/CODE_DIF_JAVA_009.java,44,baselines_work/cohorte/java/CODE_FUN_JAVA_015/CODE_FUN_JAVA_015.java,0.03125,8,3,4,4
2566,5,baselines_work/cohorte/java/CODE_DIF_JAVA_009/CODE_DIF_JAVA_009.java,59,baselines_work/cohorte/java/CODE_IDENT_JAVA_007/CODE_IDENT_JAVA_007.java,0.04145077720207254,8,2,4,4
2567,5,baselines_work/cohorte/java/CODE_DIF_JAVA_009/CODE_DIF_JAVA_009.java,57,baselines_work/cohorte/java/CODE_IDENT_JAVA_007_COPY/CODE_IDENT_JAVA_007.java,0.04145077720207254,8,2,4,4
2574,5,baselines_work/cohorte/java/CODE_DIF_JAVA_009/CODE_DIF_JAVA_009.java,66,baselines_work/cohorte/java/CODE_IDENT_JAVA_011/CODE_IDENT_JAVA_011.java,0.04081632653061224,8,2,4,4
2575,5,baselines_work/cohorte/java/CODE_DIF_JAVA_009/CODE_DIF_JAVA_009.java,67,baselines_work/cohorte/java/CODE_IDENT_JAVA_011_COPY/CODE_IDENT_JAVA_011.java,0.04081632653061224,8,2,4,4
2576,5,baselines_work/cohorte/java/CODE_DIF_JAVA_009/CODE_DIF_JAVA_009.java,64,baselines_work/cohorte/java/CODE_IDENT_JAVA_012/CODE_IDENT_JAVA_012.java,0.0425531914893617,8,2,4,4
2577,5,baselines_work/cohorte/java/CODE_DIF_JAVA_009/CODE_DIF_JAVA_009.java,71,baselines_work/cohorte/java/CODE_IDENT_JAVA_012_COPY/CODE_IDENT_JAVA_012.java,0.0425531914893617,8,2,4,4
2720,11,baselines_work/cohorte/java/CODE_DIF_JAVA_012/CODE_DIF_JAVA_012.java,19,baselines_work/cohorte/java/CODE_ESTRU_JAVA_005/CODE_ESTRU_JAVA_005.java,0.05517241379310345,8,1,3,5
2754,11,baselines_work/cohorte/java/CODE_DIF_JAVA_012/CODE_DIF_JAVA_012.java,52,baselines_work/cohorte/java/CODE_IDENT_JAVA_005/CODE_IDENT_JAVA_005.java,0.05442176870748299,8,1,3,5
2755,11,baselines_work/cohorte/java/CODE_DIF_JAVA_012/CODE_DIF_JAVA_012.java,54,baselines_work/cohorte/java/CODE_IDENT_JAVA_005_COPY/CODE_IDENT_JAVA_005.java,0.05442176870748299,8,1,3,5
2781,12,baselines_work/cohorte/java/CODE_DIF_JAVA_013/CODE_DIF_JAVA_013.java,18,baselines_work/cohorte/java/CODE_ESTRU_JAVA_004/CODE_ESTRU_JAVA_004.java,0.04020100502512563,8,2,4,4
2794,12,baselines_work/cohorte/java/CODE_DIF_JAVA_013/CODE_DIF_JAVA_013.java,31,baselines_work/cohorte/java/CODE_FUN_JAVA_002/CODE_FUN_JAVA_002.java,0.039603960396039604,8,2,4,4
2846,13,baselines_work/cohorte/java/CODE_DIF_JAVA_014/CODE_DIF_JAVA_014.java,23,baselines_work/cohorte/java/CODE_ESTRU_JAVA_008/CODE_ESTRU_JAVA_008.java,0.047058823529411764,8,1,4,4
2883,13,baselines_work/cohorte/java/CODE_DIF_JAVA_014/CODE_DIF_JAVA_014.java,56,baselines_work/cohorte/java/CODE_IDENT_JAVA_008/CODE_IDENT_JAVA_008.java,0.047058823529411764,8,1,4,4
2884,13,baselines_work/cohorte/java/CODE_DIF_JAVA_014/CODE_DIF_JAVA_014.java,61,baselines_work/cohorte/java/CODE_IDENT_JAVA_008_COPY/CODE_IDENT_JAVA_008.java,0.047058823529411764,8,1,4,4
2971,15,baselines_work/cohorte/java/CODE_ESTRU_JAVA_001/CODE_ESTRU_JAVA_001.java,24,baselines_work/cohorte/java/CODE_ESTRU_JAVA_014/CODE_ESTRU_JAVA_014.java,0.0784313725490196,8,3,4,4
2976,15,baselines_work/cohorte/java/CODE_ESTRU_JAVA_001/CODE_ESTRU_JAVA_001.java,35,baselines_work/cohorte/java/CODE_FUN_JAVA_004/CODE_FUN_JAVA_004.java,0.08333333333333333,8,1,5,3
2982,15,baselines_work/cohorte/java/CODE_ESTRU_JAVA_001/CODE_ESTRU_JAVA_001.java,36,baselines_work/cohorte/java/CODE_FUN_JAVA_010/CODE_FUN_JAVA_010.java,0.06060606060606061,8,3,4,4
2983,15,baselines_work/cohorte/java/CODE_ESTRU_JAVA_001/CODE_ESTRU_JAVA_001.java,42,baselines_work/cohorte/java/CODE_FUN_JAVA_011/CODE_FUN_JAVA_011.java,0.08163265306122448,8,1,4,4
3022,16,baselines_work/cohorte/java/CODE_ESTRU_JAVA_002/CODE_ESTRU_JAVA_002.java,22,baselines_work/cohorte/java/CODE_ESTRU_JAVA_007/CODE_ESTRU_JAVA_007.java,0.08080808080808081,8,3,4,4
3027,16,baselines_work/cohorte/java/CODE_ESTRU_JAVA_002/CODE_ESTRU_JAVA_002.java,25,baselines_work/cohorte/java/CODE_ESTRU_JAVA_012/CODE_ESTRU_JAVA_012.java,0.09523809523809523,8,3,4,4
3058,16,baselines_work/cohorte/java/CODE_ESTRU_JAVA_002/CODE_ESTRU_JAVA_002.java,59,baselines_work/cohorte/java/CODE_IDENT_JAVA_007/CODE_IDENT_JAVA_007.java,0.09523809523809523,8,3,4,4
3059,16,baselines_work/cohorte/java/CODE_ESTRU_JAVA_002/CODE_ESTRU_JAVA_002.java,57,baselines_work/cohorte/java/CODE_IDENT_JAVA_007_COPY/CODE_IDENT_JAVA_007.java,0.09523809523809523,8,3,4,4
3068,16,baselines_work/cohorte/java/CODE_ESTRU_JAVA_002/CODE_ESTRU_JAVA_002.java,64,baselines_work/cohorte/java/CODE_IDENT_JAVA_012/CODE_IDENT_JAVA_012.java,0.10126582278481013,8,3,4,4
3069,16,baselines_work/cohorte/java/CODE_ESTRU_JAVA_002/CODE_ESTRU_JAVA_002.java,71,baselines_work/cohorte/java/CODE_IDENT_JAVA_012_COPY/CODE_IDENT_JAVA_012.java,0.10126582278481013,8,3,4,4
3157,18,baselines_work/cohorte/java/CODE_ESTRU_JAVA_004/CODE_ESTRU_JAVA_004.java,43,baselines_work/cohorte/java/CODE_FUN_JAVA_014/CODE_FUN_JAVA_014.java,0.05925925925925926,8,1,3,5
3206,19,baselines_work/cohorte/java/CODE_ESTRU_JAVA_005/CODE_ESTRU_JAVA_005.java,38,baselines_work/cohorte/java/CODE_FUN_JAVA_008/CODE_FUN_JAVA_008.java,0.0784313725490196,8,1,5,3
3244,20,baselines_work/cohorte/java/CODE_ESTRU_JAVA_006/CODE_ESTRU_JAVA_006.java,22,baselines_work/cohorte/java/CODE_ESTRU_JAVA_007/CODE_ESTRU_JAVA_007.java,0.0851063829787234,8,3,4,4
3249,20,baselines_work/cohorte/java/CODE_ESTRU_JAVA_006/CODE_ESTRU_JAVA_006.java,25,baselines_work/cohorte/java/CODE_ESTRU_JAVA_012/CODE_ESTRU_JAVA_012.java,0.10126582278481013,8,3,4,4
3252,20,baselines_work/cohorte/java/CODE_ESTRU_JAVA_006/CODE_ESTRU_JAVA_006.java,28,baselines_work/cohorte/java/CODE_ESTRU_JAVA_015/CODE_ESTRU_JAVA_015.java,0.06722689075630252,8,3,4,4
3280,20,baselines_work/cohorte/java/CODE_ESTRU_JAVA_006/CODE_ESTRU_JAVA_006.java,59,baselines_work/cohorte/java/CODE_IDENT_JAVA_007/CODE_IDENT_JAVA_007.java,0.10126582278481013,8,3,4,4
3281,20,baselines_work/cohorte/java/CODE_ESTRU_JAVA_006/CODE_ESTRU_JAVA_006.java,57,baselines_work/cohorte/java/CODE_IDENT_JAVA_007_COPY/CODE_IDENT_JAVA_007.java,0.10126582278481013,8,3,4,4
3290,20,baselines_work/cohorte/java/CODE_ESTRU_JAVA_006/CODE_ESTRU_JAVA_006.java,64,baselines_work/cohorte/java/CODE_IDENT_JAVA_012/CODE_IDENT_JAVA_012.java,0.10810810810810811,8,3,4,4
3291,20,baselines_work/cohorte/java/CODE_ESTRU_JAVA_006/CODE_ESTRU_JAVA_006.java,71,baselines_work/cohorte/java/CODE_IDENT_JAVA_012_COPY/CODE_IDENT_JAVA_012.java,0.10810810810810811,8,3,4,4
3296,20,baselines_work/cohorte/java/CODE_ESTRU_JAVA_006/CODE_ESTRU_JAVA_006.java,73,baselines_work/cohorte/java/CODE_IDENT_JAVA_015/CODE_IDENT_JAVA_015.java,0.07142857142857142,8,3,4,4
3297,20,baselines_work/cohorte/java/CODE_ESTRU_JAVA_006/CODE_ESTRU_JAVA_006.java,74,baselines_work/cohorte/java/CODE_IDENT_JAVA_015_COPY/CODE_IDENT_JAVA_015.java,0.07142857142857142,8,3,4,4
3307,22,baselines_work/cohorte/java/CODE_ESTRU_JAVA_007/CODE_ESTRU_JAVA_007.java,31,baselines_work/cohorte/java/CODE_FUN_JAVA_002/CODE_FUN_JAVA_002.java,0.07207207207207207,8,2,5,3
3311,22,baselines_work/cohorte/java/CODE_ESTRU_JAVA_007/CODE_ESTRU_JAVA_007.java,34,baselines_work/cohorte/java/CODE_FUN_JAVA_006/CODE_FUN_JAVA_006.java,0.06504065040650407,8,3,4,4
3323,22,baselines_work/cohorte/java/CODE_ESTRU_JAVA_007/CODE_ESTRU_JAVA_007.java,47,baselines_work/cohorte/java/CODE_IDENT_JAVA_002/CODE_IDENT_JAVA_002.java,0.07920792079207921,8,3,4,4
3324,22,baselines_work/cohorte/java/CODE_ESTRU_JAVA_007/CODE_ESTRU_JAVA_007.java,51,baselines_work/cohorte/java/CODE_IDENT_JAVA_002_COPY/CODE_IDENT_JAVA_002.java,0.07920792079207921,8,3,4,4
3331,22,baselines_work/cohorte/java/CODE_ESTRU_JAVA_007/CODE_ESTRU_JAVA_007.java,53,baselines_work/cohorte/java/CODE_IDENT_JAVA_006/CODE_IDENT_JAVA_006.java,0.08791208791208792,8,3,4,4
3332,22,baselines_work/cohorte/java/CODE_ESTRU_JAVA_007/CODE_ESTRU_JAVA_007.java,58,baselines_work/cohorte/java/CODE_IDENT_JAVA_006_COPY/CODE_IDENT_JAVA_006.java,0.08791208791208792,8,3,4,4
3361,23,baselines_work/cohorte/java/CODE_ESTRU_JAVA_008/CODE_ESTRU_JAVA_008.java,35,baselines_work/cohorte/java/CODE_FUN_JAVA_004/CODE_FUN_JAVA_004.java,0.07692307692307693,8,1,4,4
3510,26,baselines_work/cohorte/java/CODE_ESTRU_JAVA_011/CODE_ESTRU_JAVA_011.java,32,baselines_work/cohorte/java/CODE_FUN_JAVA_003/CODE_FUN_JAVA_003.java,0.09876543209876543,8,2,4,4
3558,25,baselines_work/cohorte/java/CODE_ESTRU_JAVA_012/CODE_ESTRU_JAVA_012.java,32,baselines_work/cohorte/java/CODE_FUN_JAVA_003/CODE_FUN_JAVA_003.java,0.10126582278481013,8,2,4,4
3561,25,baselines_work/cohorte/java/CODE_ESTRU_JAVA_012/CODE_ESTRU_JAVA_012.java,34,baselines_work/cohorte/java/CODE_FUN_JAVA_006/CODE_FUN_JAVA_006.java,0.07407407407407407,8,3,4,4
3573,25,baselines_work/cohorte/java/CODE_ESTRU_JAVA_012/CODE_ESTRU_JAVA_012.java,47,baselines_work/cohorte/java/CODE_IDENT_JAVA_002/CODE_IDENT_JAVA_002.java,0.09302325581395349,8,3,4,4
3574,25,baselines_work/cohorte/java/CODE_ESTRU_JAVA_012/CODE_ESTRU_JAVA_012.java,51,baselines_work/cohorte/java/CODE_IDENT_JAVA_002_COPY/CODE_IDENT_JAVA_002.java,0.09302325581395349,8,3,4,4
3581,25,baselines_work/cohorte/java/CODE_ESTRU_JAVA_012/CODE_ESTRU_JAVA_012.java,53,baselines_work/cohorte/java/CODE_IDENT_JAVA_006/CODE_IDENT_JAVA_006.java,0.10526315789473684,8,3,4,4
3582,25,baselines_work/cohorte/java/CODE_ESTRU_JAVA_012/CODE_ESTRU_JAVA_012.java,58,baselines_work/cohorte/java/CODE_IDENT_JAVA_006_COPY/CODE_IDENT_JAVA_006.java,0.10526315789473684,8,3,4,4
3605,29,baselines_work/cohorte/java/CODE_ESTRU_JAVA_013/CODE_ESTRU_JAVA_013.java,32,baselines_work/cohorte/java/CODE_FUN_JAVA_003/CODE_FUN_JAVA_003.java,0.0975609756097561,8,2,4,4
3651,24,baselines_work/cohorte/java/CODE_ESTRU_JAVA_014/CODE_ESTRU_JAVA_014.java,32,baselines_work/cohorte/java/CODE_FUN_JAVA_003/CODE_FUN_JAVA_003.java,0.07407407407407407,8,2,4,4
3664,24,baselines_work/cohorte/java/CODE_ESTRU_JAVA_014/CODE_ESTRU_JAVA_014.java,46,baselines_work/cohorte/java/CODE_IDENT_JAVA_001/CODE_IDENT_JAVA_001.java,0.0784313725490196,8,3,4,4
3665,24,baselines_work/cohorte/java/CODE_ESTRU_JAVA_014/CODE_ESTRU_JAVA_014.java,45,baselines_work/cohorte/java/CODE_IDENT_JAVA_001_COPY/CODE_IDENT_JAVA_001.java,0.0784313725490196,8,3,4,4
3696,28,baselines_work/cohorte/java/CODE_ESTRU_JAVA_015/CODE_ESTRU_JAVA_015.java,32,baselines_work/cohorte/java/CODE_FUN_JAVA_003/CODE_FUN_JAVA_003.java,0.06722689075630252,8,2,4,4
3719,28,baselines_work/cohorte/java/CODE_ESTRU_JAVA_015/CODE_ESTRU_JAVA_015.java,53,baselines_work/cohorte/java/CODE_IDENT_JAVA_006/CODE_IDENT_JAVA_006.java,0.06896551724137931,8,3,4,4
3720,28,baselines_work/cohorte/java/CODE_ESTRU_JAVA_015/CODE_ESTRU_JAVA_015.java,58,baselines_work/cohorte/java/CODE_IDENT_JAVA_006_COPY/CODE_IDENT_JAVA_006.java,0.06896551724137931,8,3,4,4
3741,30,baselines_work/cohorte/java/CODE_FUN_JAVA_001/CODE_FUN_JAVA_001.java,35,baselines_work/cohorte/java/CODE_FUN_JAVA_004/CODE_FUN_JAVA_004.java,0.06956521739130435,8,2,4,4
3784,31,baselines_work/cohorte/java/CODE_FUN_JAVA_002/CODE_FUN_JAVA_002.java,35,baselines_work/cohorte/java/CODE_FUN_JAVA_004/CODE_FUN_JAVA_004.java,0.06722689075630252,8,2,4,4
3791,31,baselines_work/cohorte/java/CODE_FUN_JAVA_002/CODE_FUN_JAVA_002.java,42,baselines_work/cohorte/java/CODE_FUN_JAVA_011/CODE_FUN_JAVA_011.java,0.06611570247933884,8,2,3,5
3794,31,baselines_work/cohorte/java/CODE_FUN_JAVA_002/CODE_FUN_JAVA_002.java,43,baselines_work/cohorte/java/CODE_FUN_JAVA_014/CODE_FUN_JAVA_014.java,0.057971014492753624,8,2,3,5
3808,31,baselines_work/cohorte/java/CODE_FUN_JAVA_002/CODE_FUN_JAVA_002.java,59,baselines_work/cohorte/java/CODE_IDENT_JAVA_007/CODE_IDENT_JAVA_007.java,0.08333333333333333,8,2,3,5
3809,31,baselines_work/cohorte/java/CODE_FUN_JAVA_002/CODE_FUN_JAVA_002.java,57,baselines_work/cohorte/java/CODE_IDENT_JAVA_007_COPY/CODE_IDENT_JAVA_007.java,0.08333333333333333,8,2,3,5
3858,32,baselines_work/cohorte/java/CODE_FUN_JAVA_003/CODE_FUN_JAVA_003.java,66,baselines_work/cohorte/java/CODE_IDENT_JAVA_011/CODE_IDENT_JAVA_011.java,0.0975609756097561,8,2,4,4
3859,32,baselines_work/cohorte/java/CODE_FUN_JAVA_003/CODE_FUN_JAVA_003.java,67,baselines_work/cohorte/java/CODE_IDENT_JAVA_011_COPY/CODE_IDENT_JAVA_011.java,0.0975609756097561,8,2,4,4
3860,32,baselines_work/cohorte/java/CODE_FUN_JAVA_003/CODE_FUN_JAVA_003.java,64,baselines_work/cohorte/java/CODE_IDENT_JAVA_012/CODE_IDENT_JAVA_012.java,0.10810810810810811,8,2,4,4
3861,32,baselines_work/cohorte/java/CODE_FUN_JAVA_003/CODE_FUN_JAVA_003.java,71,baselines_work/cohorte/java/CODE_IDENT_JAVA_012_COPY/CODE_IDENT_JAVA_012.java,0.10810810810810811,8,2,4,4
3862,32,baselines_work/cohorte/java/CODE_FUN_JAVA_003/CODE_FUN_JAVA_003.java,69,baselines_work/cohorte/java/CODE_IDENT_JAVA_013/CODE_IDENT_JAVA_013.java,0.09876543209876543,8,2,4,4
3863,32,baselines_work/cohorte/java/CODE_FUN_JAVA_003/CODE_FUN_JAVA_003.java,70,baselines_work/cohorte/java/CODE_IDENT_JAVA_013_COPY/CODE_IDENT_JAVA_013.java,0.09876543209876543,8,2,4,4
3864,32,baselines_work/cohorte/java/CODE_FUN_JAVA_003/CODE_FUN_JAVA_003.java,68,baselines_work/cohorte/java/CODE_IDENT_JAVA_014/CODE_IDENT_JAVA_014.java,0.0851063829787234,8,2,4,4
3865,32,baselines_work/cohorte/java/CODE_FUN_JAVA_003/CODE_FUN_JAVA_003.java,72,baselines_work/cohorte/java/CODE_IDENT_JAVA_014_COPY/CODE_IDENT_JAVA_014.java,0.0851063829787234,8,2,4,4
3866,32,baselines_work/cohorte/java/CODE_FUN_JAVA_003/CODE_FUN_JAVA_003.java,73,baselines_work/cohorte/java/CODE_IDENT_JAVA_015/CODE_IDENT_JAVA_015.java,0.07142857142857142,8,2,4,4
3867,32,baselines_work/cohorte/java/CODE_FUN_JAVA_003/CODE_FUN_JAVA_003.java,74,baselines_work/cohorte/java/CODE_IDENT_JAVA_015_COPY/CODE_IDENT_JAVA_015.java,0.07142857142857142,8,2,4,4
3879,35,baselines_work/cohorte/java/CODE_FUN_JAVA_004/CODE_FUN_JAVA_004.java,46,baselines_work/cohorte/java/CODE_IDENT_JAVA_001/CODE_IDENT_JAVA_001.java,0.08333333333333333,8,1,3,5
3880,35,baselines_work/cohorte/java/CODE_FUN_JAVA_004/CODE_FUN_JAVA_004.java,45,baselines_work/cohorte/java/CODE_IDENT_JAVA_001_COPY/CODE_IDENT_JAVA_001.java,0.08333333333333333,8,1,3,5
3893,35,baselines_work/cohorte/java/CODE_FUN_JAVA_004/CODE_FUN_JAVA_004.java,56,baselines_work/cohorte/java/CODE_IDENT_JAVA_008/CODE_IDENT_JAVA_008.java,0.07692307692307693,8,1,4,4
3894,35,baselines_work/cohorte/java/CODE_FUN_JAVA_004/CODE_FUN_JAVA_004.java,61,baselines_work/cohorte/java/CODE_IDENT_JAVA_008_COPY/CODE_IDENT_JAVA_008.java,0.07692307692307693,8,1,4,4
3949,34,baselines_work/cohorte/java/CODE_FUN_JAVA_006/CODE_FUN_JAVA_006.java,37,baselines_work/cohorte/java/CODE_FUN_JAVA_007/CODE_FUN_JAVA_007.java,0.05405405405405406,8,1,4,4
3950,34,baselines_work/cohorte/java/CODE_FUN_JAVA_006/CODE_FUN_JAVA_006.java,38,baselines_work/cohorte/java/CODE_FUN_JAVA_008/CODE_FUN_JAVA_008.java,0.06201550387596899,8,2,4,4
3970,34,baselines_work/cohorte/java/CODE_FUN_JAVA_006/CODE_FUN_JAVA_006.java,59,baselines_work/cohorte/java/CODE_IDENT_JAVA_007/CODE_IDENT_JAVA_007.java,0.07407407407407407,8,3,4,4
3971,34,baselines_work/cohorte/java/CODE_FUN_JAVA_006/CODE_FUN_JAVA_006.java,57,baselines_work/cohorte/java/CODE_IDENT_JAVA_007_COPY/CODE_IDENT_JAVA_007.java,0.07407407407407407,8,3,4,4
3980,34,baselines_work/cohorte/java/CODE_FUN_JAVA_006/CODE_FUN_JAVA_006.java,64,baselines_work/cohorte/java/CODE_IDENT_JAVA_012/CODE_IDENT_JAVA_012.java,0.07766990291262135,8,3,4,4
3981,34,baselines_work/cohorte/java/CODE_FUN_JAVA_006/CODE_FUN_JAVA_006.java,71,baselines_work/cohorte/java/CODE_IDENT_JAVA_012_COPY/CODE_IDENT_JAVA_012.java,0.07766990291262135,8,3,4,4
4041,38,baselines_work/cohorte/java/CODE_FUN_JAVA_008/CODE_FUN_JAVA_008.java,52,baselines_work/cohorte/java/CODE_IDENT_JAVA_005/CODE_IDENT_JAVA_005.java,0.07692307692307693,8,1,3,5
4042,38,baselines_work/cohorte/java/CODE_FUN_JAVA_008/CODE_FUN_JAVA_008.java,54,baselines_work/cohorte/java/CODE_IDENT_JAVA_005_COPY/CODE_IDENT_JAVA_005.java,0.07692307692307693,8,1,3,5
4073,39,baselines_work/cohorte/java/CODE_FUN_JAVA_009/CODE_FUN_JAVA_009.java,48,baselines_work/cohorte/java/CODE_IDENT_JAVA_003/CODE_IDENT_JAVA_003.java,0.06015037593984962,8,1,6,2
4074,39,baselines_work/cohorte/java/CODE_FUN_JAVA_009/CODE_FUN_JAVA_009.java,49,baselines_work/cohorte/java/CODE_IDENT_JAVA_003_COPY/CODE_IDENT_JAVA_003.java,0.06015037593984962,8,1,6,2
4104,36,baselines_work/cohorte/java/CODE_FUN_JAVA_010/CODE_FUN_JAVA_010.java,46,baselines_work/cohorte/java/CODE_IDENT_JAVA_001/CODE_IDENT_JAVA_001.java,0.06060606060606061,8,3,4,4
4105,36,baselines_work/cohorte/java/CODE_FUN_JAVA_010/CODE_FUN_JAVA_010.java,45,baselines_work/cohorte/java/CODE_IDENT_JAVA_001_COPY/CODE_IDENT_JAVA_001.java,0.06060606060606061,8,3,4,4
4108,36,baselines_work/cohorte/java/CODE_FUN_JAVA_010/CODE_FUN_JAVA_010.java,48,baselines_work/cohorte/java/CODE_IDENT_JAVA_003/CODE_IDENT_JAVA_003.java,0.05755395683453238,8,3,4,4
4109,36,baselines_work/cohorte/java/CODE_FUN_JAVA_010/CODE_FUN_JAVA_010.java,49,baselines_work/cohorte/java/CODE_IDENT_JAVA_003_COPY/CODE_IDENT_JAVA_003.java,0.05755395683453238,8,3,4,4
4114,36,baselines_work/cohorte/java/CODE_FUN_JAVA_010/CODE_FUN_JAVA_010.java,53,baselines_work/cohorte/java/CODE_IDENT_JAVA_006/CODE_IDENT_JAVA_006.java,0.05925925925925926,8,3,4,4
4115,36,baselines_work/cohorte/java/CODE_FUN_JAVA_010/CODE_FUN_JAVA_010.java,58,baselines_work/cohorte/java/CODE_IDENT_JAVA_006_COPY/CODE_IDENT_JAVA_006.java,0.05925925925925926,8,3,4,4
4138,42,baselines_work/cohorte/java/CODE_FUN_JAVA_011/CODE_FUN_JAVA_011.java,46,baselines_work/cohorte/java/CODE_IDENT_JAVA_001/CODE_IDENT_JAVA_001.java,0.08163265306122448,8,1,4,4
4139,42,baselines_work/cohorte/java/CODE_FUN_JAVA_011/CODE_FUN_JAVA_011.java,45,baselines_work/cohorte/java/CODE_IDENT_JAVA_001_COPY/CODE_IDENT_JAVA_001.java,0.08163265306122448,8,1,4,4
4142,42,baselines_work/cohorte/java/CODE_FUN_JAVA_011/CODE_FUN_JAVA_011.java,48,baselines_work/cohorte/java/CODE_IDENT_JAVA_003/CODE_IDENT_JAVA_003.java,0.0761904761904762,8,1,5,3
4143,42,baselines_work/cohorte/java/CODE_FUN_JAVA_011/CODE_FUN_JAVA_011.java,49,baselines_work/cohorte/java/CODE_IDENT_JAVA_003_COPY/CODE_IDENT_JAVA_003.java,0.0761904761904762,8,1,5,3
4240,43,baselines_work/cohorte/java/CODE_FUN_JAVA_014/CODE_FUN_JAVA_014.java,50,baselines_work/cohorte/java/CODE_IDENT_JAVA_004/CODE_IDENT_JAVA_004.java,0.05970149253731343,8,1,5,3
4241,43,baselines_work/cohorte/java/CODE_FUN_JAVA_014/CODE_FUN_JAVA_014.java,55,baselines_work/cohorte/java/CODE_IDENT_JAVA_004_COPY/CODE_IDENT_JAVA_004.java,0.05970149253731343,8,1,5,3
4268,44,baselines_work/cohorte/java/CODE_FUN_JAVA_015/CODE_FUN_JAVA_015.java,48,baselines_work/cohorte/java/CODE_IDENT_JAVA_003/CODE_IDENT_JAVA_003.java,0.055944055944055944,8,1,6,2
4269,44,baselines_work/cohorte/java/CODE_FUN_JAVA_015/CODE_FUN_JAVA_015.java,49,baselines_work/cohorte/java/CODE_IDENT_JAVA_003_COPY/CODE_IDENT_JAVA_003.java,0.055944055944055944,8,1,6,2
4360,47,baselines_work/cohorte/java/CODE_IDENT_JAVA_002/CODE_IDENT_JAVA_002.java,59,baselines_work/cohorte/java/CODE_IDENT_JAVA_007/CODE_IDENT_JAVA_007.java,0.09302325581395349,8,3,4,4
4361,47,baselines_work/cohorte/java/CODE_IDENT_JAVA_002/CODE_IDENT_JAVA_002.java,57,baselines_work/cohorte/java/CODE_IDENT_JAVA_007_COPY/CODE_IDENT_JAVA_007.java,0.09302325581395349,8,3,4,4
4370,47,baselines_work/cohorte/java/CODE_IDENT_JAVA_002/CODE_IDENT_JAVA_002.java,64,baselines_work/cohorte/java/CODE_IDENT_JAVA_012/CODE_IDENT_JAVA_012.java,0.09876543209876543,8,3,4,4
4371,47,baselines_work/cohorte/java/CODE_IDENT_JAVA_002/CODE_IDENT_JAVA_002.java,71,baselines_work/cohorte/java/CODE_IDENT_JAVA_012_COPY/CODE_IDENT_JAVA_012.java,0.09876543209876543,8,3,4,4
4386,51,baselines_work/cohorte/java/CODE_IDENT_JAVA_002_COPY/CODE_IDENT_JAVA_002.java,59,baselines_work/cohorte/java/CODE_IDENT_JAVA_007/CODE_IDENT_JAVA_007.java,0.09302325581395349,8,3,4,4
4387,51,baselines_work/cohorte/java/CODE_IDENT_JAVA_002_COPY/CODE_IDENT_JAVA_002.java,57,baselines_work/cohorte/java/CODE_IDENT_JAVA_007_COPY/CODE_IDENT_JAVA_007.java,0.09302325581395349,8,3,4,4
4396,51,baselines_work/cohorte/java/CODE_IDENT_JAVA_002_COPY/CODE_IDENT_JAVA_002.java,64,baselines_work/cohorte/java/CODE_IDENT_JAVA_012/CODE_IDENT_JAVA_012.java,0.09876543209876543,8,3,4,4
4397,51,baselines_work/cohorte/java/CODE_IDENT_JAVA_002_COPY/CODE_IDENT_JAVA_002.java,71,baselines_work/cohorte/java/CODE_IDENT_JAVA_012_COPY/CODE_IDENT_JAVA_012.java,0.09876543209876543,8,3,4,4
4540,53,baselines_work/cohorte/java/CODE_IDENT_JAVA_006/CODE_IDENT_JAVA_006.java,59,baselines_work/cohorte/java/CODE_IDENT_JAVA_007/CODE_IDENT_JAVA_007.java,0.10526315789473684,8,3,4,4
4541,53,baselines_work/cohorte/java/CODE_IDENT_JAVA_006/CODE_IDENT_JAVA_006.java,57,baselines_work/cohorte/java/CODE_IDENT_JAVA_007_COPY/CODE_IDENT_JAVA_007.java,0.10526315789473684,8,3,4,4
4550,53,baselines_work/cohorte/java/CODE_IDENT_JAVA_006/CODE_IDENT_JAVA_006.java,64,baselines_work/cohorte/java/CODE_IDENT_JAVA_012/CODE_IDENT_JAVA_012.java,0.11267605633802817,8,3,4,4
4551,53,baselines_work/cohorte/java/CODE_IDENT_JAVA_006/CODE_IDENT_JAVA_006.java,71,baselines_work/cohorte/java/CODE_IDENT_JAVA_012_COPY/CODE_IDENT_JAVA_012.java,0.11267605633802817,8,3,4,4
4556,53,baselines_work/cohorte/java/CODE_IDENT_JAVA_006/CODE_IDENT_JAVA_006.java,73,baselines_work/cohorte/java/CODE_IDENT_JAVA_015/CODE_IDENT_JAVA_015.java,0.07339449541284404,8,3,4,4
4557,53,baselines_work/cohorte/java/CODE_IDENT_JAVA_006/CODE_IDENT_JAVA_006.java,74,baselines_work/cohorte/java/CODE_IDENT_JAVA_015_COPY/CODE_IDENT_JAVA_015.java,0.07339449541284404,8,3,4,4
4558,58,baselines_work/cohorte/java/CODE_IDENT_JAVA_006_COPY/CODE_IDENT_JAVA_006.java,59,baselines_work/cohorte/java/CODE_IDENT_JAVA_007/CODE_IDENT_JAVA_007.java,0.10526315789473684,8,3,4,4
4559,58,baselines_work/cohorte/java/CODE_IDENT_JAVA_006_COPY/CODE_IDENT_JAVA_006.java,57,baselines_work/cohorte/java/CODE_IDENT_JAVA_007_COPY/CODE_IDENT_JAVA_007.java,0.10526315789473684,8,3,4,4
4568,58,baselines_work/cohorte/java/CODE_IDENT_JAVA_006_COPY/CODE_IDENT_JAVA_006.java,64,baselines_work/cohorte/java/CODE_IDENT_JAVA_012/CODE_IDENT_JAVA_012.java,0.11267605633802817,8,3,4,4
4569,58,baselines_work/cohorte/java/CODE_IDENT_JAVA_006_COPY/CODE_IDENT_JAVA_006.java,71,baselines_work/cohorte/java/CODE_IDENT_JAVA_012_COPY/CODE_IDENT_JAVA_012.java,0.11267605633802817,8,3,4,4
4574,58,baselines_work/cohorte/java/CODE_IDENT_JAVA_006_COPY/CODE_IDENT_JAVA_006.java,73,baselines_work/cohorte/java/CODE_IDENT_JAVA_015/CODE_IDENT_JAVA_015.java,0.07339449541284404,8,3,4,4
4575,58,baselines_work/cohorte/java/CODE_IDENT_JAVA_006_COPY/CODE_IDENT_JAVA_006.java,74,baselines_work/cohorte/java/CODE_IDENT_JAVA_015_COPY/CODE_IDENT_JAVA_015.java,0.07339449541284404,8,3,4,4
1984,1,baselines_work/cohorte/java/CODE_DIF_JAVA_001/CODE_DIF_JAVA_001.java,31,baselines_work/cohorte/java/CODE_FUN_JAVA_002/CODE_FUN_JAVA_002.java,0.046357615894039736,7,1,5,2
2002,1,baselines_work/cohorte/java/CODE_DIF_JAVA_001/CODE_DIF_JAVA_001.java,48,baselines_work/cohorte/java/CODE_IDENT_JAVA_003/CODE_IDENT_JAVA_003.java,0.05185185185185185,7,1,5,2
2003,1,baselines_work/cohorte/java/CODE_DIF_JAVA_001/CODE_DIF_JAVA_001.java,49,baselines_work/cohorte/java/CODE_IDENT_JAVA_003_COPY/CODE_IDENT_JAVA_003.java,0.05185185185185185,7,1,5,2
2138,2,baselines_work/cohorte/java/CODE_DIF_JAVA_003/CODE_DIF_JAVA_003.java,42,baselines_work/cohorte/java/CODE_FUN_JAVA_011/CODE_FUN_JAVA_011.java,0.043478260869565216,7,2,3,4
2199,4,baselines_work/cohorte/java/CODE_DIF_JAVA_004/CODE_DIF_JAVA_004.java,30,baselines_work/cohorte/java/CODE_FUN_JAVA_001/CODE_FUN_JAVA_001.java,0.0546875,7,1,4,3
2332,7,baselines_work/cohorte/java/CODE_DIF_JAVA_006/CODE_DIF_JAVA_006.java,27,baselines_work/cohorte/java/CODE_ESTRU_JAVA_010/CODE_ESTRU_JAVA_010.java,0.040697674418604654,7,1,4,3
2333,7,baselines_work/cohorte/java/CODE_DIF_JAVA_006/CODE_DIF_JAVA_006.java,26,baselines_work/cohorte/java/CODE_ESTRU_JAVA_011/CODE_ESTRU_JAVA_011.java,0.04827586206896552,7,1,4,3
2347,7,baselines_work/cohorte/java/CODE_DIF_JAVA_006/CODE_DIF_JAVA_006.java,36,baselines_work/cohorte/java/CODE_FUN_JAVA_010/CODE_FUN_JAVA_010.java,0.034653465346534656,7,2,3,4
2371,7,baselines_work/cohorte/java/CODE_DIF_JAVA_006/CODE_DIF_JAVA_006.java,62,baselines_work/cohorte/java/CODE_IDENT_JAVA_010/CODE_IDENT_JAVA_010.java,0.04093567251461988,7,1,4,3
2372,7,baselines_work/cohorte/java/CODE_DIF_JAVA_006/CODE_DIF_JAVA_006.java,65,baselines_work/cohorte/java/CODE_IDENT_JAVA_010_COPY/CODE_IDENT_JAVA_010.java,0.04093567251461988,7,1,4,3
2373,7,baselines_work/cohorte/java/CODE_DIF_JAVA_006/CODE_DIF_JAVA_006.java,66,baselines_work/cohorte/java/CODE_IDENT_JAVA_011/CODE_IDENT_JAVA_011.java,0.04794520547945205,7,1,4,3
2374,7,baselines_work/cohorte/java/CODE_DIF_JAVA_006/CODE_DIF_JAVA_006.java,67,baselines_work/cohorte/java/CODE_IDENT_JAVA_011_COPY/CODE_IDENT_JAVA_011.java,0.04794520547945205,7,1,4,3
2623,9,baselines_work/cohorte/java/CODE_DIF_JAVA_010/CODE_DIF_JAVA_010.java,48,baselines_work/cohorte/java/CODE_IDENT_JAVA_003/CODE_IDENT_JAVA_003.java,0.03286384976525822,7,1,5,2
2624,9,baselines_work/cohorte/java/CODE_DIF_JAVA_010/CODE_DIF_JAVA_010.java,49,baselines_work/cohorte/java/CODE_IDENT_JAVA_003_COPY/CODE_IDENT_JAVA_003.java,0.03286384976525822,7,1,5,2
2750,11,baselines_work/cohorte/java/CODE_DIF_JAVA_012/CODE_DIF_JAVA_012.java,48,baselines_work/cohorte/java/CODE_IDENT_JAVA_003/CODE_IDENT_JAVA_003.java,0.04861111111111111,7,1,4,3
2751,11,baselines_work/cohorte/java/CODE_DIF_JAVA_012/CODE_DIF_JAVA_012.java,49,baselines_work/cohorte/java/CODE_IDENT_JAVA_003_COPY/CODE_IDENT_JAVA_003.java,0.04861111111111111,7,1,4,3
2778,12,baselines_work/cohorte/java/CODE_DIF_JAVA_013/CODE_DIF_JAVA_013.java,15,baselines_work/cohorte/java/CODE_ESTRU_JAVA_001/CODE_ESTRU_JAVA_001.java,0.03910614525139665,7,1,3,4
2779,12,baselines_work/cohorte/java/CODE_DIF_JAVA_013/CODE_DIF_JAVA_013.java,16,baselines_work/cohorte/java/CODE_ESTRU_JAVA_002/CODE_ESTRU_JAVA_002.java,0.03684210526315789,7,1,3,4
2785,12,baselines_work/cohorte/java/CODE_DIF_JAVA_013/CODE_DIF_JAVA_013.java,23,baselines_work/cohorte/java/CODE_ESTRU_JAVA_008/CODE_ESTRU_JAVA_008.java,0.0374331550802139,7,1,3,4
2808,12,baselines_work/cohorte/java/CODE_DIF_JAVA_013/CODE_DIF_JAVA_013.java,46,baselines_work/cohorte/java/CODE_IDENT_JAVA_001/CODE_IDENT_JAVA_001.java,0.03910614525139665,7,1,3,4
2809,12,baselines_work/cohorte/java/CODE_DIF_JAVA_013/CODE_DIF_JAVA_013.java,45,baselines_work/cohorte/java/CODE_IDENT_JAVA_001_COPY/CODE_IDENT_JAVA_001.java,0.03910614525139665,7,1,3,4
2810,12,baselines_work/cohorte/java/CODE_DIF_JAVA_013/CODE_DIF_JAVA_013.java,47,baselines_work/cohorte/java/CODE_IDENT_JAVA_002/CODE_IDENT_JAVA_002.java,0.036458333333333336,7,1,3,4
2811,12,baselines_work/cohorte/java/CODE_DIF_JAVA_013/CODE_DIF_JAVA_013.java,51,baselines_work/cohorte/java/CODE_IDENT_JAVA_002_COPY/CODE_IDENT_JAVA_002.java,0.036458333333333336,7,1,3,4
2822,12,baselines_work/cohorte/java/CODE_DIF_JAVA_013/CODE_DIF_JAVA_013.java,56,baselines_work/cohorte/java/CODE_IDENT_JAVA_008/CODE_IDENT_JAVA_008.java,0.0374331550802139,7,1,3,4
2823,12,baselines_work/cohorte/java/CODE_DIF_JAVA_013/CODE_DIF_JAVA_013.java,61,baselines_work/cohorte/java/CODE_IDENT_JAVA_008_COPY/CODE_IDENT_JAVA_008.java,0.0374331550802139,7,1,3,4
2842,13,baselines_work/cohorte/java/CODE_DIF_JAVA_014/CODE_DIF_JAVA_014.java,18,baselines_work/cohorte/java/CODE_ESTRU_JAVA_004/CODE_ESTRU_JAVA_004.java,0.038461538461538464,7,1,4,3
2875,13,baselines_work/cohorte/java/CODE_DIF_JAVA_014/CODE_DIF_JAVA_014.java,50,baselines_work/cohorte/java/CODE_IDENT_JAVA_004/CODE_IDENT_JAVA_004.java,0.03867403314917127,7,1,4,3
2876,13,baselines_work/cohorte/java/CODE_DIF_JAVA_014/CODE_DIF_JAVA_014.java,55,baselines_work/cohorte/java/CODE_IDENT_JAVA_004_COPY/CODE_IDENT_JAVA_004.java,0.03867403314917127,7,1,4,3
2984,15,baselines_work/cohorte/java/CODE_ESTRU_JAVA_001/CODE_ESTRU_JAVA_001.java,41,baselines_work/cohorte/java/CODE_FUN_JAVA_012/CODE_FUN_JAVA_012.java,0.07692307692307693,7,1,4,3
3094,17,baselines_work/cohorte/java/CODE_ESTRU_JAVA_003/CODE_ESTRU_JAVA_003.java,37,baselines_work/cohorte/java/CODE_FUN_JAVA_007/CODE_FUN_JAVA_007.java,0.05343511450381679,7,1,3,4
3100,17,baselines_work/cohorte/java/CODE_ESTRU_JAVA_003/CODE_ESTRU_JAVA_003.java,40,baselines_work/cohorte/java/CODE_FUN_JAVA_013/CODE_FUN_JAVA_013.java,0.0625,7,2,3,4
3199,19,baselines_work/cohorte/java/CODE_ESTRU_JAVA_005/CODE_ESTRU_JAVA_005.java,30,baselines_work/cohorte/java/CODE_FUN_JAVA_001/CODE_FUN_JAVA_001.java,0.07692307692307693,7,1,5,2
3200,19,baselines_work/cohorte/java/CODE_ESTRU_JAVA_005/CODE_ESTRU_JAVA_005.java,31,baselines_work/cohorte/java/CODE_FUN_JAVA_002/CODE_FUN_JAVA_002.java,0.07368421052631578,7,1,5,2
3315,22,baselines_work/cohorte/java/CODE_ESTRU_JAVA_007/CODE_ESTRU_JAVA_007.java,36,baselines_work/cohorte/java/CODE_FUN_JAVA_010/CODE_FUN_JAVA_010.java,0.04487179487179487,7,1,2,5
3410,21,baselines_work/cohorte/java/CODE_ESTRU_JAVA_009/CODE_ESTRU_JAVA_009.java,31,baselines_work/cohorte/java/CODE_FUN_JAVA_002/CODE_FUN_JAVA_002.java,0.05737704918032787,7,1,5,2
3463,27,baselines_work/cohorte/java/CODE_ESTRU_JAVA_010/CODE_ESTRU_JAVA_010.java,33,baselines_work/cohorte/java/CODE_FUN_JAVA_005/CODE_FUN_JAVA_005.java,0.050724637681159424,7,1,3,4
3472,27,baselines_work/cohorte/java/CODE_ESTRU_JAVA_010/CODE_ESTRU_JAVA_010.java,43,baselines_work/cohorte/java/CODE_FUN_JAVA_014/CODE_FUN_JAVA_014.java,0.0457516339869281,7,1,3,4
3509,26,baselines_work/cohorte/java/CODE_ESTRU_JAVA_011/CODE_ESTRU_JAVA_011.java,31,baselines_work/cohorte/java/CODE_FUN_JAVA_002/CODE_FUN_JAVA_002.java,0.07142857142857142,7,2,4,3
3557,25,baselines_work/cohorte/java/CODE_ESTRU_JAVA_012/CODE_ESTRU_JAVA_012.java,31,baselines_work/cohorte/java/CODE_FUN_JAVA_002/CODE_FUN_JAVA_002.java,0.07291666666666667,7,2,4,3
3604,29,baselines_work/cohorte/java/CODE_ESTRU_JAVA_013/CODE_ESTRU_JAVA_013.java,31,baselines_work/cohorte/java/CODE_FUN_JAVA_002/CODE_FUN_JAVA_002.java,0.0707070707070707,7,2,4,3
3761,30,baselines_work/cohorte/java/CODE_FUN_JAVA_001/CODE_FUN_JAVA_001.java,52,baselines_work/cohorte/java/CODE_IDENT_JAVA_005/CODE_IDENT_JAVA_005.java,0.07526881720430108,7,1,2,5
3762,30,baselines_work/cohorte/java/CODE_FUN_JAVA_001/CODE_FUN_JAVA_001.java,54,baselines_work/cohorte/java/CODE_IDENT_JAVA_005_COPY/CODE_IDENT_JAVA_005.java,0.07526881720430108,7,1,2,5
3788,31,baselines_work/cohorte/java/CODE_FUN_JAVA_002/CODE_FUN_JAVA_002.java,38,baselines_work/cohorte/java/CODE_FUN_JAVA_008/CODE_FUN_JAVA_008.java,0.05982905982905983,7,2,3,4
3792,31,baselines_work/cohorte/java/CODE_FUN_JAVA_002/CODE_FUN_JAVA_002.java,41,baselines_work/cohorte/java/CODE_FUN_JAVA_012/CODE_FUN_JAVA_012.java,0.06140350877192982,7,2,3,4
3793,31,baselines_work/cohorte/java/CODE_FUN_JAVA_002/CODE_FUN_JAVA_002.java,40,baselines_work/cohorte/java/CODE_FUN_JAVA_013/CODE_FUN_JAVA_013.java,0.05982905982905983,7,2,3,4
3804,31,baselines_work/cohorte/java/CODE_FUN_JAVA_002/CODE_FUN_JAVA_002.java,52,baselines_work/cohorte/java/CODE_IDENT_JAVA_005/CODE_IDENT_JAVA_005.java,0.07216494845360824,7,1,2,5
3805,31,baselines_work/cohorte/java/CODE_FUN_JAVA_002/CODE_FUN_JAVA_002.java,54,baselines_work/cohorte/java/CODE_IDENT_JAVA_005_COPY/CODE_IDENT_JAVA_005.java,0.07216494845360824,7,1,2,5
3812,31,baselines_work/cohorte/java/CODE_FUN_JAVA_002/CODE_FUN_JAVA_002.java,60,baselines_work/cohorte/java/CODE_IDENT_JAVA_009/CODE_IDENT_JAVA_009.java,0.05737704918032787,7,1,2,5
3813,31,baselines_work/cohorte/java/CODE_FUN_JAVA_002/CODE_FUN_JAVA_002.java,63,baselines_work/cohorte/java/CODE_IDENT_JAVA_009_COPY/CODE_IDENT_JAVA_009.java,0.05737704918032787,7,1,2,5
3816,31,baselines_work/cohorte/java/CODE_FUN_JAVA_002/CODE_FUN_JAVA_002.java,66,baselines_work/cohorte/java/CODE_IDENT_JAVA_011/CODE_IDENT_JAVA_011.java,0.0707070707070707,7,2,3,4
3817,31,baselines_work/cohorte/java/CODE_FUN_JAVA_002/CODE_FUN_JAVA_002.java,67,baselines_work/cohorte/java/CODE_IDENT_JAVA_011_COPY/CODE_IDENT_JAVA_011.java,0.0707070707070707,7,2,3,4
3818,31,baselines_work/cohorte/java/CODE_FUN_JAVA_002/CODE_FUN_JAVA_002.java,64,baselines_work/cohorte/java/CODE_IDENT_JAVA_012/CODE_IDENT_JAVA_012.java,0.07692307692307693,7,2,3,4
3819,31,baselines_work/cohorte/java/CODE_FUN_JAVA_002/CODE_FUN_JAVA_002.java,71,baselines_work/cohorte/java/CODE_IDENT_JAVA_012_COPY/CODE_IDENT_JAVA_012.java,0.07692307692307693,7,2,3,4
3820,31,baselines_work/cohorte/java/CODE_FUN_JAVA_002/CODE_FUN_JAVA_002.java,69,baselines_work/cohorte/java/CODE_IDENT_JAVA_013/CODE_IDENT_JAVA_013.java,0.07142857142857142,7,2,3,4
3821,31,baselines_work/cohorte/java/CODE_FUN_JAVA_002/CODE_FUN_JAVA_002.java,70,baselines_work/cohorte/java/CODE_IDENT_JAVA_013_COPY/CODE_IDENT_JAVA_013.java,0.07142857142857142,7,2,3,4
3937,33,baselines_work/cohorte/java/CODE_FUN_JAVA_005/CODE_FUN_JAVA_005.java,62,baselines_work/cohorte/java/CODE_IDENT_JAVA_010/CODE_IDENT_JAVA_010.java,0.051094890510948905,7,1,4,3
3938,33,baselines_work/cohorte/java/CODE_FUN_JAVA_005/CODE_FUN_JAVA_005.java,65,baselines_work/cohorte/java/CODE_IDENT_JAVA_010_COPY/CODE_IDENT_JAVA_010.java,0.051094890510948905,7,1,4,3
4000,37,baselines_work/cohorte/java/CODE_FUN_JAVA_007/CODE_FUN_JAVA_007.java,48,baselines_work/cohorte/java/CODE_IDENT_JAVA_003/CODE_IDENT_JAVA_003.java,0.058333333333333334,7,1,4,3
4001,37,baselines_work/cohorte/java/CODE_FUN_JAVA_007/CODE_FUN_JAVA_007.java,49,baselines_work/cohorte/java/CODE_IDENT_JAVA_003_COPY/CODE_IDENT_JAVA_003.java,0.058333333333333334,7,1,4,3
4039,38,baselines_work/cohorte/java/CODE_FUN_JAVA_008/CODE_FUN_JAVA_008.java,50,baselines_work/cohorte/java/CODE_IDENT_JAVA_004/CODE_IDENT_JAVA_004.java,0.061946902654867256,7,1,4,3
4040,38,baselines_work/cohorte/java/CODE_FUN_JAVA_008/CODE_FUN_JAVA_008.java,55,baselines_work/cohorte/java/CODE_IDENT_JAVA_004_COPY/CODE_IDENT_JAVA_004.java,0.061946902654867256,7,1,4,3
4116,36,baselines_work/cohorte/java/CODE_FUN_JAVA_010/CODE_FUN_JAVA_010.java,59,baselines_work/cohorte/java/CODE_IDENT_JAVA_007/CODE_IDENT_JAVA_007.java,0.04964539007092199,7,1,5,2
4117,36,baselines_work/cohorte/java/CODE_FUN_JAVA_010/CODE_FUN_JAVA_010.java,57,baselines_work/cohorte/java/CODE_IDENT_JAVA_007_COPY/CODE_IDENT_JAVA_007.java,0.04964539007092199,7,1,5,2
4171,41,baselines_work/cohorte/java/CODE_FUN_JAVA_012/CODE_FUN_JAVA_012.java,46,baselines_work/cohorte/java/CODE_IDENT_JAVA_001/CODE_IDENT_JAVA_001.java,0.07692307692307693,7,1,3,4
4172,41,baselines_work/cohorte/java/CODE_FUN_JAVA_012/CODE_FUN_JAVA_012.java,45,baselines_work/cohorte/java/CODE_IDENT_JAVA_001_COPY/CODE_IDENT_JAVA_001.java,0.07692307692307693,7,1,3,4
4175,41,baselines_work/cohorte/java/CODE_FUN_JAVA_012/CODE_FUN_JAVA_012.java,48,baselines_work/cohorte/java/CODE_IDENT_JAVA_003/CODE_IDENT_JAVA_003.java,0.07142857142857142,7,1,4,3
4176,41,baselines_work/cohorte/java/CODE_FUN_JAVA_012/CODE_FUN_JAVA_012.java,49,baselines_work/cohorte/java/CODE_IDENT_JAVA_003_COPY/CODE_IDENT_JAVA_003.java,0.07142857142857142,7,1,4,3
4252,43,baselines_work/cohorte/java/CODE_FUN_JAVA_014/CODE_FUN_JAVA_014.java,62,baselines_work/cohorte/java/CODE_IDENT_JAVA_010/CODE_IDENT_JAVA_010.java,0.046052631578947366,7,1,4,3
4253,43,baselines_work/cohorte/java/CODE_FUN_JAVA_014/CODE_FUN_JAVA_014.java,65,baselines_work/cohorte/java/CODE_IDENT_JAVA_010_COPY/CODE_IDENT_JAVA_010.java,0.046052631578947366,7,1,4,3
1961,1,baselines_work/cohorte/java/CODE_DIF_JAVA_001/CODE_DIF_JAVA_001.java,5,baselines_work/cohorte/java/CODE_DIF_JAVA_009/CODE_DIF_JAVA_009.java,0.024193548387096774,6,2,3,3
2128,2,baselines_work/cohorte/java/CODE_DIF_JAVA_003/CODE_DIF_JAVA_003.java,30,baselines_work/cohorte/java/CODE_FUN_JAVA_001/CODE_FUN_JAVA_001.java,0.0410958904109589,6,2,3,3
2139,2,baselines_work/cohorte/java/CODE_DIF_JAVA_003/CODE_DIF_JAVA_003.java,41,baselines_work/cohorte/java/CODE_FUN_JAVA_012/CODE_FUN_JAVA_012.java,0.03896103896103896,6,2,3,3
2193,4,baselines_work/cohorte/java/CODE_DIF_JAVA_004/CODE_DIF_JAVA_004.java,27,baselines_work/cohorte/java/CODE_ESTRU_JAVA_010/CODE_ESTRU_JAVA_010.java,0.04081632653061224,6,1,3,3
2232,4,baselines_work/cohorte/java/CODE_DIF_JAVA_004/CODE_DIF_JAVA_004.java,62,baselines_work/cohorte/java/CODE_IDENT_JAVA_010/CODE_IDENT_JAVA_010.java,0.0410958904109589,6,1,3,3
2233,4,baselines_work/cohorte/java/CODE_DIF_JAVA_004/CODE_DIF_JAVA_004.java,65,baselines_work/cohorte/java/CODE_IDENT_JAVA_010_COPY/CODE_IDENT_JAVA_010.java,0.0410958904109589,6,1,3,3
2323,7,baselines_work/cohorte/java/CODE_DIF_JAVA_006/CODE_DIF_JAVA_006.java,15,baselines_work/cohorte/java/CODE_ESTRU_JAVA_001/CODE_ESTRU_JAVA_001.java,0.04477611940298507,6,1,3,3
2325,7,baselines_work/cohorte/java/CODE_DIF_JAVA_006/CODE_DIF_JAVA_006.java,17,baselines_work/cohorte/java/CODE_ESTRU_JAVA_003/CODE_ESTRU_JAVA_003.java,0.039473684210526314,6,1,4,2
2326,7,baselines_work/cohorte/java/CODE_DIF_JAVA_006/CODE_DIF_JAVA_006.java,18,baselines_work/cohorte/java/CODE_ESTRU_JAVA_004/CODE_ESTRU_JAVA_004.java,0.03896103896103896,6,1,4,2
2330,7,baselines_work/cohorte/java/CODE_DIF_JAVA_006/CODE_DIF_JAVA_006.java,23,baselines_work/cohorte/java/CODE_ESTRU_JAVA_008/CODE_ESTRU_JAVA_008.java,0.04225352112676056,6,1,4,2
2353,7,baselines_work/cohorte/java/CODE_DIF_JAVA_006/CODE_DIF_JAVA_006.java,46,baselines_work/cohorte/java/CODE_IDENT_JAVA_001/CODE_IDENT_JAVA_001.java,0.04477611940298507,6,1,3,3
2354,7,baselines_work/cohorte/java/CODE_DIF_JAVA_006/CODE_DIF_JAVA_006.java,45,baselines_work/cohorte/java/CODE_IDENT_JAVA_001_COPY/CODE_IDENT_JAVA_001.java,0.04477611940298507,6,1,3,3
2357,7,baselines_work/cohorte/java/CODE_DIF_JAVA_006/CODE_DIF_JAVA_006.java,48,baselines_work/cohorte/java/CODE_IDENT_JAVA_003/CODE_IDENT_JAVA_003.java,0.0425531914893617,6,1,4,2
2358,7,baselines_work/cohorte/java/CODE_DIF_JAVA_006/CODE_DIF_JAVA_006.java,49,baselines_work/cohorte/java/CODE_IDENT_JAVA_003_COPY/CODE_IDENT_JAVA_003.java,0.0425531914893617,6,1,4,2
2359,7,baselines_work/cohorte/java/CODE_DIF_JAVA_006/CODE_DIF_JAVA_006.java,50,baselines_work/cohorte/java/CODE_IDENT_JAVA_004/CODE_IDENT_JAVA_004.java,0.0392156862745098,6,1,4,2
2360,7,baselines_work/cohorte/java/CODE_DIF_JAVA_006/CODE_DIF_JAVA_006.java,55,baselines_work/cohorte/java/CODE_IDENT_JAVA_004_COPY/CODE_IDENT_JAVA_004.java,0.0392156862745098,6,1,4,2
2367,7,baselines_work/cohorte/java/CODE_DIF_JAVA_006/CODE_DIF_JAVA_006.java,56,baselines_work/cohorte/java/CODE_IDENT_JAVA_008/CODE_IDENT_JAVA_008.java,0.04225352112676056,6,1,4,2
2368,7,baselines_work/cohorte/java/CODE_DIF_JAVA_006/CODE_DIF_JAVA_006.java,61,baselines_work/cohorte/java/CODE_IDENT_JAVA_008_COPY/CODE_IDENT_JAVA_008.java,0.04225352112676056,6,1,4,2
2391,3,baselines_work/cohorte/java/CODE_DIF_JAVA_007/CODE_DIF_JAVA_007.java,15,baselines_work/cohorte/java/CODE_ESTRU_JAVA_001/CODE_ESTRU_JAVA_001.java,0.0379746835443038,6,1,2,4
2394,3,baselines_work/cohorte/java/CODE_DIF_JAVA_007/CODE_DIF_JAVA_007.java,18,baselines_work/cohorte/java/CODE_ESTRU_JAVA_004/CODE_ESTRU_JAVA_004.java,0.033707865168539325,6,1,3,3
2398,3,baselines_work/cohorte/java/CODE_DIF_JAVA_007/CODE_DIF_JAVA_007.java,23,baselines_work/cohorte/java/CODE_ESTRU_JAVA_008/CODE_ESTRU_JAVA_008.java,0.03614457831325301,6,1,3,3
2421,3,baselines_work/cohorte/java/CODE_DIF_JAVA_007/CODE_DIF_JAVA_007.java,46,baselines_work/cohorte/java/CODE_IDENT_JAVA_001/CODE_IDENT_JAVA_001.java,0.0379746835443038,6,1,2,4
2422,3,baselines_work/cohorte/java/CODE_DIF_JAVA_007/CODE_DIF_JAVA_007.java,45,baselines_work/cohorte/java/CODE_IDENT_JAVA_001_COPY/CODE_IDENT_JAVA_001.java,0.0379746835443038,6,1,2,4
2427,3,baselines_work/cohorte/java/CODE_DIF_JAVA_007/CODE_DIF_JAVA_007.java,50,baselines_work/cohorte/java/CODE_IDENT_JAVA_004/CODE_IDENT_JAVA_004.java,0.03389830508474576,6,1,3,3
2428,3,baselines_work/cohorte/java/CODE_DIF_JAVA_007/CODE_DIF_JAVA_007.java,55,baselines_work/cohorte/java/CODE_IDENT_JAVA_004_COPY/CODE_IDENT_JAVA_004.java,0.03389830508474576,6,1,3,3
2435,3,baselines_work/cohorte/java/CODE_DIF_JAVA_007/CODE_DIF_JAVA_007.java,56,baselines_work/cohorte/java/CODE_IDENT_JAVA_008/CODE_IDENT_JAVA_008.java,0.03614457831325301,6,1,3,3
2436,3,baselines_work/cohorte/java/CODE_DIF_JAVA_007/CODE_DIF_JAVA_007.java,61,baselines_work/cohorte/java/CODE_IDENT_JAVA_008_COPY/CODE_IDENT_JAVA_008.java,0.03614457831325301,6,1,3,3
2474,6,baselines_work/cohorte/java/CODE_DIF_JAVA_008/CODE_DIF_JAVA_008.java,31,baselines_work/cohorte/java/CODE_FUN_JAVA_002/CODE_FUN_JAVA_002.java,0.0273972602739726,6,1,4,2
2538,5,baselines_work/cohorte/java/CODE_DIF_JAVA_009/CODE_DIF_JAVA_009.java,28,baselines_work/cohorte/java/CODE_ESTRU_JAVA_015/CODE_ESTRU_JAVA_015.java,0.02575107296137339,6,2,3,3
2542,5,baselines_work/cohorte/java/CODE_DIF_JAVA_009/CODE_DIF_JAVA_009.java,35,baselines_work/cohorte/java/CODE_FUN_JAVA_004/CODE_FUN_JAVA_004.java,0.027777777777777776,6,3,3,3
2552,5,baselines_work/cohorte/java/CODE_DIF_JAVA_009/CODE_DIF_JAVA_009.java,43,baselines_work/cohorte/java/CODE_FUN_JAVA_014/CODE_FUN_JAVA_014.java,0.02553191489361702,6,2,3,3
2582,5,baselines_work/cohorte/java/CODE_DIF_JAVA_009/CODE_DIF_JAVA_009.java,73,baselines_work/cohorte/java/CODE_IDENT_JAVA_015/CODE_IDENT_JAVA_015.java,0.02654867256637168,6,2,3,3
2583,5,baselines_work/cohorte/java/CODE_DIF_JAVA_009/CODE_DIF_JAVA_009.java,74,baselines_work/cohorte/java/CODE_IDENT_JAVA_015_COPY/CODE_IDENT_JAVA_015.java,0.02654867256637168,6,2,3,3
2590,9,baselines_work/cohorte/java/CODE_DIF_JAVA_010/CODE_DIF_JAVA_010.java,16,baselines_work/cohorte/java/CODE_ESTRU_JAVA_002/CODE_ESTRU_JAVA_002.java,0.027649769585253458,6,1,3,3
2621,9,baselines_work/cohorte/java/CODE_DIF_JAVA_010/CODE_DIF_JAVA_010.java,47,baselines_work/cohorte/java/CODE_IDENT_JAVA_002/CODE_IDENT_JAVA_002.java,0.0273972602739726,6,1,3,3
2622,9,baselines_work/cohorte/java/CODE_DIF_JAVA_010/CODE_DIF_JAVA_010.java,51,baselines_work/cohorte/java/CODE_IDENT_JAVA_002_COPY/CODE_IDENT_JAVA_002.java,0.0273972602739726,6,1,3,3
2780,12,baselines_work/cohorte/java/CODE_DIF_JAVA_013/CODE_DIF_JAVA_013.java,17,baselines_work/cohorte/java/CODE_ESTRU_JAVA_003/CODE_ESTRU_JAVA_003.java,0.030456852791878174,6,1,3,3
2812,12,baselines_work/cohorte/java/CODE_DIF_JAVA_013/CODE_DIF_JAVA_013.java,48,baselines_work/cohorte/java/CODE_IDENT_JAVA_003/CODE_IDENT_JAVA_003.java,0.03225806451612903,6,1,3,3
2813,12,baselines_work/cohorte/java/CODE_DIF_JAVA_013/CODE_DIF_JAVA_013.java,49,baselines_work/cohorte/java/CODE_IDENT_JAVA_003_COPY/CODE_IDENT_JAVA_003.java,0.03225806451612903,6,1,3,3
2814,12,baselines_work/cohorte/java/CODE_DIF_JAVA_013/CODE_DIF_JAVA_013.java,50,baselines_work/cohorte/java/CODE_IDENT_JAVA_004/CODE_IDENT_JAVA_004.java,0.030303030303030304,6,1,3,3
2815,12,baselines_work/cohorte/java/CODE_DIF_JAVA_013/CODE_DIF_JAVA_013.java,55,baselines_work/cohorte/java/CODE_IDENT_JAVA_004_COPY/CODE_IDENT_JAVA_004.java,0.030303030303030304,6,1,3,3
2839,13,baselines_work/cohorte/java/CODE_DIF_JAVA_014/CODE_DIF_JAVA_014.java,15,baselines_work/cohorte/java/CODE_ESTRU_JAVA_001/CODE_ESTRU_JAVA_001.java,0.037037037037037035,6,1,2,4
2859,13,baselines_work/cohorte/java/CODE_DIF_JAVA_014/CODE_DIF_JAVA_014.java,34,baselines_work/cohorte/java/CODE_FUN_JAVA_006/CODE_FUN_JAVA_006.java,0.030456852791878174,6,2,3,3
2869,13,baselines_work/cohorte/java/CODE_DIF_JAVA_014/CODE_DIF_JAVA_014.java,46,baselines_work/cohorte/java/CODE_IDENT_JAVA_001/CODE_IDENT_JAVA_001.java,0.037037037037037035,6,1,2,4
2870,13,baselines_work/cohorte/java/CODE_DIF_JAVA_014/CODE_DIF_JAVA_014.java,45,baselines_work/cohorte/java/CODE_IDENT_JAVA_001_COPY/CODE_IDENT_JAVA_001.java,0.037037037037037035,6,1,2,4
2981,15,baselines_work/cohorte/java/CODE_ESTRU_JAVA_001/CODE_ESTRU_JAVA_001.java,39,baselines_work/cohorte/java/CODE_FUN_JAVA_009/CODE_FUN_JAVA_009.java,0.047619047619047616,6,1,3,3
3091,17,baselines_work/cohorte/java/CODE_ESTRU_JAVA_003/CODE_ESTRU_JAVA_003.java,35,baselines_work/cohorte/java/CODE_FUN_JAVA_004/CODE_FUN_JAVA_004.java,0.05263157894736842,6,1,3,3
3092,17,baselines_work/cohorte/java/CODE_ESTRU_JAVA_003/CODE_ESTRU_JAVA_003.java,33,baselines_work/cohorte/java/CODE_FUN_JAVA_005/CODE_FUN_JAVA_005.java,0.05084745762711865,6,1,2,4
3101,17,baselines_work/cohorte/java/CODE_ESTRU_JAVA_003/CODE_ESTRU_JAVA_003.java,43,baselines_work/cohorte/java/CODE_FUN_JAVA_014/CODE_FUN_JAVA_014.java,0.045112781954887216,6,1,2,4
3147,18,baselines_work/cohorte/java/CODE_ESTRU_JAVA_004/CODE_ESTRU_JAVA_004.java,35,baselines_work/cohorte/java/CODE_FUN_JAVA_004/CODE_FUN_JAVA_004.java,0.05172413793103448,6,1,3,3
3148,18,baselines_work/cohorte/java/CODE_ESTRU_JAVA_004/CODE_ESTRU_JAVA_004.java,33,baselines_work/cohorte/java/CODE_FUN_JAVA_005/CODE_FUN_JAVA_005.java,0.05,6,1,2,4
3154,18,baselines_work/cohorte/java/CODE_ESTRU_JAVA_004/CODE_ESTRU_JAVA_004.java,42,baselines_work/cohorte/java/CODE_FUN_JAVA_011/CODE_FUN_JAVA_011.java,0.05084745762711865,6,1,2,4
3362,23,baselines_work/cohorte/java/CODE_ESTRU_JAVA_008/CODE_ESTRU_JAVA_008.java,33,baselines_work/cohorte/java/CODE_FUN_JAVA_005/CODE_FUN_JAVA_005.java,0.05555555555555555,6,1,2,4
3368,23,baselines_work/cohorte/java/CODE_ESTRU_JAVA_008/CODE_ESTRU_JAVA_008.java,42,baselines_work/cohorte/java/CODE_FUN_JAVA_011/CODE_FUN_JAVA_011.java,0.05660377358490566,6,1,2,4
3465,27,baselines_work/cohorte/java/CODE_ESTRU_JAVA_010/CODE_ESTRU_JAVA_010.java,37,baselines_work/cohorte/java/CODE_FUN_JAVA_007/CODE_FUN_JAVA_007.java,0.039735099337748346,6,1,3,3
3466,27,baselines_work/cohorte/java/CODE_ESTRU_JAVA_010/CODE_ESTRU_JAVA_010.java,38,baselines_work/cohorte/java/CODE_FUN_JAVA_008/CODE_FUN_JAVA_008.java,0.045454545454545456,6,1,3,3
3739,30,baselines_work/cohorte/java/CODE_FUN_JAVA_001/CODE_FUN_JAVA_001.java,31,baselines_work/cohorte/java/CODE_FUN_JAVA_002/CODE_FUN_JAVA_002.java,0.05660377358490566,6,2,3,3
3743,30,baselines_work/cohorte/java/CODE_FUN_JAVA_001/CODE_FUN_JAVA_001.java,34,baselines_work/cohorte/java/CODE_FUN_JAVA_006/CODE_FUN_JAVA_006.java,0.05084745762711865,6,1,3,3
3883,35,baselines_work/cohorte/java/CODE_FUN_JAVA_004/CODE_FUN_JAVA_004.java,48,baselines_work/cohorte/java/CODE_IDENT_JAVA_003/CODE_IDENT_JAVA_003.java,0.05825242718446602,6,1,3,3
3884,35,baselines_work/cohorte/java/CODE_FUN_JAVA_004/CODE_FUN_JAVA_004.java,49,baselines_work/cohorte/java/CODE_IDENT_JAVA_003_COPY/CODE_IDENT_JAVA_003.java,0.05825242718446602,6,1,3,3
3923,33,baselines_work/cohorte/java/CODE_FUN_JAVA_005/CODE_FUN_JAVA_005.java,48,baselines_work/cohorte/java/CODE_IDENT_JAVA_003/CODE_IDENT_JAVA_003.java,0.056074766355140186,6,1,4,2
3924,33,baselines_work/cohorte/java/CODE_FUN_JAVA_005/CODE_FUN_JAVA_005.java,49,baselines_work/cohorte/java/CODE_IDENT_JAVA_003_COPY/CODE_IDENT_JAVA_003.java,0.056074766355140186,6,1,4,2
3925,33,baselines_work/cohorte/java/CODE_FUN_JAVA_005/CODE_FUN_JAVA_005.java,50,baselines_work/cohorte/java/CODE_IDENT_JAVA_004/CODE_IDENT_JAVA_004.java,0.05042016806722689,6,1,4,2
3926,33,baselines_work/cohorte/java/CODE_FUN_JAVA_005/CODE_FUN_JAVA_005.java,55,baselines_work/cohorte/java/CODE_IDENT_JAVA_004_COPY/CODE_IDENT_JAVA_004.java,0.05042016806722689,6,1,4,2
3933,33,baselines_work/cohorte/java/CODE_FUN_JAVA_005/CODE_FUN_JAVA_005.java,56,baselines_work/cohorte/java/CODE_IDENT_JAVA_008/CODE_IDENT_JAVA_008.java,0.05555555555555555,6,1,4,2
3934,33,baselines_work/cohorte/java/CODE_FUN_JAVA_005/CODE_FUN_JAVA_005.java,61,baselines_work/cohorte/java/CODE_IDENT_JAVA_008_COPY/CODE_IDENT_JAVA_008.java,0.05555555555555555,6,1,4,2
3953,34,baselines_work/cohorte/java/CODE_FUN_JAVA_006/CODE_FUN_JAVA_006.java,42,baselines_work/cohorte/java/CODE_FUN_JAVA_011/CODE_FUN_JAVA_011.java,0.045112781954887216,6,1,3,3
3976,34,baselines_work/cohorte/java/CODE_FUN_JAVA_006/CODE_FUN_JAVA_006.java,62,baselines_work/cohorte/java/CODE_IDENT_JAVA_010/CODE_IDENT_JAVA_010.java,0.04411764705882353,6,3,3,3
3977,34,baselines_work/cohorte/java/CODE_FUN_JAVA_006/CODE_FUN_JAVA_006.java,65,baselines_work/cohorte/java/CODE_IDENT_JAVA_010_COPY/CODE_IDENT_JAVA_010.java,0.04411764705882353,6,3,3,3
4014,37,baselines_work/cohorte/java/CODE_FUN_JAVA_007/CODE_FUN_JAVA_007.java,62,baselines_work/cohorte/java/CODE_IDENT_JAVA_010/CODE_IDENT_JAVA_010.java,0.04,6,1,3,3
4015,37,baselines_work/cohorte/java/CODE_FUN_JAVA_007/CODE_FUN_JAVA_007.java,65,baselines_work/cohorte/java/CODE_IDENT_JAVA_010_COPY/CODE_IDENT_JAVA_010.java,0.04,6,1,3,3
4051,38,baselines_work/cohorte/java/CODE_FUN_JAVA_008/CODE_FUN_JAVA_008.java,62,baselines_work/cohorte/java/CODE_IDENT_JAVA_010/CODE_IDENT_JAVA_010.java,0.04580152671755725,6,1,3,3
4052,38,baselines_work/cohorte/java/CODE_FUN_JAVA_008/CODE_FUN_JAVA_008.java,65,baselines_work/cohorte/java/CODE_IDENT_JAVA_010_COPY/CODE_IDENT_JAVA_010.java,0.04580152671755725,6,1,3,3
4069,39,baselines_work/cohorte/java/CODE_FUN_JAVA_009/CODE_FUN_JAVA_009.java,46,baselines_work/cohorte/java/CODE_IDENT_JAVA_001/CODE_IDENT_JAVA_001.java,0.047619047619047616,6,1,3,3
4070,39,baselines_work/cohorte/java/CODE_FUN_JAVA_009/CODE_FUN_JAVA_009.java,45,baselines_work/cohorte/java/CODE_IDENT_JAVA_001_COPY/CODE_IDENT_JAVA_001.java,0.047619047619047616,6,1,3,3
4144,42,baselines_work/cohorte/java/CODE_FUN_JAVA_011/CODE_FUN_JAVA_011.java,50,baselines_work/cohorte/java/CODE_IDENT_JAVA_004/CODE_IDENT_JAVA_004.java,0.05128205128205128,6,1,4,2
4145,42,baselines_work/cohorte/java/CODE_FUN_JAVA_011/CODE_FUN_JAVA_011.java,55,baselines_work/cohorte/java/CODE_IDENT_JAVA_004_COPY/CODE_IDENT_JAVA_004.java,0.05128205128205128,6,1,4,2
4152,42,baselines_work/cohorte/java/CODE_FUN_JAVA_011/CODE_FUN_JAVA_011.java,56,baselines_work/cohorte/java/CODE_IDENT_JAVA_008/CODE_IDENT_JAVA_008.java,0.05660377358490566,6,1,4,2
4153,42,baselines_work/cohorte/java/CODE_FUN_JAVA_011/CODE_FUN_JAVA_011.java,61,baselines_work/cohorte/java/CODE_IDENT_JAVA_008_COPY/CODE_IDENT_JAVA_008.java,0.05660377358490566,6,1,4,2
4238,43,baselines_work/cohorte/java/CODE_FUN_JAVA_014/CODE_FUN_JAVA_014.java,48,baselines_work/cohorte/java/CODE_IDENT_JAVA_003/CODE_IDENT_JAVA_003.java,0.04918032786885246,6,1,4,2
4239,43,baselines_work/cohorte/java/CODE_FUN_JAVA_014/CODE_FUN_JAVA_014.java,49,baselines_work/cohorte/java/CODE_IDENT_JAVA_003_COPY/CODE_IDENT_JAVA_003.java,0.04918032786885246,6,1,4,2
1969,1,baselines_work/cohorte/java/CODE_DIF_JAVA_001/CODE_DIF_JAVA_001.java,16,baselines_work/cohorte/java/CODE_ESTRU_JAVA_002/CODE_ESTRU_JAVA_002.java,0.03597122302158273,5,1,2,3
2000,1,baselines_work/cohorte/java/CODE_DIF_JAVA_001/CODE_DIF_JAVA_001.java,47,baselines_work/cohorte/java/CODE_IDENT_JAVA_002/CODE_IDENT_JAVA_002.java,0.03546099290780142,5,1,2,3
2001,1,baselines_work/cohorte/java/CODE_DIF_JAVA_001/CODE_DIF_JAVA_001.java,51,baselines_work/cohorte/java/CODE_IDENT_JAVA_002_COPY/CODE_IDENT_JAVA_002.java,0.03546099290780142,5,1,2,3
2129,2,baselines_work/cohorte/java/CODE_DIF_JAVA_003/CODE_DIF_JAVA_003.java,31,baselines_work/cohorte/java/CODE_FUN_JAVA_002/CODE_FUN_JAVA_002.java,0.03333333333333333,5,1,3,2
2186,4,baselines_work/cohorte/java/CODE_DIF_JAVA_004/CODE_DIF_JAVA_004.java,17,baselines_work/cohorte/java/CODE_ESTRU_JAVA_003/CODE_ESTRU_JAVA_003.java,0.03937007874015748,5,1,3,2
2187,4,baselines_work/cohorte/java/CODE_DIF_JAVA_004/CODE_DIF_JAVA_004.java,18,baselines_work/cohorte/java/CODE_ESTRU_JAVA_004/CODE_ESTRU_JAVA_004.java,0.03875968992248062,5,1,3,2
2191,4,baselines_work/cohorte/java/CODE_DIF_JAVA_004/CODE_DIF_JAVA_004.java,23,baselines_work/cohorte/java/CODE_ESTRU_JAVA_008/CODE_ESTRU_JAVA_008.java,0.042735042735042736,5,1,3,2
2218,4,baselines_work/cohorte/java/CODE_DIF_JAVA_004/CODE_DIF_JAVA_004.java,48,baselines_work/cohorte/java/CODE_IDENT_JAVA_003/CODE_IDENT_JAVA_003.java,0.04310344827586207,5,1,3,2
2219,4,baselines_work/cohorte/java/CODE_DIF_JAVA_004/CODE_DIF_JAVA_004.java,49,baselines_work/cohorte/java/CODE_IDENT_JAVA_003_COPY/CODE_IDENT_JAVA_003.java,0.04310344827586207,5,1,3,2
2220,4,baselines_work/cohorte/java/CODE_DIF_JAVA_004/CODE_DIF_JAVA_004.java,50,baselines_work/cohorte/java/CODE_IDENT_JAVA_004/CODE_IDENT_JAVA_004.java,0.0390625,5,1,3,2
2221,4,baselines_work/cohorte/java/CODE_DIF_JAVA_004/CODE_DIF_JAVA_004.java,55,baselines_work/cohorte/java/CODE_IDENT_JAVA_004_COPY/CODE_IDENT_JAVA_004.java,0.0390625,5,1,3,2
2228,4,baselines_work/cohorte/java/CODE_DIF_JAVA_004/CODE_DIF_JAVA_004.java,56,baselines_work/cohorte/java/CODE_IDENT_JAVA_008/CODE_IDENT_JAVA_008.java,0.042735042735042736,5,1,3,2
2229,4,baselines_work/cohorte/java/CODE_DIF_JAVA_004/CODE_DIF_JAVA_004.java,61,baselines_work/cohorte/java/CODE_IDENT_JAVA_008_COPY/CODE_IDENT_JAVA_008.java,0.042735042735042736,5,1,3,2
2254,8,baselines_work/cohorte/java/CODE_DIF_JAVA_005/CODE_DIF_JAVA_005.java,15,baselines_work/cohorte/java/CODE_ESTRU_JAVA_001/CODE_ESTRU_JAVA_001.java,0.02824858757062147,5,1,2,3
2284,8,baselines_work/cohorte/java/CODE_DIF_JAVA_005/CODE_DIF_JAVA_005.java,46,baselines_work/cohorte/java/CODE_IDENT_JAVA_001/CODE_IDENT_JAVA_001.java,0.02824858757062147,5,1,2,3
2285,8,baselines_work/cohorte/java/CODE_DIF_JAVA_005/CODE_DIF_JAVA_005.java,45,baselines_work/cohorte/java/CODE_IDENT_JAVA_001_COPY/CODE_IDENT_JAVA_001.java,0.02824858757062147,5,1,2,3
2658,10,baselines_work/cohorte/java/CODE_DIF_JAVA_011/CODE_DIF_JAVA_011.java,20,baselines_work/cohorte/java/CODE_ESTRU_JAVA_006/CODE_ESTRU_JAVA_006.java,0.029239766081871343,5,1,3,2
2693,10,baselines_work/cohorte/java/CODE_DIF_JAVA_011/CODE_DIF_JAVA_011.java,53,baselines_work/cohorte/java/CODE_IDENT_JAVA_006/CODE_IDENT_JAVA_006.java,0.02976190476190476,5,1,3,2
2694,10,baselines_work/cohorte/java/CODE_DIF_JAVA_011/CODE_DIF_JAVA_011.java,58,baselines_work/cohorte/java/CODE_IDENT_JAVA_006_COPY/CODE_IDENT_JAVA_006.java,0.02976190476190476,5,1,3,2
2719,11,baselines_work/cohorte/java/CODE_DIF_JAVA_012/CODE_DIF_JAVA_012.java,18,baselines_work/cohorte/java/CODE_ESTRU_JAVA_004/CODE_ESTRU_JAVA_004.java,0.03184713375796178,5,1,3,2
2723,11,baselines_work/cohorte/java/CODE_DIF_JAVA_012/CODE_DIF_JAVA_012.java,23,baselines_work/cohorte/java/CODE_ESTRU_JAVA_008/CODE_ESTRU_JAVA_008.java,0.034482758620689655,5,1,3,2
2752,11,baselines_work/cohorte/java/CODE_DIF_JAVA_012/CODE_DIF_JAVA_012.java,50,baselines_work/cohorte/java/CODE_IDENT_JAVA_004/CODE_IDENT_JAVA_004.java,0.03205128205128205,5,1,3,2
2753,11,baselines_work/cohorte/java/CODE_DIF_JAVA_012/CODE_DIF_JAVA_012.java,55,baselines_work/cohorte/java/CODE_IDENT_JAVA_004_COPY/CODE_IDENT_JAVA_004.java,0.03205128205128205,5,1,3,2
2760,11,baselines_work/cohorte/java/CODE_DIF_JAVA_012/CODE_DIF_JAVA_012.java,56,baselines_work/cohorte/java/CODE_IDENT_JAVA_008/CODE_IDENT_JAVA_008.java,0.034482758620689655,5,1,3,2
2761,11,baselines_work/cohorte/java/CODE_DIF_JAVA_012/CODE_DIF_JAVA_012.java,61,baselines_work/cohorte/java/CODE_IDENT_JAVA_008_COPY/CODE_IDENT_JAVA_008.java,0.034482758620689655,5,1,3,2
2840,13,baselines_work/cohorte/java/CODE_DIF_JAVA_014/CODE_DIF_JAVA_014.java,16,baselines_work/cohorte/java/CODE_ESTRU_JAVA_002/CODE_ESTRU_JAVA_002.java,0.028901734104046242,5,1,2,3
2841,13,baselines_work/cohorte/java/CODE_DIF_JAVA_014/CODE_DIF_JAVA_014.java,17,baselines_work/cohorte/java/CODE_ESTRU_JAVA_003/CODE_ESTRU_JAVA_003.java,0.027777777777777776,5,1,3,2
2871,13,baselines_work/cohorte/java/CODE_DIF_JAVA_014/CODE_DIF_JAVA_014.java,47,baselines_work/cohorte/java/CODE_IDENT_JAVA_002/CODE_IDENT_JAVA_002.java,0.02857142857142857,5,1,2,3
2872,13,baselines_work/cohorte/java/CODE_DIF_JAVA_014/CODE_DIF_JAVA_014.java,51,baselines_work/cohorte/java/CODE_IDENT_JAVA_002_COPY/CODE_IDENT_JAVA_002.java,0.02857142857142857,5,1,2,3
2873,13,baselines_work/cohorte/java/CODE_DIF_JAVA_014/CODE_DIF_JAVA_014.java,48,baselines_work/cohorte/java/CODE_IDENT_JAVA_003/CODE_IDENT_JAVA_003.java,0.029585798816568046,5,1,3,2
2874,13,baselines_work/cohorte/java/CODE_DIF_JAVA_014/CODE_DIF_JAVA_014.java,49,baselines_work/cohorte/java/CODE_IDENT_JAVA_003_COPY/CODE_IDENT_JAVA_003.java,0.029585798816568046,5,1,3,2
2900,14,baselines_work/cohorte/java/CODE_DIF_JAVA_015/CODE_DIF_JAVA_015.java,16,baselines_work/cohorte/java/CODE_ESTRU_JAVA_002/CODE_ESTRU_JAVA_002.java,0.0196078431372549,5,1,2,3
2931,14,baselines_work/cohorte/java/CODE_DIF_JAVA_015/CODE_DIF_JAVA_015.java,47,baselines_work/cohorte/java/CODE_IDENT_JAVA_002/CODE_IDENT_JAVA_002.java,0.019455252918287938,5,1,2,3
2932,14,baselines_work/cohorte/java/CODE_DIF_JAVA_015/CODE_DIF_JAVA_015.java,51,baselines_work/cohorte/java/CODE_IDENT_JAVA_002_COPY/CODE_IDENT_JAVA_002.java,0.019455252918287938,5,1,2,3
2979,15,baselines_work/cohorte/java/CODE_ESTRU_JAVA_001/CODE_ESTRU_JAVA_001.java,37,baselines_work/cohorte/java/CODE_FUN_JAVA_007/CODE_FUN_JAVA_007.java,0.04424778761061947,5,1,3,2
2985,15,baselines_work/cohorte/java/CODE_ESTRU_JAVA_001/CODE_ESTRU_JAVA_001.java,40,baselines_work/cohorte/java/CODE_FUN_JAVA_013/CODE_FUN_JAVA_013.java,0.05319148936170213,5,1,3,2
3039,16,baselines_work/cohorte/java/CODE_ESTRU_JAVA_002/CODE_ESTRU_JAVA_002.java,39,baselines_work/cohorte/java/CODE_FUN_JAVA_009/CODE_FUN_JAVA_009.java,0.0364963503649635,5,1,3,2
3044,16,baselines_work/cohorte/java/CODE_ESTRU_JAVA_002/CODE_ESTRU_JAVA_002.java,43,baselines_work/cohorte/java/CODE_FUN_JAVA_014/CODE_FUN_JAVA_014.java,0.03968253968253968,5,1,3,2
3095,17,baselines_work/cohorte/java/CODE_ESTRU_JAVA_003/CODE_ESTRU_JAVA_003.java,38,baselines_work/cohorte/java/CODE_FUN_JAVA_008/CODE_FUN_JAVA_008.java,0.044642857142857144,5,1,2,3
3150,18,baselines_work/cohorte/java/CODE_ESTRU_JAVA_004/CODE_ESTRU_JAVA_004.java,37,baselines_work/cohorte/java/CODE_FUN_JAVA_007/CODE_FUN_JAVA_007.java,0.03759398496240601,5,1,2,3
3151,18,baselines_work/cohorte/java/CODE_ESTRU_JAVA_004/CODE_ESTRU_JAVA_004.java,38,baselines_work/cohorte/java/CODE_FUN_JAVA_008/CODE_FUN_JAVA_008.java,0.043859649122807015,5,1,2,3
3155,18,baselines_work/cohorte/java/CODE_ESTRU_JAVA_004/CODE_ESTRU_JAVA_004.java,41,baselines_work/cohorte/java/CODE_FUN_JAVA_012/CODE_FUN_JAVA_012.java,0.04504504504504504,5,1,2,3
3156,18,baselines_work/cohorte/java/CODE_ESTRU_JAVA_004/CODE_ESTRU_JAVA_004.java,40,baselines_work/cohorte/java/CODE_FUN_JAVA_013/CODE_FUN_JAVA_013.java,0.043859649122807015,5,1,2,3
3364,23,baselines_work/cohorte/java/CODE_ESTRU_JAVA_008/CODE_ESTRU_JAVA_008.java,37,baselines_work/cohorte/java/CODE_FUN_JAVA_007/CODE_FUN_JAVA_007.java,0.04132231404958678,5,1,2,3
3369,23,baselines_work/cohorte/java/CODE_ESTRU_JAVA_008/CODE_ESTRU_JAVA_008.java,41,baselines_work/cohorte/java/CODE_FUN_JAVA_012/CODE_FUN_JAVA_012.java,0.050505050505050504,5,1,2,3
3370,23,baselines_work/cohorte/java/CODE_ESTRU_JAVA_008/CODE_ESTRU_JAVA_008.java,40,baselines_work/cohorte/java/CODE_FUN_JAVA_013/CODE_FUN_JAVA_013.java,0.049019607843137254,5,1,2,3
3459,27,baselines_work/cohorte/java/CODE_ESTRU_JAVA_010/CODE_ESTRU_JAVA_010.java,30,baselines_work/cohorte/java/CODE_FUN_JAVA_001/CODE_FUN_JAVA_001.java,0.04132231404958678,5,1,3,2
3460,27,baselines_work/cohorte/java/CODE_ESTRU_JAVA_010/CODE_ESTRU_JAVA_010.java,31,baselines_work/cohorte/java/CODE_FUN_JAVA_002/CODE_FUN_JAVA_002.java,0.04,5,1,3,2
3771,30,baselines_work/cohorte/java/CODE_FUN_JAVA_001/CODE_FUN_JAVA_001.java,62,baselines_work/cohorte/java/CODE_IDENT_JAVA_010/CODE_IDENT_JAVA_010.java,0.041666666666666664,5,1,2,3
3772,30,baselines_work/cohorte/java/CODE_FUN_JAVA_001/CODE_FUN_JAVA_001.java,65,baselines_work/cohorte/java/CODE_IDENT_JAVA_010_COPY/CODE_IDENT_JAVA_010.java,0.041666666666666664,5,1,2,3
3814,31,baselines_work/cohorte/java/CODE_FUN_JAVA_002/CODE_FUN_JAVA_002.java,62,baselines_work/cohorte/java/CODE_IDENT_JAVA_010/CODE_IDENT_JAVA_010.java,0.04032258064516129,5,1,2,3
3815,31,baselines_work/cohorte/java/CODE_FUN_JAVA_002/CODE_FUN_JAVA_002.java,65,baselines_work/cohorte/java/CODE_IDENT_JAVA_010_COPY/CODE_IDENT_JAVA_010.java,0.04032258064516129,5,1,2,3
3996,37,baselines_work/cohorte/java/CODE_FUN_JAVA_007/CODE_FUN_JAVA_007.java,46,baselines_work/cohorte/java/CODE_IDENT_JAVA_001/CODE_IDENT_JAVA_001.java,0.04424778761061947,5,1,2,3
3997,37,baselines_work/cohorte/java/CODE_FUN_JAVA_007/CODE_FUN_JAVA_007.java,45,baselines_work/cohorte/java/CODE_IDENT_JAVA_001_COPY/CODE_IDENT_JAVA_001.java,0.04424778761061947,5,1,2,3
4002,37,baselines_work/cohorte/java/CODE_FUN_JAVA_007/CODE_FUN_JAVA_007.java,50,baselines_work/cohorte/java/CODE_IDENT_JAVA_004/CODE_IDENT_JAVA_004.java,0.03787878787878788,5,1,3,2
4003,37,baselines_work/cohorte/java/CODE_FUN_JAVA_007/CODE_FUN_JAVA_007.java,55,baselines_work/cohorte/java/CODE_IDENT_JAVA_004_COPY/CODE_IDENT_JAVA_004.java,0.03787878787878788,5,1,3,2
4010,37,baselines_work/cohorte/java/CODE_FUN_JAVA_007/CODE_FUN_JAVA_007.java,56,baselines_work/cohorte/java/CODE_IDENT_JAVA_008/CODE_IDENT_JAVA_008.java,0.04132231404958678,5,1,3,2
4011,37,baselines_work/cohorte/java/CODE_FUN_JAVA_007/CODE_FUN_JAVA_007.java,61,baselines_work/cohorte/java/CODE_IDENT_JAVA_008_COPY/CODE_IDENT_JAVA_008.java,0.04132231404958678,5,1,3,2
4037,38,baselines_work/cohorte/java/CODE_FUN_JAVA_008/CODE_FUN_JAVA_008.java,48,baselines_work/cohorte/java/CODE_IDENT_JAVA_003/CODE_IDENT_JAVA_003.java,0.04950495049504951,5,1,3,2
4038,38,baselines_work/cohorte/java/CODE_FUN_JAVA_008/CODE_FUN_JAVA_008.java,49,baselines_work/cohorte/java/CODE_IDENT_JAVA_003_COPY/CODE_IDENT_JAVA_003.java,0.04950495049504951,5,1,3,2
4071,39,baselines_work/cohorte/java/CODE_FUN_JAVA_009/CODE_FUN_JAVA_009.java,47,baselines_work/cohorte/java/CODE_IDENT_JAVA_002/CODE_IDENT_JAVA_002.java,0.03597122302158273,5,1,2,3
4072,39,baselines_work/cohorte/java/CODE_FUN_JAVA_009/CODE_FUN_JAVA_009.java,51,baselines_work/cohorte/java/CODE_IDENT_JAVA_002_COPY/CODE_IDENT_JAVA_002.java,0.03597122302158273,5,1,2,3
4177,41,baselines_work/cohorte/java/CODE_FUN_JAVA_012/CODE_FUN_JAVA_012.java,50,baselines_work/cohorte/java/CODE_IDENT_JAVA_004/CODE_IDENT_JAVA_004.java,0.045454545454545456,5,1,3,2
4178,41,baselines_work/cohorte/java/CODE_FUN_JAVA_012/CODE_FUN_JAVA_012.java,55,baselines_work/cohorte/java/CODE_IDENT_JAVA_004_COPY/CODE_IDENT_JAVA_004.java,0.045454545454545456,5,1,3,2
4185,41,baselines_work/cohorte/java/CODE_FUN_JAVA_012/CODE_FUN_JAVA_012.java,56,baselines_work/cohorte/java/CODE_IDENT_JAVA_008/CODE_IDENT_JAVA_008.java,0.050505050505050504,5,1,3,2
4186,41,baselines_work/cohorte/java/CODE_FUN_JAVA_012/CODE_FUN_JAVA_012.java,61,baselines_work/cohorte/java/CODE_IDENT_JAVA_008_COPY/CODE_IDENT_JAVA_008.java,0.050505050505050504,5,1,3,2
4203,40,baselines_work/cohorte/java/CODE_FUN_JAVA_013/CODE_FUN_JAVA_013.java,46,baselines_work/cohorte/java/CODE_IDENT_JAVA_001/CODE_IDENT_JAVA_001.java,0.05319148936170213,5,1,2,3
4204,40,baselines_work/cohorte/java/CODE_FUN_JAVA_013/CODE_FUN_JAVA_013.java,45,baselines_work/cohorte/java/CODE_IDENT_JAVA_001_COPY/CODE_IDENT_JAVA_001.java,0.05319148936170213,5,1,2,3
4207,40,baselines_work/cohorte/java/CODE_FUN_JAVA_013/CODE_FUN_JAVA_013.java,48,baselines_work/cohorte/java/CODE_IDENT_JAVA_003/CODE_IDENT_JAVA_003.java,0.04950495049504951,5,1,3,2
4208,40,baselines_work/cohorte/java/CODE_FUN_JAVA_013/CODE_FUN_JAVA_013.java,49,baselines_work/cohorte/java/CODE_IDENT_JAVA_003_COPY/CODE_IDENT_JAVA_003.java,0.04950495049504951,5,1,3,2
4209,40,baselines_work/cohorte/java/CODE_FUN_JAVA_013/CODE_FUN_JAVA_013.java,50,baselines_work/cohorte/java/CODE_IDENT_JAVA_004/CODE_IDENT_JAVA_004.java,0.04424778761061947,5,1,3,2
4210,40,baselines_work/cohorte/java/CODE_FUN_JAVA_013/CODE_FUN_JAVA_013.java,55,baselines_work/cohorte/java/CODE_IDENT_JAVA_004_COPY/CODE_IDENT_JAVA_004.java,0.04424778761061947,5,1,3,2
4217,40,baselines_work/cohorte/java/CODE_FUN_JAVA_013/CODE_FUN_JAVA_013.java,56,baselines_work/cohorte/java/CODE_IDENT_JAVA_008/CODE_IDENT_JAVA_008.java,0.049019607843137254,5,1,3,2
4218,40,baselines_work/cohorte/java/CODE_FUN_JAVA_013/CODE_FUN_JAVA_013.java,61,baselines_work/cohorte/java/CODE_IDENT_JAVA_008_COPY/CODE_IDENT_JAVA_008.java,0.049019607843137254,5,1,3,2
4236,43,baselines_work/cohorte/java/CODE_FUN_JAVA_014/CODE_FUN_JAVA_014.java,47,baselines_work/cohorte/java/CODE_IDENT_JAVA_002/CODE_IDENT_JAVA_002.java,0.0390625,5,1,2,3
4237,43,baselines_work/cohorte/java/CODE_FUN_JAVA_014/CODE_FUN_JAVA_014.java,51,baselines_work/cohorte/java/CODE_IDENT_JAVA_002_COPY/CODE_IDENT_JAVA_002.java,0.0390625,5,1,2,3
2113,2,baselines_work/cohorte/java/CODE_DIF_JAVA_003/CODE_DIF_JAVA_003.java,15,baselines_work/cohorte/java/CODE_ESTRU_JAVA_001/CODE_ESTRU_JAVA_001.java,0.031496062992125984,4,1,2,2
2119,2,baselines_work/cohorte/java/CODE_DIF_JAVA_003/CODE_DIF_JAVA_003.java,22,baselines_work/cohorte/java/CODE_ESTRU_JAVA_007/CODE_ESTRU_JAVA_007.java,0.026490066225165563,4,1,2,2
2121,2,baselines_work/cohorte/java/CODE_DIF_JAVA_003/CODE_DIF_JAVA_003.java,21,baselines_work/cohorte/java/CODE_ESTRU_JAVA_009/CODE_ESTRU_JAVA_009.java,0.024691358024691357,4,1,2,2
2123,2,baselines_work/cohorte/java/CODE_DIF_JAVA_003/CODE_DIF_JAVA_003.java,26,baselines_work/cohorte/java/CODE_ESTRU_JAVA_011/CODE_ESTRU_JAVA_011.java,0.028985507246376812,4,1,2,2
2124,2,baselines_work/cohorte/java/CODE_DIF_JAVA_003/CODE_DIF_JAVA_003.java,25,baselines_work/cohorte/java/CODE_ESTRU_JAVA_012/CODE_ESTRU_JAVA_012.java,0.029411764705882353,4,1,2,2
2125,2,baselines_work/cohorte/java/CODE_DIF_JAVA_003/CODE_DIF_JAVA_003.java,29,baselines_work/cohorte/java/CODE_ESTRU_JAVA_013/CODE_ESTRU_JAVA_013.java,0.02877697841726619,4,1,2,2
2126,2,baselines_work/cohorte/java/CODE_DIF_JAVA_003/CODE_DIF_JAVA_003.java,24,baselines_work/cohorte/java/CODE_ESTRU_JAVA_014/CODE_ESTRU_JAVA_014.java,0.024242424242424242,4,1,2,2
2127,2,baselines_work/cohorte/java/CODE_DIF_JAVA_003/CODE_DIF_JAVA_003.java,28,baselines_work/cohorte/java/CODE_ESTRU_JAVA_015/CODE_ESTRU_JAVA_015.java,0.022727272727272728,4,1,2,2
2141,2,baselines_work/cohorte/java/CODE_DIF_JAVA_003/CODE_DIF_JAVA_003.java,43,baselines_work/cohorte/java/CODE_FUN_JAVA_014/CODE_FUN_JAVA_014.java,0.02247191011235955,4,1,2,2
2143,2,baselines_work/cohorte/java/CODE_DIF_JAVA_003/CODE_DIF_JAVA_003.java,46,baselines_work/cohorte/java/CODE_IDENT_JAVA_001/CODE_IDENT_JAVA_001.java,0.031496062992125984,4,1,2,2
2144,2,baselines_work/cohorte/java/CODE_DIF_JAVA_003/CODE_DIF_JAVA_003.java,45,baselines_work/cohorte/java/CODE_IDENT_JAVA_001_COPY/CODE_IDENT_JAVA_001.java,0.031496062992125984,4,1,2,2
2155,2,baselines_work/cohorte/java/CODE_DIF_JAVA_003/CODE_DIF_JAVA_003.java,59,baselines_work/cohorte/java/CODE_IDENT_JAVA_007/CODE_IDENT_JAVA_007.java,0.029411764705882353,4,1,2,2
2156,2,baselines_work/cohorte/java/CODE_DIF_JAVA_003/CODE_DIF_JAVA_003.java,57,baselines_work/cohorte/java/CODE_IDENT_JAVA_007_COPY/CODE_IDENT_JAVA_007.java,0.029411764705882353,4,1,2,2
2159,2,baselines_work/cohorte/java/CODE_DIF_JAVA_003/CODE_DIF_JAVA_003.java,60,baselines_work/cohorte/java/CODE_IDENT_JAVA_009/CODE_IDENT_JAVA_009.java,0.024691358024691357,4,1,2,2
2160,2,baselines_work/cohorte/java/CODE_DIF_JAVA_003/CODE_DIF_JAVA_003.java,63,baselines_work/cohorte/java/CODE_IDENT_JAVA_009_COPY/CODE_IDENT_JAVA_009.java,0.024691358024691357,4,1,2,2
2163,2,baselines_work/cohorte/java/CODE_DIF_JAVA_003/CODE_DIF_JAVA_003.java,66,baselines_work/cohorte/java/CODE_IDENT_JAVA_011/CODE_IDENT_JAVA_011.java,0.02877697841726619,4,1,2,2
2164,2,baselines_work/cohorte/java/CODE_DIF_JAVA_003/CODE_DIF_JAVA_003.java,67,baselines_work/cohorte/java/CODE_IDENT_JAVA_011_COPY/CODE_IDENT_JAVA_011.java,0.02877697841726619,4,1,2,2
2165,2,baselines_work/cohorte/java/CODE_DIF_JAVA_003/CODE_DIF_JAVA_003.java,64,baselines_work/cohorte/java/CODE_IDENT_JAVA_012/CODE_IDENT_JAVA_012.java,0.030534351145038167,4,1,2,2
2166,2,baselines_work/cohorte/java/CODE_DIF_JAVA_003/CODE_DIF_JAVA_003.java,71,baselines_work/cohorte/java/CODE_IDENT_JAVA_012_COPY/CODE_IDENT_JAVA_012.java,0.030534351145038167,4,1,2,2
2167,2,baselines_work/cohorte/java/CODE_DIF_JAVA_003/CODE_DIF_JAVA_003.java,69,baselines_work/cohorte/java/CODE_IDENT_JAVA_013/CODE_IDENT_JAVA_013.java,0.028985507246376812,4,1,2,2
2168,2,baselines_work/cohorte/java/CODE_DIF_JAVA_003/CODE_DIF_JAVA_003.java,70,baselines_work/cohorte/java/CODE_IDENT_JAVA_013_COPY/CODE_IDENT_JAVA_013.java,0.028985507246376812,4,1,2,2
2169,2,baselines_work/cohorte/java/CODE_DIF_JAVA_003/CODE_DIF_JAVA_003.java,68,baselines_work/cohorte/java/CODE_IDENT_JAVA_014/CODE_IDENT_JAVA_014.java,0.026490066225165563,4,1,2,2
2170,2,baselines_work/cohorte/java/CODE_DIF_JAVA_003/CODE_DIF_JAVA_003.java,72,baselines_work/cohorte/java/CODE_IDENT_JAVA_014_COPY/CODE_IDENT_JAVA_014.java,0.026490066225165563,4,1,2,2
2171,2,baselines_work/cohorte/java/CODE_DIF_JAVA_003/CODE_DIF_JAVA_003.java,73,baselines_work/cohorte/java/CODE_IDENT_JAVA_015/CODE_IDENT_JAVA_015.java,0.023668639053254437,4,1,2,2
2172,2,baselines_work/cohorte/java/CODE_DIF_JAVA_003/CODE_DIF_JAVA_003.java,74,baselines_work/cohorte/java/CODE_IDENT_JAVA_015_COPY/CODE_IDENT_JAVA_015.java,0.023668639053254437,4,1,2,2
2259,8,baselines_work/cohorte/java/CODE_DIF_JAVA_005/CODE_DIF_JAVA_005.java,20,baselines_work/cohorte/java/CODE_ESTRU_JAVA_006/CODE_ESTRU_JAVA_006.java,0.02185792349726776,4,1,2,2
2294,8,baselines_work/cohorte/java/CODE_DIF_JAVA_005/CODE_DIF_JAVA_005.java,53,baselines_work/cohorte/java/CODE_IDENT_JAVA_006/CODE_IDENT_JAVA_006.java,0.022222222222222223,4,1,2,2
2295,8,baselines_work/cohorte/java/CODE_DIF_JAVA_005/CODE_DIF_JAVA_005.java,58,baselines_work/cohorte/java/CODE_IDENT_JAVA_006_COPY/CODE_IDENT_JAVA_006.java,0.022222222222222223,4,1,2,2
2393,3,baselines_work/cohorte/java/CODE_DIF_JAVA_007/CODE_DIF_JAVA_007.java,17,baselines_work/cohorte/java/CODE_ESTRU_JAVA_003/CODE_ESTRU_JAVA_003.java,0.022727272727272728,4,1,2,2
2425,3,baselines_work/cohorte/java/CODE_DIF_JAVA_007/CODE_DIF_JAVA_007.java,48,baselines_work/cohorte/java/CODE_IDENT_JAVA_003/CODE_IDENT_JAVA_003.java,0.024242424242424242,4,1,2,2
2426,3,baselines_work/cohorte/java/CODE_DIF_JAVA_007/CODE_DIF_JAVA_007.java,49,baselines_work/cohorte/java/CODE_IDENT_JAVA_003_COPY/CODE_IDENT_JAVA_003.java,0.024242424242424242,4,1,2,2
2524,5,baselines_work/cohorte/java/CODE_DIF_JAVA_009/CODE_DIF_JAVA_009.java,15,baselines_work/cohorte/java/CODE_ESTRU_JAVA_001/CODE_ESTRU_JAVA_001.java,0.021739130434782608,4,1,2,2
2525,5,baselines_work/cohorte/java/CODE_DIF_JAVA_009/CODE_DIF_JAVA_009.java,16,baselines_work/cohorte/java/CODE_ESTRU_JAVA_002/CODE_ESTRU_JAVA_002.java,0.020512820512820513,4,1,2,2
2526,5,baselines_work/cohorte/java/CODE_DIF_JAVA_009/CODE_DIF_JAVA_009.java,17,baselines_work/cohorte/java/CODE_ESTRU_JAVA_003/CODE_ESTRU_JAVA_003.java,0.019801980198019802,4,1,2,2
2529,5,baselines_work/cohorte/java/CODE_DIF_JAVA_009/CODE_DIF_JAVA_009.java,20,baselines_work/cohorte/java/CODE_ESTRU_JAVA_006/CODE_ESTRU_JAVA_006.java,0.021052631578947368,4,1,2,2
2532,5,baselines_work/cohorte/java/CODE_DIF_JAVA_009/CODE_DIF_JAVA_009.java,21,baselines_work/cohorte/java/CODE_ESTRU_JAVA_009/CODE_ESTRU_JAVA_009.java,0.0182648401826484,4,1,2,2
2537,5,baselines_work/cohorte/java/CODE_DIF_JAVA_009/CODE_DIF_JAVA_009.java,24,baselines_work/cohorte/java/CODE_ESTRU_JAVA_014/CODE_ESTRU_JAVA_014.java,0.018018018018018018,4,2,2,2
2539,5,baselines_work/cohorte/java/CODE_DIF_JAVA_009/CODE_DIF_JAVA_009.java,30,baselines_work/cohorte/java/CODE_FUN_JAVA_001/CODE_FUN_JAVA_001.java,0.019704433497536946,4,2,2,2
2544,5,baselines_work/cohorte/java/CODE_DIF_JAVA_009/CODE_DIF_JAVA_009.java,34,baselines_work/cohorte/java/CODE_FUN_JAVA_006/CODE_FUN_JAVA_006.java,0.0182648401826484,4,2,2,2
2554,5,baselines_work/cohorte/java/CODE_DIF_JAVA_009/CODE_DIF_JAVA_009.java,46,baselines_work/cohorte/java/CODE_IDENT_JAVA_001/CODE_IDENT_JAVA_001.java,0.021739130434782608,4,1,2,2
2555,5,baselines_work/cohorte/java/CODE_DIF_JAVA_009/CODE_DIF_JAVA_009.java,45,baselines_work/cohorte/java/CODE_IDENT_JAVA_001_COPY/CODE_IDENT_JAVA_001.java,0.021739130434782608,4,1,2,2
2556,5,baselines_work/cohorte/java/CODE_DIF_JAVA_009/CODE_DIF_JAVA_009.java,47,baselines_work/cohorte/java/CODE_IDENT_JAVA_002/CODE_IDENT_JAVA_002.java,0.02030456852791878,4,1,2,2
2557,5,baselines_work/cohorte/java/CODE_DIF_JAVA_009/CODE_DIF_JAVA_009.java,51,baselines_work/cohorte/java/CODE_IDENT_JAVA_002_COPY/CODE_IDENT_JAVA_002.java,0.02030456852791878,4,1,2,2
2558,5,baselines_work/cohorte/java/CODE_DIF_JAVA_009/CODE_DIF_JAVA_009.java,48,baselines_work/cohorte/java/CODE_IDENT_JAVA_003/CODE_IDENT_JAVA_003.java,0.020942408376963352,4,1,2,2
2559,5,baselines_work/cohorte/java/CODE_DIF_JAVA_009/CODE_DIF_JAVA_009.java,49,baselines_work/cohorte/java/CODE_IDENT_JAVA_003_COPY/CODE_IDENT_JAVA_003.java,0.020942408376963352,4,1,2,2
2564,5,baselines_work/cohorte/java/CODE_DIF_JAVA_009/CODE_DIF_JAVA_009.java,53,baselines_work/cohorte/java/CODE_IDENT_JAVA_006/CODE_IDENT_JAVA_006.java,0.0213903743315508,4,1,2,2
2565,5,baselines_work/cohorte/java/CODE_DIF_JAVA_009/CODE_DIF_JAVA_009.java,58,baselines_work/cohorte/java/CODE_IDENT_JAVA_006_COPY/CODE_IDENT_JAVA_006.java,0.0213903743315508,4,1,2,2
2570,5,baselines_work/cohorte/java/CODE_DIF_JAVA_009/CODE_DIF_JAVA_009.java,60,baselines_work/cohorte/java/CODE_IDENT_JAVA_009/CODE_IDENT_JAVA_009.java,0.0182648401826484,4,1,2,2
2571,5,baselines_work/cohorte/java/CODE_DIF_JAVA_009/CODE_DIF_JAVA_009.java,63,baselines_work/cohorte/java/CODE_IDENT_JAVA_009_COPY/CODE_IDENT_JAVA_009.java,0.0182648401826484,4,1,2,2
2580,5,baselines_work/cohorte/java/CODE_DIF_JAVA_009/CODE_DIF_JAVA_009.java,68,baselines_work/cohorte/java/CODE_IDENT_JAVA_014/CODE_IDENT_JAVA_014.java,0.019230769230769232,4,2,2,2
2581,5,baselines_work/cohorte/java/CODE_DIF_JAVA_009/CODE_DIF_JAVA_009.java,72,baselines_work/cohorte/java/CODE_IDENT_JAVA_014_COPY/CODE_IDENT_JAVA_014.java,0.019230769230769232,4,2,2,2
2716,11,baselines_work/cohorte/java/CODE_DIF_JAVA_012/CODE_DIF_JAVA_012.java,15,baselines_work/cohorte/java/CODE_ESTRU_JAVA_001/CODE_ESTRU_JAVA_001.java,0.029197080291970802,4,1,2,2
2717,11,baselines_work/cohorte/java/CODE_DIF_JAVA_012/CODE_DIF_JAVA_012.java,16,baselines_work/cohorte/java/CODE_ESTRU_JAVA_002/CODE_ESTRU_JAVA_002.java,0.02702702702702703,4,1,2,2
2746,11,baselines_work/cohorte/java/CODE_DIF_JAVA_012/CODE_DIF_JAVA_012.java,46,baselines_work/cohorte/java/CODE_IDENT_JAVA_001/CODE_IDENT_JAVA_001.java,0.029197080291970802,4,1,2,2
2747,11,baselines_work/cohorte/java/CODE_DIF_JAVA_012/CODE_DIF_JAVA_012.java,45,baselines_work/cohorte/java/CODE_IDENT_JAVA_001_COPY/CODE_IDENT_JAVA_001.java,0.029197080291970802,4,1,2,2
2748,11,baselines_work/cohorte/java/CODE_DIF_JAVA_012/CODE_DIF_JAVA_012.java,47,baselines_work/cohorte/java/CODE_IDENT_JAVA_002/CODE_IDENT_JAVA_002.java,0.02666666666666667,4,1,2,2
2749,11,baselines_work/cohorte/java/CODE_DIF_JAVA_012/CODE_DIF_JAVA_012.java,51,baselines_work/cohorte/java/CODE_IDENT_JAVA_002_COPY/CODE_IDENT_JAVA_002.java,0.02666666666666667,4,1,2,2
2756,11,baselines_work/cohorte/java/CODE_DIF_JAVA_012/CODE_DIF_JAVA_012.java,53,baselines_work/cohorte/java/CODE_IDENT_JAVA_006/CODE_IDENT_JAVA_006.java,0.02857142857142857,4,1,2,2
2757,11,baselines_work/cohorte/java/CODE_DIF_JAVA_012/CODE_DIF_JAVA_012.java,58,baselines_work/cohorte/java/CODE_IDENT_JAVA_006_COPY/CODE_IDENT_JAVA_006.java,0.02857142857142857,4,1,2,2
2783,12,baselines_work/cohorte/java/CODE_DIF_JAVA_013/CODE_DIF_JAVA_013.java,20,baselines_work/cohorte/java/CODE_ESTRU_JAVA_006/CODE_ESTRU_JAVA_006.java,0.021621621621621623,4,1,2,2
2818,12,baselines_work/cohorte/java/CODE_DIF_JAVA_013/CODE_DIF_JAVA_013.java,53,baselines_work/cohorte/java/CODE_IDENT_JAVA_006/CODE_IDENT_JAVA_006.java,0.02197802197802198,4,1,2,2
2819,12,baselines_work/cohorte/java/CODE_DIF_JAVA_013/CODE_DIF_JAVA_013.java,58,baselines_work/cohorte/java/CODE_IDENT_JAVA_006_COPY/CODE_IDENT_JAVA_006.java,0.02197802197802198,4,1,2,2
3034,16,baselines_work/cohorte/java/CODE_ESTRU_JAVA_002/CODE_ESTRU_JAVA_002.java,35,baselines_work/cohorte/java/CODE_FUN_JAVA_004/CODE_FUN_JAVA_004.java,0.037383177570093455,4,1,2,2
3036,16,baselines_work/cohorte/java/CODE_ESTRU_JAVA_002/CODE_ESTRU_JAVA_002.java,34,baselines_work/cohorte/java/CODE_FUN_JAVA_006/CODE_FUN_JAVA_006.java,0.03636363636363636,4,1,2,2
3040,16,baselines_work/cohorte/java/CODE_ESTRU_JAVA_002/CODE_ESTRU_JAVA_002.java,36,baselines_work/cohorte/java/CODE_FUN_JAVA_010/CODE_FUN_JAVA_010.java,0.027972027972027972,4,1,2,2
3041,16,baselines_work/cohorte/java/CODE_ESTRU_JAVA_002/CODE_ESTRU_JAVA_002.java,42,baselines_work/cohorte/java/CODE_FUN_JAVA_011/CODE_FUN_JAVA_011.java,0.03669724770642202,4,1,2,2
3042,16,baselines_work/cohorte/java/CODE_ESTRU_JAVA_002/CODE_ESTRU_JAVA_002.java,41,baselines_work/cohorte/java/CODE_FUN_JAVA_012/CODE_FUN_JAVA_012.java,0.0392156862745098,4,1,2,2
3088,17,baselines_work/cohorte/java/CODE_ESTRU_JAVA_003/CODE_ESTRU_JAVA_003.java,30,baselines_work/cohorte/java/CODE_FUN_JAVA_001/CODE_FUN_JAVA_001.java,0.039603960396039604,4,1,2,2
3089,17,baselines_work/cohorte/java/CODE_ESTRU_JAVA_003/CODE_ESTRU_JAVA_003.java,31,baselines_work/cohorte/java/CODE_FUN_JAVA_002/CODE_FUN_JAVA_002.java,0.0380952380952381,4,1,2,2
3090,17,baselines_work/cohorte/java/CODE_ESTRU_JAVA_003/CODE_ESTRU_JAVA_003.java,32,baselines_work/cohorte/java/CODE_FUN_JAVA_003/CODE_FUN_JAVA_003.java,0.045454545454545456,4,1,2,2
3097,17,baselines_work/cohorte/java/CODE_ESTRU_JAVA_003/CODE_ESTRU_JAVA_003.java,36,baselines_work/cohorte/java/CODE_FUN_JAVA_010/CODE_FUN_JAVA_010.java,0.02666666666666667,4,1,2,2
3144,18,baselines_work/cohorte/java/CODE_ESTRU_JAVA_004/CODE_ESTRU_JAVA_004.java,30,baselines_work/cohorte/java/CODE_FUN_JAVA_001/CODE_FUN_JAVA_001.java,0.038834951456310676,4,1,2,2
3145,18,baselines_work/cohorte/java/CODE_ESTRU_JAVA_004/CODE_ESTRU_JAVA_004.java,31,baselines_work/cohorte/java/CODE_FUN_JAVA_002/CODE_FUN_JAVA_002.java,0.037383177570093455,4,1,2,2
3149,18,baselines_work/cohorte/java/CODE_ESTRU_JAVA_004/CODE_ESTRU_JAVA_004.java,34,baselines_work/cohorte/java/CODE_FUN_JAVA_006/CODE_FUN_JAVA_006.java,0.03361344537815126,4,1,2,2
3153,18,baselines_work/cohorte/java/CODE_ESTRU_JAVA_004/CODE_ESTRU_JAVA_004.java,36,baselines_work/cohorte/java/CODE_FUN_JAVA_010/CODE_FUN_JAVA_010.java,0.02631578947368421,4,1,2,2
3208,19,baselines_work/cohorte/java/CODE_ESTRU_JAVA_005/CODE_ESTRU_JAVA_005.java,36,baselines_work/cohorte/java/CODE_FUN_JAVA_010/CODE_FUN_JAVA_010.java,0.02857142857142857,4,1,2,2
3256,20,baselines_work/cohorte/java/CODE_ESTRU_JAVA_006/CODE_ESTRU_JAVA_006.java,35,baselines_work/cohorte/java/CODE_FUN_JAVA_004/CODE_FUN_JAVA_004.java,0.0392156862745098,4,1,2,2
3262,20,baselines_work/cohorte/java/CODE_ESTRU_JAVA_006/CODE_ESTRU_JAVA_006.java,36,baselines_work/cohorte/java/CODE_FUN_JAVA_010/CODE_FUN_JAVA_010.java,0.028985507246376812,4,1,2,2
3263,20,baselines_work/cohorte/java/CODE_ESTRU_JAVA_006/CODE_ESTRU_JAVA_006.java,42,baselines_work/cohorte/java/CODE_FUN_JAVA_011/CODE_FUN_JAVA_011.java,0.038461538461538464,4,1,2,2
3264,20,baselines_work/cohorte/java/CODE_ESTRU_JAVA_006/CODE_ESTRU_JAVA_006.java,41,baselines_work/cohorte/java/CODE_FUN_JAVA_012/CODE_FUN_JAVA_012.java,0.041237113402061855,4,1,2,2
3358,23,baselines_work/cohorte/java/CODE_ESTRU_JAVA_008/CODE_ESTRU_JAVA_008.java,30,baselines_work/cohorte/java/CODE_FUN_JAVA_001/CODE_FUN_JAVA_001.java,0.04395604395604396,4,1,2,2
3359,23,baselines_work/cohorte/java/CODE_ESTRU_JAVA_008/CODE_ESTRU_JAVA_008.java,31,baselines_work/cohorte/java/CODE_FUN_JAVA_002/CODE_FUN_JAVA_002.java,0.042105263157894736,4,1,2,2
3363,23,baselines_work/cohorte/java/CODE_ESTRU_JAVA_008/CODE_ESTRU_JAVA_008.java,34,baselines_work/cohorte/java/CODE_FUN_JAVA_006/CODE_FUN_JAVA_006.java,0.037383177570093455,4,1,2,2
3367,23,baselines_work/cohorte/java/CODE_ESTRU_JAVA_008/CODE_ESTRU_JAVA_008.java,36,baselines_work/cohorte/java/CODE_FUN_JAVA_010/CODE_FUN_JAVA_010.java,0.02857142857142857,4,1,2,2
3757,30,baselines_work/cohorte/java/CODE_FUN_JAVA_001/CODE_FUN_JAVA_001.java,48,baselines_work/cohorte/java/CODE_IDENT_JAVA_003/CODE_IDENT_JAVA_003.java,0.044444444444444446,4,1,2,2
3758,30,baselines_work/cohorte/java/CODE_FUN_JAVA_001/CODE_FUN_JAVA_001.java,49,baselines_work/cohorte/java/CODE_IDENT_JAVA_003_COPY/CODE_IDENT_JAVA_003.java,0.044444444444444446,4,1,2,2
3759,30,baselines_work/cohorte/java/CODE_FUN_JAVA_001/CODE_FUN_JAVA_001.java,50,baselines_work/cohorte/java/CODE_IDENT_JAVA_004/CODE_IDENT_JAVA_004.java,0.0392156862745098,4,1,2,2
3760,30,baselines_work/cohorte/java/CODE_FUN_JAVA_001/CODE_FUN_JAVA_001.java,55,baselines_work/cohorte/java/CODE_IDENT_JAVA_004_COPY/CODE_IDENT_JAVA_004.java,0.0392156862745098,4,1,2,2
3767,30,baselines_work/cohorte/java/CODE_FUN_JAVA_001/CODE_FUN_JAVA_001.java,56,baselines_work/cohorte/java/CODE_IDENT_JAVA_008/CODE_IDENT_JAVA_008.java,0.04395604395604396,4,1,2,2
3768,30,baselines_work/cohorte/java/CODE_FUN_JAVA_001/CODE_FUN_JAVA_001.java,61,baselines_work/cohorte/java/CODE_IDENT_JAVA_008_COPY/CODE_IDENT_JAVA_008.java,0.04395604395604396,4,1,2,2
3783,31,baselines_work/cohorte/java/CODE_FUN_JAVA_002/CODE_FUN_JAVA_002.java,32,baselines_work/cohorte/java/CODE_FUN_JAVA_003/CODE_FUN_JAVA_003.java,0.043010752688172046,4,2,2,2
3800,31,baselines_work/cohorte/java/CODE_FUN_JAVA_002/CODE_FUN_JAVA_002.java,48,baselines_work/cohorte/java/CODE_IDENT_JAVA_003/CODE_IDENT_JAVA_003.java,0.0425531914893617,4,1,2,2
3801,31,baselines_work/cohorte/java/CODE_FUN_JAVA_002/CODE_FUN_JAVA_002.java,49,baselines_work/cohorte/java/CODE_IDENT_JAVA_003_COPY/CODE_IDENT_JAVA_003.java,0.0425531914893617,4,1,2,2
3802,31,baselines_work/cohorte/java/CODE_FUN_JAVA_002/CODE_FUN_JAVA_002.java,50,baselines_work/cohorte/java/CODE_IDENT_JAVA_004/CODE_IDENT_JAVA_004.java,0.03773584905660377,4,1,2,2
3803,31,baselines_work/cohorte/java/CODE_FUN_JAVA_002/CODE_FUN_JAVA_002.java,55,baselines_work/cohorte/java/CODE_IDENT_JAVA_004_COPY/CODE_IDENT_JAVA_004.java,0.03773584905660377,4,1,2,2
3810,31,baselines_work/cohorte/java/CODE_FUN_JAVA_002/CODE_FUN_JAVA_002.java,56,baselines_work/cohorte/java/CODE_IDENT_JAVA_008/CODE_IDENT_JAVA_008.java,0.042105263157894736,4,1,2,2
3811,31,baselines_work/cohorte/java/CODE_FUN_JAVA_002/CODE_FUN_JAVA_002.java,61,baselines_work/cohorte/java/CODE_IDENT_JAVA_008_COPY/CODE_IDENT_JAVA_008.java,0.042105263157894736,4,1,2,2
3842,32,baselines_work/cohorte/java/CODE_FUN_JAVA_003/CODE_FUN_JAVA_003.java,48,baselines_work/cohorte/java/CODE_IDENT_JAVA_003/CODE_IDENT_JAVA_003.java,0.05194805194805195,4,1,2,2
3843,32,baselines_work/cohorte/java/CODE_FUN_JAVA_003/CODE_FUN_JAVA_003.java,49,baselines_work/cohorte/java/CODE_IDENT_JAVA_003_COPY/CODE_IDENT_JAVA_003.java,0.05194805194805195,4,1,2,2
3881,35,baselines_work/cohorte/java/CODE_FUN_JAVA_004/CODE_FUN_JAVA_004.java,47,baselines_work/cohorte/java/CODE_IDENT_JAVA_002/CODE_IDENT_JAVA_002.java,0.03669724770642202,4,1,2,2
3882,35,baselines_work/cohorte/java/CODE_FUN_JAVA_004/CODE_FUN_JAVA_004.java,51,baselines_work/cohorte/java/CODE_IDENT_JAVA_002_COPY/CODE_IDENT_JAVA_002.java,0.03669724770642202,4,1,2,2
3889,35,baselines_work/cohorte/java/CODE_FUN_JAVA_004/CODE_FUN_JAVA_004.java,53,baselines_work/cohorte/java/CODE_IDENT_JAVA_006/CODE_IDENT_JAVA_006.java,0.04040404040404041,4,1,2,2
3890,35,baselines_work/cohorte/java/CODE_FUN_JAVA_004/CODE_FUN_JAVA_004.java,58,baselines_work/cohorte/java/CODE_IDENT_JAVA_006_COPY/CODE_IDENT_JAVA_006.java,0.04040404040404041,4,1,2,2
3960,34,baselines_work/cohorte/java/CODE_FUN_JAVA_006/CODE_FUN_JAVA_006.java,47,baselines_work/cohorte/java/CODE_IDENT_JAVA_002/CODE_IDENT_JAVA_002.java,0.03571428571428571,4,1,2,2
3961,34,baselines_work/cohorte/java/CODE_FUN_JAVA_006/CODE_FUN_JAVA_006.java,51,baselines_work/cohorte/java/CODE_IDENT_JAVA_002_COPY/CODE_IDENT_JAVA_002.java,0.03571428571428571,4,1,2,2
3964,34,baselines_work/cohorte/java/CODE_FUN_JAVA_006/CODE_FUN_JAVA_006.java,50,baselines_work/cohorte/java/CODE_IDENT_JAVA_004/CODE_IDENT_JAVA_004.java,0.03389830508474576,4,1,2,2
3965,34,baselines_work/cohorte/java/CODE_FUN_JAVA_006/CODE_FUN_JAVA_006.java,55,baselines_work/cohorte/java/CODE_IDENT_JAVA_004_COPY/CODE_IDENT_JAVA_004.java,0.03389830508474576,4,1,2,2
3972,34,baselines_work/cohorte/java/CODE_FUN_JAVA_006/CODE_FUN_JAVA_006.java,56,baselines_work/cohorte/java/CODE_IDENT_JAVA_008/CODE_IDENT_JAVA_008.java,0.037383177570093455,4,1,2,2
3973,34,baselines_work/cohorte/java/CODE_FUN_JAVA_006/CODE_FUN_JAVA_006.java,61,baselines_work/cohorte/java/CODE_IDENT_JAVA_008_COPY/CODE_IDENT_JAVA_008.java,0.037383177570093455,4,1,2,2
4027,38,baselines_work/cohorte/java/CODE_FUN_JAVA_008/CODE_FUN_JAVA_008.java,36,baselines_work/cohorte/java/CODE_FUN_JAVA_010/CODE_FUN_JAVA_010.java,0.024691358024691357,4,2,2,2
4106,36,baselines_work/cohorte/java/CODE_FUN_JAVA_010/CODE_FUN_JAVA_010.java,47,baselines_work/cohorte/java/CODE_IDENT_JAVA_002/CODE_IDENT_JAVA_002.java,0.027586206896551724,4,1,2,2
4107,36,baselines_work/cohorte/java/CODE_FUN_JAVA_010/CODE_FUN_JAVA_010.java,51,baselines_work/cohorte/java/CODE_IDENT_JAVA_002_COPY/CODE_IDENT_JAVA_002.java,0.027586206896551724,4,1,2,2
4110,36,baselines_work/cohorte/java/CODE_FUN_JAVA_010/CODE_FUN_JAVA_010.java,50,baselines_work/cohorte/java/CODE_IDENT_JAVA_004/CODE_IDENT_JAVA_004.java,0.026490066225165563,4,1,2,2
4111,36,baselines_work/cohorte/java/CODE_FUN_JAVA_010/CODE_FUN_JAVA_010.java,55,baselines_work/cohorte/java/CODE_IDENT_JAVA_004_COPY/CODE_IDENT_JAVA_004.java,0.026490066225165563,4,1,2,2
4112,36,baselines_work/cohorte/java/CODE_FUN_JAVA_010/CODE_FUN_JAVA_010.java,52,baselines_work/cohorte/java/CODE_IDENT_JAVA_005/CODE_IDENT_JAVA_005.java,0.028169014084507043,4,1,2,2
4113,36,baselines_work/cohorte/java/CODE_FUN_JAVA_010/CODE_FUN_JAVA_010.java,54,baselines_work/cohorte/java/CODE_IDENT_JAVA_005_COPY/CODE_IDENT_JAVA_005.java,0.028169014084507043,4,1,2,2
4118,36,baselines_work/cohorte/java/CODE_FUN_JAVA_010/CODE_FUN_JAVA_010.java,56,baselines_work/cohorte/java/CODE_IDENT_JAVA_008/CODE_IDENT_JAVA_008.java,0.02857142857142857,4,1,2,2
4119,36,baselines_work/cohorte/java/CODE_FUN_JAVA_010/CODE_FUN_JAVA_010.java,61,baselines_work/cohorte/java/CODE_IDENT_JAVA_008_COPY/CODE_IDENT_JAVA_008.java,0.02857142857142857,4,1,2,2
4140,42,baselines_work/cohorte/java/CODE_FUN_JAVA_011/CODE_FUN_JAVA_011.java,47,baselines_work/cohorte/java/CODE_IDENT_JAVA_002/CODE_IDENT_JAVA_002.java,0.036036036036036036,4,1,2,2
4141,42,baselines_work/cohorte/java/CODE_FUN_JAVA_011/CODE_FUN_JAVA_011.java,51,baselines_work/cohorte/java/CODE_IDENT_JAVA_002_COPY/CODE_IDENT_JAVA_002.java,0.036036036036036036,4,1,2,2
4148,42,baselines_work/cohorte/java/CODE_FUN_JAVA_011/CODE_FUN_JAVA_011.java,53,baselines_work/cohorte/java/CODE_IDENT_JAVA_006/CODE_IDENT_JAVA_006.java,0.039603960396039604,4,1,2,2
4149,42,baselines_work/cohorte/java/CODE_FUN_JAVA_011/CODE_FUN_JAVA_011.java,58,baselines_work/cohorte/java/CODE_IDENT_JAVA_006_COPY/CODE_IDENT_JAVA_006.java,0.039603960396039604,4,1,2,2
4173,41,baselines_work/cohorte/java/CODE_FUN_JAVA_012/CODE_FUN_JAVA_012.java,47,baselines_work/cohorte/java/CODE_IDENT_JAVA_002/CODE_IDENT_JAVA_002.java,0.038461538461538464,4,1,2,2
4174,41,baselines_work/cohorte/java/CODE_FUN_JAVA_012/CODE_FUN_JAVA_012.java,51,baselines_work/cohorte/java/CODE_IDENT_JAVA_002_COPY/CODE_IDENT_JAVA_002.java,0.038461538461538464,4,1,2,2
4181,41,baselines_work/cohorte/java/CODE_FUN_JAVA_012/CODE_FUN_JAVA_012.java,53,baselines_work/cohorte/java/CODE_IDENT_JAVA_006/CODE_IDENT_JAVA_006.java,0.0425531914893617,4,1,2,2
4182,41,baselines_work/cohorte/java/CODE_FUN_JAVA_012/CODE_FUN_JAVA_012.java,58,baselines_work/cohorte/java/CODE_IDENT_JAVA_006_COPY/CODE_IDENT_JAVA_006.java,0.0425531914893617,4,1,2,2
1968,1,baselines_work/cohorte/java/CODE_DIF_JAVA_001/CODE_DIF_JAVA_001.java,15,baselines_work/cohorte/java/CODE_ESTRU_JAVA_001/CODE_ESTRU_JAVA_001.java,0.015625,2,1,1,1
1973,1,baselines_work/cohorte/java/CODE_DIF_JAVA_001/CODE_DIF_JAVA_001.java,20,baselines_work/cohorte/java/CODE_ESTRU_JAVA_006/CODE_ESTRU_JAVA_006.java,0.014925373134328358,2,1,1,1
1998,1,baselines_work/cohorte/java/CODE_DIF_JAVA_001/CODE_DIF_JAVA_001.java,46,baselines_work/cohorte/java/CODE_IDENT_JAVA_001/CODE_IDENT_JAVA_001.java,0.015625,2,1,1,1
1999,1,baselines_work/cohorte/java/CODE_DIF_JAVA_001/CODE_DIF_JAVA_001.java,45,baselines_work/cohorte/java/CODE_IDENT_JAVA_001_COPY/CODE_IDENT_JAVA_001.java,0.015625,2,1,1,1
2008,1,baselines_work/cohorte/java/CODE_DIF_JAVA_001/CODE_DIF_JAVA_001.java,53,baselines_work/cohorte/java/CODE_IDENT_JAVA_006/CODE_IDENT_JAVA_006.java,0.015267175572519083,2,1,1,1
2009,1,baselines_work/cohorte/java/CODE_DIF_JAVA_001/CODE_DIF_JAVA_001.java,58,baselines_work/cohorte/java/CODE_IDENT_JAVA_006_COPY/CODE_IDENT_JAVA_006.java,0.015267175572519083,2,1,1,1
2041,0,baselines_work/cohorte/java/CODE_DIF_JAVA_002/CODE_DIF_JAVA_002.java,15,baselines_work/cohorte/java/CODE_ESTRU_JAVA_001/CODE_ESTRU_JAVA_001.java,0.019801980198019802,2,1,1,1
2042,0,baselines_work/cohorte/java/CODE_DIF_JAVA_002/CODE_DIF_JAVA_002.java,16,baselines_work/cohorte/java/CODE_ESTRU_JAVA_002/CODE_ESTRU_JAVA_002.java,0.017857142857142856,2,1,1,1
2043,0,baselines_work/cohorte/java/CODE_DIF_JAVA_002/CODE_DIF_JAVA_002.java,17,baselines_work/cohorte/java/CODE_ESTRU_JAVA_003/CODE_ESTRU_JAVA_003.java,0.01680672268907563,2,1,1,1
2044,0,baselines_work/cohorte/java/CODE_DIF_JAVA_002/CODE_DIF_JAVA_002.java,18,baselines_work/cohorte/java/CODE_ESTRU_JAVA_004/CODE_ESTRU_JAVA_004.java,0.01652892561983471,2,1,1,1
2045,0,baselines_work/cohorte/java/CODE_DIF_JAVA_002/CODE_DIF_JAVA_002.java,19,baselines_work/cohorte/java/CODE_ESTRU_JAVA_005/CODE_ESTRU_JAVA_005.java,0.01834862385321101,2,1,1,1
2046,0,baselines_work/cohorte/java/CODE_DIF_JAVA_002/CODE_DIF_JAVA_002.java,20,baselines_work/cohorte/java/CODE_ESTRU_JAVA_006/CODE_ESTRU_JAVA_006.java,0.018691588785046728,2,1,1,1
2048,0,baselines_work/cohorte/java/CODE_DIF_JAVA_002/CODE_DIF_JAVA_002.java,23,baselines_work/cohorte/java/CODE_ESTRU_JAVA_008/CODE_ESTRU_JAVA_008.java,0.01834862385321101,2,1,1,1
2050,0,baselines_work/cohorte/java/CODE_DIF_JAVA_002/CODE_DIF_JAVA_002.java,27,baselines_work/cohorte/java/CODE_ESTRU_JAVA_010/CODE_ESTRU_JAVA_010.java,0.014388489208633094,2,1,1,1
2071,0,baselines_work/cohorte/java/CODE_DIF_JAVA_002/CODE_DIF_JAVA_002.java,46,baselines_work/cohorte/java/CODE_IDENT_JAVA_001/CODE_IDENT_JAVA_001.java,0.019801980198019802,2,1,1,1
2072,0,baselines_work/cohorte/java/CODE_DIF_JAVA_002/CODE_DIF_JAVA_002.java,45,baselines_work/cohorte/java/CODE_IDENT_JAVA_001_COPY/CODE_IDENT_JAVA_001.java,0.019801980198019802,2,1,1,1
2073,0,baselines_work/cohorte/java/CODE_DIF_JAVA_002/CODE_DIF_JAVA_002.java,47,baselines_work/cohorte/java/CODE_IDENT_JAVA_002/CODE_IDENT_JAVA_002.java,0.017543859649122806,2,1,1,1
2074,0,baselines_work/cohorte/java/CODE_DIF_JAVA_002/CODE_DIF_JAVA_002.java,51,baselines_work/cohorte/java/CODE_IDENT_JAVA_002_COPY/CODE_IDENT_JAVA_002.java,0.017543859649122806,2,1,1,1
2075,0,baselines_work/cohorte/java/CODE_DIF_JAVA_002/CODE_DIF_JAVA_002.java,48,baselines_work/cohorte/java/CODE_IDENT_JAVA_003/CODE_IDENT_JAVA_003.java,0.018518518518518517,2,1,1,1
2076,0,baselines_work/cohorte/java/CODE_DIF_JAVA_002/CODE_DIF_JAVA_002.java,49,baselines_work/cohorte/java/CODE_IDENT_JAVA_003_COPY/CODE_IDENT_JAVA_003.java,0.018518518518518517,2,1,1,1
2077,0,baselines_work/cohorte/java/CODE_DIF_JAVA_002/CODE_DIF_JAVA_002.java,50,baselines_work/cohorte/java/CODE_IDENT_JAVA_004/CODE_IDENT_JAVA_004.java,0.016666666666666666,2,1,1,1
2078,0,baselines_work/cohorte/java/CODE_DIF_JAVA_002/CODE_DIF_JAVA_002.java,55,baselines_work/cohorte/java/CODE_IDENT_JAVA_004_COPY/CODE_IDENT_JAVA_004.java,0.016666666666666666,2,1,1,1
2079,0,baselines_work/cohorte/java/CODE_DIF_JAVA_002/CODE_DIF_JAVA_002.java,52,baselines_work/cohorte/java/CODE_IDENT_JAVA_005/CODE_IDENT_JAVA_005.java,0.018018018018018018,2,1,1,1
2080,0,baselines_work/cohorte/java/CODE_DIF_JAVA_002/CODE_DIF_JAVA_002.java,54,baselines_work/cohorte/java/CODE_IDENT_JAVA_005_COPY/CODE_IDENT_JAVA_005.java,0.018018018018018018,2,1,1,1
2081,0,baselines_work/cohorte/java/CODE_DIF_JAVA_002/CODE_DIF_JAVA_002.java,53,baselines_work/cohorte/java/CODE_IDENT_JAVA_006/CODE_IDENT_JAVA_006.java,0.019230769230769232,2,1,1,1
2082,0,baselines_work/cohorte/java/CODE_DIF_JAVA_002/CODE_DIF_JAVA_002.java,58,baselines_work/cohorte/java/CODE_IDENT_JAVA_006_COPY/CODE_IDENT_JAVA_006.java,0.019230769230769232,2,1,1,1
2085,0,baselines_work/cohorte/java/CODE_DIF_JAVA_002/CODE_DIF_JAVA_002.java,56,baselines_work/cohorte/java/CODE_IDENT_JAVA_008/CODE_IDENT_JAVA_008.java,0.01834862385321101,2,1,1,1
2086,0,baselines_work/cohorte/java/CODE_DIF_JAVA_002/CODE_DIF_JAVA_002.java,61,baselines_work/cohorte/java/CODE_IDENT_JAVA_008_COPY/CODE_IDENT_JAVA_008.java,0.01834862385321101,2,1,1,1
2089,0,baselines_work/cohorte/java/CODE_DIF_JAVA_002/CODE_DIF_JAVA_002.java,62,baselines_work/cohorte/java/CODE_IDENT_JAVA_010/CODE_IDENT_JAVA_010.java,0.014492753623188406,2,1,1,1
2090,0,baselines_work/cohorte/java/CODE_DIF_JAVA_002/CODE_DIF_JAVA_002.java,65,baselines_work/cohorte/java/CODE_IDENT_JAVA_010_COPY/CODE_IDENT_JAVA_010.java,0.014492753623188406,2,1,1,1
2114,2,baselines_work/cohorte/java/CODE_DIF_JAVA_003/CODE_DIF_JAVA_003.java,16,baselines_work/cohorte/java/CODE_ESTRU_JAVA_002/CODE_ESTRU_JAVA_002.java,0.014492753623188406,2,1,1,1
2115,2,baselines_work/cohorte/java/CODE_DIF_JAVA_003/CODE_DIF_JAVA_003.java,17,baselines_work/cohorte/java/CODE_ESTRU_JAVA_003/CODE_ESTRU_JAVA_003.java,0.013793103448275862,2,1,1,1
2116,2,baselines_work/cohorte/java/CODE_DIF_JAVA_003/CODE_DIF_JAVA_003.java,18,baselines_work/cohorte/java/CODE_ESTRU_JAVA_004/CODE_ESTRU_JAVA_004.java,0.013605442176870748,2,1,1,1
2117,2,baselines_work/cohorte/java/CODE_DIF_JAVA_003/CODE_DIF_JAVA_003.java,19,baselines_work/cohorte/java/CODE_ESTRU_JAVA_005/CODE_ESTRU_JAVA_005.java,0.014814814814814815,2,1,1,1
2118,2,baselines_work/cohorte/java/CODE_DIF_JAVA_003/CODE_DIF_JAVA_003.java,20,baselines_work/cohorte/java/CODE_ESTRU_JAVA_006/CODE_ESTRU_JAVA_006.java,0.015037593984962405,2,1,1,1
2120,2,baselines_work/cohorte/java/CODE_DIF_JAVA_003/CODE_DIF_JAVA_003.java,23,baselines_work/cohorte/java/CODE_ESTRU_JAVA_008/CODE_ESTRU_JAVA_008.java,0.014814814814814815,2,1,1,1
2122,2,baselines_work/cohorte/java/CODE_DIF_JAVA_003/CODE_DIF_JAVA_003.java,27,baselines_work/cohorte/java/CODE_ESTRU_JAVA_010/CODE_ESTRU_JAVA_010.java,0.012121212121212121,2,1,1,1
2145,2,baselines_work/cohorte/java/CODE_DIF_JAVA_003/CODE_DIF_JAVA_003.java,47,baselines_work/cohorte/java/CODE_IDENT_JAVA_002/CODE_IDENT_JAVA_002.java,0.014285714285714285,2,1,1,1
2146,2,baselines_work/cohorte/java/CODE_DIF_JAVA_003/CODE_DIF_JAVA_003.java,51,baselines_work/cohorte/java/CODE_IDENT_JAVA_002_COPY/CODE_IDENT_JAVA_002.java,0.014285714285714285,2,1,1,1
2147,2,baselines_work/cohorte/java/CODE_DIF_JAVA_003/CODE_DIF_JAVA_003.java,48,baselines_work/cohorte/java/CODE_IDENT_JAVA_003/CODE_IDENT_JAVA_003.java,0.014925373134328358,2,1,1,1
2148,2,baselines_work/cohorte/java/CODE_DIF_JAVA_003/CODE_DIF_JAVA_003.java,49,baselines_work/cohorte/java/CODE_IDENT_JAVA_003_COPY/CODE_IDENT_JAVA_003.java,0.014925373134328358,2,1,1,1
2149,2,baselines_work/cohorte/java/CODE_DIF_JAVA_003/CODE_DIF_JAVA_003.java,50,baselines_work/cohorte/java/CODE_IDENT_JAVA_004/CODE_IDENT_JAVA_004.java,0.0136986301369863,2,1,1,1
2150,2,baselines_work/cohorte/java/CODE_DIF_JAVA_003/CODE_DIF_JAVA_003.java,55,baselines_work/cohorte/java/CODE_IDENT_JAVA_004_COPY/CODE_IDENT_JAVA_004.java,0.0136986301369863,2,1,1,1
2151,2,baselines_work/cohorte/java/CODE_DIF_JAVA_003/CODE_DIF_JAVA_003.java,52,baselines_work/cohorte/java/CODE_IDENT_JAVA_005/CODE_IDENT_JAVA_005.java,0.014598540145985401,2,1,1,1
2152,2,baselines_work/cohorte/java/CODE_DIF_JAVA_003/CODE_DIF_JAVA_003.java,54,baselines_work/cohorte/java/CODE_IDENT_JAVA_005_COPY/CODE_IDENT_JAVA_005.java,0.014598540145985401,2,1,1,1
2153,2,baselines_work/cohorte/java/CODE_DIF_JAVA_003/CODE_DIF_JAVA_003.java,53,baselines_work/cohorte/java/CODE_IDENT_JAVA_006/CODE_IDENT_JAVA_006.java,0.015384615384615385,2,1,1,1
2154,2,baselines_work/cohorte/java/CODE_DIF_JAVA_003/CODE_DIF_JAVA_003.java,58,baselines_work/cohorte/java/CODE_IDENT_JAVA_006_COPY/CODE_IDENT_JAVA_006.java,0.015384615384615385,2,1,1,1
2157,2,baselines_work/cohorte/java/CODE_DIF_JAVA_003/CODE_DIF_JAVA_003.java,56,baselines_work/cohorte/java/CODE_IDENT_JAVA_008/CODE_IDENT_JAVA_008.java,0.014814814814814815,2,1,1,1
2158,2,baselines_work/cohorte/java/CODE_DIF_JAVA_003/CODE_DIF_JAVA_003.java,61,baselines_work/cohorte/java/CODE_IDENT_JAVA_008_COPY/CODE_IDENT_JAVA_008.java,0.014814814814814815,2,1,1,1
2161,2,baselines_work/cohorte/java/CODE_DIF_JAVA_003/CODE_DIF_JAVA_003.java,62,baselines_work/cohorte/java/CODE_IDENT_JAVA_010/CODE_IDENT_JAVA_010.java,0.012195121951219513,2,1,1,1
2162,2,baselines_work/cohorte/java/CODE_DIF_JAVA_003/CODE_DIF_JAVA_003.java,65,baselines_work/cohorte/java/CODE_IDENT_JAVA_010_COPY/CODE_IDENT_JAVA_010.java,0.012195121951219513,2,1,1,1
2185,4,baselines_work/cohorte/java/CODE_DIF_JAVA_004/CODE_DIF_JAVA_004.java,16,baselines_work/cohorte/java/CODE_ESTRU_JAVA_002/CODE_ESTRU_JAVA_002.java,0.016666666666666666,2,1,1,1
2189,4,baselines_work/cohorte/java/CODE_DIF_JAVA_004/CODE_DIF_JAVA_004.java,20,baselines_work/cohorte/java/CODE_ESTRU_JAVA_006/CODE_ESTRU_JAVA_006.java,0.017391304347826087,2,1,1,1
2216,4,baselines_work/cohorte/java/CODE_DIF_JAVA_004/CODE_DIF_JAVA_004.java,47,baselines_work/cohorte/java/CODE_IDENT_JAVA_002/CODE_IDENT_JAVA_002.java,0.01639344262295082,2,1,1,1
2217,4,baselines_work/cohorte/java/CODE_DIF_JAVA_004/CODE_DIF_JAVA_004.java,51,baselines_work/cohorte/java/CODE_IDENT_JAVA_002_COPY/CODE_IDENT_JAVA_002.java,0.01639344262295082,2,1,1,1
2224,4,baselines_work/cohorte/java/CODE_DIF_JAVA_004/CODE_DIF_JAVA_004.java,53,baselines_work/cohorte/java/CODE_IDENT_JAVA_006/CODE_IDENT_JAVA_006.java,0.017857142857142856,2,1,1,1
2225,4,baselines_work/cohorte/java/CODE_DIF_JAVA_004/CODE_DIF_JAVA_004.java,58,baselines_work/cohorte/java/CODE_IDENT_JAVA_006_COPY/CODE_IDENT_JAVA_006.java,0.017857142857142856,2,1,1,1
2255,8,baselines_work/cohorte/java/CODE_DIF_JAVA_005/CODE_DIF_JAVA_005.java,16,baselines_work/cohorte/java/CODE_ESTRU_JAVA_002/CODE_ESTRU_JAVA_002.java,0.010638297872340425,2,1,1,1
2286,8,baselines_work/cohorte/java/CODE_DIF_JAVA_005/CODE_DIF_JAVA_005.java,47,baselines_work/cohorte/java/CODE_IDENT_JAVA_002/CODE_IDENT_JAVA_002.java,0.010526315789473684,2,1,1,1
2287,8,baselines_work/cohorte/java/CODE_DIF_JAVA_005/CODE_DIF_JAVA_005.java,51,baselines_work/cohorte/java/CODE_IDENT_JAVA_002_COPY/CODE_IDENT_JAVA_002.java,0.010526315789473684,2,1,1,1
2324,7,baselines_work/cohorte/java/CODE_DIF_JAVA_006/CODE_DIF_JAVA_006.java,16,baselines_work/cohorte/java/CODE_ESTRU_JAVA_002/CODE_ESTRU_JAVA_002.java,0.013793103448275862,2,1,1,1
2328,7,baselines_work/cohorte/java/CODE_DIF_JAVA_006/CODE_DIF_JAVA_006.java,20,baselines_work/cohorte/java/CODE_ESTRU_JAVA_006/CODE_ESTRU_JAVA_006.java,0.014285714285714285,2,1,1,1
2355,7,baselines_work/cohorte/java/CODE_DIF_JAVA_006/CODE_DIF_JAVA_006.java,47,baselines_work/cohorte/java/CODE_IDENT_JAVA_002/CODE_IDENT_JAVA_002.java,0.013605442176870748,2,1,1,1
2356,7,baselines_work/cohorte/java/CODE_DIF_JAVA_006/CODE_DIF_JAVA_006.java,51,baselines_work/cohorte/java/CODE_IDENT_JAVA_002_COPY/CODE_IDENT_JAVA_002.java,0.013605442176870748,2,1,1,1
2363,7,baselines_work/cohorte/java/CODE_DIF_JAVA_006/CODE_DIF_JAVA_006.java,53,baselines_work/cohorte/java/CODE_IDENT_JAVA_006/CODE_IDENT_JAVA_006.java,0.014598540145985401,2,1,1,1
2364,7,baselines_work/cohorte/java/CODE_DIF_JAVA_006/CODE_DIF_JAVA_006.java,58,baselines_work/cohorte/java/CODE_IDENT_JAVA_006_COPY/CODE_IDENT_JAVA_006.java,0.014598540145985401,2,1,1,1
2392,3,baselines_work/cohorte/java/CODE_DIF_JAVA_007/CODE_DIF_JAVA_007.java,16,baselines_work/cohorte/java/CODE_ESTRU_JAVA_002/CODE_ESTRU_JAVA_002.java,0.011834319526627219,2,1,1,1
2396,3,baselines_work/cohorte/java/CODE_DIF_JAVA_007/CODE_DIF_JAVA_007.java,20,baselines_work/cohorte/java/CODE_ESTRU_JAVA_006/CODE_ESTRU_JAVA_006.java,0.012195121951219513,2,1,1,1
2423,3,baselines_work/cohorte/java/CODE_DIF_JAVA_007/CODE_DIF_JAVA_007.java,47,baselines_work/cohorte/java/CODE_IDENT_JAVA_002/CODE_IDENT_JAVA_002.java,0.011695906432748537,2,1,1,1
2424,3,baselines_work/cohorte/java/CODE_DIF_JAVA_007/CODE_DIF_JAVA_007.java,51,baselines_work/cohorte/java/CODE_IDENT_JAVA_002_COPY/CODE_IDENT_JAVA_002.java,0.011695906432748537,2,1,1,1
2431,3,baselines_work/cohorte/java/CODE_DIF_JAVA_007/CODE_DIF_JAVA_007.java,53,baselines_work/cohorte/java/CODE_IDENT_JAVA_006/CODE_IDENT_JAVA_006.java,0.012422360248447204,2,1,1,1
2432,3,baselines_work/cohorte/java/CODE_DIF_JAVA_007/CODE_DIF_JAVA_007.java,58,baselines_work/cohorte/java/CODE_IDENT_JAVA_006_COPY/CODE_IDENT_JAVA_006.java,0.012422360248447204,2,1,1,1
2527,5,baselines_work/cohorte/java/CODE_DIF_JAVA_009/CODE_DIF_JAVA_009.java,18,baselines_work/cohorte/java/CODE_ESTRU_JAVA_004/CODE_ESTRU_JAVA_004.java,0.00980392156862745,2,1,1,1
2528,5,baselines_work/cohorte/java/CODE_DIF_JAVA_009/CODE_DIF_JAVA_009.java,19,baselines_work/cohorte/java/CODE_ESTRU_JAVA_005/CODE_ESTRU_JAVA_005.java,0.010416666666666666,2,1,1,1
2531,5,baselines_work/cohorte/java/CODE_DIF_JAVA_009/CODE_DIF_JAVA_009.java,23,baselines_work/cohorte/java/CODE_ESTRU_JAVA_008/CODE_ESTRU_JAVA_008.java,0.010416666666666666,2,1,1,1
2560,5,baselines_work/cohorte/java/CODE_DIF_JAVA_009/CODE_DIF_JAVA_009.java,50,baselines_work/cohorte/java/CODE_IDENT_JAVA_004/CODE_IDENT_JAVA_004.java,0.009852216748768473,2,1,1,1
2561,5,baselines_work/cohorte/java/CODE_DIF_JAVA_009/CODE_DIF_JAVA_009.java,55,baselines_work/cohorte/java/CODE_IDENT_JAVA_004_COPY/CODE_IDENT_JAVA_004.java,0.009852216748768473,2,1,1,1
2562,5,baselines_work/cohorte/java/CODE_DIF_JAVA_009/CODE_DIF_JAVA_009.java,52,baselines_work/cohorte/java/CODE_IDENT_JAVA_005/CODE_IDENT_JAVA_005.java,0.010309278350515464,2,1,1,1
2563,5,baselines_work/cohorte/java/CODE_DIF_JAVA_009/CODE_DIF_JAVA_009.java,54,baselines_work/cohorte/java/CODE_IDENT_JAVA_005_COPY/CODE_IDENT_JAVA_005.java,0.010309278350515464,2,1,1,1
2568,5,baselines_work/cohorte/java/CODE_DIF_JAVA_009/CODE_DIF_JAVA_009.java,56,baselines_work/cohorte/java/CODE_IDENT_JAVA_008/CODE_IDENT_JAVA_008.java,0.010416666666666666,2,1,1,1
2569,5,baselines_work/cohorte/java/CODE_DIF_JAVA_009/CODE_DIF_JAVA_009.java,61,baselines_work/cohorte/java/CODE_IDENT_JAVA_008_COPY/CODE_IDENT_JAVA_008.java,0.010416666666666666,2,1,1,1
2594,9,baselines_work/cohorte/java/CODE_DIF_JAVA_010/CODE_DIF_JAVA_010.java,20,baselines_work/cohorte/java/CODE_ESTRU_JAVA_006/CODE_ESTRU_JAVA_006.java,0.009433962264150943,2,1,1,1
2629,9,baselines_work/cohorte/java/CODE_DIF_JAVA_010/CODE_DIF_JAVA_010.java,53,baselines_work/cohorte/java/CODE_IDENT_JAVA_006/CODE_IDENT_JAVA_006.java,0.009569377990430622,2,1,1,1
2630,9,baselines_work/cohorte/java/CODE_DIF_JAVA_010/CODE_DIF_JAVA_010.java,58,baselines_work/cohorte/java/CODE_IDENT_JAVA_006_COPY/CODE_IDENT_JAVA_006.java,0.009569377990430622,2,1,1,1
2844,13,baselines_work/cohorte/java/CODE_DIF_JAVA_014/CODE_DIF_JAVA_014.java,20,baselines_work/cohorte/java/CODE_ESTRU_JAVA_006/CODE_ESTRU_JAVA_006.java,0.011904761904761904,2,1,1,1
2879,13,baselines_work/cohorte/java/CODE_DIF_JAVA_014/CODE_DIF_JAVA_014.java,53,baselines_work/cohorte/java/CODE_IDENT_JAVA_006/CODE_IDENT_JAVA_006.java,0.012121212121212121,2,1,1,1
2880,13,baselines_work/cohorte/java/CODE_DIF_JAVA_014/CODE_DIF_JAVA_014.java,58,baselines_work/cohorte/java/CODE_IDENT_JAVA_006_COPY/CODE_IDENT_JAVA_006.java,0.012121212121212121,2,1,1,1
2899,14,baselines_work/cohorte/java/CODE_DIF_JAVA_015/CODE_DIF_JAVA_015.java,15,baselines_work/cohorte/java/CODE_ESTRU_JAVA_001/CODE_ESTRU_JAVA_001.java,0.00819672131147541,2,1,1,1
2929,14,baselines_work/cohorte/java/CODE_DIF_JAVA_015/CODE_DIF_JAVA_015.java,46,baselines_work/cohorte/java/CODE_IDENT_JAVA_001/CODE_IDENT_JAVA_001.java,0.00819672131147541,2,1,1,1
2930,14,baselines_work/cohorte/java/CODE_DIF_JAVA_015/CODE_DIF_JAVA_015.java,45,baselines_work/cohorte/java/CODE_IDENT_JAVA_001_COPY/CODE_IDENT_JAVA_001.java,0.00819672131147541,2,1,1,1
2939,14,baselines_work/cohorte/java/CODE_DIF_JAVA_015/CODE_DIF_JAVA_015.java,53,baselines_work/cohorte/java/CODE_IDENT_JAVA_006/CODE_IDENT_JAVA_006.java,0.008097165991902834,2,1,1,1
2940,14,baselines_work/cohorte/java/CODE_DIF_JAVA_015/CODE_DIF_JAVA_015.java,58,baselines_work/cohorte/java/CODE_IDENT_JAVA_006_COPY/CODE_IDENT_JAVA_006.java,0.008097165991902834,2,1,1,1
2973,15,baselines_work/cohorte/java/CODE_ESTRU_JAVA_001/CODE_ESTRU_JAVA_001.java,30,baselines_work/cohorte/java/CODE_FUN_JAVA_001/CODE_FUN_JAVA_001.java,0.024096385542168676,2,1,1,1
2974,15,baselines_work/cohorte/java/CODE_ESTRU_JAVA_001/CODE_ESTRU_JAVA_001.java,31,baselines_work/cohorte/java/CODE_FUN_JAVA_002/CODE_FUN_JAVA_002.java,0.022988505747126436,2,1,1,1
2975,15,baselines_work/cohorte/java/CODE_ESTRU_JAVA_001/CODE_ESTRU_JAVA_001.java,32,baselines_work/cohorte/java/CODE_FUN_JAVA_003/CODE_FUN_JAVA_003.java,0.02857142857142857,2,1,1,1
2980,15,baselines_work/cohorte/java/CODE_ESTRU_JAVA_001/CODE_ESTRU_JAVA_001.java,38,baselines_work/cohorte/java/CODE_FUN_JAVA_008/CODE_FUN_JAVA_008.java,0.02127659574468085,2,1,1,1
2987,15,baselines_work/cohorte/java/CODE_ESTRU_JAVA_001/CODE_ESTRU_JAVA_001.java,44,baselines_work/cohorte/java/CODE_FUN_JAVA_015/CODE_FUN_JAVA_015.java,0.014705882352941176,2,1,1,1
3031,16,baselines_work/cohorte/java/CODE_ESTRU_JAVA_002/CODE_ESTRU_JAVA_002.java,30,baselines_work/cohorte/java/CODE_FUN_JAVA_001/CODE_FUN_JAVA_001.java,0.02127659574468085,2,1,1,1
3032,16,baselines_work/cohorte/java/CODE_ESTRU_JAVA_002/CODE_ESTRU_JAVA_002.java,31,baselines_work/cohorte/java/CODE_FUN_JAVA_002/CODE_FUN_JAVA_002.java,0.02040816326530612,2,1,1,1
3033,16,baselines_work/cohorte/java/CODE_ESTRU_JAVA_002/CODE_ESTRU_JAVA_002.java,32,baselines_work/cohorte/java/CODE_FUN_JAVA_003/CODE_FUN_JAVA_003.java,0.024691358024691357,2,1,1,1
3035,16,baselines_work/cohorte/java/CODE_ESTRU_JAVA_002/CODE_ESTRU_JAVA_002.java,33,baselines_work/cohorte/java/CODE_FUN_JAVA_005/CODE_FUN_JAVA_005.java,0.018018018018018018,2,1,1,1
3037,16,baselines_work/cohorte/java/CODE_ESTRU_JAVA_002/CODE_ESTRU_JAVA_002.java,37,baselines_work/cohorte/java/CODE_FUN_JAVA_007/CODE_FUN_JAVA_007.java,0.016129032258064516,2,1,1,1
3038,16,baselines_work/cohorte/java/CODE_ESTRU_JAVA_002/CODE_ESTRU_JAVA_002.java,38,baselines_work/cohorte/java/CODE_FUN_JAVA_008/CODE_FUN_JAVA_008.java,0.01904761904761905,2,1,1,1
3043,16,baselines_work/cohorte/java/CODE_ESTRU_JAVA_002/CODE_ESTRU_JAVA_002.java,40,baselines_work/cohorte/java/CODE_FUN_JAVA_013/CODE_FUN_JAVA_013.java,0.01904761904761905,2,1,1,1
3093,17,baselines_work/cohorte/java/CODE_ESTRU_JAVA_003/CODE_ESTRU_JAVA_003.java,34,baselines_work/cohorte/java/CODE_FUN_JAVA_006/CODE_FUN_JAVA_006.java,0.017094017094017096,2,1,1,1
3146,18,baselines_work/cohorte/java/CODE_ESTRU_JAVA_004/CODE_ESTRU_JAVA_004.java,32,baselines_work/cohorte/java/CODE_FUN_JAVA_003/CODE_FUN_JAVA_003.java,0.022222222222222223,2,1,1,1
3201,19,baselines_work/cohorte/java/CODE_ESTRU_JAVA_005/CODE_ESTRU_JAVA_005.java,32,baselines_work/cohorte/java/CODE_FUN_JAVA_003/CODE_FUN_JAVA_003.java,0.02564102564102564,2,1,1,1
3204,19,baselines_work/cohorte/java/CODE_ESTRU_JAVA_005/CODE_ESTRU_JAVA_005.java,34,baselines_work/cohorte/java/CODE_FUN_JAVA_006/CODE_FUN_JAVA_006.java,0.018691588785046728,2,1,1,1
3253,20,baselines_work/cohorte/java/CODE_ESTRU_JAVA_006/CODE_ESTRU_JAVA_006.java,30,baselines_work/cohorte/java/CODE_FUN_JAVA_001/CODE_FUN_JAVA_001.java,0.02247191011235955,2,1,1,1
3254,20,baselines_work/cohorte/java/CODE_ESTRU_JAVA_006/CODE_ESTRU_JAVA_006.java,31,baselines_work/cohorte/java/CODE_FUN_JAVA_002/CODE_FUN_JAVA_002.java,0.021505376344086023,2,1,1,1
3255,20,baselines_work/cohorte/java/CODE_ESTRU_JAVA_006/CODE_ESTRU_JAVA_006.java,32,baselines_work/cohorte/java/CODE_FUN_JAVA_003/CODE_FUN_JAVA_003.java,0.02631578947368421,2,1,1,1
3257,20,baselines_work/cohorte/java/CODE_ESTRU_JAVA_006/CODE_ESTRU_JAVA_006.java,33,baselines_work/cohorte/java/CODE_FUN_JAVA_005/CODE_FUN_JAVA_005.java,0.018867924528301886,2,1,1,1
3259,20,baselines_work/cohorte/java/CODE_ESTRU_JAVA_006/CODE_ESTRU_JAVA_006.java,37,baselines_work/cohorte/java/CODE_FUN_JAVA_007/CODE_FUN_JAVA_007.java,0.01680672268907563,2,1,1,1
3260,20,baselines_work/cohorte/java/CODE_ESTRU_JAVA_006/CODE_ESTRU_JAVA_006.java,38,baselines_work/cohorte/java/CODE_FUN_JAVA_008/CODE_FUN_JAVA_008.java,0.02,2,1,1,1
3261,20,baselines_work/cohorte/java/CODE_ESTRU_JAVA_006/CODE_ESTRU_JAVA_006.java,39,baselines_work/cohorte/java/CODE_FUN_JAVA_009/CODE_FUN_JAVA_009.java,0.015151515151515152,2,1,1,1
3265,20,baselines_work/cohorte/java/CODE_ESTRU_JAVA_006/CODE_ESTRU_JAVA_006.java,40,baselines_work/cohorte/java/CODE_FUN_JAVA_013/CODE_FUN_JAVA_013.java,0.02,2,1,1,1
3266,20,baselines_work/cohorte/java/CODE_ESTRU_JAVA_006/CODE_ESTRU_JAVA_006.java,43,baselines_work/cohorte/java/CODE_FUN_JAVA_014/CODE_FUN_JAVA_014.java,0.01652892561983471,2,1,1,1
3267,20,baselines_work/cohorte/java/CODE_ESTRU_JAVA_006/CODE_ESTRU_JAVA_006.java,44,baselines_work/cohorte/java/CODE_FUN_JAVA_015/CODE_FUN_JAVA_015.java,0.014084507042253521,2,1,1,1
3360,23,baselines_work/cohorte/java/CODE_ESTRU_JAVA_008/CODE_ESTRU_JAVA_008.java,32,baselines_work/cohorte/java/CODE_FUN_JAVA_003/CODE_FUN_JAVA_003.java,0.02564102564102564,2,1,1,1
3461,27,baselines_work/cohorte/java/CODE_ESTRU_JAVA_010/CODE_ESTRU_JAVA_010.java,32,baselines_work/cohorte/java/CODE_FUN_JAVA_003/CODE_FUN_JAVA_003.java,0.018518518518518517,2,1,1,1
3464,27,baselines_work/cohorte/java/CODE_ESTRU_JAVA_010/CODE_ESTRU_JAVA_010.java,34,baselines_work/cohorte/java/CODE_FUN_JAVA_006/CODE_FUN_JAVA_006.java,0.014598540145985401,2,1,1,1
3658,24,baselines_work/cohorte/java/CODE_ESTRU_JAVA_014/CODE_ESTRU_JAVA_014.java,36,baselines_work/cohorte/java/CODE_FUN_JAVA_010/CODE_FUN_JAVA_010.java,0.011764705882352941,2,1,1,1
3747,30,baselines_work/cohorte/java/CODE_FUN_JAVA_001/CODE_FUN_JAVA_001.java,36,baselines_work/cohorte/java/CODE_FUN_JAVA_010/CODE_FUN_JAVA_010.java,0.013245033112582781,2,1,1,1
3753,30,baselines_work/cohorte/java/CODE_FUN_JAVA_001/CODE_FUN_JAVA_001.java,46,baselines_work/cohorte/java/CODE_IDENT_JAVA_001/CODE_IDENT_JAVA_001.java,0.024096385542168676,2,1,1,1
3754,30,baselines_work/cohorte/java/CODE_FUN_JAVA_001/CODE_FUN_JAVA_001.java,45,baselines_work/cohorte/java/CODE_IDENT_JAVA_001_COPY/CODE_IDENT_JAVA_001.java,0.024096385542168676,2,1,1,1
3755,30,baselines_work/cohorte/java/CODE_FUN_JAVA_001/CODE_FUN_JAVA_001.java,47,baselines_work/cohorte/java/CODE_IDENT_JAVA_002/CODE_IDENT_JAVA_002.java,0.020833333333333332,2,1,1,1
3756,30,baselines_work/cohorte/java/CODE_FUN_JAVA_001/CODE_FUN_JAVA_001.java,51,baselines_work/cohorte/java/CODE_IDENT_JAVA_002_COPY/CODE_IDENT_JAVA_002.java,0.020833333333333332,2,1,1,1
3763,30,baselines_work/cohorte/java/CODE_FUN_JAVA_001/CODE_FUN_JAVA_001.java,53,baselines_work/cohorte/java/CODE_IDENT_JAVA_006/CODE_IDENT_JAVA_006.java,0.023255813953488372,2,1,1,1
3764,30,baselines_work/cohorte/java/CODE_FUN_JAVA_001/CODE_FUN_JAVA_001.java,58,baselines_work/cohorte/java/CODE_IDENT_JAVA_006_COPY/CODE_IDENT_JAVA_006.java,0.023255813953488372,2,1,1,1
3786,31,baselines_work/cohorte/java/CODE_FUN_JAVA_002/CODE_FUN_JAVA_002.java,34,baselines_work/cohorte/java/CODE_FUN_JAVA_006/CODE_FUN_JAVA_006.java,0.01639344262295082,2,1,1,1
3790,31,baselines_work/cohorte/java/CODE_FUN_JAVA_002/CODE_FUN_JAVA_002.java,36,baselines_work/cohorte/java/CODE_FUN_JAVA_010/CODE_FUN_JAVA_010.java,0.012903225806451613,2,1,1,1
3796,31,baselines_work/cohorte/java/CODE_FUN_JAVA_002/CODE_FUN_JAVA_002.java,46,baselines_work/cohorte/java/CODE_IDENT_JAVA_001/CODE_IDENT_JAVA_001.java,0.022988505747126436,2,1,1,1
3797,31,baselines_work/cohorte/java/CODE_FUN_JAVA_002/CODE_FUN_JAVA_002.java,45,baselines_work/cohorte/java/CODE_IDENT_JAVA_001_COPY/CODE_IDENT_JAVA_001.java,0.022988505747126436,2,1,1,1
3798,31,baselines_work/cohorte/java/CODE_FUN_JAVA_002/CODE_FUN_JAVA_002.java,47,baselines_work/cohorte/java/CODE_IDENT_JAVA_002/CODE_IDENT_JAVA_002.java,0.02,2,1,1,1
3799,31,baselines_work/cohorte/java/CODE_FUN_JAVA_002/CODE_FUN_JAVA_002.java,51,baselines_work/cohorte/java/CODE_IDENT_JAVA_002_COPY/CODE_IDENT_JAVA_002.java,0.02,2,1,1,1
3806,31,baselines_work/cohorte/java/CODE_FUN_JAVA_002/CODE_FUN_JAVA_002.java,53,baselines_work/cohorte/java/CODE_IDENT_JAVA_006/CODE_IDENT_JAVA_006.java,0.022222222222222223,2,1,1,1
3807,31,baselines_work/cohorte/java/CODE_FUN_JAVA_002/CODE_FUN_JAVA_002.java,58,baselines_work/cohorte/java/CODE_IDENT_JAVA_006_COPY/CODE_IDENT_JAVA_006.java,0.022222222222222223,2,1,1,1
3838,32,baselines_work/cohorte/java/CODE_FUN_JAVA_003/CODE_FUN_JAVA_003.java,46,baselines_work/cohorte/java/CODE_IDENT_JAVA_001/CODE_IDENT_JAVA_001.java,0.02857142857142857,2,1,1,1
3839,32,baselines_work/cohorte/java/CODE_FUN_JAVA_003/CODE_FUN_JAVA_003.java,45,baselines_work/cohorte/java/CODE_IDENT_JAVA_001_COPY/CODE_IDENT_JAVA_001.java,0.02857142857142857,2,1,1,1
3840,32,baselines_work/cohorte/java/CODE_FUN_JAVA_003/CODE_FUN_JAVA_003.java,47,baselines_work/cohorte/java/CODE_IDENT_JAVA_002/CODE_IDENT_JAVA_002.java,0.024096385542168676,2,1,1,1
3841,32,baselines_work/cohorte/java/CODE_FUN_JAVA_003/CODE_FUN_JAVA_003.java,51,baselines_work/cohorte/java/CODE_IDENT_JAVA_002_COPY/CODE_IDENT_JAVA_002.java,0.024096385542168676,2,1,1,1
3844,32,baselines_work/cohorte/java/CODE_FUN_JAVA_003/CODE_FUN_JAVA_003.java,50,baselines_work/cohorte/java/CODE_IDENT_JAVA_004/CODE_IDENT_JAVA_004.java,0.02247191011235955,2,1,1,1
3845,32,baselines_work/cohorte/java/CODE_FUN_JAVA_003/CODE_FUN_JAVA_003.java,55,baselines_work/cohorte/java/CODE_IDENT_JAVA_004_COPY/CODE_IDENT_JAVA_004.java,0.02247191011235955,2,1,1,1
3846,32,baselines_work/cohorte/java/CODE_FUN_JAVA_003/CODE_FUN_JAVA_003.java,52,baselines_work/cohorte/java/CODE_IDENT_JAVA_005/CODE_IDENT_JAVA_005.java,0.025,2,1,1,1
3847,32,baselines_work/cohorte/java/CODE_FUN_JAVA_003/CODE_FUN_JAVA_003.java,54,baselines_work/cohorte/java/CODE_IDENT_JAVA_005_COPY/CODE_IDENT_JAVA_005.java,0.025,2,1,1,1
3848,32,baselines_work/cohorte/java/CODE_FUN_JAVA_003/CODE_FUN_JAVA_003.java,53,baselines_work/cohorte/java/CODE_IDENT_JAVA_006/CODE_IDENT_JAVA_006.java,0.0273972602739726,2,1,1,1
3849,32,baselines_work/cohorte/java/CODE_FUN_JAVA_003/CODE_FUN_JAVA_003.java,58,baselines_work/cohorte/java/CODE_IDENT_JAVA_006_COPY/CODE_IDENT_JAVA_006.java,0.0273972602739726,2,1,1,1
3852,32,baselines_work/cohorte/java/CODE_FUN_JAVA_003/CODE_FUN_JAVA_003.java,56,baselines_work/cohorte/java/CODE_IDENT_JAVA_008/CODE_IDENT_JAVA_008.java,0.02564102564102564,2,1,1,1
3853,32,baselines_work/cohorte/java/CODE_FUN_JAVA_003/CODE_FUN_JAVA_003.java,61,baselines_work/cohorte/java/CODE_IDENT_JAVA_008_COPY/CODE_IDENT_JAVA_008.java,0.02564102564102564,2,1,1,1
3856,32,baselines_work/cohorte/java/CODE_FUN_JAVA_003/CODE_FUN_JAVA_003.java,62,baselines_work/cohorte/java/CODE_IDENT_JAVA_010/CODE_IDENT_JAVA_010.java,0.018691588785046728,2,1,1,1
3857,32,baselines_work/cohorte/java/CODE_FUN_JAVA_003/CODE_FUN_JAVA_003.java,65,baselines_work/cohorte/java/CODE_IDENT_JAVA_010_COPY/CODE_IDENT_JAVA_010.java,0.018691588785046728,2,1,1,1
3921,33,baselines_work/cohorte/java/CODE_FUN_JAVA_005/CODE_FUN_JAVA_005.java,47,baselines_work/cohorte/java/CODE_IDENT_JAVA_002/CODE_IDENT_JAVA_002.java,0.017699115044247787,2,1,1,1
3922,33,baselines_work/cohorte/java/CODE_FUN_JAVA_005/CODE_FUN_JAVA_005.java,51,baselines_work/cohorte/java/CODE_IDENT_JAVA_002_COPY/CODE_IDENT_JAVA_002.java,0.017699115044247787,2,1,1,1
3929,33,baselines_work/cohorte/java/CODE_FUN_JAVA_005/CODE_FUN_JAVA_005.java,53,baselines_work/cohorte/java/CODE_IDENT_JAVA_006/CODE_IDENT_JAVA_006.java,0.019417475728155338,2,1,1,1
3930,33,baselines_work/cohorte/java/CODE_FUN_JAVA_005/CODE_FUN_JAVA_005.java,58,baselines_work/cohorte/java/CODE_IDENT_JAVA_006_COPY/CODE_IDENT_JAVA_006.java,0.019417475728155338,2,1,1,1
3966,34,baselines_work/cohorte/java/CODE_FUN_JAVA_006/CODE_FUN_JAVA_006.java,52,baselines_work/cohorte/java/CODE_IDENT_JAVA_005/CODE_IDENT_JAVA_005.java,0.01834862385321101,2,1,1,1
3967,34,baselines_work/cohorte/java/CODE_FUN_JAVA_006/CODE_FUN_JAVA_006.java,54,baselines_work/cohorte/java/CODE_IDENT_JAVA_005_COPY/CODE_IDENT_JAVA_005.java,0.01834862385321101,2,1,1,1
3998,37,baselines_work/cohorte/java/CODE_FUN_JAVA_007/CODE_FUN_JAVA_007.java,47,baselines_work/cohorte/java/CODE_IDENT_JAVA_002/CODE_IDENT_JAVA_002.java,0.015873015873015872,2,1,1,1
3999,37,baselines_work/cohorte/java/CODE_FUN_JAVA_007/CODE_FUN_JAVA_007.java,51,baselines_work/cohorte/java/CODE_IDENT_JAVA_002_COPY/CODE_IDENT_JAVA_002.java,0.015873015873015872,2,1,1,1
4006,37,baselines_work/cohorte/java/CODE_FUN_JAVA_007/CODE_FUN_JAVA_007.java,53,baselines_work/cohorte/java/CODE_IDENT_JAVA_006/CODE_IDENT_JAVA_006.java,0.017241379310344827,2,1,1,1
4007,37,baselines_work/cohorte/java/CODE_FUN_JAVA_007/CODE_FUN_JAVA_007.java,58,baselines_work/cohorte/java/CODE_IDENT_JAVA_006_COPY/CODE_IDENT_JAVA_006.java,0.017241379310344827,2,1,1,1
4033,38,baselines_work/cohorte/java/CODE_FUN_JAVA_008/CODE_FUN_JAVA_008.java,46,baselines_work/cohorte/java/CODE_IDENT_JAVA_001/CODE_IDENT_JAVA_001.java,0.02127659574468085,2,1,1,1
4034,38,baselines_work/cohorte/java/CODE_FUN_JAVA_008/CODE_FUN_JAVA_008.java,45,baselines_work/cohorte/java/CODE_IDENT_JAVA_001_COPY/CODE_IDENT_JAVA_001.java,0.02127659574468085,2,1,1,1
4035,38,baselines_work/cohorte/java/CODE_FUN_JAVA_008/CODE_FUN_JAVA_008.java,47,baselines_work/cohorte/java/CODE_IDENT_JAVA_002/CODE_IDENT_JAVA_002.java,0.018691588785046728,2,1,1,1
4036,38,baselines_work/cohorte/java/CODE_FUN_JAVA_008/CODE_FUN_JAVA_008.java,51,baselines_work/cohorte/java/CODE_IDENT_JAVA_002_COPY/CODE_IDENT_JAVA_002.java,0.018691588785046728,2,1,1,1
4043,38,baselines_work/cohorte/java/CODE_FUN_JAVA_008/CODE_FUN_JAVA_008.java,53,baselines_work/cohorte/java/CODE_IDENT_JAVA_006/CODE_IDENT_JAVA_006.java,0.020618556701030927,2,1,1,1
4044,38,baselines_work/cohorte/java/CODE_FUN_JAVA_008/CODE_FUN_JAVA_008.java,58,baselines_work/cohorte/java/CODE_IDENT_JAVA_006_COPY/CODE_IDENT_JAVA_006.java,0.020618556701030927,2,1,1,1
4079,39,baselines_work/cohorte/java/CODE_FUN_JAVA_009/CODE_FUN_JAVA_009.java,53,baselines_work/cohorte/java/CODE_IDENT_JAVA_006/CODE_IDENT_JAVA_006.java,0.015503875968992248,2,1,1,1
4080,39,baselines_work/cohorte/java/CODE_FUN_JAVA_009/CODE_FUN_JAVA_009.java,58,baselines_work/cohorte/java/CODE_IDENT_JAVA_006_COPY/CODE_IDENT_JAVA_006.java,0.015503875968992248,2,1,1,1
4102,36,baselines_work/cohorte/java/CODE_FUN_JAVA_010/CODE_FUN_JAVA_010.java,43,baselines_work/cohorte/java/CODE_FUN_JAVA_014/CODE_FUN_JAVA_014.java,0.01092896174863388,2,1,1,1
4130,36,baselines_work/cohorte/java/CODE_FUN_JAVA_010/CODE_FUN_JAVA_010.java,68,baselines_work/cohorte/java/CODE_IDENT_JAVA_014/CODE_IDENT_JAVA_014.java,0.01282051282051282,2,1,1,1
4131,36,baselines_work/cohorte/java/CODE_FUN_JAVA_010/CODE_FUN_JAVA_010.java,72,baselines_work/cohorte/java/CODE_IDENT_JAVA_014_COPY/CODE_IDENT_JAVA_014.java,0.01282051282051282,2,1,1,1
4205,40,baselines_work/cohorte/java/CODE_FUN_JAVA_013/CODE_FUN_JAVA_013.java,47,baselines_work/cohorte/java/CODE_IDENT_JAVA_002/CODE_IDENT_JAVA_002.java,0.018691588785046728,2,1,1,1
4206,40,baselines_work/cohorte/java/CODE_FUN_JAVA_013/CODE_FUN_JAVA_013.java,51,baselines_work/cohorte/java/CODE_IDENT_JAVA_002_COPY/CODE_IDENT_JAVA_002.java,0.018691588785046728,2,1,1,1
4213,40,baselines_work/cohorte/java/CODE_FUN_JAVA_013/CODE_FUN_JAVA_013.java,53,baselines_work/cohorte/java/CODE_IDENT_JAVA_006/CODE_IDENT_JAVA_006.java,0.020618556701030927,2,1,1,1
4214,40,baselines_work/cohorte/java/CODE_FUN_JAVA_013/CODE_FUN_JAVA_013.java,58,baselines_work/cohorte/java/CODE_IDENT_JAVA_006_COPY/CODE_IDENT_JAVA_006.java,0.020618556701030927,2,1,1,1
4244,43,baselines_work/cohorte/java/CODE_FUN_JAVA_014/CODE_FUN_JAVA_014.java,53,baselines_work/cohorte/java/CODE_IDENT_JAVA_006/CODE_IDENT_JAVA_006.java,0.01694915254237288,2,1,1,1
4245,43,baselines_work/cohorte/java/CODE_FUN_JAVA_014/CODE_FUN_JAVA_014.java,58,baselines_work/cohorte/java/CODE_IDENT_JAVA_006_COPY/CODE_IDENT_JAVA_006.java,0.01694915254237288,2,1,1,1
4264,44,baselines_work/cohorte/java/CODE_FUN_JAVA_015/CODE_FUN_JAVA_015.java,46,baselines_work/cohorte/java/CODE_IDENT_JAVA_001/CODE_IDENT_JAVA_001.java,0.014705882352941176,2,1,1,1
4265,44,baselines_work/cohorte/java/CODE_FUN_JAVA_015/CODE_FUN_JAVA_015.java,45,baselines_work/cohorte/java/CODE_IDENT_JAVA_001_COPY/CODE_IDENT_JAVA_001.java,0.014705882352941176,2,1,1,1
4274,44,baselines_work/cohorte/java/CODE_FUN_JAVA_015/CODE_FUN_JAVA_015.java,53,baselines_work/cohorte/java/CODE_IDENT_JAVA_006/CODE_IDENT_JAVA_006.java,0.014388489208633094,2,1,1,1
4275,44,baselines_work/cohorte/java/CODE_FUN_JAVA_015/CODE_FUN_JAVA_015.java,58,baselines_work/cohorte/java/CODE_IDENT_JAVA_006_COPY/CODE_IDENT_JAVA_006.java,0.014388489208633094,2,1,1,1
